{"attack": {"1933547": {"cycles": {"best_k": 2, "best_silhouette_score": 0.8306398551202075, "other_silhouette_scores": [[2, 0.8306398551202075], [7, 0.6710804823771191], [6, 0.6696030673159481], [8, 0.6680251515747092], [3, 0.6675349523090767], [13, 0.6663147814972133], [5, 0.6552151483146547], [14, 0.6512284748199392], [12, 0.6442655626912763], [11, 0.6386015110383524], [10, 0.633547297787083], [9, 0.6323183052694368], [4, 0.603597690809682]]}, "instructions": {"best_k": 2, "best_silhouette_score": 0.9091321157516858, "other_silhouette_scores": [[2, 0.9091321157516858], [10, 0.7348148517984197], [9, 0.7192965157704189], [8, 0.7128809302014472], [7, 0.7104524082594416], [4, 0.7104297581562795], [6, 0.7014892698872334], [5, 0.6780460811959357], [3, 0.6713158181877834]]}, "branch": {"best_k": 2, "best_silhouette_score": 0.9410477440862786, "other_silhouette_scores": [[2, 0.9410477440862786], [3, 0.7505774764595842], [5, 0.7369869861844718], [4, 0.7162175593635768]]}}}, "normal": {"1946476": {"cycles": {"best_k": 2, "best_silhouette_score": 0.8852053143470071, "other_silhouette_scores": [[2, 0.8852053143470071], [14, 0.7436884308478685], [13, 0.7319770300240592], [12, 0.7152698139475127], [11, 0.6903526209497745], [3, 0.6647578452024003], [10, 0.6561010550172578], [9, 0.6521652791880159], [8, 0.6342110588517059], [7, 0.6318546852413821], [5, 0.6179129896427848], [6, 0.608248058538578], [4, 0.5881966516265742]]}, "instructions": {"best_k": 13, "best_silhouette_score": 0.9928070175438596, "other_silhouette_scores": [[13, 0.9928070175438596], [12, 0.9809649122807017], [11, 0.9743943363138409], [10, 0.9508794785953821], [2, 0.927033105321573], [9, 0.9157994080891397], [8, 0.8320764027871871], [7, 0.769872028645469], [6, 0.7143254614364413], [5, 0.714230635536853], [4, 0.7078852065563634], [3, 0.6371396134429641]]}, "branch": {"best_k": 2, "best_silhouette_score": 0.9166762174860238, "other_silhouette_scores": [[2, 0.9166762174860238], [8, 0.7408206768035891], [7, 0.7316896248512974], [3, 0.6945972695399419], [6, 0.6819651001925152], [5, 0.6585011468892255], [4, 0.6545683175322979]]}}}}