{"attack": {"1593418": {"cycles": {"best_k": 19, "best_silhouette_score": 0.7986712251235462, "other_silhouette_scores": [[19, 0.7986712251235462], [17, 0.7728079970668214], [18, 0.7550546154017779], [14, 0.754471825015189], [13, 0.721464280657691], [6, 0.7171374200491476], [2, 0.6977406933623173], [5, 0.6975431208174135], [4, 0.6959170835162092], [11, 0.6886342062993637], [3, 0.6784939448786528], [7, 0.6740325796098958], [8, 0.6739593369415455], [15, 0.6643681055742164], [16, 0.6627691830111215], [10, 0.6596433164105034], [12, 0.6591864008790214], [9, 0.6442561428738722]]}, "instructions": {"best_k": 2, "best_silhouette_score": 0.9126716139509526, "other_silhouette_scores": [[2, 0.9126716139509526], [5, 0.7555761727822107], [6, 0.7527203161703162], [3, 0.7304900643572193], [4, 0.7278312715840244], [8, 0.7207848771105082], [7, 0.7132678076470312]]}, "branch": {"best_k": 2, "best_silhouette_score": 0.9284290889126553, "other_silhouette_scores": [[2, 0.9284290889126553], [3, 0.7622915378629312], [4, 0.7241238938117759], [6, 0.7239664860236867], [7, 0.7137809636150306], [5, 0.7032945603674435]]}}}, "normal": {"1605760": {"cycles": {"best_k": 18, "best_silhouette_score": 0.8458193238710087, "other_silhouette_scores": [[18, 0.8458193238710087], [2, 0.8083205129824825], [17, 0.7939122420345567], [15, 0.7668457958131041], [16, 0.7439818223652757], [14, 0.7079795496682669], [13, 0.7002048737135527], [11, 0.6970385260584874], [12, 0.6891607538852604], [10, 0.6864563104441104], [3, 0.6812923064513163], [7, 0.6500445328440241], [6, 0.6498294662720551], [9, 0.6467047172764843], [8, 0.6381828028290356], [5, 0.6335983399309025], [4, 0.6293537577505868]]}, "instructions": {"best_k": 2, "best_silhouette_score": 0.9233612062075659, "other_silhouette_scores": [[2, 0.9233612062075659], [11, 0.8935390048492518], [10, 0.8409122767386527], [9, 0.7718629919876174], [8, 0.7637435047172652], [5, 0.721878419421958], [3, 0.7093813738210726], [4, 0.701770869030321], [6, 0.6842252361870876], [7, 0.6803184883494242]]}, "branch": {"best_k": 2, "best_silhouette_score": 0.941938996069082, "other_silhouette_scores": [[2, 0.941938996069082], [3, 0.8619236253811277], [6, 0.6661667623308771], [7, 0.6619757714371065], [5, 0.6574747183478358], [4, 0.6498729523642265]]}}}}