{"attack": {"1593418": {"cycles": {"best_k": 6, "best_silhouette_score": 0.7171374200491476, "other_silhouette_scores": [[6, 0.7171374200491476], [2, 0.6977406933623173], [5, 0.6975431208174135], [4, 0.6952190584751324], [7, 0.6897082033827273], [9, 0.6858083572661023], [12, 0.6785566003563593], [3, 0.6784939448786528], [13, 0.6763246589095412], [8, 0.674130600318064], [10, 0.6716703789652506], [14, 0.6609420683711276], [11, 0.6427073575521887]]}, "instructions": {"best_k": 14, "best_silhouette_score": 0.9244499792444998, "other_silhouette_scores": [[14, 0.9244499792444998], [2, 0.9126716139509526], [13, 0.8910018907040942], [12, 0.8300516621150653], [11, 0.8158081482585418], [10, 0.7674939940620513], [5, 0.7555761727822107], [3, 0.7304900643572193], [4, 0.7278312715840244], [8, 0.7276374344629839], [9, 0.7267532963304211], [7, 0.7220206902363543], [6, 0.7092162427457156]]}, "branch": {"best_k": 2, "best_silhouette_score": 0.9284290889126553, "other_silhouette_scores": [[2, 0.9284290889126553], [11, 0.8473787447795657], [12, 0.8418666431313713], [10, 0.7970873450212854], [9, 0.7841205171319768], [8, 0.7790486500531029], [3, 0.7622915378629312], [4, 0.7241238938117759], [6, 0.7239664860236867], [7, 0.7137809636150306], [5, 0.7032945603674435]]}}}, "normal": {"2-39-139-28": {"cycles": {"best_k": 5, "best_silhouette_score": 0.9939271255060729, "other_silhouette_scores": [[5, 0.9939271255060729], [6, 0.9919028340080972], [7, 0.9919028340080972], [8, 0.9919028340080972], [9, 0.9919028340080972], [10, 0.9919028340080972], [11, 0.9919028340080972], [12, 0.9919028340080972], [13, 0.9919028340080972], [14, 0.9919028340080972], [15, 0.9919028340080972], [16, 0.9919028340080972], [17, 0.9919028340080972], [18, 0.9919028340080972], [19, 0.9919028340080972], [20, 0.9919028340080972], [21, 0.9919028340080972], [22, 0.9919028340080972], [23, 0.9919028340080972], [24, 0.9919028340080972], [4, 0.9848178137651822], [3, 0.9581458989353726], [2, 0.8331914844920684]]}, "instructions": {"best_k": 4, "best_silhouette_score": 0.9947089947089947, "other_silhouette_scores": [[4, 0.9947089947089947], [5, 0.9947089947089947], [6, 0.9947089947089947], [7, 0.9947089947089947], [8, 0.9947089947089947], [9, 0.9947089947089947], [10, 0.9947089947089947], [11, 0.9947089947089947], [12, 0.9947089947089947], [13, 0.9947089947089947], [14, 0.9947089947089947], [15, 0.9947089947089947], [16, 0.9947089947089947], [17, 0.9947089947089947], [18, 0.9947089947089947], [3, 0.9796296296296296], [2, 0.9534316083335693]]}, "branch": {"best_k": 4, "best_silhouette_score": 0.985207100591716, "other_silhouette_scores": [[4, 0.985207100591716], [5, 0.9822485207100592], [6, 0.9822485207100592], [7, 0.9822485207100592], [8, 0.9822485207100592], [9, 0.9822485207100592], [10, 0.9822485207100592], [11, 0.9822485207100592], [12, 0.9822485207100592], [13, 0.9822485207100592], [14, 0.9822485207100592], [15, 0.9822485207100592], [16, 0.9822485207100592], [3, 0.9703245472476243], [2, 0.9646876998327942]]}}, "2-39-131-30": {"cycles": {"best_k": 9, "best_silhouette_score": 0.9647016454958941, "other_silhouette_scores": [[9, 0.9647016454958941], [10, 0.9563163300239644], [11, 0.952755905511811], [12, 0.952755905511811], [8, 0.9176555525732987], [7, 0.9112330585166635], [2, 0.8679429042356495], [6, 0.7881786728730085], [5, 0.7145170081318771], [3, 0.6297719196255493], [4, 0.6233043939654798]]}, "instructions": {"best_k": 6, "best_silhouette_score": 0.9747474747474747, "other_silhouette_scores": [[6, 0.9747474747474747], [7, 0.9696969696969697], [8, 0.9696969696969697], [9, 0.9696969696969697], [5, 0.9515525626636737], [2, 0.9111233774151613], [4, 0.8516074725752145], [3, 0.7294275489646354]]}, "branch": {"best_k": 9, "best_silhouette_score": 0.9692982456140351, "other_silhouette_scores": [[9, 0.9692982456140351], [10, 0.9649122807017544], [8, 0.9410087719298246], [7, 0.9221767654430193], [2, 0.9115662688185753], [6, 0.8942416704199707], [3, 0.7687675846341494], [5, 0.7444220758929733], [4, 0.7408914633515509]]}}}}