{"attack": {"1593418": {"cycles": {"best_k": 15, "best_silhouette_score": 0.7644006951174375, "other_silhouette_scores": [[15, 0.7644006951174375], [16, 0.7470109498025475], [6, 0.7171374200491476], [2, 0.6977406933623173], [5, 0.6975431208174135], [4, 0.6952190584751324], [13, 0.6848446269323909], [9, 0.6846840179383968], [3, 0.6784939448786528], [7, 0.6740325796098958], [8, 0.6614407007994028], [14, 0.6586090224773665], [10, 0.6562069033122886], [12, 0.65395215822941], [11, 0.6515998619484753]]}, "instructions": {"best_k": 2, "best_silhouette_score": 0.9126716139509526, "other_silhouette_scores": [[2, 0.9126716139509526], [3, 0.7304900643572193]]}, "branch": {"best_k": 2, "best_silhouette_score": 0.9284290889126553, "other_silhouette_scores": [[2, 0.9284290889126553], [3, 0.7622915378629312], [4, 0.7241238938117759], [6, 0.7239664860236867], [5, 0.7032945603674435]]}}}, "normal": {"1605760": {"cycles": {"best_k": 2, "best_silhouette_score": 0.8083205129824825, "other_silhouette_scores": [[2, 0.8083205129824825], [14, 0.734977165356552], [10, 0.7010680261013467], [13, 0.6976606470866237], [12, 0.6968586600244634], [11, 0.6934164906503032], [3, 0.6812923064513163], [9, 0.6591624345055276], [6, 0.650695272517359], [7, 0.6500445328440241], [8, 0.6467587002666448], [5, 0.6335983399309025], [4, 0.6097576487163416]]}, "instructions": {"best_k": 2, "best_silhouette_score": 0.9233612062075659, "other_silhouette_scores": [[2, 0.9233612062075659], [5, 0.721878419421958], [3, 0.7093813738210726], [4, 0.701770869030321]]}, "branch": {"best_k": 2, "best_silhouette_score": 0.941938996069082, "other_silhouette_scores": [[2, 0.941938996069082], [3, 0.8619236253811277], [4, 0.6283278593424971]]}}}}