{"attack": {"1593418": {"cycles": {"best_k": 19, "best_silhouette_score": 0.7798058605624397, "other_silhouette_scores": [[19, 0.7798058605624397], [18, 0.7782402163228123], [17, 0.7567894211661889], [16, 0.7372831511765221], [15, 0.7281993550863475], [6, 0.7171374200491476], [2, 0.6977406933623173], [5, 0.6975431208174135], [4, 0.6952190584751324], [8, 0.6872777946668014], [14, 0.6843866544899181], [3, 0.6784939448786528], [7, 0.6740325796098958], [9, 0.6654364904774246], [13, 0.6619727075470885], [10, 0.6525318689913756], [11, 0.651538068573073], [12, 0.626186446875681]]}, "instructions": {"best_k": 2, "best_silhouette_score": 0.9126716139509526, "other_silhouette_scores": [[2, 0.9126716139509526], [5, 0.7555761727822107], [3, 0.7304900643572193], [4, 0.7278312715840244], [8, 0.7276374344629839], [7, 0.7220206902363543], [6, 0.7209295543684714]]}, "branch": {"best_k": 2, "best_silhouette_score": 0.9284290889126553, "other_silhouette_scores": [[2, 0.9284290889126553], [3, 0.7622915378629312], [4, 0.7241238938117759], [6, 0.7239664860236867], [7, 0.7137809636150306], [5, 0.7032945603674435]]}}}, "normal": {"1605760": {"cycles": {"best_k": 18, "best_silhouette_score": 0.8459211360380704, "other_silhouette_scores": [[18, 0.8459211360380704], [17, 0.8181061249528208], [2, 0.8083205129824825], [16, 0.7495852460401777], [15, 0.7397990818495289], [14, 0.7354494514614824], [12, 0.6996106630649422], [11, 0.6978518099814727], [13, 0.6937965862299884], [3, 0.6775714490635424], [10, 0.6665178259986592], [6, 0.650695272517359], [7, 0.6500445328440241], [9, 0.6461538436323758], [8, 0.6381828028290356], [5, 0.6335983399309025], [4, 0.6293537577505868]]}, "instructions": {"best_k": 2, "best_silhouette_score": 0.9233612062075659, "other_silhouette_scores": [[2, 0.9233612062075659], [11, 0.8935390048492518], [10, 0.8409122767386527], [9, 0.8327927894683003], [8, 0.7637435047172652], [5, 0.721878419421958], [3, 0.7093813738210726], [4, 0.701770869030321], [7, 0.6885414502934067], [6, 0.6833159982377659]]}, "branch": {"best_k": 2, "best_silhouette_score": 0.941938996069082, "other_silhouette_scores": [[2, 0.941938996069082], [3, 0.8619236253811277], [6, 0.6661667623308771], [7, 0.6636329371682173], [5, 0.6600766909717044], [4, 0.6498729523642265]]}}}}