{"0": {"AB": 0.13971132287622023, "AC": 0.13971132287622023, "DS": 0.13971132287622023, "DT": 0.13971132287622023, "GM": 0.13971132287622023, "GN": 0.13971132287622023, "GB": 0.13971132287622023, "KNN": 0.13971132287622023, "KM": 0.13971132287622023, "LR": 0.13971132287622023, "LRR": 0.13971132287622023, "LRL": 0.13971132287622023, "LRE": 0.13971132287622023, "LOG_R": 0.13971132287622023, "RF": 0.13971132287622023, "SVM": 0.13971132287622023, "DNN": 0.13971132287622023}, "1": {"AB": 0.10678964657290131, "AC": 0.10678964657290131, "DS": 0.10678964657290131, "DT": 0.10678964657290131, "GM": 0.10678964657290131, "GN": 0.10678964657290131, "GB": 0.10678964657290131, "KNN": 0.10678964657290131, "KM": 0.10678964657290131, "LR": 0.10678964657290131, "LRR": 0.10678964657290131, "LRL": 0.10678964657290131, "LRE": 0.10678964657290131, "LOG_R": 0.10678964657290131, "RF": 0.10678964657290131, "SVM": 0.10678964657290131, "DNN": 0.10678964657290131}, "2": {"AB": 0.10598790011299467, "AC": 0.10598790011299467, "DS": 0.10598790011299467, "DT": 0.10598790011299467, "GM": 0.10598790011299467, "GN": 0.10598790011299467, "GB": 0.10598790011299467, "KNN": 0.10598790011299467, "KM": 0.10598790011299467, "LR": 0.10598790011299467, "LRR": 0.10598790011299467, "LRL": 0.10598790011299467, "LRE": 0.10598790011299467, "LOG_R": 0.10598790011299467, "RF": 0.10598790011299467, "SVM": 0.10598790011299467, "DNN": 0.10598790011299467}, "3": {"AB": 0.10117026828967672, "AC": 0.10117026828967672, "DS": 0.10117026828967672, "DT": 0.10117026828967672, "GM": 0.10117026828967672, "GN": 0.10117026828967672, "GB": 0.10117026828967672, "KNN": 0.10117026828967672, "KM": 0.10117026828967672, "LR": 0.10117026828967672, "LRR": 0.10117026828967672, "LRL": 0.10117026828967672, "LRE": 0.10117026828967672, "LOG_R": 0.10117026828967672, "RF": 0.10117026828967672, "SVM": 0.10117026828967672, "DNN": 0.10117026828967672}, "4": {"AB": 0.09789050935849287, "AC": 0.09789050935849287, "DS": 0.09789050935849287, "DT": 0.09789050935849287, "GM": 0.09789050935849287, "GN": 0.09789050935849287, "GB": 0.09789050935849287, "KNN": 0.09789050935849287, "KM": 0.09789050935849287, "LR": 0.09789050935849287, "LRR": 0.09789050935849287, "LRL": 0.09789050935849287, "LRE": 0.09789050935849287, "LOG_R": 0.09789050935849287, "RF": 0.09789050935849287, "SVM": 0.09789050935849287, "DNN": 0.09789050935849287}, "0 + 1": {"AB": 0.12445748302319115, "AC": 0.12445748302319115, "DS": 0.12445748302319115, "DT": 0.12445748302319115, "GM": 0.12445748302319115, "GN": 0.12445748302319115, "GB": 0.12445748302319115, "KNN": 0.12445748302319115, "KM": 0.12445748302319115, "LR": 0.12445748302319115, "LRR": 0.12445748302319115, "LRL": 0.12445748302319115, "LRE": 0.12445748302319115, "LOG_R": 0.12445748302319115, "RF": 0.12445748302319115, "SVM": 0.12445748302319115, "DNN": 0.12445748302319115}, "0 + 2": {"AB": 0.15204592237594253, "AC": 0.15204592237594253, "DS": 0.15204592237594253, "DT": 0.15204592237594253, "GM": 0.15204592237594253, "GN": 0.15204592237594253, "GB": 0.15204592237594253, "KNN": 0.15204592237594253, "KM": 0.15204592237594253, "LR": 0.15204592237594253, "LRR": 0.15204592237594253, "LRL": 0.15204592237594253, "LRE": 0.15204592237594253, "LOG_R": 0.15204592237594253, "RF": 0.15204592237594253, "SVM": 0.15204592237594253, "DNN": 0.15204592237594253}, "0 + 3": {"AB": 0.14728080632910065, "AC": 0.14728080632910065, "DS": 0.14728080632910065, "DT": 0.14728080632910065, "GM": 0.14728080632910065, "GN": 0.14728080632910065, "GB": 0.14728080632910065, "KNN": 0.14728080632910065, "KM": 0.14728080632910065, "LR": 0.14728080632910065, "LRR": 0.14728080632910065, "LRL": 0.14728080632910065, "LRE": 0.14728080632910065, "LOG_R": 0.14728080632910065, "RF": 0.14728080632910065, "SVM": 0.14728080632910065, "DNN": 0.14728080632910065}, "0 + 4": {"AB": 0.1185247248802522, "AC": 0.1185247248802522, "DS": 0.1185247248802522, "DT": 0.1185247248802522, "GM": 0.1185247248802522, "GN": 0.1185247248802522, "GB": 0.1185247248802522, "KNN": 0.1185247248802522, "KM": 0.1185247248802522, "LR": 0.1185247248802522, "LRR": 0.1185247248802522, "LRL": 0.1185247248802522, "LRE": 0.1185247248802522, "LOG_R": 0.1185247248802522, "RF": 0.1185247248802522, "SVM": 0.1185247248802522, "DNN": 0.1185247248802522}, "1 + 2": {"AB": 0.11743601114875828, "AC": 0.11743601114875828, "DS": 0.11743601114875828, "DT": 0.11743601114875828, "GM": 0.11743601114875828, "GN": 0.11743601114875828, "GB": 0.11743601114875828, "KNN": 0.11743601114875828, "KM": 0.11743601114875828, "LR": 0.11743601114875828, "LRR": 0.11743601114875828, "LRL": 0.11743601114875828, "LRE": 0.11743601114875828, "LOG_R": 0.11743601114875828, "RF": 0.11743601114875828, "SVM": 0.11743601114875828, "DNN": 0.11743601114875828}, "1 + 3": {"AB": 0.11619292901269793, "AC": 0.11619292901269793, "DS": 0.11619292901269793, "DT": 0.11619292901269793, "GM": 0.11619292901269793, "GN": 0.11619292901269793, "GB": 0.11619292901269793, "KNN": 0.11619292901269793, "KM": 0.11619292901269793, "LR": 0.11619292901269793, "LRR": 0.11619292901269793, "LRL": 0.11619292901269793, "LRE": 0.11619292901269793, "LOG_R": 0.11619292901269793, "RF": 0.11619292901269793, "SVM": 0.11619292901269793, "DNN": 0.11619292901269793}, "1 + 4": {"AB": 0.13396378313837323, "AC": 0.13396378313837323, "DS": 0.13396378313837323, "DT": 0.13396378313837323, "GM": 0.13396378313837323, "GN": 0.13396378313837323, "GB": 0.13396378313837323, "KNN": 0.13396378313837323, "KM": 0.13396378313837323, "LR": 0.13396378313837323, "LRR": 0.13396378313837323, "LRL": 0.13396378313837323, "LRE": 0.13396378313837323, "LOG_R": 0.13396378313837323, "RF": 0.13396378313837323, "SVM": 0.13396378313837323, "DNN": 0.13396378313837323}, "2 + 3": {"AB": 0.1367568529001855, "AC": 0.1367568529001855, "DS": 0.1367568529001855, "DT": 0.1367568529001855, "GM": 0.1367568529001855, "GN": 0.1367568529001855, "GB": 0.1367568529001855, "KNN": 0.1367568529001855, "KM": 0.1367568529001855, "LR": 0.1367568529001855, "LRR": 0.1367568529001855, "LRL": 0.1367568529001855, "LRE": 0.1367568529001855, "LOG_R": 0.1367568529001855, "RF": 0.1367568529001855, "SVM": 0.1367568529001855, "DNN": 0.1367568529001855}, "2 + 4": {"AB": 0.11150325300581933, "AC": 0.11150325300581933, "DS": 0.11150325300581933, "DT": 0.11150325300581933, "GM": 0.11150325300581933, "GN": 0.11150325300581933, "GB": 0.11150325300581933, "KNN": 0.11150325300581933, "KM": 0.11150325300581933, "LR": 0.11150325300581933, "LRR": 0.11150325300581933, "LRL": 0.11150325300581933, "LRE": 0.11150325300581933, "LOG_R": 0.11150325300581933, "RF": 0.11150325300581933, "SVM": 0.11150325300581933, "DNN": 0.11150325300581933}, "3 + 4": {"AB": 0.11026017086975898, "AC": 0.11026017086975898, "DS": 0.11026017086975898, "DT": 0.11026017086975898, "GM": 0.11026017086975898, "GN": 0.11026017086975898, "GB": 0.11026017086975898, "KNN": 0.11026017086975898, "KM": 0.11026017086975898, "LR": 0.11026017086975898, "LRR": 0.11026017086975898, "LRL": 0.11026017086975898, "LRE": 0.11026017086975898, "LOG_R": 0.11026017086975898, "RF": 0.11026017086975898, "SVM": 0.11026017086975898, "DNN": 0.11026017086975898}, "0 + 1 + 2": {"AB": 0.12802529734251142, "AC": 0.12802529734251142, "DS": 0.12802529734251142, "DT": 0.12802529734251142, "GM": 0.12802529734251142, "GN": 0.12802529734251142, "GB": 0.12802529734251142, "KNN": 0.12802529734251142, "KM": 0.12802529734251142, "LR": 0.12802529734251142, "LRR": 0.12802529734251142, "LRL": 0.12802529734251142, "LRE": 0.12802529734251142, "LOG_R": 0.12802529734251142, "RF": 0.12802529734251142, "SVM": 0.12802529734251142, "DNN": 0.12802529734251142}, "0 + 1 + 3": {"AB": 0.12709298574046615, "AC": 0.12709298574046615, "DS": 0.12709298574046615, "DT": 0.12709298574046615, "GM": 0.12709298574046615, "GN": 0.12709298574046615, "GB": 0.12709298574046615, "KNN": 0.12709298574046615, "KM": 0.12709298574046615, "LR": 0.12709298574046615, "LRR": 0.12709298574046615, "LRL": 0.12709298574046615, "LRE": 0.12709298574046615,