{"0": {"AB": 0.05199113522785564, "AC": 0.05199113522785564, "DS": 0.05199113522785564, "DT": 0.05199113522785564, "GM": 0.05199113522785564, "GN": 0.05199113522785564, "GB": 0.05199113522785564, "KNN": 0.05199113522785564, "KM": 0.05199113522785564, "LR": 0.05199113522785564, "LRR": 0.05199113522785564, "LRL": 0.05199113522785564, "LRE": 0.05199113522785564, "LOG_R": 0.05199113522785564, "RF": 0.05199113522785564, "SVM": 0.05199113522785564, "DNN": 0.05199113522785564}, "1": {"AB": 0.049627901808407655, "AC": 0.049627901808407655, "DS": 0.049627901808407655, "DT": 0.049627901808407655, "GM": 0.049627901808407655, "GN": 0.049627901808407655, "GB": 0.049627901808407655, "KNN": 0.049627901808407655, "KM": 0.049627901808407655, "LR": 0.049627901808407655, "LRR": 0.049627901808407655, "LRL": 0.049627901808407655, "LRE": 0.049627901808407655, "LOG_R": 0.049627901808407655, "RF": 0.049627901808407655, "SVM": 0.049627901808407655, "DNN": 0.049627901808407655}, "2": {"AB": 0.042761671012357116, "AC": 0.042761671012357116, "DS": 0.042761671012357116, "DT": 0.042761671012357116, "GM": 0.042761671012357116, "GN": 0.042761671012357116, "GB": 0.042761671012357116, "KNN": 0.042761671012357116, "KM": 0.042761671012357116, "LR": 0.042761671012357116, "LRR": 0.042761671012357116, "LRL": 0.042761671012357116, "LRE": 0.042761671012357116, "LOG_R": 0.042761671012357116, "RF": 0.042761671012357116, "SVM": 0.042761671012357116, "DNN": 0.042761671012357116}, "3": {"AB": 0.0425382015500637, "AC": 0.0425382015500637, "DS": 0.0425382015500637, "DT": 0.0425382015500637, "GM": 0.0425382015500637, "GN": 0.0425382015500637, "GB": 0.0425382015500637, "KNN": 0.0425382015500637, "KM": 0.0425382015500637, "LR": 0.0425382015500637, "LRR": 0.0425382015500637, "LRL": 0.0425382015500637, "LRE": 0.0425382015500637, "LOG_R": 0.0425382015500637, "RF": 0.0425382015500637, "SVM": 0.0425382015500637, "DNN": 0.0425382015500637}, "4": {"AB": 0.03308526787227177, "AC": 0.03308526787227177, "DS": 0.03308526787227177, "DT": 0.03308526787227177, "GM": 0.03308526787227177, "GN": 0.03308526787227177, "GB": 0.03308526787227177, "KNN": 0.03308526787227177, "KM": 0.03308526787227177, "LR": 0.03308526787227177, "LRR": 0.03308526787227177, "LRL": 0.03308526787227177, "LRE": 0.03308526787227177, "LOG_R": 0.03308526787227177, "RF": 0.03308526787227177, "SVM": 0.03308526787227177, "DNN": 0.03308526787227177}, "0 + 1": {"AB": 0.06741992259447317, "AC": 0.06741992259447317, "DS": 0.06741992259447317, "DT": 0.06741992259447317, "GM": 0.06741992259447317, "GN": 0.06741992259447317, "GB": 0.06741992259447317, "KNN": 0.06741992259447317, "KM": 0.06741992259447317, "LR": 0.06741992259447317, "LRR": 0.06741992259447317, "LRL": 0.06741992259447317, "LRE": 0.06741992259447317, "LOG_R": 0.06741992259447317, "RF": 0.06741992259447317, "SVM": 0.06741992259447317, "DNN": 0.06741992259447317}, "0 + 2": {"AB": 0.056660489512406674, "AC": 0.056660489512406674, "DS": 0.056660489512406674, "DT": 0.056660489512406674, "GM": 0.056660489512406674, "GN": 0.056660489512406674, "GB": 0.056660489512406674, "KNN": 0.056660489512406674, "KM": 0.056660489512406674, "LR": 0.056660489512406674, "LRR": 0.056660489512406674, "LRL": 0.056660489512406674, "LRE": 0.056660489512406674, "LOG_R": 0.056660489512406674, "RF": 0.056660489512406674, "SVM": 0.056660489512406674, "DNN": 0.056660489512406674}, "0 + 3": {"AB": 0.061733442858854105, "AC": 0.061733442858854105, "DS": 0.061733442858854105, "DT": 0.061733442858854105, "GM": 0.061733442858854105, "GN": 0.061733442858854105, "GB": 0.061733442858854105, "KNN": 0.061733442858854105, "KM": 0.061733442858854105, "LR": 0.061733442858854105, "LRR": 0.061733442858854105, "LRL": 0.061733442858854105, "LRE": 0.061733442858854105, "LOG_R": 0.061733442858854105, "RF": 0.061733442858854105, "SVM": 0.061733442858854105, "DNN": 0.061733442858854105}, "0 + 4": {"AB": 0.05419309440192679, "AC": 0.05419309440192679, "DS": 0.05419309440192679, "DT": 0.05419309440192679, "GM": 0.05419309440192679, "GN": 0.05419309440192679, "GB": 0.05419309440192679, "KNN": 0.05419309440192679, "KM": 0.05419309440192679, "LR": 0.05419309440192679, "LRR": 0.05419309440192679, "LRL": 0.05419309440192679, "LRE": 0.05419309440192679, "LOG_R": 0.05419309440192679, "RF": 0.05419309440192679, "SVM": 0.05419309440192679, "DNN": 0.05419309440192679}, "1 + 2": {"AB": 0.05563605444829842, "AC": 0.05563605444829842, "DS": 0.05563605444829842, "DT": 0.05563605444829842, "GM": 0.05563605444829842, "GN": 0.05563605444829842, "GB": 0.05563605444829842, "KNN": 0.05563605444829842, "KM": 0.05563605444829842, "LR": 0.05563605444829842, "LRR": 0.05563605444829842, "LRL": 0.05563605444829842, "LRE": 0.05563605444829842, "LOG_R": 0.05563605444829842, "RF": 0.05563605444829842, "SVM": 0.05563605444829842, "DNN": 0.05563605444829842}, "1 + 3": {"AB": 0.06051898944567032, "AC": 0.06051898944567032, "DS": 0.06051898944567032, "DT": 0.06051898944567032, "GM": 0.06051898944567032, "GN": 0.06051898944567032, "GB": 0.06051898944567032, "KNN": 0.06051898944567032, "KM": 0.06051898944567032, "LR": 0.06051898944567032, "LRR": 0.06051898944567032, "LRL": 0.06051898944567032, "LRE": 0.06051898944567032, "LOG_R": 0.06051898944567032, "RF": 0.06051898944567032, "SVM": 0.06051898944567032, "DNN": 0.06051898944567032}, "1 + 4": {"AB": 0.0530237042500931, "AC": 0.0530237042500931, "DS": 0.0530237042500931, "DT": 0.0530237042500931, "GM": 0.0530237042500931, "GN": 0.0530237042500931, "GB": 0.0530237042500931, "KNN": 0.0530237042500931, "KM": 0.0530237042500931, "LR": 0.0530237042500931, "LRR": 0.0530237042500931, "LRL": 0.0530237042500931, "LRE": 0.0530237042500931, "LOG_R": 0.0530237042500931, "RF": 0.0530237042500931, "SVM": 0.0530237042500931, "DNN": 0.0530237042500931}, "2 + 3": {"AB": 0.05238465194778982, "AC": 0.05238465194778982, "DS": 0.05238465194778982, "DT": 0.05238465194778982, "GM": 0.05238465194778982, "GN": 0.05238465194778982, "GB": 0.05238465194778982, "KNN": 0.05238465194778982, "KM": 0.05238465194778982, "LR": 0.05238465194778982, "LRR": 0.05238465194778982, "LRL": 0.05238465194778982, "LRE": 0.05238465194778982, "LOG_R": 0.05238465194778982, "RF": 0.05238465194778982, "SVM": 0.05238465194778982, "DNN": 0.05238465194778982}, "2 + 4": {"AB": 0.0460826961625952, "AC": 0.0460826961625952, "DS": 0.0460826961625952, "DT": 0.0460826961625952, "GM": 0.0460826961625952, "GN": 0.0460826961625952, "GB": 0.0460826961625952, "KNN": 0.0460826961625952, "KM": 0.0460826961625952, "LR": 0.0460826961625952, "LRR": 0.0460826961625952, "LRL": 0.0460826961625952, "LRE": 0.0460826961625952, "LOG_R": 0.0460826961625952, "RF": 0.0460826961625952, "SVM": 0.0460826961625952, "DNN": 0.0460826961625952}, "3 + 4": {"AB": 0.04936337037811798, "AC": 0.04936337037811798, "DS": 0.04936337037811798, "DT": 0.04936337037811798, "GM": 0.04936337037811798, "GN": 0.04936337037811798, "GB": 0.04936337037811798, "KNN": 0.04936337037811798, "KM": 0.04936337037811798, "LR": 0.04936337037811798, "LRR": 0.04936337037811798, "LRL": 0.04936337037811798, "LRE": 0.04936337037811798, "LOG_R": 0.04936337037811798, "RF": 0.04936337037811798, "SVM": 0.04936337037811798, "DNN": 0.04936337037811798}, "0 + 1 + 2": {"AB": 0.06284157246435026, "AC": 0.06284157246435026, "DS": 0.06284157246435026, "DT": 0.06284157246435026, "GM": 0.06284157246435026, "GN": 0.06284157246435026, "GB": 0.06284157246435026, "KNN": 0.06284157246435026, "KM": 0.06284157246435026, "LR": 0.06284157246435026, "LRR": 0.06284157246435026, "LRL": 0.06284157246435026, "LRE": 0.06284157246435026, "LOG_R": 0.06284157246435026, "RF": 0.06284157246435026, "SVM": 0.06284157246435026, "DNN": 0.06284157246435026}, "0 + 1 + 3": {"AB": 0.07042022345336146, "AC": 0.07042022345336146, "DS": 0.07042022345336146, "DT": 0.07042022345336146, "GM": 0.07042022345336146, "GN": 0.07042022345336146, "GB": 0.07042022345336146, "KNN": 0.07042022345336146, "KM": 0.07042022345336146, "LR": 0.07042022345336146, "LRR": 0.07042022345336146,