{"0": {"AB": 0.0, "AC": 0.0, "DS": 0.0, "DT": 0.0, "GM": 0.0, "GN": 0.0, "GB": 0.0, "KNN": 0.0, "KM": 0.0, "LR": 0.0, "LRR": 0.0, "LRL": 0.0, "LRE": 0.0, "LOG_R": 0.0, "RF": 0.0, "SVM": 0.0, "DNN": 0.0}, "1": {"AB": 0.0, "AC": 0.0, "DS": 0.0, "DT": 0.0, "GM": 0.0, "GN": 0.0, "GB": 0.0, "KNN": 0.0, "KM": 0.0, "LR": 0.0, "LRR": 0.0, "LRL": 0.0, "LRE": 0.0, "LOG_R": 0.0, "RF": 0.0, "SVM": 0.0, "DNN": 0.0}, "2": {"AB": 0.0, "AC": 0.0, "DS": 0.0, "DT": 0.0, "GM": 0.0, "GN": 0.0, "GB": 0.0, "KNN": 0.0, "KM": 0.0, "LR": 0.0, "LRR": 0.0, "LRL": 0.0, "LRE": 0.0, "LOG_R": 0.0, "RF": 0.0, "SVM": 0.0, "DNN": 0.0}, "3": {"AB": 0.0, "AC": 0.0, "DS": 0.0, "DT": 0.0, "GM": 0.0, "GN": 0.0, "GB": 0.0, "KNN": 0.0, "KM": 0.0, "LR": 0.0, "LRR": 0.0, "LRL": 0.0, "LRE": 0.0, "LOG_R": 0.0, "RF": 0.0, "SVM": 0.0, "DNN": 0.0}, "4": {"AB": 0.0, "AC": 0.0, "DS": 0.0, "DT": 0.0, "GM": 0.0, "GN": 0.0, "GB": 0.0, "KNN": 0.0, "KM": 0.0, "LR": 0.0, "LRR": 0.0, "LRL": 0.0, "LRE": 0.0, "LOG_R": 0.0, "RF": 0.0, "SVM": 0.0, "DNN": 0.0}, "0 + 1": {"AB": 0.019270527293271722, "AC": 0.019270527293271722, "DS": 0.019270527293271722, "DT": 0.019270527293271722, "GM": 0.019270527293271722, "GN": 0.019270527293271722, "GB": 0.019270527293271722, "KNN": 0.019270527293271722, "KM": 0.019270527293271722, "LR": 0.019270527293271722, "LRR": 0.019270527293271722, "LRL": 0.019270527293271722, "LRE": 0.019270527293271722, "LOG_R": 0.019270527293271722, "RF": 0.019270527293271722, "SVM": 0.019270527293271722, "DNN": 0.019270527293271722}, "0 + 2": {"AB": 0.3468694912788916, "AC": 0.3468694912788916, "DS": 0.3468694912788916, "DT": 0.3468694912788916, "GM": 0.3468694912788916, "GN": 0.3468694912788916, "GB": 0.3468694912788916, "KNN": 0.3468694912788916, "KM": 0.3468694912788916, "LR": 0.3468694912788916, "LRR": 0.3468694912788916, "LRL": 0.3468694912788916, "LRE": 0.3468694912788916, "LOG_R": 0.3468694912788916, "RF": 0.3468694912788916, "SVM": 0.3468694912788916, "DNN": 0.3468694912788916}, "0 + 3": {"AB": 0.3468694912788916, "AC": 0.3468694912788916, "DS": 0.3468694912788916, "DT": 0.3468694912788916, "GM": 0.3468694912788916, "GN": 0.3468694912788916, "GB": 0.3468694912788916, "KNN": 0.3468694912788916, "KM": 0.3468694912788916, "LR": 0.3468694912788916, "LRR": 0.3468694912788916, "LRL": 0.3468694912788916, "LRE": 0.3468694912788916, "LOG_R": 0.3468694912788916, "RF": 0.3468694912788916, "SVM": 0.3468694912788916, "DNN": 0.3468694912788916}, "0 + 4": {"AB": 0.3468694912788916, "AC": 0.3468694912788916, "DS": 0.3468694912788916, "DT": 0.3468694912788916, "GM": 0.3468694912788916, "GN": 0.3468694912788916, "GB": 0.3468694912788916, "KNN": 0.3468694912788916, "KM": 0.3468694912788916, "LR": 0.3468694912788916, "LRR": 0.3468694912788916, "LRL": 0.3468694912788916, "LRE": 0.3468694912788916, "LOG_R": 0.3468694912788916, "RF": 0.3468694912788916, "SVM": 0.3468694912788916, "DNN": 0.3468694912788916}, "1 + 2": {"AB": 0.3275989639856199, "AC": 0.3275989639856199, "DS": 0.3275989639856199, "DT": 0.3275989639856199, "GM": 0.3275989639856199, "GN": 0.3275989639856199, "GB": 0.3275989639856199, "KNN": 0.3275989639856199, "KM": 0.3275989639856199, "LR": 0.3275989639856199, "LRR": 0.3275989639856199, "LRL": 0.3275989639856199, "LRE": 0.3275989639856199, "LOG_R": 0.3275989639856199, "RF": 0.3275989639856199, "SVM": 0.3275989639856199, "DNN": 0.3275989639856199}, "1 + 3": {"AB": 0.3275989639856199, "AC": 0.3275989639856199, "DS": 0.3275989639856199, "DT": 0.3275989639856199, "GM": 0.3275989639856199, "GN": 0.3275989639856199, "GB": 0.3275989639856199, "KNN": 0.3275989639856199, "KM": 0.3275989639856199, "LR": 0.3275989639856199, "LRR": 0.3275989639856199, "LRL": 0.3275989639856199, "LRE": 0.3275989639856199, "LOG_R": 0.3275989639856199, "RF": 0.3275989639856199, "SVM": 0.3275989639856199, "DNN": 0.3275989639856199}, "1 + 4": {"AB": 0.3275989639856199, "AC": 0.3275989639856199, "DS": 0.3275989639856199, "DT": 0.3275989639856199, "GM": 0.3275989639856199, "GN": 0.3275989639856199, "GB": 0.3275989639856199, "KNN": 0.3275989639856199, "KM": 0.3275989639856199, "LR": 0.3275989639856199, "LRR": 0.3275989639856199, "LRL": 0.3275989639856199, "LRE": 0.3275989639856199, "LOG_R": 0.3275989639856199, "RF": 0.3275989639856199, "SVM": 0.3275989639856199, "DNN": 0.3275989639856199}, "2 + 3": {"AB": 0.035596548857633775, "AC": 0.035596548857633775, "DS": 0.035596548857633775, "DT": 0.035596548857633775, "GM": 0.035596548857633775, "GN": 0.035596548857633775, "GB": 0.035596548857633775, "KNN": 0.035596548857633775, "KM": 0.035596548857633775, "LR": 0.035596548857633775, "LRR": 0.035596548857633775, "LRL": 0.035596548857633775, "LRE": 0.035596548857633775, "LOG_R": 0.035596548857633775, "RF": 0.035596548857633775, "SVM": 0.035596548857633775, "DNN": 0.035596548857633775}, "2 + 4": {"AB": 0.035596548857633775, "AC": 0.035596548857633775, "DS": 0.035596548857633775, "DT": 0.035596548857633775, "GM": 0.035596548857633775, "GN": 0.035596548857633775, "GB": 0.035596548857633775, "KNN": 0.035596548857633775, "KM": 0.035596548857633775, "LR": 0.035596548857633775, "LRR": 0.035596548857633775, "LRL": 0.035596548857633775, "LRE": 0.035596548857633775, "LOG_R": 0.035596548857633775, "RF": 0.035596548857633775, "SVM": 0.035596548857633775, "DNN": 0.035596548857633775}, "3 + 4": {"AB": 0.0, "AC": 0.0, "DS": 0.0, "DT": 0.0, "GM": 0.0, "GN": 0.0, "GB": 0.0, "KNN": 0.0, "KM": 0.0, "LR": 0.0, "LRR": 0.0, "LRL": 0.0, "LRE": 0.0, "LOG_R": 0.0, "RF": 0.0, "SVM": 0.0, "DNN": 0.0}, "0 + 1 + 2": {"AB": 0.33723422763225575, "AC": 0.33723422763225575, "DS": 0.33723422763225575, "DT": 0.33723422763225575, "GM": 0.33723422763225575, "GN": 0.33723422763225575, "GB": 0.33723422763225575, "KNN": 0.33723422763225575, "KM": 0.33723422763225575, "LR": 0.33723422763225575, "LRR": 0.33723422763225575, "LRL": 0.33723422763225575, "LRE": 0.33723422763225575, "LOG_R": 0.33723422763225575, "RF": 0.33723422763225575, "SVM": 0.33723422763225575, "DNN": 0.33723422763225575}, "0 + 1 + 3": {"AB": 0.33723422763225575, "AC": 0.33723422763225575, "DS": 0.33723422763225575, "DT": 0.33723422763225575, "GM": 0.33723422763225575, "GN": 0.33723422763225575, "GB": 0.33723422763225575, "KNN": 0.33723422763225575, "KM": 0.33723422763225575, "LR": 0.33723422763225575, "LRR": 0.33723422763225575, "LRL": 0.33723422763225575, "LRE": 0.33723422763225575, "LOG_R": 0.33723422763225575, "RF": 0.33723422763225575, "SVM": 0.33723422763225575, "DNN": 0.33723422763225575}, "0 + 1 + 4": {"AB": 0.33723422763225575, "AC": 0.33723422763225575, "DS": 0.33723422763225575, "DT": 0.33723422763225575, "GM": 0.33723422763225575, "GN": 0.33723422763225575, "GB": 0.33723422763225575, "KNN": 0.33723422763225575, "KM": 0.33723422763225575, "LR": 0.33723422763225575, "LRR": 0.33723422763225575, "LRL": 0.33723422763225575, "LRE": 0.33723422763225575, "LOG_R": 0.33723422763225575, "RF": 0.33723422763225575, "SVM": 0.33723422763225575, "DNN": 0.33723422763225575}, "0 + 2 + 3": {"AB": 0.1912330200682627, "AC": 0.1912330200682627, "DS": 0.1912330200682627, "DT": 0.1912330200682627, "GM": 0.1912330200682627, "GN": 0.1912330200682627, "GB": 0.1912330200682627, "KNN": 0.1912330200682627, "KM": 0.1912330200682627, "LR": 0.1912330200682627, "LRR": 0.1912330200682627, "LRL": 0.1912330200682627, "LRE": 0.1912330200682627, "LOG_R": 0.1912330200682627, "RF": 0.1912330200682627, "SVM": 0.1912330200682627, "DNN": 0.1912330200682627}, "0 + 2 + 4": {"AB": 0.1912330200682627, "AC": 0.1912330200682627, "DS": 0.1912330200682627, "DT": 0.1912330200682627, "GM": 0.1912330200682627, "GN": 0.1912330200682627, "GB": 0.1912330200682627, "KNN": 0.1912330200682627, "KM": 0.1912330200682627, "LR": 0.1912330200682627, "LRR": 0.1912330200682627, "LRL": 0.1912330200682627, "LRE": 0.1912330200682627, "LOG_R": 0.1912330200682627, "RF": 0.1912330200682627, "SVM": 0.1912330200682627, "DNN": 0.1912330200682627}, "0 + 3 + 4": {"AB": 0.1734347456394458, "AC": 0.1734347456394458, "DS": 0.1734347456394458, "DT": 0.1734347456394458,