{"0": {"AB": 1.342428649404254, "AC": 1.342428649404254, "DS": 1.342428649404254, "DT": 1.342428649404254, "GM": 1.342428649404254, "GN": 1.342428649404254, "GB": 1.342428649404254, "KNN": 1.342428649404254, "KM": 1.342428649404254, "LR": 1.342428649404254, "LRR": 1.342428649404254, "LRL": 1.342428649404254, "LRE": 1.342428649404254, "LOG_R": 1.342428649404254, "RF": 1.342428649404254, "SVM": 1.342428649404254, "DNN": 1.342428649404254}, "1": {"AB": 1.2740246417912984, "AC": 1.2740246417912984, "DS": 1.2740246417912984, "DT": 1.2740246417912984, "GM": 1.2740246417912984, "GN": 1.2740246417912984, "GB": 1.2740246417912984, "KNN": 1.2740246417912984, "KM": 1.2740246417912984, "LR": 1.2740246417912984, "LRR": 1.2740246417912984, "LRL": 1.2740246417912984, "LRE": 1.2740246417912984, "LOG_R": 1.2740246417912984, "RF": 1.2740246417912984, "SVM": 1.2740246417912984, "DNN": 1.2740246417912984}, "2": {"AB": 0.62418656946822, "AC": 0.62418656946822, "DS": 0.62418656946822, "DT": 0.62418656946822, "GM": 0.62418656946822, "GN": 0.62418656946822, "GB": 0.62418656946822, "KNN": 0.62418656946822, "KM": 0.62418656946822, "LR": 0.62418656946822, "LRR": 0.62418656946822, "LRL": 0.62418656946822, "LRE": 0.62418656946822, "LOG_R": 0.62418656946822, "RF": 0.62418656946822, "SVM": 0.62418656946822, "DNN": 0.62418656946822}, "3": {"AB": 0.547232060903645, "AC": 0.547232060903645, "DS": 0.547232060903645, "DT": 0.547232060903645, "GM": 0.547232060903645, "GN": 0.547232060903645, "GB": 0.547232060903645, "KNN": 0.547232060903645, "KM": 0.547232060903645, "LR": 0.547232060903645, "LRR": 0.547232060903645, "LRL": 0.547232060903645, "LRE": 0.547232060903645, "LOG_R": 0.547232060903645, "RF": 0.547232060903645, "SVM": 0.547232060903645, "DNN": 0.547232060903645}, "4": {"AB": 0.530131059000406, "AC": 0.530131059000406, "DS": 0.530131059000406, "DT": 0.530131059000406, "GM": 0.530131059000406, "GN": 0.530131059000406, "GB": 0.530131059000406, "KNN": 0.530131059000406, "KM": 0.530131059000406, "LR": 0.530131059000406, "LRR": 0.530131059000406, "LRL": 0.530131059000406, "LRE": 0.530131059000406, "LOG_R": 0.530131059000406, "RF": 0.530131059000406, "SVM": 0.530131059000406, "DNN": 0.530131059000406}, "0 + 1": {"AB": 1.5300721282741367, "AC": 1.5300721282741367, "DS": 1.5300721282741367, "DT": 1.5300721282741367, "GM": 1.5300721282741367, "GN": 1.5300721282741367, "GB": 1.5300721282741367, "KNN": 1.5300721282741367, "KM": 1.5300721282741367, "LR": 1.5300721282741367, "LRR": 1.5300721282741367, "LRL": 1.5300721282741367, "LRE": 1.5300721282741367, "LOG_R": 1.5300721282741367, "RF": 1.5300721282741367, "SVM": 1.5300721282741367, "DNN": 1.5300721282741367}, "0 + 2": {"AB": 0.4667168242769421, "AC": 0.4667168242769421, "DS": 0.4667168242769421, "DT": 0.4667168242769421, "GM": 0.4667168242769421, "GN": 0.4667168242769421, "GB": 0.4667168242769421, "KNN": 0.4667168242769421, "KM": 0.4667168242769421, "LR": 0.4667168242769421, "LRR": 0.4667168242769421, "LRL": 0.4667168242769421, "LRE": 0.4667168242769421, "LOG_R": 0.4667168242769421, "RF": 0.4667168242769421, "SVM": 0.4667168242769421, "DNN": 0.4667168242769421}, "0 + 3": {"AB": 0.40200930278436836, "AC": 0.40200930278436836, "DS": 0.40200930278436836, "DT": 0.40200930278436836, "GM": 0.40200930278436836, "GN": 0.40200930278436836, "GB": 0.40200930278436836, "KNN": 0.40200930278436836, "KM": 0.40200930278436836, "LR": 0.40200930278436836, "LRR": 0.40200930278436836, "LRL": 0.40200930278436836, "LRE": 0.40200930278436836, "LOG_R": 0.40200930278436836, "RF": 0.40200930278436836, "SVM": 0.40200930278436836, "DNN": 0.40200930278436836}, "0 + 4": {"AB": 0.3881498843306197, "AC": 0.3881498843306197, "DS": 0.3881498843306197, "DT": 0.3881498843306197, "GM": 0.3881498843306197, "GN": 0.3881498843306197, "GB": 0.3881498843306197, "KNN": 0.3881498843306197, "KM": 0.3881498843306197, "LR": 0.3881498843306197, "LRR": 0.3881498843306197, "LRL": 0.3881498843306197, "LRE": 0.3881498843306197, "LOG_R": 0.3881498843306197, "RF": 0.3881498843306197, "SVM": 0.3881498843306197, "DNN": 0.3881498843306197}, "1 + 2": {"AB": 0.4792494991421294, "AC": 0.4792494991421294, "DS": 0.4792494991421294, "DT": 0.4792494991421294, "GM": 0.4792494991421294, "GN": 0.4792494991421294, "GB": 0.4792494991421294, "KNN": 0.4792494991421294, "KM": 0.4792494991421294, "LR": 0.4792494991421294, "LRR": 0.4792494991421294, "LRL": 0.4792494991421294, "LRE": 0.4792494991421294, "LOG_R": 0.4792494991421294, "RF": 0.4792494991421294, "SVM": 0.4792494991421294, "DNN": 0.4792494991421294}, "1 + 3": {"AB": 0.4112214336581442, "AC": 0.4112214336581442, "DS": 0.4112214336581442, "DT": 0.4112214336581442, "GM": 0.4112214336581442, "GN": 0.4112214336581442, "GB": 0.4112214336581442, "KNN": 0.4112214336581442, "KM": 0.4112214336581442, "LR": 0.4112214336581442, "LRR": 0.4112214336581442, "LRL": 0.4112214336581442, "LRE": 0.4112214336581442, "LOG_R": 0.4112214336581442, "RF": 0.4112214336581442, "SVM": 0.4112214336581442, "DNN": 0.4112214336581442}, "1 + 4": {"AB": 0.396752937682161, "AC": 0.396752937682161, "DS": 0.396752937682161, "DT": 0.396752937682161, "GM": 0.396752937682161, "GN": 0.396752937682161, "GB": 0.396752937682161, "KNN": 0.396752937682161, "KM": 0.396752937682161, "LR": 0.396752937682161, "LRR": 0.396752937682161, "LRL": 0.396752937682161, "LRE": 0.396752937682161, "LOG_R": 0.396752937682161, "RF": 0.396752937682161, "SVM": 0.396752937682161, "DNN": 0.396752937682161}, "2 + 3": {"AB": 0.6706932078657385, "AC": 0.6706932078657385, "DS": 0.6706932078657385, "DT": 0.6706932078657385, "GM": 0.6706932078657385, "GN": 0.6706932078657385, "GB": 0.6706932078657385, "KNN": 0.6706932078657385, "KM": 0.6706932078657385, "LR": 0.6706932078657385, "LRR": 0.6706932078657385, "LRL": 0.6706932078657385, "LRE": 0.6706932078657385, "LOG_R": 0.6706932078657385, "RF": 0.6706932078657385, "SVM": 0.6706932078657385, "DNN": 0.6706932078657385}, "2 + 4": {"AB": 0.6390692429228497, "AC": 0.6390692429228497, "DS": 0.6390692429228497, "DT": 0.6390692429228497, "GM": 0.6390692429228497, "GN": 0.6390692429228497, "GB": 0.6390692429228497, "KNN": 0.6390692429228497, "KM": 0.6390692429228497, "LR": 0.6390692429228497, "LRR": 0.6390692429228497, "LRL": 0.6390692429228497, "LRE": 0.6390692429228497, "LOG_R": 0.6390692429228497, "RF": 0.6390692429228497, "SVM": 0.6390692429228497, "DNN": 0.6390692429228497}, "3 + 4": {"AB": 0.6941212221736341, "AC": 0.6941212221736341, "DS": 0.6941212221736341, "DT": 0.6941212221736341, "GM": 0.6941212221736341, "GN": 0.6941212221736341, "GB": 0.6941212221736341, "KNN": 0.6941212221736341, "KM": 0.6941212221736341, "LR": 0.6941212221736341, "LRR": 0.6941212221736341, "LRL": 0.6941212221736341, "LRE": 0.6941212221736341, "LOG_R": 0.6941212221736341, "RF": 0.6941212221736341, "SVM": 0.6941212221736341, "DNN": 0.6941212221736341}, "0 + 1 + 2": {"AB": 0.3973814578301936, "AC": 0.3973814578301936, "DS": 0.3973814578301936, "DT": 0.3973814578301936, "GM": 0.3973814578301936, "GN": 0.3973814578301936, "GB": 0.3973814578301936, "KNN": 0.3973814578301936, "KM": 0.3973814578301936, "LR": 0.3973814578301936, "LRR": 0.3973814578301936, "LRL": 0.3973814578301936, "LRE": 0.3973814578301936, "LOG_R": 0.3973814578301936, "RF": 0.3973814578301936, "SVM": 0.3973814578301936, "DNN": 0.3973814578301936}, "0 + 1 + 3": {"AB": 0.33630702188006195, "AC": 0.33630702188006195, "DS": 0.33630702188006195, "DT": 0.33630702188006195, "GM": 0.33630702188006195, "GN": 0.33630702188006195, "GB": 0.33630702188006195, "KNN": 0.33630702188006195, "KM": 0.33630702188006195, "LR": 0.33630702188006195, "LRR": 0.33630702188006195, "LRL": 0.33630702188006195, "LRE": 0.33630702188006195, "LOG_R": 0.33630702188006195, "RF": 0.33630702188006195, "SVM": 0.33630702188006195, "DNN": 0.33630702188006195}, "0 + 1 + 4": {"AB": 0.32361158700938253, "AC": 0.32361158700938253, "DS": 0.32361158700938253, "DT": 0.32361158700938253, "GM": 0.32361158700938253, "GN": 0.32361158700938253, "GB": 0.32361158700938253,