{"0": {"AB": 1.0, "AC": 0.0, "DS": 0.3333333333333333, "DT": 1.0, "GM": 0.3333333333333333, "GN": 1.0, "GB": 1.0, "KNN": 1.0, "KM": 1.0, "LR": 0.9666295884315907, "LRR": 0.9666295884315907, "LRL": 0.9666295884315907, "LRE": 0.9666295884315907, "LOG_R": 1.0, "RF": 1.0, "SVM": 1.0, "DNN": 1.0}, "1": {"AB": 1.0, "AC": 0.3246753246753247, "DS": 0.3333333333333333, "DT": 1.0, "GM": 0.3246753246753247, "GN": 1.0, "GB": 1.0, "KNN": 1.0, "KM": 0.3246753246753247, "LR": 0.9693877551020408, "LRR": 0.9693877551020408, "LRL": 0.9693877551020408, "LRE": 0.9693877551020408, "LOG_R": 1.0, "RF": 1.0, "SVM": 1.0, "DNN": 1.0}, "2": {"AB": 1.0, "AC": 0.37990196078431365, "DS": 0.3333333333333333, "DT": 1.0, "GM": 0.3333333333333333, "GN": 1.0, "GB": 1.0, "KNN": 1.0, "KM": 1.0, "LR": 0.9888888888888888, "LRR": 0.9888888888888888, "LRL": 0.9888888888888888, "LRE": 0.9888888888888888, "LOG_R": 1.0, "RF": 1.0, "SVM": 1.0, "DNN": 1.0}, "3": {"AB": 1.0, "AC": 0.0, "DS": 0.3333333333333333, "DT": 1.0, "GM": 0.3333333333333333, "GN": 1.0, "GB": 1.0, "KNN": 1.0, "KM": 1.0, "LR": 1.0, "LRR": 1.0, "LRL": 1.0, "LRE": 1.0, "LOG_R": 1.0, "RF": 1.0, "SVM": 1.0, "DNN": 1.0}, "4": {"AB": 1.0, "AC": 0.0, "DS": 0.3333333333333333, "DT": 1.0, "GM": 0.3333333333333333, "GN": 1.0, "GB": 1.0, "KNN": 1.0, "KM": 1.0, "LR": 1.0, "LRR": 1.0, "LRL": 1.0, "LRE": 1.0, "LOG_R": 1.0, "RF": 1.0, "SVM": 1.0, "DNN": 1.0}, "0 + 1": {"AB": 1.0, "AC": 0.3157894736842105, "DS": 0.3333333333333333, "DT": 1.0, "GM": 0.4135338345864662, "GN": 1.0, "GB": 1.0, "KNN": 1.0, "KM": 0.4135338345864662, "LR": 0.9693877551020408, "LRR": 0.9693877551020408, "LRL": 0.9693877551020408, "LRE": 0.9693877551020408, "LOG_R": 1.0, "RF": 1.0, "SVM": 1.0, "DNN": 1.0}, "0 + 2": {"AB": 1.0, "AC": 0.37990196078431365, "DS": 0.3333333333333333, "DT": 1.0, "GM": 0.37990196078431365, "GN": 1.0, "GB": 1.0, "KNN": 1.0, "KM": 0.37990196078431365, "LR": 0.9666344294003868, "LRR": 0.9666344294003868, "LRL": 0.9666344294003868, "LRE": 0.9666344294003868, "LOG_R": 1.0, "RF": 1.0, "SVM": 1.0, "DNN": 1.0}, "0 + 3": {"AB": 1.0, "AC": 0.3819397993311037, "DS": 0.3333333333333333, "DT": 1.0, "GM": 0.3819397993311037, "GN": 1.0, "GB": 1.0, "KNN": 1.0, "KM": 0.3819397993311037, "LR": 1.0, "LRR": 1.0, "LRL": 1.0, "LRE": 1.0, "LOG_R": 1.0, "RF": 1.0, "SVM": 1.0, "DNN": 1.0}, "0 + 4": {"AB": 1.0, "AC": 0.0, "DS": 0.3333333333333333, "DT": 1.0, "GM": 0.3333333333333333, "GN": 1.0, "GB": 1.0, "KNN": 1.0, "KM": 1.0, "LR": 1.0, "LRR": 1.0, "LRL": 1.0, "LRE": 1.0, "LOG_R": 1.0, "RF": 1.0, "SVM": 1.0, "DNN": 1.0}, "1 + 2": {"AB": 1.0, "AC": 0.32352941176470584, "DS": 0.3333333333333333, "DT": 1.0, "GM": 0.3333333333333333, "GN": 1.0, "GB": 1.0, "KNN": 1.0, "KM": 1.0, "LR": 0.9772727272727273, "LRR": 0.9772727272727273, "LRL": 0.9772727272727273, "LRE": 0.9772727272727273, "LOG_R": 1.0, "RF": 1.0, "SVM": 1.0, "DNN": 1.0}, "1 + 3": {"AB": 1.0, "AC": 0.3230769230769231, "DS": 0.3333333333333333, "DT": 1.0, "GM": 0.3230769230769231, "GN": 1.0, "GB": 1.0, "KNN": 1.0, "KM": 0.0, "LR": 0.9883720930232559, "LRR": 0.9883720930232559, "LRL": 0.9883720930232559, "LRE": 0.9883720930232559, "LOG_R": 1.0, "RF": 1.0, "SVM": 1.0, "DNN": 1.0}, "1 + 4": {"AB": 1.0, "AC": 0.2982456140350877, "DS": 0.3333333333333333, "DT": 1.0, "GM": 0.3333333333333333, "GN": 1.0, "GB": 1.0, "KNN": 1.0, "KM": 0.0, "LR": 0.9871794871794872, "LRR": 0.9871794871794872, "LRL": 0.9871794871794872, "LRE": 0.9871794871794872, "LOG_R": 1.0, "RF": 1.0, "SVM": 1.0, "DNN": 1.0}, "2 + 3": {"AB": 1.0, "AC": 0.0, "DS": 0.3333333333333333, "DT": 1.0, "GM": 0.3819397993311037, "GN": 1.0, "GB": 1.0, "KNN": 1.0, "KM": 0.0, "LR": 1.0, "LRR": 1.0, "LRL": 1.0, "LRE": 1.0, "LOG_R": 1.0, "RF": 1.0, "SVM": 1.0, "DNN": 1.0}, "2 + 4": {"AB": 1.0, "AC": 0.0, "DS": 0.3333333333333333, "DT": 1.0, "GM": 0.3333333333333333, "GN": 1.0, "GB": 1.0, "KNN": 1.0, "KM": 1.0, "LR": 1.0, "LRR": 1.0, "LRL": 1.0, "LRE": 1.0, "LOG_R": 1.0, "RF": 1.0, "SVM": 1.0, "DNN": 1.0}, "3 + 4": {"AB": 1.0, "AC": 0.0, "DS": 0.3333333333333333, "DT": 1.0, "GM": 0.3333333333333333, "GN": 1.0, "GB": 1.0, "KNN": 1.0, "KM": 1.0, "LR": 1.0, "LRR": 1.0, "LRL": 1.0, "LRE": 1.0, "LOG_R": 1.0, "RF": 1.0, "SVM": 1.0, "DNN": 1.0}, "0 + 1 + 2": {"AB": 1.0, "AC": 1.0, "DS": 0.3333333333333333, "DT": 1.0, "GM": 1.0, "GN": 1.0, "GB": 1.0, "KNN": 1.0, "KM": 1.0, "LR": 0.9888888888888888, "LRR": 0.9888888888888888, "LRL": 1.0, "LRE": 0.9888888888888888, "LOG_R": 1.0, "RF": 1.0, "SVM": 1.0, "DNN": 1.0}, "0 + 1 + 3": {"AB": 1.0, "AC": 0.0, "DS": 0.3333333333333333, "DT": 1.0, "GM": 0.3230769230769231, "GN": 1.0, "GB": 1.0, "KNN": 1.0, "KM": 0.0, "LR": 1.0, "LRR": 1.0, "LRL": 1.0, "LRE": 1.0, "LOG_R": 1.0, "RF": 1.0, "SVM": 1.0, "DNN": 1.0}, "0 + 1 + 4": {"AB": 1.0, "AC": 0.0, "DS": 0.3333333333333333, "DT": 1.0, "GM": 0.0, "GN": 1.0, "GB": 1.0, "KNN": 1.0, "KM": 0.0, "LR": 0.9871794871794872, "LRR": 0.9871794871794872, "LRL": 0.9871794871794872, "LRE": 0.9871794871794872, "LOG_R": 1.0, "RF": 1.0, "SVM": 1.0, "DNN": 1.0}, "0 + 2 + 3": {"AB": 1.0, "AC": 0.3819397993311037, "DS": 0.3333333333333333, "DT": 1.0, "GM": 0.3819397993311037, "GN": 1.0, "GB": 1.0, "KNN": 1.0, "KM": 0.3819397993311037, "LR": 1.0, "LRR": 1.0, "LRL": 1.0, "LRE": 1.0, "LOG_R": 1.0, "RF": 1.0, "SVM": 1.0, "DNN": 1.0}, "0 + 2 + 4": {"AB": 1.0, "AC": 0.38660209846650523, "DS": 0.3333333333333333, "DT": 1.0, "GM": 0.3220338983050847, "GN": 1.0, "GB": 1.0, "KNN": 1.0, "KM": 1.0, "LR": 0.9871794871794872, "LRR": 0.9871794871794872, "LRL": 0.9871794871794872, "LRE": 0.9871794871794872, "LOG_R": 1.0, "RF": 1.0, "SVM": 1.0, "DNN": 1.0}, "0 + 3 + 4": {"AB": 1.0, "AC": 0.3103448275862069, "DS": 0.3333333333333333, "DT": 1.0, "GM": 0.43573667711598746, "GN": 1.0, "GB": 1.0, "KNN": 1.0, "KM": 0.3103448275862069, "LR": 1.0, "LRR": 0.9736842105263157, "LRL": 1.0, "LRE": 0.9736842105263157, "LOG_R": 1.0, "RF": 1.0, "SVM": 1.0, "DNN": 1.0}, "1 + 2 + 3": {"AB": 1.0, "AC": 0.3230769230769231, "DS": 0.3333333333333333, "DT": 1.0, "GM": 0.3230769230769231, "GN": 1.0, "GB": 1.0, "KNN": 1.0, "KM": 0.3015873015873016, "LR": 0.9883720930232559, "LRR": 0.9883720930232559, "LRL": 0.9883720930232559, "LRE": 0.9883720930232559, "LOG_R": 1.0, "RF": 1.0, "SVM": 1.0, "DNN": 1.0}, "1 + 2 + 4": {"AB": 1.0, "AC": 1.0, "DS": 0.3333333333333333, "DT": 1.0, "GM": 0.3333333333333333, "GN": 1.0, "GB": 1.0, "KNN": 1.0, "KM": 1.0, "LR": 0.9871794871794872, "LRR": 0.9871794871794872, "LRL": 0.9871794871794872, "LRE": 0.9871794871794872, "LOG_R": 1.0, "RF": 1.0, "SVM": 1.0, "DNN": 1.0}, "1 + 3 + 4": {"AB": 1.0, "AC": 0.3220338983050847, "DS": 0.3333333333333333, "DT": 1.0, "GM": 0.3220338983050847, "GN": 1.0, "GB": 1.0, "KNN": 1.0, "KM": 0.3220338983050847, "LR": 1.0, "LRR": 1.0, "LRL": 1.0, "LRE": 1.0, "LOG_R": 1.0, "RF": 1.0, "SVM": 1.0, "DNN": 1.0}, "2 + 3 + 4": {"AB": 1.0, "AC": 0.0, "DS": 0.3333333333333333, "DT": 1.0, "GM": 0.8465473145780052, "GN": 1.0, "GB": 1.0, "KNN": 1.0, "KM": 1.0, "LR": 1.0, "LRR": 1.0, "LRL": 1.0, "LRE": 1.0, "LOG_R": 1.0, "RF": 1.0, "SVM": 1.0, "DNN": 1.0}, "0 + 1 + 2 + 3": {"AB": 1.0, "AC": 0.3230769230769231, "DS": 0.3333333333333333, "DT": 1.0, "GM": 0.3333333333333333, "GN": 1.0, "GB": 1.0, "KNN": 1.0, "KM": 0.0, "LR": 1.0, "LRR": 1.0, "LRL": 1.0, "LRE": 1.0, "LOG_R": 1.0, "RF": 1.0, "SVM": 1.0, "DNN": 1.0}, "0 + 1 + 2 + 4": {"AB": 1.0, "AC": 0.38660209846650523, "DS": 0.3333333333333333, "DT": 1.0, "GM": 0.3220338983050847, "GN": 1.0, "GB": 1.0, "KNN": 1.0, "KM": 1.0, "LR": 1.0, "LRR": 1.0, "LRL": 1.0, "LRE": 1.0, "LOG_R": 1.0, "RF": 1.0, "SVM": 1.0, "DNN": 1.0}, "0 + 1 + 3 + 4": {"AB": 1.0, "AC": 0.3103448275862069, "DS": 0.3333333333333333, "DT": 1.0, "GM": 0.43573667711598746, "GN": 1.0, "GB": 1.0, "KNN": 1.0, "KM": 0.43573667711598746, "LR": 1.0, "LRR": 1.0, "LRL": 1.0, "LRE": 1.0, "LOG_R": 1.0, "RF": 1.0, "SVM": 1.0, "DNN": 1.0}, "0 + 2 + 3 + 4": {"AB": 1.0, "AC": 0.3103448275862069, "DS": 0.3333333333333333, "DT": 1.0, "GM": 0.43573667711598746, "GN": 1.0, "GB": 1.0, "KNN": 1.0,