{"0": {"AB": 0.0, "AC": 0.0, "DS": 0.0, "DT": 0.0, "GM": 0.0, "GN": 0.0, "GB": 0.0, "KNN": 0.0, "KM": 0.0, "LR": 0.0, "LRR": 0.0, "LRL": 0.0, "LRE": 0.0, "LOG_R": 0.0, "RF": 0.0, "SVM": 0.0, "DNN": 0.0}, "1": {"AB": 0.0, "AC": 0.0, "DS": 0.0, "DT": 0.0, "GM": 0.0, "GN": 0.0, "GB": 0.0, "KNN": 0.0, "KM": 0.0, "LR": 0.0, "LRR": 0.0, "LRL": 0.0, "LRE": 0.0, "LOG_R": 0.0, "RF": 0.0, "SVM": 0.0, "DNN": 0.0}, "2": {"AB": 0.0, "AC": 0.0, "DS": 0.0, "DT": 0.0, "GM": 0.0, "GN": 0.0, "GB": 0.0, "KNN": 0.0, "KM": 0.0, "LR": 0.0, "LRR": 0.0, "LRL": 0.0, "LRE": 0.0, "LOG_R": 0.0, "RF": 0.0, "SVM": 0.0, "DNN": 0.0}, "3": {"AB": 0.0, "AC": 0.0, "DS": 0.0, "DT": 0.0, "GM": 0.0, "GN": 0.0, "GB": 0.0, "KNN": 0.0, "KM": 0.0, "LR": 0.0, "LRR": 0.0, "LRL": 0.0, "LRE": 0.0, "LOG_R": 0.0, "RF": 0.0, "SVM": 0.0, "DNN": 0.0}, "4": {"AB": 0.0, "AC": 0.0, "DS": 0.0, "DT": 0.0, "GM": 0.0, "GN": 0.0, "GB": 0.0, "KNN": 0.0, "KM": 0.0, "LR": 0.0, "LRR": 0.0, "LRL": 0.0, "LRE": 0.0, "LOG_R": 0.0, "RF": 0.0, "SVM": 0.0, "DNN": 0.0}, "0 + 1": {"AB": 0.09638037710942912, "AC": 0.09638037710942912, "DS": 0.09638037710942912, "DT": 0.09638037710942912, "GM": 0.09638037710942912, "GN": 0.09638037710942912, "GB": 0.09638037710942912, "KNN": 0.09638037710942912, "KM": 0.09638037710942912, "LR": 0.09638037710942912, "LRR": 0.09638037710942912, "LRL": 0.09638037710942912, "LRE": 0.09638037710942912, "LOG_R": 0.09638037710942912, "RF": 0.09638037710942912, "SVM": 0.09638037710942912, "DNN": 0.09638037710942912}, "0 + 2": {"AB": 0.13493252795320076, "AC": 0.13493252795320076, "DS": 0.13493252795320076, "DT": 0.13493252795320076, "GM": 0.13493252795320076, "GN": 0.13493252795320076, "GB": 0.13493252795320076, "KNN": 0.13493252795320076, "KM": 0.13493252795320076, "LR": 0.13493252795320076, "LRR": 0.13493252795320076, "LRL": 0.13493252795320076, "LRE": 0.13493252795320076, "LOG_R": 0.13493252795320076, "RF": 0.13493252795320076, "SVM": 0.13493252795320076, "DNN": 0.13493252795320076}, "0 + 3": {"AB": 0.13493252795320076, "AC": 0.13493252795320076, "DS": 0.13493252795320076, "DT": 0.13493252795320076, "GM": 0.13493252795320076, "GN": 0.13493252795320076, "GB": 0.13493252795320076, "KNN": 0.13493252795320076, "KM": 0.13493252795320076, "LR": 0.13493252795320076, "LRR": 0.13493252795320076, "LRL": 0.13493252795320076, "LRE": 0.13493252795320076, "LOG_R": 0.13493252795320076, "RF": 0.13493252795320076, "SVM": 0.13493252795320076, "DNN": 0.13493252795320076}, "0 + 4": {"AB": 0.14457056566414367, "AC": 0.14457056566414367, "DS": 0.14457056566414367, "DT": 0.14457056566414367, "GM": 0.14457056566414367, "GN": 0.14457056566414367, "GB": 0.14457056566414367, "KNN": 0.14457056566414367, "KM": 0.14457056566414367, "LR": 0.14457056566414367, "LRR": 0.14457056566414367, "LRL": 0.14457056566414367, "LRE": 0.14457056566414367, "LOG_R": 0.14457056566414367, "RF": 0.14457056566414367, "SVM": 0.14457056566414367, "DNN": 0.14457056566414367}, "1 + 2": {"AB": 0.03855215084377164, "AC": 0.03855215084377164, "DS": 0.03855215084377164, "DT": 0.03855215084377164, "GM": 0.03855215084377164, "GN": 0.03855215084377164, "GB": 0.03855215084377164, "KNN": 0.03855215084377164, "KM": 0.03855215084377164, "LR": 0.03855215084377164, "LRR": 0.03855215084377164, "LRL": 0.03855215084377164, "LRE": 0.03855215084377164, "LOG_R": 0.03855215084377164, "RF": 0.03855215084377164, "SVM": 0.03855215084377164, "DNN": 0.03855215084377164}, "1 + 3": {"AB": 0.03855215084377164, "AC": 0.03855215084377164, "DS": 0.03855215084377164, "DT": 0.03855215084377164, "GM": 0.03855215084377164, "GN": 0.03855215084377164, "GB": 0.03855215084377164, "KNN": 0.03855215084377164, "KM": 0.03855215084377164, "LR": 0.03855215084377164, "LRR": 0.03855215084377164, "LRL": 0.03855215084377164, "LRE": 0.03855215084377164, "LOG_R": 0.03855215084377164, "RF": 0.03855215084377164, "SVM": 0.03855215084377164, "DNN": 0.03855215084377164}, "1 + 4": {"AB": 0.04819018855471455, "AC": 0.04819018855471455, "DS": 0.04819018855471455, "DT": 0.04819018855471455, "GM": 0.04819018855471455, "GN": 0.04819018855471455, "GB": 0.04819018855471455, "KNN": 0.04819018855471455, "KM": 0.04819018855471455, "LR": 0.04819018855471455, "LRR": 0.04819018855471455, "LRL": 0.04819018855471455, "LRE": 0.04819018855471455, "LOG_R": 0.04819018855471455, "RF": 0.04819018855471455, "SVM": 0.04819018855471455, "DNN": 0.04819018855471455}, "2 + 3": {"AB": 0.0, "AC": 0.0, "DS": 0.0, "DT": 0.0, "GM": 0.0, "GN": 0.0, "GB": 0.0, "KNN": 0.0, "KM": 0.0, "LR": 0.0, "LRR": 0.0, "LRL": 0.0, "LRE": 0.0, "LOG_R": 0.0, "RF": 0.0, "SVM": 0.0, "DNN": 0.0}, "2 + 4": {"AB": 0.009638037710942904, "AC": 0.009638037710942904, "DS": 0.009638037710942904, "DT": 0.009638037710942904, "GM": 0.009638037710942904, "GN": 0.009638037710942904, "GB": 0.009638037710942904, "KNN": 0.009638037710942904, "KM": 0.009638037710942904, "LR": 0.009638037710942904, "LRR": 0.009638037710942904, "LRL": 0.009638037710942904, "LRE": 0.009638037710942904, "LOG_R": 0.009638037710942904, "RF": 0.009638037710942904, "SVM": 0.009638037710942904, "DNN": 0.009638037710942904}, "3 + 4": {"AB": 0.009638037710942904, "AC": 0.009638037710942904, "DS": 0.009638037710942904, "DT": 0.009638037710942904, "GM": 0.009638037710942904, "GN": 0.009638037710942904, "GB": 0.009638037710942904, "KNN": 0.009638037710942904, "KM": 0.009638037710942904, "LR": 0.009638037710942904, "LRR": 0.009638037710942904, "LRL": 0.009638037710942904, "LRE": 0.009638037710942904, "LOG_R": 0.009638037710942904, "RF": 0.009638037710942904, "SVM": 0.009638037710942904, "DNN": 0.009638037710942904}, "0 + 1 + 2": {"AB": 0.0867423393984862, "AC": 0.0867423393984862, "DS": 0.0867423393984862, "DT": 0.0867423393984862, "GM": 0.0867423393984862, "GN": 0.0867423393984862, "GB": 0.0867423393984862, "KNN": 0.0867423393984862, "KM": 0.0867423393984862, "LR": 0.0867423393984862, "LRR": 0.0867423393984862, "LRL": 0.0867423393984862, "LRE": 0.0867423393984862, "LOG_R": 0.0867423393984862, "RF": 0.0867423393984862, "SVM": 0.0867423393984862, "DNN": 0.0867423393984862}, "0 + 1 + 3": {"AB": 0.0867423393984862, "AC": 0.0867423393984862, "DS": 0.0867423393984862, "DT": 0.0867423393984862, "GM": 0.0867423393984862, "GN": 0.0867423393984862, "GB": 0.0867423393984862, "KNN": 0.0867423393984862, "KM": 0.0867423393984862, "LR": 0.0867423393984862, "LRR": 0.0867423393984862, "LRL": 0.0867423393984862, "LRE": 0.0867423393984862, "LOG_R": 0.0867423393984862, "RF": 0.0867423393984862, "SVM": 0.0867423393984862, "DNN": 0.0867423393984862}, "0 + 1 + 4": {"AB": 0.09638037710942911, "AC": 0.09638037710942911, "DS": 0.09638037710942911, "DT": 0.09638037710942911, "GM": 0.09638037710942911, "GN": 0.09638037710942911, "GB": 0.09638037710942911, "KNN": 0.09638037710942911, "KM": 0.09638037710942911, "LR": 0.09638037710942911, "LRR": 0.09638037710942911, "LRL": 0.09638037710942911, "LRE": 0.09638037710942911, "LOG_R": 0.09638037710942911, "RF": 0.09638037710942911, "SVM": 0.09638037710942911, "DNN": 0.09638037710942911}, "0 + 2 + 3": {"AB": 0.06746626397660038, "AC": 0.06746626397660038, "DS": 0.06746626397660038, "DT": 0.06746626397660038, "GM": 0.06746626397660038, "GN": 0.06746626397660038, "GB": 0.06746626397660038, "KNN": 0.06746626397660038, "KM": 0.06746626397660038, "LR": 0.06746626397660038, "LRR": 0.06746626397660038, "LRL": 0.06746626397660038, "LRE": 0.06746626397660038, "LOG_R": 0.06746626397660038, "RF": 0.06746626397660038, "SVM": 0.06746626397660038, "DNN": 0.06746626397660038}, "0 + 2 + 4": {"AB": 0.07710430168754329, "AC": 0.07710430168754329, "DS": 0.07710430168754329, "DT": 0.07710430168754329, "GM": 0.07710430168754329, "GN": 0.07710430168754329, "GB": 0.07710430168754329, "KNN": 0.07710430168754329, "KM": 0.07710430168754329, "LR": 0.07710430168754329, "LRR": 0.07710430168754329, "LRL": 0.07710430168754329, "LRE": 0.07710430168754329, "LOG_R": 0.07710430168754329, "RF": 0.07710430168754329, "SVM": 0.07710430168754329, "DNN": 0.07710430168754329}, "0 + 3 + 4": {"AB": 0.07710430168754329,