{"0": {"AB": 0.13932218622606676, "AC": 0.13932218622606676, "DS": 0.13932218622606676, "DT": 0.13932218622606676, "GM": 0.13932218622606676, "GN": 0.13932218622606676, "GB": 0.13932218622606676, "KNN": 0.13932218622606676, "KM": 0.13932218622606676, "LR": 0.13932218622606676, "LRR": 0.13932218622606676, "LRL": 0.13932218622606676, "LRE": 0.13932218622606676, "LOG_R": 0.13932218622606676, "RF": 0.13932218622606676, "SVM": 0.13932218622606676, "DNN": 0.13932218622606676}, "1": {"AB": 0.11530111963536559, "AC": 0.11530111963536559, "DS": 0.11530111963536559, "DT": 0.11530111963536559, "GM": 0.11530111963536559, "GN": 0.11530111963536559, "GB": 0.11530111963536559, "KNN": 0.11530111963536559, "KM": 0.11530111963536559, "LR": 0.11530111963536559, "LRR": 0.11530111963536559, "LRL": 0.11530111963536559, "LRE": 0.11530111963536559, "LOG_R": 0.11530111963536559, "RF": 0.11530111963536559, "SVM": 0.11530111963536559, "DNN": 0.11530111963536559}, "2": {"AB": 0.1008884796809449, "AC": 0.1008884796809449, "DS": 0.1008884796809449, "DT": 0.1008884796809449, "GM": 0.1008884796809449, "GN": 0.1008884796809449, "GB": 0.1008884796809449, "KNN": 0.1008884796809449, "KM": 0.1008884796809449, "LR": 0.1008884796809449, "LRR": 0.1008884796809449, "LRL": 0.1008884796809449, "LRE": 0.1008884796809449, "LOG_R": 0.1008884796809449, "RF": 0.1008884796809449, "SVM": 0.1008884796809449, "DNN": 0.1008884796809449}, "3": {"AB": 0.09608426636280466, "AC": 0.09608426636280466, "DS": 0.09608426636280466, "DT": 0.09608426636280466, "GM": 0.09608426636280466, "GN": 0.09608426636280466, "GB": 0.09608426636280466, "KNN": 0.09608426636280466, "KM": 0.09608426636280466, "LR": 0.09608426636280466, "LRR": 0.09608426636280466, "LRL": 0.09608426636280466, "LRE": 0.09608426636280466, "LOG_R": 0.09608426636280466, "RF": 0.09608426636280466, "SVM": 0.09608426636280466, "DNN": 0.09608426636280466}, "4": {"AB": 0.09608426636280466, "AC": 0.09608426636280466, "DS": 0.09608426636280466, "DT": 0.09608426636280466, "GM": 0.09608426636280466, "GN": 0.09608426636280466, "GB": 0.09608426636280466, "KNN": 0.09608426636280466, "KM": 0.09608426636280466, "LR": 0.09608426636280466, "LRR": 0.09608426636280466, "LRL": 0.09608426636280466, "LRE": 0.09608426636280466, "LOG_R": 0.09608426636280466, "RF": 0.09608426636280466, "SVM": 0.09608426636280466, "DNN": 0.09608426636280466}, "0 + 1": {"AB": 0.16123976492373845, "AC": 0.16123976492373845, "DS": 0.16123976492373845, "DT": 0.16123976492373845, "GM": 0.16123976492373845, "GN": 0.16123976492373845, "GB": 0.16123976492373845, "KNN": 0.16123976492373845, "KM": 0.16123976492373845, "LR": 0.16123976492373845, "LRR": 0.16123976492373845, "LRL": 0.16123976492373845, "LRE": 0.16123976492373845, "LOG_R": 0.16123976492373845, "RF": 0.16123976492373845, "SVM": 0.16123976492373845, "DNN": 0.16123976492373845}, "0 + 2": {"AB": 0.1469047784046743, "AC": 0.1469047784046743, "DS": 0.1469047784046743, "DT": 0.1469047784046743, "GM": 0.1469047784046743, "GN": 0.1469047784046743, "GB": 0.1469047784046743, "KNN": 0.1469047784046743, "KM": 0.1469047784046743, "LR": 0.1469047784046743, "LRR": 0.1469047784046743, "LRL": 0.1469047784046743, "LRE": 0.1469047784046743, "LOG_R": 0.1469047784046743, "RF": 0.1469047784046743, "SVM": 0.1469047784046743, "DNN": 0.1469047784046743}, "0 + 3": {"AB": 0.14218604037311797, "AC": 0.14218604037311797, "DS": 0.14218604037311797, "DT": 0.14218604037311797, "GM": 0.14218604037311797, "GN": 0.14218604037311797, "GB": 0.14218604037311797, "KNN": 0.14218604037311797, "KM": 0.14218604037311797, "LR": 0.14218604037311797, "LRR": 0.14218604037311797, "LRL": 0.14218604037311797, "LRE": 0.14218604037311797, "LOG_R": 0.14218604037311797, "RF": 0.14218604037311797, "SVM": 0.14218604037311797, "DNN": 0.14218604037311797}, "0 + 4": {"AB": 0.14218604037311797, "AC": 0.14218604037311797, "DS": 0.14218604037311797, "DT": 0.14218604037311797, "GM": 0.14218604037311797, "GN": 0.14218604037311797, "GB": 0.14218604037311797, "KNN": 0.14218604037311797, "KM": 0.14218604037311797, "LR": 0.14218604037311797, "LRR": 0.14218604037311797, "LRL": 0.14218604037311797, "LRE": 0.14218604037311797, "LOG_R": 0.14218604037311797, "RF": 0.14218604037311797, "SVM": 0.14218604037311797, "DNN": 0.14218604037311797}, "1 + 2": {"AB": 0.13982026817403134, "AC": 0.13982026817403134, "DS": 0.13982026817403134, "DT": 0.13982026817403134, "GM": 0.13982026817403134, "GN": 0.13982026817403134, "GB": 0.13982026817403134, "KNN": 0.13982026817403134, "KM": 0.13982026817403134, "LR": 0.13982026817403134, "LRR": 0.13982026817403134, "LRL": 0.13982026817403134, "LRE": 0.13982026817403134, "LOG_R": 0.13982026817403134, "RF": 0.13982026817403134, "SVM": 0.13982026817403134, "DNN": 0.13982026817403134}, "1 + 3": {"AB": 0.13523637236488095, "AC": 0.13523637236488095, "DS": 0.13523637236488095, "DT": 0.13523637236488095, "GM": 0.13523637236488095, "GN": 0.13523637236488095, "GB": 0.13523637236488095, "KNN": 0.13523637236488095, "KM": 0.13523637236488095, "LR": 0.13523637236488095, "LRR": 0.13523637236488095, "LRL": 0.13523637236488095, "LRE": 0.13523637236488095, "LOG_R": 0.13523637236488095, "RF": 0.13523637236488095, "SVM": 0.13523637236488095, "DNN": 0.13523637236488095}, "1 + 4": {"AB": 0.13523637236488095, "AC": 0.13523637236488095, "DS": 0.13523637236488095, "DT": 0.13523637236488095, "GM": 0.13523637236488095, "GN": 0.13523637236488095, "GB": 0.13523637236488095, "KNN": 0.13523637236488095, "KM": 0.13523637236488095, "LR": 0.13523637236488095, "LRR": 0.13523637236488095, "LRL": 0.13523637236488095, "LRE": 0.13523637236488095, "LOG_R": 0.13523637236488095, "RF": 0.13523637236488095, "SVM": 0.13523637236488095, "DNN": 0.13523637236488095}, "2 + 3": {"AB": 0.1300349977346786, "AC": 0.1300349977346786, "DS": 0.1300349977346786, "DT": 0.1300349977346786, "GM": 0.1300349977346786, "GN": 0.1300349977346786, "GB": 0.1300349977346786, "KNN": 0.1300349977346786, "KM": 0.1300349977346786, "LR": 0.1300349977346786, "LRR": 0.1300349977346786, "LRL": 0.1300349977346786, "LRE": 0.1300349977346786, "LOG_R": 0.1300349977346786, "RF": 0.1300349977346786, "SVM": 0.1300349977346786, "DNN": 0.1300349977346786}, "2 + 4": {"AB": 0.1300349977346786, "AC": 0.1300349977346786, "DS": 0.1300349977346786, "DT": 0.1300349977346786, "GM": 0.1300349977346786, "GN": 0.1300349977346786, "GB": 0.1300349977346786, "KNN": 0.1300349977346786, "KM": 0.1300349977346786, "LR": 0.1300349977346786, "LRR": 0.1300349977346786, "LRL": 0.1300349977346786, "LRE": 0.1300349977346786, "LOG_R": 0.1300349977346786, "RF": 0.1300349977346786, "SVM": 0.1300349977346786, "DNN": 0.1300349977346786}, "3 + 4": {"AB": 0.12811235515040623, "AC": 0.12811235515040623, "DS": 0.12811235515040623, "DT": 0.12811235515040623, "GM": 0.12811235515040623, "GN": 0.12811235515040623, "GB": 0.12811235515040623, "KNN": 0.12811235515040623, "KM": 0.12811235515040623, "LR": 0.12811235515040623, "LRR": 0.12811235515040623, "LRL": 0.12811235515040623, "LRE": 0.12811235515040623, "LOG_R": 0.12811235515040623, "RF": 0.12811235515040623, "SVM": 0.12811235515040623, "DNN": 0.12811235515040623}, "0 + 1 + 2": {"AB": 0.1645995450935568, "AC": 0.1645995450935568, "DS": 0.1645995450935568, "DT": 0.1645995450935568, "GM": 0.1645995450935568, "GN": 0.1645995450935568, "GB": 0.1645995450935568, "KNN": 0.1645995450935568, "KM": 0.1645995450935568, "LR": 0.1645995450935568, "LRR": 0.1645995450935568, "LRL": 0.1645995450935568, "LRE": 0.1645995450935568, "LOG_R": 0.1645995450935568, "RF": 0.1645995450935568, "SVM": 0.1645995450935568, "DNN": 0.1645995450935568}, "0 + 1 + 3": {"AB": 0.16002467637209683, "AC": 0.16002467637209683, "DS": 0.16002467637209683, "DT": 0.16002467637209683, "GM": 0.16002467637209683, "GN": 0.16002467637209683, "GB": 0.16002467637209683, "KNN": 0.16002467637209683, "KM": 0.16002467637209683, "LR": 0.16002467637209683, "LRR": 0.16002467637209683, "LRL": 0.16002467637209683, "LRE": 0.16002467637209683, "LOG_R": 0.16002467637209683, "RF": 0.16002467637209683,