{"0": {"AB": 0.1301135090977293, "AC": 0.1301135090977293, "DS": 0.1301135090977293, "DT": 0.1301135090977293, "GM": 0.1301135090977293, "GN": 0.1301135090977293, "GB": 0.1301135090977293, "KNN": 0.1301135090977293, "KM": 0.1301135090977293, "LR": 0.1301135090977293, "LRR": 0.1301135090977293, "LRL": 0.1301135090977293, "LRE": 0.1301135090977293, "LOG_R": 0.1301135090977293, "RF": 0.1301135090977293, "SVM": 0.1301135090977293, "DNN": 0.1301135090977293}, "1": {"AB": 0.10119939596490057, "AC": 0.10119939596490057, "DS": 0.10119939596490057, "DT": 0.10119939596490057, "GM": 0.10119939596490057, "GN": 0.10119939596490057, "GB": 0.10119939596490057, "KNN": 0.10119939596490057, "KM": 0.10119939596490057, "LR": 0.10119939596490057, "LRR": 0.10119939596490057, "LRL": 0.10119939596490057, "LRE": 0.10119939596490057, "LOG_R": 0.10119939596490057, "RF": 0.10119939596490057, "SVM": 0.10119939596490057, "DNN": 0.10119939596490057}, "2": {"AB": 0.09638037710942912, "AC": 0.09638037710942912, "DS": 0.09638037710942912, "DT": 0.09638037710942912, "GM": 0.09638037710942912, "GN": 0.09638037710942912, "GB": 0.09638037710942912, "KNN": 0.09638037710942912, "KM": 0.09638037710942912, "LR": 0.09638037710942912, "LRR": 0.09638037710942912, "LRL": 0.09638037710942912, "LRE": 0.09638037710942912, "LOG_R": 0.09638037710942912, "RF": 0.09638037710942912, "SVM": 0.09638037710942912, "DNN": 0.09638037710942912}, "3": {"AB": 0.09638037710942912, "AC": 0.09638037710942912, "DS": 0.09638037710942912, "DT": 0.09638037710942912, "GM": 0.09638037710942912, "GN": 0.09638037710942912, "GB": 0.09638037710942912, "KNN": 0.09638037710942912, "KM": 0.09638037710942912, "LR": 0.09638037710942912, "LRR": 0.09638037710942912, "LRL": 0.09638037710942912, "LRE": 0.09638037710942912, "LOG_R": 0.09638037710942912, "RF": 0.09638037710942912, "SVM": 0.09638037710942912, "DNN": 0.09638037710942912}, "4": {"AB": 0.0867423393984862, "AC": 0.0867423393984862, "DS": 0.0867423393984862, "DT": 0.0867423393984862, "GM": 0.0867423393984862, "GN": 0.0867423393984862, "GB": 0.0867423393984862, "KNN": 0.0867423393984862, "KM": 0.0867423393984862, "LR": 0.0867423393984862, "LRR": 0.0867423393984862, "LRL": 0.0867423393984862, "LRE": 0.0867423393984862, "LOG_R": 0.0867423393984862, "RF": 0.0867423393984862, "SVM": 0.0867423393984862, "DNN": 0.0867423393984862}, "0 + 1": {"AB": 0.1447347088411783, "AC": 0.1447347088411783, "DS": 0.1447347088411783, "DT": 0.1447347088411783, "GM": 0.1447347088411783, "GN": 0.1447347088411783, "GB": 0.1447347088411783, "KNN": 0.1447347088411783, "KM": 0.1447347088411783, "LR": 0.1447347088411783, "LRR": 0.1447347088411783, "LRL": 0.1447347088411783, "LRE": 0.1447347088411783, "LOG_R": 0.1447347088411783, "RF": 0.1447347088411783, "SVM": 0.1447347088411783, "DNN": 0.1447347088411783}, "0 + 2": {"AB": 0.14004686064405988, "AC": 0.14004686064405988, "DS": 0.14004686064405988, "DT": 0.14004686064405988, "GM": 0.14004686064405988, "GN": 0.14004686064405988, "GB": 0.14004686064405988, "KNN": 0.14004686064405988, "KM": 0.14004686064405988, "LR": 0.14004686064405988, "LRR": 0.14004686064405988, "LRL": 0.14004686064405988, "LRE": 0.14004686064405988, "LOG_R": 0.14004686064405988, "RF": 0.14004686064405988, "SVM": 0.14004686064405988, "DNN": 0.14004686064405988}, "0 + 3": {"AB": 0.14004686064405988, "AC": 0.14004686064405988, "DS": 0.14004686064405988, "DT": 0.14004686064405988, "GM": 0.14004686064405988, "GN": 0.14004686064405988, "GB": 0.14004686064405988, "KNN": 0.14004686064405988, "KM": 0.14004686064405988, "LR": 0.14004686064405988, "LRR": 0.14004686064405988, "LRL": 0.14004686064405988, "LRE": 0.14004686064405988, "LOG_R": 0.14004686064405988, "RF": 0.14004686064405988, "SVM": 0.14004686064405988, "DNN": 0.14004686064405988}, "0 + 4": {"AB": 0.13075511604899498, "AC": 0.13075511604899498, "DS": 0.13075511604899498, "DT": 0.13075511604899498, "GM": 0.13075511604899498, "GN": 0.13075511604899498, "GB": 0.13075511604899498, "KNN": 0.13075511604899498, "KM": 0.13075511604899498, "LR": 0.13075511604899498, "LRR": 0.13075511604899498, "LRL": 0.13075511604899498, "LRE": 0.13075511604899498, "LOG_R": 0.13075511604899498, "RF": 0.13075511604899498, "SVM": 0.13075511604899498, "DNN": 0.13075511604899498}, "1 + 2": {"AB": 0.13043181789524047, "AC": 0.13043181789524047, "DS": 0.13043181789524047, "DT": 0.13043181789524047, "GM": 0.13043181789524047, "GN": 0.13043181789524047, "GB": 0.13043181789524047, "KNN": 0.13043181789524047, "KM": 0.13043181789524047, "LR": 0.13043181789524047, "LRR": 0.13043181789524047, "LRL": 0.13043181789524047, "LRE": 0.13043181789524047, "LOG_R": 0.13043181789524047, "RF": 0.13043181789524047, "SVM": 0.13043181789524047, "DNN": 0.13043181789524047}, "1 + 3": {"AB": 0.13043181789524047, "AC": 0.13043181789524047, "DS": 0.13043181789524047, "DT": 0.13043181789524047, "GM": 0.13043181789524047, "GN": 0.13043181789524047, "GB": 0.13043181789524047, "KNN": 0.13043181789524047, "KM": 0.13043181789524047, "LR": 0.13043181789524047, "LRR": 0.13043181789524047, "LRL": 0.13043181789524047, "LRE": 0.13043181789524047, "LOG_R": 0.13043181789524047, "RF": 0.13043181789524047, "SVM": 0.13043181789524047, "DNN": 0.13043181789524047}, "1 + 4": {"AB": 0.12150369955540925, "AC": 0.12150369955540925, "DS": 0.12150369955540925, "DT": 0.12150369955540925, "GM": 0.12150369955540925, "GN": 0.12150369955540925, "GB": 0.12150369955540925, "KNN": 0.12150369955540925, "KM": 0.12150369955540925, "LR": 0.12150369955540925, "LRR": 0.12150369955540925, "LRL": 0.12150369955540925, "LRE": 0.12150369955540925, "LOG_R": 0.12150369955540925, "RF": 0.12150369955540925, "SVM": 0.12150369955540925, "DNN": 0.12150369955540925}, "2 + 3": {"AB": 0.12850716947923882, "AC": 0.12850716947923882, "DS": 0.12850716947923882, "DT": 0.12850716947923882, "GM": 0.12850716947923882, "GN": 0.12850716947923882, "GB": 0.12850716947923882, "KNN": 0.12850716947923882, "KM": 0.12850716947923882, "LR": 0.12850716947923882, "LRR": 0.12850716947923882, "LRL": 0.12850716947923882, "LRE": 0.12850716947923882, "LOG_R": 0.12850716947923882, "RF": 0.12850716947923882, "SVM": 0.12850716947923882, "DNN": 0.12850716947923882}, "2 + 4": {"AB": 0.11965183840769494, "AC": 0.11965183840769494, "DS": 0.11965183840769494, "DT": 0.11965183840769494, "GM": 0.11965183840769494, "GN": 0.11965183840769494, "GB": 0.11965183840769494, "KNN": 0.11965183840769494, "KM": 0.11965183840769494, "LR": 0.11965183840769494, "LRR": 0.11965183840769494, "LRL": 0.11965183840769494, "LRE": 0.11965183840769494, "LOG_R": 0.11965183840769494, "RF": 0.11965183840769494, "SVM": 0.11965183840769494, "DNN": 0.11965183840769494}, "3 + 4": {"AB": 0.11965183840769494, "AC": 0.11965183840769494, "DS": 0.11965183840769494, "DT": 0.11965183840769494, "GM": 0.11965183840769494, "GN": 0.11965183840769494, "GB": 0.11965183840769494, "KNN": 0.11965183840769494, "KM": 0.11965183840769494, "LR": 0.11965183840769494, "LRR": 0.11965183840769494, "LRL": 0.11965183840769494, "LRE": 0.11965183840769494, "LOG_R": 0.11965183840769494, "RF": 0.11965183840769494, "SVM": 0.11965183840769494, "DNN": 0.11965183840769494}, "0 + 1 + 2": {"AB": 0.1546688203497607, "AC": 0.1546688203497607, "DS": 0.1546688203497607, "DT": 0.1546688203497607, "GM": 0.1546688203497607, "GN": 0.1546688203497607, "GB": 0.1546688203497607, "KNN": 0.1546688203497607, "KM": 0.1546688203497607, "LR": 0.1546688203497607, "LRR": 0.1546688203497607, "LRL": 0.1546688203497607, "LRE": 0.1546688203497607, "LOG_R": 0.1546688203497607, "RF": 0.1546688203497607, "SVM": 0.1546688203497607, "DNN": 0.1546688203497607}, "0 + 1 + 3": {"AB": 0.1546688203497607, "AC": 0.1546688203497607, "DS": 0.1546688203497607, "DT": 0.1546688203497607, "GM": 0.1546688203497607, "GN": 0.1546688203497607, "GB": 0.1546688203497607, "KNN": 0.1546688203497607, "KM": 0.1546688203497607, "LR": 0.1546688203497607, "LRR": 0.1546688203497607, "LRL": 0.1546688203497607, "LRE": 0.1546688203497607, "LOG_R": 0.1546688203497607, "RF": 0.1546688203497607,