{"0": {"AB": 0.0, "AC": 0.0, "DS": 0.0, "DT": 0.0, "GM": 0.0, "GN": 0.0, "GB": 0.0, "KNN": 0.0, "KM": 0.0, "LR": 0.0, "LRR": 0.0, "LRL": 0.0, "LRE": 0.0, "LOG_R": 0.0, "RF": 0.0, "SVM": 0.0, "DNN": 0.0}, "1": {"AB": 0.0, "AC": 0.0, "DS": 0.0, "DT": 0.0, "GM": 0.0, "GN": 0.0, "GB": 0.0, "KNN": 0.0, "KM": 0.0, "LR": 0.0, "LRR": 0.0, "LRL": 0.0, "LRE": 0.0, "LOG_R": 0.0, "RF": 0.0, "SVM": 0.0, "DNN": 0.0}, "2": {"AB": 0.0, "AC": 0.0, "DS": 0.0, "DT": 0.0, "GM": 0.0, "GN": 0.0, "GB": 0.0, "KNN": 0.0, "KM": 0.0, "LR": 0.0, "LRR": 0.0, "LRL": 0.0, "LRE": 0.0, "LOG_R": 0.0, "RF": 0.0, "SVM": 0.0, "DNN": 0.0}, "3": {"AB": 0.0, "AC": 0.0, "DS": 0.0, "DT": 0.0, "GM": 0.0, "GN": 0.0, "GB": 0.0, "KNN": 0.0, "KM": 0.0, "LR": 0.0, "LRR": 0.0, "LRL": 0.0, "LRE": 0.0, "LOG_R": 0.0, "RF": 0.0, "SVM": 0.0, "DNN": 0.0}, "4": {"AB": 0.0, "AC": 0.0, "DS": 0.0, "DT": 0.0, "GM": 0.0, "GN": 0.0, "GB": 0.0, "KNN": 0.0, "KM": 0.0, "LR": 0.0, "LRR": 0.0, "LRL": 0.0, "LRE": 0.0, "LOG_R": 0.0, "RF": 0.0, "SVM": 0.0, "DNN": 0.0}, "0 + 1": {"AB": 0.02611993375577326, "AC": 0.02611993375577326, "DS": 0.02611993375577326, "DT": 0.02611993375577326, "GM": 0.02611993375577326, "GN": 0.02611993375577326, "GB": 0.02611993375577326, "KNN": 0.02611993375577326, "KM": 0.02611993375577326, "LR": 0.02611993375577326, "LRR": 0.02611993375577326, "LRL": 0.02611993375577326, "LRE": 0.02611993375577326, "LOG_R": 0.02611993375577326, "RF": 0.02611993375577326, "SVM": 0.02611993375577326, "DNN": 0.02611993375577326}, "0 + 2": {"AB": 0.2781772944989855, "AC": 0.2781772944989855, "DS": 0.2781772944989855, "DT": 0.2781772944989855, "GM": 0.2781772944989855, "GN": 0.2781772944989855, "GB": 0.2781772944989855, "KNN": 0.2781772944989855, "KM": 0.2781772944989855, "LR": 0.2781772944989855, "LRR": 0.2781772944989855, "LRL": 0.2781772944989855, "LRE": 0.2781772944989855, "LOG_R": 0.2781772944989855, "RF": 0.2781772944989855, "SVM": 0.2781772944989855, "DNN": 0.2781772944989855}, "0 + 3": {"AB": 0.2781772944989855, "AC": 0.2781772944989855, "DS": 0.2781772944989855, "DT": 0.2781772944989855, "GM": 0.2781772944989855, "GN": 0.2781772944989855, "GB": 0.2781772944989855, "KNN": 0.2781772944989855, "KM": 0.2781772944989855, "LR": 0.2781772944989855, "LRR": 0.2781772944989855, "LRL": 0.2781772944989855, "LRE": 0.2781772944989855, "LOG_R": 0.2781772944989855, "RF": 0.2781772944989855, "SVM": 0.2781772944989855, "DNN": 0.2781772944989855}, "0 + 4": {"AB": 0.16455558266137169, "AC": 0.16455558266137169, "DS": 0.16455558266137169, "DT": 0.16455558266137169, "GM": 0.16455558266137169, "GN": 0.16455558266137169, "GB": 0.16455558266137169, "KNN": 0.16455558266137169, "KM": 0.16455558266137169, "LR": 0.16455558266137169, "LRR": 0.16455558266137169, "LRL": 0.16455558266137169, "LRE": 0.16455558266137169, "LOG_R": 0.16455558266137169, "RF": 0.16455558266137169, "SVM": 0.16455558266137169, "DNN": 0.16455558266137169}, "1 + 2": {"AB": 0.2520573607432122, "AC": 0.2520573607432122, "DS": 0.2520573607432122, "DT": 0.2520573607432122, "GM": 0.2520573607432122, "GN": 0.2520573607432122, "GB": 0.2520573607432122, "KNN": 0.2520573607432122, "KM": 0.2520573607432122, "LR": 0.2520573607432122, "LRR": 0.2520573607432122, "LRL": 0.2520573607432122, "LRE": 0.2520573607432122, "LOG_R": 0.2520573607432122, "RF": 0.2520573607432122, "SVM": 0.2520573607432122, "DNN": 0.2520573607432122}, "1 + 3": {"AB": 0.2520573607432122, "AC": 0.2520573607432122, "DS": 0.2520573607432122, "DT": 0.2520573607432122, "GM": 0.2520573607432122, "GN": 0.2520573607432122, "GB": 0.2520573607432122, "KNN": 0.2520573607432122, "KM": 0.2520573607432122, "LR": 0.2520573607432122, "LRR": 0.2520573607432122, "LRL": 0.2520573607432122, "LRE": 0.2520573607432122, "LOG_R": 0.2520573607432122, "RF": 0.2520573607432122, "SVM": 0.2520573607432122, "DNN": 0.2520573607432122}, "1 + 4": {"AB": 0.13843564890559842, "AC": 0.13843564890559842, "DS": 0.13843564890559842, "DT": 0.13843564890559842, "GM": 0.13843564890559842, "GN": 0.13843564890559842, "GB": 0.13843564890559842, "KNN": 0.13843564890559842, "KM": 0.13843564890559842, "LR": 0.13843564890559842, "LRR": 0.13843564890559842, "LRL": 0.13843564890559842, "LRE": 0.13843564890559842, "LOG_R": 0.13843564890559842, "RF": 0.13843564890559842, "SVM": 0.13843564890559842, "DNN": 0.13843564890559842}, "2 + 3": {"AB": 0.037150414506616714, "AC": 0.037150414506616714, "DS": 0.037150414506616714, "DT": 0.037150414506616714, "GM": 0.037150414506616714, "GN": 0.037150414506616714, "GB": 0.037150414506616714, "KNN": 0.037150414506616714, "KM": 0.037150414506616714, "LR": 0.037150414506616714, "LRR": 0.037150414506616714, "LRL": 0.037150414506616714, "LRE": 0.037150414506616714, "LOG_R": 0.037150414506616714, "RF": 0.037150414506616714, "SVM": 0.037150414506616714, "DNN": 0.037150414506616714}, "2 + 4": {"AB": 0.1857520725330835, "AC": 0.1857520725330835, "DS": 0.1857520725330835, "DT": 0.1857520725330835, "GM": 0.1857520725330835, "GN": 0.1857520725330835, "GB": 0.1857520725330835, "KNN": 0.1857520725330835, "KM": 0.1857520725330835, "LR": 0.1857520725330835, "LRR": 0.1857520725330835, "LRL": 0.1857520725330835, "LRE": 0.1857520725330835, "LOG_R": 0.1857520725330835, "RF": 0.1857520725330835, "SVM": 0.1857520725330835, "DNN": 0.1857520725330835}, "3 + 4": {"AB": 0.1486016580264668, "AC": 0.1486016580264668, "DS": 0.1486016580264668, "DT": 0.1486016580264668, "GM": 0.1486016580264668, "GN": 0.1486016580264668, "GB": 0.1486016580264668, "KNN": 0.1486016580264668, "KM": 0.1486016580264668, "LR": 0.1486016580264668, "LRR": 0.1486016580264668, "LRL": 0.1486016580264668, "LRE": 0.1486016580264668, "LOG_R": 0.1486016580264668, "RF": 0.1486016580264668, "SVM": 0.1486016580264668, "DNN": 0.1486016580264668}, "0 + 1 + 2": {"AB": 0.26511732762109885, "AC": 0.26511732762109885, "DS": 0.26511732762109885, "DT": 0.26511732762109885, "GM": 0.26511732762109885, "GN": 0.26511732762109885, "GB": 0.26511732762109885, "KNN": 0.26511732762109885, "KM": 0.26511732762109885, "LR": 0.26511732762109885, "LRR": 0.26511732762109885, "LRL": 0.26511732762109885, "LRE": 0.26511732762109885, "LOG_R": 0.26511732762109885, "RF": 0.26511732762109885, "SVM": 0.26511732762109885, "DNN": 0.26511732762109885}, "0 + 1 + 3": {"AB": 0.26511732762109885, "AC": 0.26511732762109885, "DS": 0.26511732762109885, "DT": 0.26511732762109885, "GM": 0.26511732762109885, "GN": 0.26511732762109885, "GB": 0.26511732762109885, "KNN": 0.26511732762109885, "KM": 0.26511732762109885, "LR": 0.26511732762109885, "LRR": 0.26511732762109885, "LRL": 0.26511732762109885, "LRE": 0.26511732762109885, "LOG_R": 0.26511732762109885, "RF": 0.26511732762109885, "SVM": 0.26511732762109885, "DNN": 0.26511732762109885}, "0 + 1 + 4": {"AB": 0.15149561578348505, "AC": 0.15149561578348505, "DS": 0.15149561578348505, "DT": 0.15149561578348505, "GM": 0.15149561578348505, "GN": 0.15149561578348505, "GB": 0.15149561578348505, "KNN": 0.15149561578348505, "KM": 0.15149561578348505, "LR": 0.15149561578348505, "LRR": 0.15149561578348505, "LRL": 0.15149561578348505, "LRE": 0.15149561578348505, "LOG_R": 0.15149561578348505, "RF": 0.15149561578348505, "SVM": 0.15149561578348505, "DNN": 0.15149561578348505}, "0 + 2 + 3": {"AB": 0.1576638545028011, "AC": 0.1576638545028011, "DS": 0.1576638545028011, "DT": 0.1576638545028011, "GM": 0.1576638545028011, "GN": 0.1576638545028011, "GB": 0.1576638545028011, "KNN": 0.1576638545028011, "KM": 0.1576638545028011, "LR": 0.1576638545028011, "LRR": 0.1576638545028011, "LRL": 0.1576638545028011, "LRE": 0.1576638545028011, "LOG_R": 0.1576638545028011, "RF": 0.1576638545028011, "SVM": 0.1576638545028011, "DNN": 0.1576638545028011}, "0 + 2 + 4": {"AB": 0.17515382759722758, "AC": 0.17515382759722758, "DS": 0.17515382759722758, "DT": 0.17515382759722758, "GM": 0.17515382759722758, "GN": 0.17515382759722758, "GB": 0.17515382759722758, "KNN": 0.17515382759722758, "KM": 0.17515382759722758, "LR": 0.17515382759722758, "LRR": 0.17515382759722758, "LRL": 0.17515382759722758,