{"0": {"AB": 0.0633342252704228, "AC": 0.0633342252704228, "DS": 0.0633342252704228, "DT": 0.0633342252704228, "GM": 0.0633342252704228, "GN": 0.0633342252704228, "GB": 0.0633342252704228, "KNN": 0.0633342252704228, "KM": 0.0633342252704228, "LR": 0.0633342252704228, "LRR": 0.0633342252704228, "LRL": 0.0633342252704228, "LRE": 0.0633342252704228, "LOG_R": 0.0633342252704228, "RF": 0.0633342252704228, "SVM": 0.0633342252704228, "DNN": 0.0633342252704228}, "1": {"AB": 0.05377434221073634, "AC": 0.05377434221073634, "DS": 0.05377434221073634, "DT": 0.05377434221073634, "GM": 0.05377434221073634, "GN": 0.05377434221073634, "GB": 0.05377434221073634, "KNN": 0.05377434221073634, "KM": 0.05377434221073634, "LR": 0.05377434221073634, "LRR": 0.05377434221073634, "LRL": 0.05377434221073634, "LRE": 0.05377434221073634, "LOG_R": 0.05377434221073634, "RF": 0.05377434221073634, "SVM": 0.05377434221073634, "DNN": 0.05377434221073634}, "2": {"AB": 0.04540944453351069, "AC": 0.04540944453351069, "DS": 0.04540944453351069, "DT": 0.04540944453351069, "GM": 0.04540944453351069, "GN": 0.04540944453351069, "GB": 0.04540944453351069, "KNN": 0.04540944453351069, "KM": 0.04540944453351069, "LR": 0.04540944453351069, "LRR": 0.04540944453351069, "LRL": 0.04540944453351069, "LRE": 0.04540944453351069, "LOG_R": 0.04540944453351069, "RF": 0.04540944453351069, "SVM": 0.04540944453351069, "DNN": 0.04540944453351069}, "3": {"AB": 0.04540944453351069, "AC": 0.04540944453351069, "DS": 0.04540944453351069, "DT": 0.04540944453351069, "GM": 0.04540944453351069, "GN": 0.04540944453351069, "GB": 0.04540944453351069, "KNN": 0.04540944453351069, "KM": 0.04540944453351069, "LR": 0.04540944453351069, "LRR": 0.04540944453351069, "LRL": 0.04540944453351069, "LRE": 0.04540944453351069, "LOG_R": 0.04540944453351069, "RF": 0.04540944453351069, "SVM": 0.04540944453351069, "DNN": 0.04540944453351069}, "4": {"AB": 0.03823953223874584, "AC": 0.03823953223874584, "DS": 0.03823953223874584, "DT": 0.03823953223874584, "GM": 0.03823953223874584, "GN": 0.03823953223874584, "GB": 0.03823953223874584, "KNN": 0.03823953223874584, "KM": 0.03823953223874584, "LR": 0.03823953223874584, "LRR": 0.03823953223874584, "LRL": 0.03823953223874584, "LRE": 0.03823953223874584, "LOG_R": 0.03823953223874584, "RF": 0.03823953223874584, "SVM": 0.03823953223874584, "DNN": 0.03823953223874584}, "0 + 1": {"AB": 0.0764882782045319, "AC": 0.0764882782045319, "DS": 0.0764882782045319, "DT": 0.0764882782045319, "GM": 0.0764882782045319, "GN": 0.0764882782045319, "GB": 0.0764882782045319, "KNN": 0.0764882782045319, "KM": 0.0764882782045319, "LR": 0.0764882782045319, "LRR": 0.0764882782045319, "LRL": 0.0764882782045319, "LRE": 0.0764882782045319, "LOG_R": 0.0764882782045319, "RF": 0.0764882782045319, "SVM": 0.0764882782045319, "DNN": 0.0764882782045319}, "0 + 2": {"AB": 0.06957442173491131, "AC": 0.06957442173491131, "DS": 0.06957442173491131, "DT": 0.06957442173491131, "GM": 0.06957442173491131, "GN": 0.06957442173491131, "GB": 0.06957442173491131, "KNN": 0.06957442173491131, "KM": 0.06957442173491131, "LR": 0.06957442173491131, "LRR": 0.06957442173491131, "LRL": 0.06957442173491131, "LRE": 0.06957442173491131, "LOG_R": 0.06957442173491131, "RF": 0.06957442173491131, "SVM": 0.06957442173491131, "DNN": 0.06957442173491131}, "0 + 3": {"AB": 0.06957442173491131, "AC": 0.06957442173491131, "DS": 0.06957442173491131, "DT": 0.06957442173491131, "GM": 0.06957442173491131, "GN": 0.06957442173491131, "GB": 0.06957442173491131, "KNN": 0.06957442173491131, "KM": 0.06957442173491131, "LR": 0.06957442173491131, "LRR": 0.06957442173491131, "LRL": 0.06957442173491131, "LRE": 0.06957442173491131, "LOG_R": 0.06957442173491131, "RF": 0.06957442173491131, "SVM": 0.06957442173491131, "DNN": 0.06957442173491131}, "0 + 4": {"AB": 0.06368333790323255, "AC": 0.06368333790323255, "DS": 0.06368333790323255, "DT": 0.06368333790323255, "GM": 0.06368333790323255, "GN": 0.06368333790323255, "GB": 0.06368333790323255, "KNN": 0.06368333790323255, "KM": 0.06368333790323255, "LR": 0.06368333790323255, "LRR": 0.06368333790323255, "LRL": 0.06368333790323255, "LRE": 0.06368333790323255, "LOG_R": 0.06368333790323255, "RF": 0.06368333790323255, "SVM": 0.06368333790323255, "DNN": 0.06368333790323255}, "1 + 2": {"AB": 0.06494285846868562, "AC": 0.06494285846868562, "DS": 0.06494285846868562, "DT": 0.06494285846868562, "GM": 0.06494285846868562, "GN": 0.06494285846868562, "GB": 0.06494285846868562, "KNN": 0.06494285846868562, "KM": 0.06494285846868562, "LR": 0.06494285846868562, "LRR": 0.06494285846868562, "LRL": 0.06494285846868562, "LRE": 0.06494285846868562, "LOG_R": 0.06494285846868562, "RF": 0.06494285846868562, "SVM": 0.06494285846868562, "DNN": 0.06494285846868562}, "1 + 3": {"AB": 0.06494285846868562, "AC": 0.06494285846868562, "DS": 0.06494285846868562, "DT": 0.06494285846868562, "GM": 0.06494285846868562, "GN": 0.06494285846868562, "GB": 0.06494285846868562, "KNN": 0.06494285846868562, "KM": 0.06494285846868562, "LR": 0.06494285846868562, "LRR": 0.06494285846868562, "LRL": 0.06494285846868562, "LRE": 0.06494285846868562, "LOG_R": 0.06494285846868562, "RF": 0.06494285846868562, "SVM": 0.06494285846868562, "DNN": 0.06494285846868562}, "1 + 4": {"AB": 0.059182719544328716, "AC": 0.059182719544328716, "DS": 0.059182719544328716, "DT": 0.059182719544328716, "GM": 0.059182719544328716, "GN": 0.059182719544328716, "GB": 0.059182719544328716, "KNN": 0.059182719544328716, "KM": 0.059182719544328716, "LR": 0.059182719544328716, "LRR": 0.059182719544328716, "LRL": 0.059182719544328716, "LRE": 0.059182719544328716, "LOG_R": 0.059182719544328716, "RF": 0.059182719544328716, "SVM": 0.059182719544328716, "DNN": 0.059182719544328716}, "2 + 3": {"AB": 0.06054592604468092, "AC": 0.06054592604468092, "DS": 0.06054592604468092, "DT": 0.06054592604468092, "GM": 0.06054592604468092, "GN": 0.06054592604468092, "GB": 0.06054592604468092, "KNN": 0.06054592604468092, "KM": 0.06054592604468092, "LR": 0.06054592604468092, "LRR": 0.06054592604468092, "LRL": 0.06054592604468092, "LRE": 0.06054592604468092, "LOG_R": 0.06054592604468092, "RF": 0.06054592604468092, "SVM": 0.06054592604468092, "DNN": 0.06054592604468092}, "2 + 4": {"AB": 0.05491009847605139, "AC": 0.05491009847605139, "DS": 0.05491009847605139, "DT": 0.05491009847605139, "GM": 0.05491009847605139, "GN": 0.05491009847605139, "GB": 0.05491009847605139, "KNN": 0.05491009847605139, "KM": 0.05491009847605139, "LR": 0.05491009847605139, "LRR": 0.05491009847605139, "LRL": 0.05491009847605139, "LRE": 0.05491009847605139, "LOG_R": 0.05491009847605139, "RF": 0.05491009847605139, "SVM": 0.05491009847605139, "DNN": 0.05491009847605139}, "3 + 4": {"AB": 0.05491009847605139, "AC": 0.05491009847605139, "DS": 0.05491009847605139, "DT": 0.05491009847605139, "GM": 0.05491009847605139, "GN": 0.05491009847605139, "GB": 0.05491009847605139, "KNN": 0.05491009847605139, "KM": 0.05491009847605139, "LR": 0.05491009847605139, "LRR": 0.05491009847605139, "LRL": 0.05491009847605139, "LRE": 0.05491009847605139, "LOG_R": 0.05491009847605139, "RF": 0.05491009847605139, "SVM": 0.05491009847605139, "DNN": 0.05491009847605139}, "0 + 1 + 2": {"AB": 0.07818323788594236, "AC": 0.07818323788594236, "DS": 0.07818323788594236, "DT": 0.07818323788594236, "GM": 0.07818323788594236, "GN": 0.07818323788594236, "GB": 0.07818323788594236, "KNN": 0.07818323788594236, "KM": 0.07818323788594236, "LR": 0.07818323788594236, "LRR": 0.07818323788594236, "LRL": 0.07818323788594236, "LRE": 0.07818323788594236, "LOG_R": 0.07818323788594236, "RF": 0.07818323788594236, "SVM": 0.07818323788594236, "DNN": 0.07818323788594236}, "0 + 1 + 3": {"AB": 0.07818323788594236, "AC": 0.07818323788594236, "DS": 0.07818323788594236, "DT": 0.07818323788594236, "GM": 0.07818323788594236, "GN": 0.07818323788594236, "GB": 0.07818323788594236, "KNN": 0.07818323788594236, "KM": 0.07818323788594236, "LR": 0.07818323788594236, "LRR": 0.07818323788594236, "LRL": 0.07818323788594236, "LRE": 0.07818323788594236,