{"0": {"AB": 0.14009187824388783, "AC": 0.14009187824388783, "DS": 0.14009187824388783, "DT": 0.14009187824388783, "GM": 0.14009187824388783, "GN": 0.14009187824388783, "GB": 0.14009187824388783, "KNN": 0.14009187824388783, "KM": 0.14009187824388783, "LR": 0.14009187824388783, "LRR": 0.14009187824388783, "LRL": 0.14009187824388783, "LRE": 0.14009187824388783, "LOG_R": 0.14009187824388783, "RF": 0.14009187824388783, "SVM": 0.14009187824388783, "DNN": 0.14009187824388783}, "1": {"AB": 0.1352611238216848, "AC": 0.1352611238216848, "DS": 0.1352611238216848, "DT": 0.1352611238216848, "GM": 0.1352611238216848, "GN": 0.1352611238216848, "GB": 0.1352611238216848, "KNN": 0.1352611238216848, "KM": 0.1352611238216848, "LR": 0.1352611238216848, "LRR": 0.1352611238216848, "LRL": 0.1352611238216848, "LRE": 0.1352611238216848, "LOG_R": 0.1352611238216848, "RF": 0.1352611238216848, "SVM": 0.1352611238216848, "DNN": 0.1352611238216848}, "2": {"AB": 0.11110735171066966, "AC": 0.11110735171066966, "DS": 0.11110735171066966, "DT": 0.11110735171066966, "GM": 0.11110735171066966, "GN": 0.11110735171066966, "GB": 0.11110735171066966, "KNN": 0.11110735171066966, "KM": 0.11110735171066966, "LR": 0.11110735171066966, "LRR": 0.11110735171066966, "LRL": 0.11110735171066966, "LRE": 0.11110735171066966, "LOG_R": 0.11110735171066966, "RF": 0.11110735171066966, "SVM": 0.11110735171066966, "DNN": 0.11110735171066966}, "3": {"AB": 0.09178433402185754, "AC": 0.09178433402185754, "DS": 0.09178433402185754, "DT": 0.09178433402185754, "GM": 0.09178433402185754, "GN": 0.09178433402185754, "GB": 0.09178433402185754, "KNN": 0.09178433402185754, "KM": 0.09178433402185754, "LR": 0.09178433402185754, "LRR": 0.09178433402185754, "LRL": 0.09178433402185754, "LRE": 0.09178433402185754, "LOG_R": 0.09178433402185754, "RF": 0.09178433402185754, "SVM": 0.09178433402185754, "DNN": 0.09178433402185754}, "4": {"AB": 0.08695357959965451, "AC": 0.08695357959965451, "DS": 0.08695357959965451, "DT": 0.08695357959965451, "GM": 0.08695357959965451, "GN": 0.08695357959965451, "GB": 0.08695357959965451, "KNN": 0.08695357959965451, "KM": 0.08695357959965451, "LR": 0.08695357959965451, "LRR": 0.08695357959965451, "LRL": 0.08695357959965451, "LRE": 0.08695357959965451, "LOG_R": 0.08695357959965451, "RF": 0.08695357959965451, "SVM": 0.08695357959965451, "DNN": 0.08695357959965451}, "0 + 1": {"AB": 0.18178132684159864, "AC": 0.18178132684159864, "DS": 0.18178132684159864, "DT": 0.18178132684159864, "GM": 0.18178132684159864, "GN": 0.18178132684159864, "GB": 0.18178132684159864, "KNN": 0.18178132684159864, "KM": 0.18178132684159864, "LR": 0.18178132684159864, "LRR": 0.18178132684159864, "LRL": 0.18178132684159864, "LRE": 0.18178132684159864, "LOG_R": 0.18178132684159864, "RF": 0.18178132684159864, "SVM": 0.18178132684159864, "DNN": 0.18178132684159864}, "0 + 2": {"AB": 0.1572422797790637, "AC": 0.1572422797790637, "DS": 0.1572422797790637, "DT": 0.1572422797790637, "GM": 0.1572422797790637, "GN": 0.1572422797790637, "GB": 0.1572422797790637, "KNN": 0.1572422797790637, "KM": 0.1572422797790637, "LR": 0.1572422797790637, "LRR": 0.1572422797790637, "LRL": 0.1572422797790637, "LRE": 0.1572422797790637, "LOG_R": 0.1572422797790637, "RF": 0.1572422797790637, "SVM": 0.1572422797790637, "DNN": 0.1572422797790637}, "0 + 3": {"AB": 0.13817398616206278, "AC": 0.13817398616206278, "DS": 0.13817398616206278, "DT": 0.13817398616206278, "GM": 0.13817398616206278, "GN": 0.13817398616206278, "GB": 0.13817398616206278, "KNN": 0.13817398616206278, "KM": 0.13817398616206278, "LR": 0.13817398616206278, "LRR": 0.13817398616206278, "LRL": 0.13817398616206278, "LRE": 0.13817398616206278, "LOG_R": 0.13817398616206278, "RF": 0.13817398616206278, "SVM": 0.13817398616206278, "DNN": 0.13817398616206278}, "0 + 4": {"AB": 0.13348019176781817, "AC": 0.13348019176781817, "DS": 0.13348019176781817, "DT": 0.13348019176781817, "GM": 0.13348019176781817, "GN": 0.13348019176781817, "GB": 0.13348019176781817, "KNN": 0.13348019176781817, "KM": 0.13348019176781817, "LR": 0.13348019176781817, "LRR": 0.13348019176781817, "LRL": 0.13348019176781817, "LRE": 0.13348019176781817, "LOG_R": 0.13348019176781817, "RF": 0.13348019176781817, "SVM": 0.13348019176781817, "DNN": 0.13348019176781817}, "1 + 2": {"AB": 0.1559411044876745, "AC": 0.1559411044876745, "DS": 0.1559411044876745, "DT": 0.1559411044876745, "GM": 0.1559411044876745, "GN": 0.1559411044876745, "GB": 0.1559411044876745, "KNN": 0.1559411044876745, "KM": 0.1559411044876745, "LR": 0.1559411044876745, "LRR": 0.1559411044876745, "LRL": 0.1559411044876745, "LRE": 0.1559411044876745, "LOG_R": 0.1559411044876745, "RF": 0.1559411044876745, "SVM": 0.1559411044876745, "DNN": 0.1559411044876745}, "1 + 3": {"AB": 0.13696959298140354, "AC": 0.13696959298140354, "DS": 0.13696959298140354, "DT": 0.13696959298140354, "GM": 0.13696959298140354, "GN": 0.13696959298140354, "GB": 0.13696959298140354, "KNN": 0.13696959298140354, "KM": 0.13696959298140354, "LR": 0.13696959298140354, "LRR": 0.13696959298140354, "LRL": 0.13696959298140354, "LRE": 0.13696959298140354, "LOG_R": 0.13696959298140354, "RF": 0.13696959298140354, "SVM": 0.13696959298140354, "DNN": 0.13696959298140354}, "1 + 4": {"AB": 0.13229884769160016, "AC": 0.13229884769160016, "DS": 0.13229884769160016, "DT": 0.13229884769160016, "GM": 0.13229884769160016, "GN": 0.13229884769160016, "GB": 0.13229884769160016, "KNN": 0.13229884769160016, "KM": 0.13229884769160016, "LR": 0.13229884769160016, "LRR": 0.13229884769160016, "LRL": 0.13229884769160016, "LRE": 0.13229884769160016, "LOG_R": 0.13229884769160016, "RF": 0.13229884769160016, "SVM": 0.13229884769160016, "DNN": 0.13229884769160016}, "2 + 3": {"AB": 0.12975164118326638, "AC": 0.12975164118326638, "DS": 0.12975164118326638, "DT": 0.12975164118326638, "GM": 0.12975164118326638, "GN": 0.12975164118326638, "GB": 0.12975164118326638, "KNN": 0.12975164118326638, "KM": 0.12975164118326638, "LR": 0.12975164118326638, "LRR": 0.12975164118326638, "LRL": 0.12975164118326638, "LRE": 0.12975164118326638, "LOG_R": 0.12975164118326638, "RF": 0.12975164118326638, "SVM": 0.12975164118326638, "DNN": 0.12975164118326638}, "2 + 4": {"AB": 0.12521902962546894, "AC": 0.12521902962546894, "DS": 0.12521902962546894, "DT": 0.12521902962546894, "GM": 0.12521902962546894, "GN": 0.12521902962546894, "GB": 0.12521902962546894, "KNN": 0.12521902962546894, "KM": 0.12521902962546894, "LR": 0.12521902962546894, "LRR": 0.12521902962546894, "LRL": 0.12521902962546894, "LRE": 0.12521902962546894, "LOG_R": 0.12521902962546894, "RF": 0.12521902962546894, "SVM": 0.12521902962546894, "DNN": 0.12521902962546894}, "3 + 4": {"AB": 0.11798759243134553, "AC": 0.11798759243134553, "DS": 0.11798759243134553, "DT": 0.11798759243134553, "GM": 0.11798759243134553, "GN": 0.11798759243134553, "GB": 0.11798759243134553, "KNN": 0.11798759243134553, "KM": 0.11798759243134553, "LR": 0.11798759243134553, "LRR": 0.11798759243134553, "LRL": 0.11798759243134553, "LRE": 0.11798759243134553, "LOG_R": 0.11798759243134553, "RF": 0.11798759243134553, "SVM": 0.11798759243134553, "DNN": 0.11798759243134553}, "0 + 1 + 2": {"AB": 0.17933386234471882, "AC": 0.17933386234471882, "DS": 0.17933386234471882, "DT": 0.17933386234471882, "GM": 0.17933386234471882, "GN": 0.17933386234471882, "GB": 0.17933386234471882, "KNN": 0.17933386234471882, "KM": 0.17933386234471882, "LR": 0.17933386234471882, "LRR": 0.17933386234471882, "LRL": 0.17933386234471882, "LRE": 0.17933386234471882, "LOG_R": 0.17933386234471882, "RF": 0.17933386234471882, "SVM": 0.17933386234471882, "DNN": 0.17933386234471882}, "0 + 1 + 3": {"AB": 0.16046551734667097, "AC": 0.16046551734667097, "DS": 0.16046551734667097, "DT": 0.16046551734667097, "GM": 0.16046551734667097, "GN": 0.16046551734667097, "GB": 0.16046551734667097, "KNN": 0.16046551734667097, "KM": 0.16046551734667097, "LR": 0.16046551734667097, "LRR": 0.16046551734667097, "LRL": 0.16046551734667097, "LRE": 0.16046551734667097, "LOG_R": 0.16046551734667097,