{"0": {"AB": 0.0, "AC": 0.0, "DS": 0.0, "DT": 0.0, "GM": 0.0, "GN": 0.0, "GB": 0.0, "KNN": 0.0, "KM": 0.0, "LR": 0.0, "LRR": 0.0, "LRL": 0.0, "LRE": 0.0, "LOG_R": 0.0, "RF": 0.0, "SVM": 0.0, "DNN": 0.0}, "1": {"AB": 0.0, "AC": 0.0, "DS": 0.0, "DT": 0.0, "GM": 0.0, "GN": 0.0, "GB": 0.0, "KNN": 0.0, "KM": 0.0, "LR": 0.0, "LRR": 0.0, "LRL": 0.0, "LRE": 0.0, "LOG_R": 0.0, "RF": 0.0, "SVM": 0.0, "DNN": 0.0}, "2": {"AB": 0.0, "AC": 0.0, "DS": 0.0, "DT": 0.0, "GM": 0.0, "GN": 0.0, "GB": 0.0, "KNN": 0.0, "KM": 0.0, "LR": 0.0, "LRR": 0.0, "LRL": 0.0, "LRE": 0.0, "LOG_R": 0.0, "RF": 0.0, "SVM": 0.0, "DNN": 0.0}, "3": {"AB": 0.0, "AC": 0.0, "DS": 0.0, "DT": 0.0, "GM": 0.0, "GN": 0.0, "GB": 0.0, "KNN": 0.0, "KM": 0.0, "LR": 0.0, "LRR": 0.0, "LRL": 0.0, "LRE": 0.0, "LOG_R": 0.0, "RF": 0.0, "SVM": 0.0, "DNN": 0.0}, "4": {"AB": 0.0, "AC": 0.0, "DS": 0.0, "DT": 0.0, "GM": 0.0, "GN": 0.0, "GB": 0.0, "KNN": 0.0, "KM": 0.0, "LR": 0.0, "LRR": 0.0, "LRL": 0.0, "LRE": 0.0, "LOG_R": 0.0, "RF": 0.0, "SVM": 0.0, "DNN": 0.0}, "0 + 1": {"AB": 0.02483299445631268, "AC": 0.02483299445631268, "DS": 0.02483299445631268, "DT": 0.02483299445631268, "GM": 0.02483299445631268, "GN": 0.02483299445631268, "GB": 0.02483299445631268, "KNN": 0.02483299445631268, "KM": 0.02483299445631268, "LR": 0.02483299445631268, "LRR": 0.02483299445631268, "LRL": 0.02483299445631268, "LRE": 0.02483299445631268, "LOG_R": 0.02483299445631268, "RF": 0.02483299445631268, "SVM": 0.02483299445631268, "DNN": 0.02483299445631268}, "0 + 2": {"AB": 0.1503775775410045, "AC": 0.1503775775410045, "DS": 0.1503775775410045, "DT": 0.1503775775410045, "GM": 0.1503775775410045, "GN": 0.1503775775410045, "GB": 0.1503775775410045, "KNN": 0.1503775775410045, "KM": 0.1503775775410045, "LR": 0.1503775775410045, "LRR": 0.1503775775410045, "LRL": 0.1503775775410045, "LRE": 0.1503775775410045, "LOG_R": 0.1503775775410045, "RF": 0.1503775775410045, "SVM": 0.1503775775410045, "DNN": 0.1503775775410045}, "0 + 3": {"AB": 0.1503775775410045, "AC": 0.1503775775410045, "DS": 0.1503775775410045, "DT": 0.1503775775410045, "GM": 0.1503775775410045, "GN": 0.1503775775410045, "GB": 0.1503775775410045, "KNN": 0.1503775775410045, "KM": 0.1503775775410045, "LR": 0.1503775775410045, "LRR": 0.1503775775410045, "LRL": 0.1503775775410045, "LRE": 0.1503775775410045, "LOG_R": 0.1503775775410045, "RF": 0.1503775775410045, "SVM": 0.1503775775410045, "DNN": 0.1503775775410045}, "0 + 4": {"AB": 0.1503775775410045, "AC": 0.1503775775410045, "DS": 0.1503775775410045, "DT": 0.1503775775410045, "GM": 0.1503775775410045, "GN": 0.1503775775410045, "GB": 0.1503775775410045, "KNN": 0.1503775775410045, "KM": 0.1503775775410045, "LR": 0.1503775775410045, "LRR": 0.1503775775410045, "LRL": 0.1503775775410045, "LRE": 0.1503775775410045, "LOG_R": 0.1503775775410045, "RF": 0.1503775775410045, "SVM": 0.1503775775410045, "DNN": 0.1503775775410045}, "1 + 2": {"AB": 0.12554458308469182, "AC": 0.12554458308469182, "DS": 0.12554458308469182, "DT": 0.12554458308469182, "GM": 0.12554458308469182, "GN": 0.12554458308469182, "GB": 0.12554458308469182, "KNN": 0.12554458308469182, "KM": 0.12554458308469182, "LR": 0.12554458308469182, "LRR": 0.12554458308469182, "LRL": 0.12554458308469182, "LRE": 0.12554458308469182, "LOG_R": 0.12554458308469182, "RF": 0.12554458308469182, "SVM": 0.12554458308469182, "DNN": 0.12554458308469182}, "1 + 3": {"AB": 0.12554458308469182, "AC": 0.12554458308469182, "DS": 0.12554458308469182, "DT": 0.12554458308469182, "GM": 0.12554458308469182, "GN": 0.12554458308469182, "GB": 0.12554458308469182, "KNN": 0.12554458308469182, "KM": 0.12554458308469182, "LR": 0.12554458308469182, "LRR": 0.12554458308469182, "LRL": 0.12554458308469182, "LRE": 0.12554458308469182, "LOG_R": 0.12554458308469182, "RF": 0.12554458308469182, "SVM": 0.12554458308469182, "DNN": 0.12554458308469182}, "1 + 4": {"AB": 0.12554458308469182, "AC": 0.12554458308469182, "DS": 0.12554458308469182, "DT": 0.12554458308469182, "GM": 0.12554458308469182, "GN": 0.12554458308469182, "GB": 0.12554458308469182, "KNN": 0.12554458308469182, "KM": 0.12554458308469182, "LR": 0.12554458308469182, "LRR": 0.12554458308469182, "LRL": 0.12554458308469182, "LRE": 0.12554458308469182, "LOG_R": 0.12554458308469182, "RF": 0.12554458308469182, "SVM": 0.12554458308469182, "DNN": 0.12554458308469182}, "2 + 3": {"AB": 0.03511555527798371, "AC": 0.03511555527798371, "DS": 0.03511555527798371, "DT": 0.03511555527798371, "GM": 0.03511555527798371, "GN": 0.03511555527798371, "GB": 0.03511555527798371, "KNN": 0.03511555527798371, "KM": 0.03511555527798371, "LR": 0.03511555527798371, "LRR": 0.03511555527798371, "LRL": 0.03511555527798371, "LRE": 0.03511555527798371, "LOG_R": 0.03511555527798371, "RF": 0.03511555527798371, "SVM": 0.03511555527798371, "DNN": 0.03511555527798371}, "2 + 4": {"AB": 0.05592477322049257, "AC": 0.05592477322049257, "DS": 0.05592477322049257, "DT": 0.05592477322049257, "GM": 0.05592477322049257, "GN": 0.05592477322049257, "GB": 0.05592477322049257, "KNN": 0.05592477322049257, "KM": 0.05592477322049257, "LR": 0.05592477322049257, "LRR": 0.05592477322049257, "LRL": 0.05592477322049257, "LRE": 0.05592477322049257, "LOG_R": 0.05592477322049257, "RF": 0.05592477322049257, "SVM": 0.05592477322049257, "DNN": 0.05592477322049257}, "3 + 4": {"AB": 0.02080921794250886, "AC": 0.02080921794250886, "DS": 0.02080921794250886, "DT": 0.02080921794250886, "GM": 0.02080921794250886, "GN": 0.02080921794250886, "GB": 0.02080921794250886, "KNN": 0.02080921794250886, "KM": 0.02080921794250886, "LR": 0.02080921794250886, "LRR": 0.02080921794250886, "LRL": 0.02080921794250886, "LRE": 0.02080921794250886, "LOG_R": 0.02080921794250886, "RF": 0.02080921794250886, "SVM": 0.02080921794250886, "DNN": 0.02080921794250886}, "0 + 1 + 2": {"AB": 0.13796108031284815, "AC": 0.13796108031284815, "DS": 0.13796108031284815, "DT": 0.13796108031284815, "GM": 0.13796108031284815, "GN": 0.13796108031284815, "GB": 0.13796108031284815, "KNN": 0.13796108031284815, "KM": 0.13796108031284815, "LR": 0.13796108031284815, "LRR": 0.13796108031284815, "LRL": 0.13796108031284815, "LRE": 0.13796108031284815, "LOG_R": 0.13796108031284815, "RF": 0.13796108031284815, "SVM": 0.13796108031284815, "DNN": 0.13796108031284815}, "0 + 1 + 3": {"AB": 0.13796108031284815, "AC": 0.13796108031284815, "DS": 0.13796108031284815, "DT": 0.13796108031284815, "GM": 0.13796108031284815, "GN": 0.13796108031284815, "GB": 0.13796108031284815, "KNN": 0.13796108031284815, "KM": 0.13796108031284815, "LR": 0.13796108031284815, "LRR": 0.13796108031284815, "LRL": 0.13796108031284815, "LRE": 0.13796108031284815, "LOG_R": 0.13796108031284815, "RF": 0.13796108031284815, "SVM": 0.13796108031284815, "DNN": 0.13796108031284815}, "0 + 1 + 4": {"AB": 0.13796108031284815, "AC": 0.13796108031284815, "DS": 0.13796108031284815, "DT": 0.13796108031284815, "GM": 0.13796108031284815, "GN": 0.13796108031284815, "GB": 0.13796108031284815, "KNN": 0.13796108031284815, "KM": 0.13796108031284815, "LR": 0.13796108031284815, "LRR": 0.13796108031284815, "LRL": 0.13796108031284815, "LRE": 0.13796108031284815, "LOG_R": 0.13796108031284815, "RF": 0.13796108031284815, "SVM": 0.13796108031284815, "DNN": 0.13796108031284815}, "0 + 2 + 3": {"AB": 0.09274656640949411, "AC": 0.09274656640949411, "DS": 0.09274656640949411, "DT": 0.09274656640949411, "GM": 0.09274656640949411, "GN": 0.09274656640949411, "GB": 0.09274656640949411, "KNN": 0.09274656640949411, "KM": 0.09274656640949411, "LR": 0.09274656640949411, "LRR": 0.09274656640949411, "LRL": 0.09274656640949411, "LRE": 0.09274656640949411, "LOG_R": 0.09274656640949411, "RF": 0.09274656640949411, "SVM": 0.09274656640949411, "DNN": 0.09274656640949411}, "0 + 2 + 4": {"AB": 0.10315117538074854, "AC": 0.10315117538074854, "DS": 0.10315117538074854, "DT": 0.10315117538074854, "GM": 0.10315117538074854, "GN": 0.10315117538074854, "GB": 0.10315117538074854, "KNN": 0.10315117538074854, "KM": 0.10315117538074854, "LR": 0.10315117538074854, "LRR": 0.10315117538074854,