{"0": {"AB": 0.0, "AC": 0.0, "DS": 0.0, "DT": 0.0, "GM": 0.0, "GN": 0.0, "GB": 0.0, "KNN": 0.0, "KM": 0.0, "LR": 0.0, "LRR": 0.0, "LRL": 0.0, "LRE": 0.0, "LOG_R": 0.0, "RF": 0.0, "SVM": 0.0, "DNN": 0.0}, "1": {"AB": 0.0, "AC": 0.0, "DS": 0.0, "DT": 0.0, "GM": 0.0, "GN": 0.0, "GB": 0.0, "KNN": 0.0, "KM": 0.0, "LR": 0.0, "LRR": 0.0, "LRL": 0.0, "LRE": 0.0, "LOG_R": 0.0, "RF": 0.0, "SVM": 0.0, "DNN": 0.0}, "2": {"AB": 0.0, "AC": 0.0, "DS": 0.0, "DT": 0.0, "GM": 0.0, "GN": 0.0, "GB": 0.0, "KNN": 0.0, "KM": 0.0, "LR": 0.0, "LRR": 0.0, "LRL": 0.0, "LRE": 0.0, "LOG_R": 0.0, "RF": 0.0, "SVM": 0.0, "DNN": 0.0}, "3": {"AB": 0.0, "AC": 0.0, "DS": 0.0, "DT": 0.0, "GM": 0.0, "GN": 0.0, "GB": 0.0, "KNN": 0.0, "KM": 0.0, "LR": 0.0, "LRR": 0.0, "LRL": 0.0, "LRE": 0.0, "LOG_R": 0.0, "RF": 0.0, "SVM": 0.0, "DNN": 0.0}, "4": {"AB": 0.0, "AC": 0.0, "DS": 0.0, "DT": 0.0, "GM": 0.0, "GN": 0.0, "GB": 0.0, "KNN": 0.0, "KM": 0.0, "LR": 0.0, "LRR": 0.0, "LRL": 0.0, "LRE": 0.0, "LOG_R": 0.0, "RF": 0.0, "SVM": 0.0, "DNN": 0.0}, "0 + 1": {"AB": 0.046820740370644945, "AC": 0.046820740370644945, "DS": 0.046820740370644945, "DT": 0.046820740370644945, "GM": 0.046820740370644945, "GN": 0.046820740370644945, "GB": 0.046820740370644945, "KNN": 0.046820740370644945, "KM": 0.046820740370644945, "LR": 0.046820740370644945, "LRR": 0.046820740370644945, "LRL": 0.046820740370644945, "LRE": 0.046820740370644945, "LOG_R": 0.046820740370644945, "RF": 0.046820740370644945, "SVM": 0.046820740370644945, "DNN": 0.046820740370644945}, "0 + 2": {"AB": 0.12485530765505318, "AC": 0.12485530765505318, "DS": 0.12485530765505318, "DT": 0.12485530765505318, "GM": 0.12485530765505318, "GN": 0.12485530765505318, "GB": 0.12485530765505318, "KNN": 0.12485530765505318, "KM": 0.12485530765505318, "LR": 0.12485530765505318, "LRR": 0.12485530765505318, "LRL": 0.12485530765505318, "LRE": 0.12485530765505318, "LOG_R": 0.12485530765505318, "RF": 0.12485530765505318, "SVM": 0.12485530765505318, "DNN": 0.12485530765505318}, "0 + 3": {"AB": 0.05852592546330618, "AC": 0.05852592546330618, "DS": 0.05852592546330618, "DT": 0.05852592546330618, "GM": 0.05852592546330618, "GN": 0.05852592546330618, "GB": 0.05852592546330618, "KNN": 0.05852592546330618, "KM": 0.05852592546330618, "LR": 0.05852592546330618, "LRR": 0.05852592546330618, "LRL": 0.05852592546330618, "LRE": 0.05852592546330618, "LOG_R": 0.05852592546330618, "RF": 0.05852592546330618, "SVM": 0.05852592546330618, "DNN": 0.05852592546330618}, "0 + 4": {"AB": 0.12485530765505318, "AC": 0.12485530765505318, "DS": 0.12485530765505318, "DT": 0.12485530765505318, "GM": 0.12485530765505318, "GN": 0.12485530765505318, "GB": 0.12485530765505318, "KNN": 0.12485530765505318, "KM": 0.12485530765505318, "LR": 0.12485530765505318, "LRR": 0.12485530765505318, "LRL": 0.12485530765505318, "LRE": 0.12485530765505318, "LOG_R": 0.12485530765505318, "RF": 0.12485530765505318, "SVM": 0.12485530765505318, "DNN": 0.12485530765505318}, "1 + 2": {"AB": 0.07803456728440823, "AC": 0.07803456728440823, "DS": 0.07803456728440823, "DT": 0.07803456728440823, "GM": 0.07803456728440823, "GN": 0.07803456728440823, "GB": 0.07803456728440823, "KNN": 0.07803456728440823, "KM": 0.07803456728440823, "LR": 0.07803456728440823, "LRR": 0.07803456728440823, "LRL": 0.07803456728440823, "LRE": 0.07803456728440823, "LOG_R": 0.07803456728440823, "RF": 0.07803456728440823, "SVM": 0.07803456728440823, "DNN": 0.07803456728440823}, "1 + 3": {"AB": 0.011705185092661233, "AC": 0.011705185092661233, "DS": 0.011705185092661233, "DT": 0.011705185092661233, "GM": 0.011705185092661233, "GN": 0.011705185092661233, "GB": 0.011705185092661233, "KNN": 0.011705185092661233, "KM": 0.011705185092661233, "LR": 0.011705185092661233, "LRR": 0.011705185092661233, "LRL": 0.011705185092661233, "LRE": 0.011705185092661233, "LOG_R": 0.011705185092661233, "RF": 0.011705185092661233, "SVM": 0.011705185092661233, "DNN": 0.011705185092661233}, "1 + 4": {"AB": 0.07803456728440823, "AC": 0.07803456728440823, "DS": 0.07803456728440823, "DT": 0.07803456728440823, "GM": 0.07803456728440823, "GN": 0.07803456728440823, "GB": 0.07803456728440823, "KNN": 0.07803456728440823, "KM": 0.07803456728440823, "LR": 0.07803456728440823, "LRR": 0.07803456728440823, "LRL": 0.07803456728440823, "LRE": 0.07803456728440823, "LOG_R": 0.07803456728440823, "RF": 0.07803456728440823, "SVM": 0.07803456728440823, "DNN": 0.07803456728440823}, "2 + 3": {"AB": 0.066329382191747, "AC": 0.066329382191747, "DS": 0.066329382191747, "DT": 0.066329382191747, "GM": 0.066329382191747, "GN": 0.066329382191747, "GB": 0.066329382191747, "KNN": 0.066329382191747, "KM": 0.066329382191747, "LR": 0.066329382191747, "LRR": 0.066329382191747, "LRL": 0.066329382191747, "LRE": 0.066329382191747, "LOG_R": 0.066329382191747, "RF": 0.066329382191747, "SVM": 0.066329382191747, "DNN": 0.066329382191747}, "2 + 4": {"AB": 0.005518443212513935, "AC": 0.005518443212513935, "DS": 0.005518443212513935, "DT": 0.005518443212513935, "GM": 0.005518443212513935, "GN": 0.005518443212513935, "GB": 0.005518443212513935, "KNN": 0.005518443212513935, "KM": 0.005518443212513935, "LR": 0.005518443212513935, "LRR": 0.005518443212513935, "LRL": 0.005518443212513935, "LRE": 0.005518443212513935, "LOG_R": 0.005518443212513935, "RF": 0.005518443212513935, "SVM": 0.005518443212513935, "DNN": 0.005518443212513935}, "3 + 4": {"AB": 0.066329382191747, "AC": 0.066329382191747, "DS": 0.066329382191747, "DT": 0.066329382191747, "GM": 0.066329382191747, "GN": 0.066329382191747, "GB": 0.066329382191747, "KNN": 0.066329382191747, "KM": 0.066329382191747, "LR": 0.066329382191747, "LRR": 0.066329382191747, "LRL": 0.066329382191747, "LRE": 0.066329382191747, "LOG_R": 0.066329382191747, "RF": 0.066329382191747, "SVM": 0.066329382191747, "DNN": 0.066329382191747}, "0 + 1 + 2": {"AB": 0.10144493746973071, "AC": 0.10144493746973071, "DS": 0.10144493746973071, "DT": 0.10144493746973071, "GM": 0.10144493746973071, "GN": 0.10144493746973071, "GB": 0.10144493746973071, "KNN": 0.10144493746973071, "KM": 0.10144493746973071, "LR": 0.10144493746973071, "LRR": 0.10144493746973071, "LRL": 0.10144493746973071, "LRE": 0.10144493746973071, "LOG_R": 0.10144493746973071, "RF": 0.10144493746973071, "SVM": 0.10144493746973071, "DNN": 0.10144493746973071}, "0 + 1 + 3": {"AB": 0.035115555277983705, "AC": 0.035115555277983705, "DS": 0.035115555277983705, "DT": 0.035115555277983705, "GM": 0.035115555277983705, "GN": 0.035115555277983705, "GB": 0.035115555277983705, "KNN": 0.035115555277983705, "KM": 0.035115555277983705, "LR": 0.035115555277983705, "LRR": 0.035115555277983705, "LRL": 0.035115555277983705, "LRE": 0.035115555277983705, "LOG_R": 0.035115555277983705, "RF": 0.035115555277983705, "SVM": 0.035115555277983705, "DNN": 0.035115555277983705}, "0 + 1 + 4": {"AB": 0.10144493746973071, "AC": 0.10144493746973071, "DS": 0.10144493746973071, "DT": 0.10144493746973071, "GM": 0.10144493746973071, "GN": 0.10144493746973071, "GB": 0.10144493746973071, "KNN": 0.10144493746973071, "KM": 0.10144493746973071, "LR": 0.10144493746973071, "LRR": 0.10144493746973071, "LRL": 0.10144493746973071, "LRE": 0.10144493746973071, "LOG_R": 0.10144493746973071, "RF": 0.10144493746973071, "SVM": 0.10144493746973071, "DNN": 0.10144493746973071}, "0 + 2 + 3": {"AB": 0.09559234492340009, "AC": 0.09559234492340009, "DS": 0.09559234492340009, "DT": 0.09559234492340009, "GM": 0.09559234492340009, "GN": 0.09559234492340009, "GB": 0.09559234492340009, "KNN": 0.09559234492340009, "KM": 0.09559234492340009, "LR": 0.09559234492340009, "LRR": 0.09559234492340009, "LRL": 0.09559234492340009, "LRE": 0.09559234492340009, "LOG_R": 0.09559234492340009, "RF": 0.09559234492340009, "SVM": 0.09559234492340009, "DNN": 0.09559234492340009}, "0 + 2 + 4": {"AB": 0.06518687543378356, "AC": 0.06518687543378356, "DS": 0.06518687543378356, "DT": 0.06518687543378356, "GM": 0.06518687543378356, "GN": 0.06518687543378356, "GB": 0.06518687543378356, "KNN": 0.06518687543378356, "KM": 0.06518687543378356,