{"0": {"AB": 0.1352611238216848, "AC": 0.1352611238216848, "DS": 0.1352611238216848, "DT": 0.1352611238216848, "GM": 0.1352611238216848, "GN": 0.1352611238216848, "GB": 0.1352611238216848, "KNN": 0.1352611238216848, "KM": 0.1352611238216848, "LR": 0.1352611238216848, "LRR": 0.1352611238216848, "LRL": 0.1352611238216848, "LRE": 0.1352611238216848, "LOG_R": 0.1352611238216848, "RF": 0.1352611238216848, "SVM": 0.1352611238216848, "DNN": 0.1352611238216848}, "1": {"AB": 0.1352611238216848, "AC": 0.1352611238216848, "DS": 0.1352611238216848, "DT": 0.1352611238216848, "GM": 0.1352611238216848, "GN": 0.1352611238216848, "GB": 0.1352611238216848, "KNN": 0.1352611238216848, "KM": 0.1352611238216848, "LR": 0.1352611238216848, "LRR": 0.1352611238216848, "LRL": 0.1352611238216848, "LRE": 0.1352611238216848, "LOG_R": 0.1352611238216848, "RF": 0.1352611238216848, "SVM": 0.1352611238216848, "DNN": 0.1352611238216848}, "2": {"AB": 0.10435752861474738, "AC": 0.10435752861474738, "DS": 0.10435752861474738, "DT": 0.10435752861474738, "GM": 0.10435752861474738, "GN": 0.10435752861474738, "GB": 0.10435752861474738, "KNN": 0.10435752861474738, "KM": 0.10435752861474738, "LR": 0.10435752861474738, "LRR": 0.10435752861474738, "LRL": 0.10435752861474738, "LRE": 0.10435752861474738, "LOG_R": 0.10435752861474738, "RF": 0.10435752861474738, "SVM": 0.10435752861474738, "DNN": 0.10435752861474738}, "3": {"AB": 0.10435752861474738, "AC": 0.10435752861474738, "DS": 0.10435752861474738, "DT": 0.10435752861474738, "GM": 0.10435752861474738, "GN": 0.10435752861474738, "GB": 0.10435752861474738, "KNN": 0.10435752861474738, "KM": 0.10435752861474738, "LR": 0.10435752861474738, "LRR": 0.10435752861474738, "LRL": 0.10435752861474738, "LRE": 0.10435752861474738, "LOG_R": 0.10435752861474738, "RF": 0.10435752861474738, "SVM": 0.10435752861474738, "DNN": 0.10435752861474738}, "4": {"AB": 0.09661508844406057, "AC": 0.09661508844406057, "DS": 0.09661508844406057, "DT": 0.09661508844406057, "GM": 0.09661508844406057, "GN": 0.09661508844406057, "GB": 0.09661508844406057, "KNN": 0.09661508844406057, "KM": 0.09661508844406057, "LR": 0.09661508844406057, "LRR": 0.09661508844406057, "LRL": 0.09661508844406057, "LRE": 0.09661508844406057, "LOG_R": 0.09661508844406057, "RF": 0.09661508844406057, "SVM": 0.09661508844406057, "DNN": 0.09661508844406057}, "0 + 1": {"AB": 0.18034816509557972, "AC": 0.18034816509557972, "DS": 0.18034816509557972, "DT": 0.18034816509557972, "GM": 0.18034816509557972, "GN": 0.18034816509557972, "GB": 0.18034816509557972, "KNN": 0.18034816509557972, "KM": 0.18034816509557972, "LR": 0.18034816509557972, "LRR": 0.18034816509557972, "LRL": 0.18034816509557972, "LRE": 0.18034816509557972, "LOG_R": 0.18034816509557972, "RF": 0.18034816509557972, "SVM": 0.18034816509557972, "DNN": 0.18034816509557972}, "0 + 2": {"AB": 0.1220656164494776, "AC": 0.1220656164494776, "DS": 0.1220656164494776, "DT": 0.1220656164494776, "GM": 0.1220656164494776, "GN": 0.1220656164494776, "GB": 0.1220656164494776, "KNN": 0.1220656164494776, "KM": 0.1220656164494776, "LR": 0.1220656164494776, "LRR": 0.1220656164494776, "LRL": 0.1220656164494776, "LRE": 0.1220656164494776, "LOG_R": 0.1220656164494776, "RF": 0.1220656164494776, "SVM": 0.1220656164494776, "DNN": 0.1220656164494776}, "0 + 3": {"AB": 0.1220656164494776, "AC": 0.1220656164494776, "DS": 0.1220656164494776, "DT": 0.1220656164494776, "GM": 0.1220656164494776, "GN": 0.1220656164494776, "GB": 0.1220656164494776, "KNN": 0.1220656164494776, "KM": 0.1220656164494776, "LR": 0.1220656164494776, "LRR": 0.1220656164494776, "LRL": 0.1220656164494776, "LRE": 0.1220656164494776, "LOG_R": 0.1220656164494776, "RF": 0.1220656164494776, "SVM": 0.1220656164494776, "DNN": 0.1220656164494776}, "0 + 4": {"AB": 0.14166863382698203, "AC": 0.14166863382698203, "DS": 0.14166863382698203, "DT": 0.14166863382698203, "GM": 0.14166863382698203, "GN": 0.14166863382698203, "GB": 0.14166863382698203, "KNN": 0.14166863382698203, "KM": 0.14166863382698203, "LR": 0.14166863382698203, "LRR": 0.14166863382698203, "LRL": 0.14166863382698203, "LRE": 0.14166863382698203, "LOG_R": 0.14166863382698203, "RF": 0.14166863382698203, "SVM": 0.14166863382698203, "DNN": 0.14166863382698203}, "1 + 2": {"AB": 0.1220656164494776, "AC": 0.1220656164494776, "DS": 0.1220656164494776, "DT": 0.1220656164494776, "GM": 0.1220656164494776, "GN": 0.1220656164494776, "GB": 0.1220656164494776, "KNN": 0.1220656164494776, "KM": 0.1220656164494776, "LR": 0.1220656164494776, "LRR": 0.1220656164494776, "LRL": 0.1220656164494776, "LRE": 0.1220656164494776, "LOG_R": 0.1220656164494776, "RF": 0.1220656164494776, "SVM": 0.1220656164494776, "DNN": 0.1220656164494776}, "1 + 3": {"AB": 0.1220656164494776, "AC": 0.1220656164494776, "DS": 0.1220656164494776, "DT": 0.1220656164494776, "GM": 0.1220656164494776, "GN": 0.1220656164494776, "GB": 0.1220656164494776, "KNN": 0.1220656164494776, "KM": 0.1220656164494776, "LR": 0.1220656164494776, "LRR": 0.1220656164494776, "LRL": 0.1220656164494776, "LRE": 0.1220656164494776, "LOG_R": 0.1220656164494776, "RF": 0.1220656164494776, "SVM": 0.1220656164494776, "DNN": 0.1220656164494776}, "1 + 4": {"AB": 0.14166863382698203, "AC": 0.14166863382698203, "DS": 0.14166863382698203, "DT": 0.14166863382698203, "GM": 0.14166863382698203, "GN": 0.14166863382698203, "GB": 0.14166863382698203, "KNN": 0.14166863382698203, "KM": 0.14166863382698203, "LR": 0.14166863382698203, "LRR": 0.14166863382698203, "LRL": 0.14166863382698203, "LRE": 0.14166863382698203, "LOG_R": 0.14166863382698203, "RF": 0.14166863382698203, "SVM": 0.14166863382698203, "DNN": 0.14166863382698203}, "2 + 3": {"AB": 0.13914337148632985, "AC": 0.13914337148632985, "DS": 0.13914337148632985, "DT": 0.13914337148632985, "GM": 0.13914337148632985, "GN": 0.13914337148632985, "GB": 0.13914337148632985, "KNN": 0.13914337148632985, "KM": 0.13914337148632985, "LR": 0.13914337148632985, "LRR": 0.13914337148632985, "LRL": 0.13914337148632985, "LRE": 0.13914337148632985, "LOG_R": 0.13914337148632985, "RF": 0.13914337148632985, "SVM": 0.13914337148632985, "DNN": 0.13914337148632985}, "2 + 4": {"AB": 0.11333559386491988, "AC": 0.11333559386491988, "DS": 0.11333559386491988, "DT": 0.11333559386491988, "GM": 0.11333559386491988, "GN": 0.11333559386491988, "GB": 0.11333559386491988, "KNN": 0.11333559386491988, "KM": 0.11333559386491988, "LR": 0.11333559386491988, "LRR": 0.11333559386491988, "LRL": 0.11333559386491988, "LRE": 0.11333559386491988, "LOG_R": 0.11333559386491988, "RF": 0.11333559386491988, "SVM": 0.11333559386491988, "DNN": 0.11333559386491988}, "3 + 4": {"AB": 0.11333559386491988, "AC": 0.11333559386491988, "DS": 0.11333559386491988, "DT": 0.11333559386491988, "GM": 0.11333559386491988, "GN": 0.11333559386491988, "GB": 0.11333559386491988, "KNN": 0.11333559386491988, "KM": 0.11333559386491988, "LR": 0.11333559386491988, "LRR": 0.11333559386491988, "LRL": 0.11333559386491988, "LRE": 0.11333559386491988, "LOG_R": 0.11333559386491988, "RF": 0.11333559386491988, "SVM": 0.11333559386491988, "DNN": 0.11333559386491988}, "0 + 1 + 2": {"AB": 0.1309196603668427, "AC": 0.1309196603668427, "DS": 0.1309196603668427, "DT": 0.1309196603668427, "GM": 0.1309196603668427, "GN": 0.1309196603668427, "GB": 0.1309196603668427, "KNN": 0.1309196603668427, "KM": 0.1309196603668427, "LR": 0.1309196603668427, "LRR": 0.1309196603668427, "LRL": 0.1309196603668427, "LRE": 0.1309196603668427, "LOG_R": 0.1309196603668427, "RF": 0.1309196603668427, "SVM": 0.1309196603668427, "DNN": 0.1309196603668427}, "0 + 1 + 3": {"AB": 0.1309196603668427, "AC": 0.1309196603668427, "DS": 0.1309196603668427, "DT": 0.1309196603668427, "GM": 0.1309196603668427, "GN": 0.1309196603668427, "GB": 0.1309196603668427, "KNN": 0.1309196603668427, "KM": 0.1309196603668427, "LR": 0.1309196603668427, "LRR": 0.1309196603668427, "LRL": 0.1309196603668427, "LRE": 0.1309196603668427, "LOG_R": 0.1309196603668427, "RF": 0.1309196603668427, "SVM": 0.1309196603668427, "DNN": 0.1309196603668427},