{"0": {"AB": 0.0, "AC": 0.0, "DS": 0.0, "DT": 0.0, "GM": 0.0, "GN": 0.0, "GB": 0.0, "KNN": 0.0, "KM": 0.0, "LR": 0.0, "LRR": 0.0, "LRL": 0.0, "LRE": 0.0, "LOG_R": 0.0, "RF": 0.0, "SVM": 0.0, "DNN": 0.0}, "1": {"AB": 0.0, "AC": 0.0, "DS": 0.0, "DT": 0.0, "GM": 0.0, "GN": 0.0, "GB": 0.0, "KNN": 0.0, "KM": 0.0, "LR": 0.0, "LRR": 0.0, "LRL": 0.0, "LRE": 0.0, "LOG_R": 0.0, "RF": 0.0, "SVM": 0.0, "DNN": 0.0}, "2": {"AB": 0.0, "AC": 0.0, "DS": 0.0, "DT": 0.0, "GM": 0.0, "GN": 0.0, "GB": 0.0, "KNN": 0.0, "KM": 0.0, "LR": 0.0, "LRR": 0.0, "LRL": 0.0, "LRE": 0.0, "LOG_R": 0.0, "RF": 0.0, "SVM": 0.0, "DNN": 0.0}, "3": {"AB": 0.0, "AC": 0.0, "DS": 0.0, "DT": 0.0, "GM": 0.0, "GN": 0.0, "GB": 0.0, "KNN": 0.0, "KM": 0.0, "LR": 0.0, "LRR": 0.0, "LRL": 0.0, "LRE": 0.0, "LOG_R": 0.0, "RF": 0.0, "SVM": 0.0, "DNN": 0.0}, "4": {"AB": 0.0, "AC": 0.0, "DS": 0.0, "DT": 0.0, "GM": 0.0, "GN": 0.0, "GB": 0.0, "KNN": 0.0, "KM": 0.0, "LR": 0.0, "LRR": 0.0, "LRL": 0.0, "LRE": 0.0, "LOG_R": 0.0, "RF": 0.0, "SVM": 0.0, "DNN": 0.0}, "0 + 1": {"AB": 0.019119766119372925, "AC": 0.019119766119372925, "DS": 0.019119766119372925, "DT": 0.019119766119372925, "GM": 0.019119766119372925, "GN": 0.019119766119372925, "GB": 0.019119766119372925, "KNN": 0.019119766119372925, "KM": 0.019119766119372925, "LR": 0.019119766119372925, "LRR": 0.019119766119372925, "LRL": 0.019119766119372925, "LRE": 0.019119766119372925, "LOG_R": 0.019119766119372925, "RF": 0.019119766119372925, "SVM": 0.019119766119372925, "DNN": 0.019119766119372925}, "0 + 2": {"AB": 0.03584956147382423, "AC": 0.03584956147382423, "DS": 0.03584956147382423, "DT": 0.03584956147382423, "GM": 0.03584956147382423, "GN": 0.03584956147382423, "GB": 0.03584956147382423, "KNN": 0.03584956147382423, "KM": 0.03584956147382423, "LR": 0.03584956147382423, "LRR": 0.03584956147382423, "LRL": 0.03584956147382423, "LRE": 0.03584956147382423, "LOG_R": 0.03584956147382423, "RF": 0.03584956147382423, "SVM": 0.03584956147382423, "DNN": 0.03584956147382423}, "0 + 3": {"AB": 0.03584956147382423, "AC": 0.03584956147382423, "DS": 0.03584956147382423, "DT": 0.03584956147382423, "GM": 0.03584956147382423, "GN": 0.03584956147382423, "GB": 0.03584956147382423, "KNN": 0.03584956147382423, "KM": 0.03584956147382423, "LR": 0.03584956147382423, "LRR": 0.03584956147382423, "LRL": 0.03584956147382423, "LRE": 0.03584956147382423, "LOG_R": 0.03584956147382423, "RF": 0.03584956147382423, "SVM": 0.03584956147382423, "DNN": 0.03584956147382423}, "0 + 4": {"AB": 0.05018938606335392, "AC": 0.05018938606335392, "DS": 0.05018938606335392, "DT": 0.05018938606335392, "GM": 0.05018938606335392, "GN": 0.05018938606335392, "GB": 0.05018938606335392, "KNN": 0.05018938606335392, "KM": 0.05018938606335392, "LR": 0.05018938606335392, "LRR": 0.05018938606335392, "LRL": 0.05018938606335392, "LRE": 0.05018938606335392, "LOG_R": 0.05018938606335392, "RF": 0.05018938606335392, "SVM": 0.05018938606335392, "DNN": 0.05018938606335392}, "1 + 2": {"AB": 0.016729795354451307, "AC": 0.016729795354451307, "DS": 0.016729795354451307, "DT": 0.016729795354451307, "GM": 0.016729795354451307, "GN": 0.016729795354451307, "GB": 0.016729795354451307, "KNN": 0.016729795354451307, "KM": 0.016729795354451307, "LR": 0.016729795354451307, "LRR": 0.016729795354451307, "LRL": 0.016729795354451307, "LRE": 0.016729795354451307, "LOG_R": 0.016729795354451307, "RF": 0.016729795354451307, "SVM": 0.016729795354451307, "DNN": 0.016729795354451307}, "1 + 3": {"AB": 0.016729795354451307, "AC": 0.016729795354451307, "DS": 0.016729795354451307, "DT": 0.016729795354451307, "GM": 0.016729795354451307, "GN": 0.016729795354451307, "GB": 0.016729795354451307, "KNN": 0.016729795354451307, "KM": 0.016729795354451307, "LR": 0.016729795354451307, "LRR": 0.016729795354451307, "LRL": 0.016729795354451307, "LRE": 0.016729795354451307, "LOG_R": 0.016729795354451307, "RF": 0.016729795354451307, "SVM": 0.016729795354451307, "DNN": 0.016729795354451307}, "1 + 4": {"AB": 0.031069619943980997, "AC": 0.031069619943980997, "DS": 0.031069619943980997, "DT": 0.031069619943980997, "GM": 0.031069619943980997, "GN": 0.031069619943980997, "GB": 0.031069619943980997, "KNN": 0.031069619943980997, "KM": 0.031069619943980997, "LR": 0.031069619943980997, "LRR": 0.031069619943980997, "LRL": 0.031069619943980997, "LRE": 0.031069619943980997, "LOG_R": 0.031069619943980997, "RF": 0.031069619943980997, "SVM": 0.031069619943980997, "DNN": 0.031069619943980997}, "2 + 3": {"AB": 0.0, "AC": 0.0, "DS": 0.0, "DT": 0.0, "GM": 0.0, "GN": 0.0, "GB": 0.0, "KNN": 0.0, "KM": 0.0, "LR": 0.0, "LRR": 0.0, "LRL": 0.0, "LRE": 0.0, "LOG_R": 0.0, "RF": 0.0, "SVM": 0.0, "DNN": 0.0}, "2 + 4": {"AB": 0.01433982458952969, "AC": 0.01433982458952969, "DS": 0.01433982458952969, "DT": 0.01433982458952969, "GM": 0.01433982458952969, "GN": 0.01433982458952969, "GB": 0.01433982458952969, "KNN": 0.01433982458952969, "KM": 0.01433982458952969, "LR": 0.01433982458952969, "LRR": 0.01433982458952969, "LRL": 0.01433982458952969, "LRE": 0.01433982458952969, "LOG_R": 0.01433982458952969, "RF": 0.01433982458952969, "SVM": 0.01433982458952969, "DNN": 0.01433982458952969}, "3 + 4": {"AB": 0.01433982458952969, "AC": 0.01433982458952969, "DS": 0.01433982458952969, "DT": 0.01433982458952969, "GM": 0.01433982458952969, "GN": 0.01433982458952969, "GB": 0.01433982458952969, "KNN": 0.01433982458952969, "KM": 0.01433982458952969, "LR": 0.01433982458952969, "LRR": 0.01433982458952969, "LRL": 0.01433982458952969, "LRE": 0.01433982458952969, "LOG_R": 0.01433982458952969, "RF": 0.01433982458952969, "SVM": 0.01433982458952969, "DNN": 0.01433982458952969}, "0 + 1 + 2": {"AB": 0.02628967841413777, "AC": 0.02628967841413777, "DS": 0.02628967841413777, "DT": 0.02628967841413777, "GM": 0.02628967841413777, "GN": 0.02628967841413777, "GB": 0.02628967841413777, "KNN": 0.02628967841413777, "KM": 0.02628967841413777, "LR": 0.02628967841413777, "LRR": 0.02628967841413777, "LRL": 0.02628967841413777, "LRE": 0.02628967841413777, "LOG_R": 0.02628967841413777, "RF": 0.02628967841413777, "SVM": 0.02628967841413777, "DNN": 0.02628967841413777}, "0 + 1 + 3": {"AB": 0.02628967841413777, "AC": 0.02628967841413777, "DS": 0.02628967841413777, "DT": 0.02628967841413777, "GM": 0.02628967841413777, "GN": 0.02628967841413777, "GB": 0.02628967841413777, "KNN": 0.02628967841413777, "KM": 0.02628967841413777, "LR": 0.02628967841413777, "LRR": 0.02628967841413777, "LRL": 0.02628967841413777, "LRE": 0.02628967841413777, "LOG_R": 0.02628967841413777, "RF": 0.02628967841413777, "SVM": 0.02628967841413777, "DNN": 0.02628967841413777}, "0 + 1 + 4": {"AB": 0.04062950300366746, "AC": 0.04062950300366746, "DS": 0.04062950300366746, "DT": 0.04062950300366746, "GM": 0.04062950300366746, "GN": 0.04062950300366746, "GB": 0.04062950300366746, "KNN": 0.04062950300366746, "KM": 0.04062950300366746, "LR": 0.04062950300366746, "LRR": 0.04062950300366746, "LRL": 0.04062950300366746, "LRE": 0.04062950300366746, "LOG_R": 0.04062950300366746, "RF": 0.04062950300366746, "SVM": 0.04062950300366746, "DNN": 0.04062950300366746}, "0 + 2 + 3": {"AB": 0.017924780736912116, "AC": 0.017924780736912116, "DS": 0.017924780736912116, "DT": 0.017924780736912116, "GM": 0.017924780736912116, "GN": 0.017924780736912116, "GB": 0.017924780736912116, "KNN": 0.017924780736912116, "KM": 0.017924780736912116, "LR": 0.017924780736912116, "LRR": 0.017924780736912116, "LRL": 0.017924780736912116, "LRE": 0.017924780736912116, "LOG_R": 0.017924780736912116, "RF": 0.017924780736912116, "SVM": 0.017924780736912116, "DNN": 0.017924780736912116}, "0 + 2 + 4": {"AB": 0.032264605326441806, "AC": 0.032264605326441806, "DS": 0.032264605326441806, "DT": 0.032264605326441806, "GM": 0.032264605326441806, "GN": 0.032264605326441806, "GB": 0.032264605326441806, "KNN": 0.032264605326441806, "KM": 0.032264605326441806, "LR": 0.032264605326441806, "LRR": 0.032264605326441806, "LRL": 0.032264605326441806, "LRE": 0.032264605326441806, "LOG_R": 0.032264605326441806, "RF": 0.032264605326441806,