{"0": {"AB": 0.05735929835811876, "AC": 0.05735929835811876, "DS": 0.05735929835811876, "DT": 0.05735929835811876, "GM": 0.05735929835811876, "GN": 0.05735929835811876, "GB": 0.05735929835811876, "KNN": 0.05735929835811876, "KM": 0.05735929835811876, "LR": 0.05735929835811876, "LRR": 0.05735929835811876, "LRL": 0.05735929835811876, "LRE": 0.05735929835811876, "LOG_R": 0.05735929835811876, "RF": 0.05735929835811876, "SVM": 0.05735929835811876, "DNN": 0.05735929835811876}, "1": {"AB": 0.052441906550200666, "AC": 0.052441906550200666, "DS": 0.052441906550200666, "DT": 0.052441906550200666, "GM": 0.052441906550200666, "GN": 0.052441906550200666, "GB": 0.052441906550200666, "KNN": 0.052441906550200666, "KM": 0.052441906550200666, "LR": 0.052441906550200666, "LRR": 0.052441906550200666, "LRL": 0.052441906550200666, "LRE": 0.052441906550200666, "LOG_R": 0.052441906550200666, "RF": 0.052441906550200666, "SVM": 0.052441906550200666, "DNN": 0.052441906550200666}, "2": {"AB": 0.0510972422796827, "AC": 0.0510972422796827, "DS": 0.0510972422796827, "DT": 0.0510972422796827, "GM": 0.0510972422796827, "GN": 0.0510972422796827, "GB": 0.0510972422796827, "KNN": 0.0510972422796827, "KM": 0.0510972422796827, "LR": 0.0510972422796827, "LRR": 0.0510972422796827, "LRL": 0.0510972422796827, "LRE": 0.0510972422796827, "LOG_R": 0.0510972422796827, "RF": 0.0510972422796827, "SVM": 0.0510972422796827, "DNN": 0.0510972422796827}, "3": {"AB": 0.04975257800916474, "AC": 0.04975257800916474, "DS": 0.04975257800916474, "DT": 0.04975257800916474, "GM": 0.04975257800916474, "GN": 0.04975257800916474, "GB": 0.04975257800916474, "KNN": 0.04975257800916474, "KM": 0.04975257800916474, "LR": 0.04975257800916474, "LRR": 0.04975257800916474, "LRL": 0.04975257800916474, "LRE": 0.04975257800916474, "LOG_R": 0.04975257800916474, "RF": 0.04975257800916474, "SVM": 0.04975257800916474, "DNN": 0.04975257800916474}, "4": {"AB": 0.04975257800916474, "AC": 0.04975257800916474, "DS": 0.04975257800916474, "DT": 0.04975257800916474, "GM": 0.04975257800916474, "GN": 0.04975257800916474, "GB": 0.04975257800916474, "KNN": 0.04975257800916474, "KM": 0.04975257800916474, "LR": 0.04975257800916474, "LRR": 0.04975257800916474, "LRL": 0.04975257800916474, "LRE": 0.04975257800916474, "LOG_R": 0.04975257800916474, "RF": 0.04975257800916474, "SVM": 0.04975257800916474, "DNN": 0.04975257800916474}, "0 + 1": {"AB": 0.06536096867697702, "AC": 0.06536096867697702, "DS": 0.06536096867697702, "DT": 0.06536096867697702, "GM": 0.06536096867697702, "GN": 0.06536096867697702, "GB": 0.06536096867697702, "KNN": 0.06536096867697702, "KM": 0.06536096867697702, "LR": 0.06536096867697702, "LRR": 0.06536096867697702, "LRL": 0.06536096867697702, "LRE": 0.06536096867697702, "LOG_R": 0.06536096867697702, "RF": 0.06536096867697702, "SVM": 0.06536096867697702, "DNN": 0.06536096867697702}, "0 + 2": {"AB": 0.06446452582996504, "AC": 0.06446452582996504, "DS": 0.06446452582996504, "DT": 0.06446452582996504, "GM": 0.06446452582996504, "GN": 0.06446452582996504, "GB": 0.06446452582996504, "KNN": 0.06446452582996504, "KM": 0.06446452582996504, "LR": 0.06446452582996504, "LRR": 0.06446452582996504, "LRL": 0.06446452582996504, "LRE": 0.06446452582996504, "LOG_R": 0.06446452582996504, "RF": 0.06446452582996504, "SVM": 0.06446452582996504, "DNN": 0.06446452582996504}, "0 + 3": {"AB": 0.06356808298295305, "AC": 0.06356808298295305, "DS": 0.06356808298295305, "DT": 0.06356808298295305, "GM": 0.06356808298295305, "GN": 0.06356808298295305, "GB": 0.06356808298295305, "KNN": 0.06356808298295305, "KM": 0.06356808298295305, "LR": 0.06356808298295305, "LRR": 0.06356808298295305, "LRL": 0.06356808298295305, "LRE": 0.06356808298295305, "LOG_R": 0.06356808298295305, "RF": 0.06356808298295305, "SVM": 0.06356808298295305, "DNN": 0.06356808298295305}, "0 + 4": {"AB": 0.06356808298295305, "AC": 0.06356808298295305, "DS": 0.06356808298295305, "DT": 0.06356808298295305, "GM": 0.06356808298295305, "GN": 0.06356808298295305, "GB": 0.06356808298295305, "KNN": 0.06356808298295305, "KM": 0.06356808298295305, "LR": 0.06356808298295305, "LRR": 0.06356808298295305, "LRL": 0.06356808298295305, "LRE": 0.06356808298295305, "LOG_R": 0.06356808298295305, "RF": 0.06356808298295305, "SVM": 0.06356808298295305, "DNN": 0.06356808298295305}, "1 + 2": {"AB": 0.06883855934035697, "AC": 0.06883855934035697, "DS": 0.06883855934035697, "DT": 0.06883855934035697, "GM": 0.06883855934035697, "GN": 0.06883855934035697, "GB": 0.06883855934035697, "KNN": 0.06883855934035697, "KM": 0.06883855934035697, "LR": 0.06883855934035697, "LRR": 0.06883855934035697, "LRL": 0.06883855934035697, "LRE": 0.06883855934035697, "LOG_R": 0.06883855934035697, "RF": 0.06883855934035697, "SVM": 0.06883855934035697, "DNN": 0.06883855934035697}, "1 + 3": {"AB": 0.0677555826185784, "AC": 0.0677555826185784, "DS": 0.0677555826185784, "DT": 0.0677555826185784, "GM": 0.0677555826185784, "GN": 0.0677555826185784, "GB": 0.0677555826185784, "KNN": 0.0677555826185784, "KM": 0.0677555826185784, "LR": 0.0677555826185784, "LRR": 0.0677555826185784, "LRL": 0.0677555826185784, "LRE": 0.0677555826185784, "LOG_R": 0.0677555826185784, "RF": 0.0677555826185784, "SVM": 0.0677555826185784, "DNN": 0.0677555826185784}, "1 + 4": {"AB": 0.0677555826185784, "AC": 0.0677555826185784, "DS": 0.0677555826185784, "DT": 0.0677555826185784, "GM": 0.0677555826185784, "GN": 0.0677555826185784, "GB": 0.0677555826185784, "KNN": 0.0677555826185784, "KM": 0.0677555826185784, "LR": 0.0677555826185784, "LRR": 0.0677555826185784, "LRL": 0.0677555826185784, "LRE": 0.0677555826185784, "LOG_R": 0.0677555826185784, "RF": 0.0677555826185784, "SVM": 0.0677555826185784, "DNN": 0.0677555826185784}, "2 + 3": {"AB": 0.06705048236119367, "AC": 0.06705048236119367, "DS": 0.06705048236119367, "DT": 0.06705048236119367, "GM": 0.06705048236119367, "GN": 0.06705048236119367, "GB": 0.06705048236119367, "KNN": 0.06705048236119367, "KM": 0.06705048236119367, "LR": 0.06705048236119367, "LRR": 0.06705048236119367, "LRL": 0.06705048236119367, "LRE": 0.06705048236119367, "LOG_R": 0.06705048236119367, "RF": 0.06705048236119367, "SVM": 0.06705048236119367, "DNN": 0.06705048236119367}, "2 + 4": {"AB": 0.06705048236119367, "AC": 0.06705048236119367, "DS": 0.06705048236119367, "DT": 0.06705048236119367, "GM": 0.06705048236119367, "GN": 0.06705048236119367, "GB": 0.06705048236119367, "KNN": 0.06705048236119367, "KM": 0.06705048236119367, "LR": 0.06705048236119367, "LRR": 0.06705048236119367, "LRL": 0.06705048236119367, "LRE": 0.06705048236119367, "LOG_R": 0.06705048236119367, "RF": 0.06705048236119367, "SVM": 0.06705048236119367, "DNN": 0.06705048236119367}, "3 + 4": {"AB": 0.06633677067888631, "AC": 0.06633677067888631, "DS": 0.06633677067888631, "DT": 0.06633677067888631, "GM": 0.06633677067888631, "GN": 0.06633677067888631, "GB": 0.06633677067888631, "KNN": 0.06633677067888631, "KM": 0.06633677067888631, "LR": 0.06633677067888631, "LRR": 0.06633677067888631, "LRL": 0.06633677067888631, "LRE": 0.06633677067888631, "LOG_R": 0.06633677067888631, "RF": 0.06633677067888631, "SVM": 0.06633677067888631, "DNN": 0.06633677067888631}, "0 + 1 + 2": {"AB": 0.07442869273790016, "AC": 0.07442869273790016, "DS": 0.07442869273790016, "DT": 0.07442869273790016, "GM": 0.07442869273790016, "GN": 0.07442869273790016, "GB": 0.07442869273790016, "KNN": 0.07442869273790016, "KM": 0.07442869273790016, "LR": 0.07442869273790016, "LRR": 0.07442869273790016, "LRL": 0.07442869273790016, "LRE": 0.07442869273790016, "LOG_R": 0.07442869273790016, "RF": 0.07442869273790016, "SVM": 0.07442869273790016, "DNN": 0.07442869273790016}, "0 + 1 + 3": {"AB": 0.07361646019656623, "AC": 0.07361646019656623, "DS": 0.07361646019656623, "DT": 0.07361646019656623, "GM": 0.07361646019656623, "GN": 0.07361646019656623, "GB": 0.07361646019656623, "KNN": 0.07361646019656623, "KM": 0.07361646019656623, "LR": 0.07361646019656623, "LRR": 0.07361646019656623, "LRL": 0.07361646019656623, "LRE": 0.07361646019656623,