{"0": {"AB": 0.0, "AC": 0.0, "DS": 0.0, "DT": 0.0, "GM": 0.0, "GN": 0.0, "GB": 0.0, "KNN": 0.0, "KM": 0.0, "LR": 0.0, "LRR": 0.0, "LRL": 0.0, "LRE": 0.0, "LOG_R": 0.0, "RF": 0.0, "SVM": 0.0, "DNN": 0.0}, "1": {"AB": 0.0, "AC": 0.0, "DS": 0.0, "DT": 0.0, "GM": 0.0, "GN": 0.0, "GB": 0.0, "KNN": 0.0, "KM": 0.0, "LR": 0.0, "LRR": 0.0, "LRL": 0.0, "LRE": 0.0, "LOG_R": 0.0, "RF": 0.0, "SVM": 0.0, "DNN": 0.0}, "2": {"AB": 0.0, "AC": 0.0, "DS": 0.0, "DT": 0.0, "GM": 0.0, "GN": 0.0, "GB": 0.0, "KNN": 0.0, "KM": 0.0, "LR": 0.0, "LRR": 0.0, "LRL": 0.0, "LRE": 0.0, "LOG_R": 0.0, "RF": 0.0, "SVM": 0.0, "DNN": 0.0}, "3": {"AB": 0.0, "AC": 0.0, "DS": 0.0, "DT": 0.0, "GM": 0.0, "GN": 0.0, "GB": 0.0, "KNN": 0.0, "KM": 0.0, "LR": 0.0, "LRR": 0.0, "LRL": 0.0, "LRE": 0.0, "LOG_R": 0.0, "RF": 0.0, "SVM": 0.0, "DNN": 0.0}, "4": {"AB": 0.0, "AC": 0.0, "DS": 0.0, "DT": 0.0, "GM": 0.0, "GN": 0.0, "GB": 0.0, "KNN": 0.0, "KM": 0.0, "LR": 0.0, "LRR": 0.0, "LRL": 0.0, "LRE": 0.0, "LOG_R": 0.0, "RF": 0.0, "SVM": 0.0, "DNN": 0.0}, "0 + 1": {"AB": 0.09320885983194299, "AC": 0.09320885983194299, "DS": 0.09320885983194299, "DT": 0.09320885983194299, "GM": 0.09320885983194299, "GN": 0.09320885983194299, "GB": 0.09320885983194299, "KNN": 0.09320885983194299, "KM": 0.09320885983194299, "LR": 0.09320885983194299, "LRR": 0.09320885983194299, "LRL": 0.09320885983194299, "LRE": 0.09320885983194299, "LOG_R": 0.09320885983194299, "RF": 0.09320885983194299, "SVM": 0.09320885983194299, "DNN": 0.09320885983194299}, "0 + 2": {"AB": 0.09320885983194299, "AC": 0.09320885983194299, "DS": 0.09320885983194299, "DT": 0.09320885983194299, "GM": 0.09320885983194299, "GN": 0.09320885983194299, "GB": 0.09320885983194299, "KNN": 0.09320885983194299, "KM": 0.09320885983194299, "LR": 0.09320885983194299, "LRR": 0.09320885983194299, "LRL": 0.09320885983194299, "LRE": 0.09320885983194299, "LOG_R": 0.09320885983194299, "RF": 0.09320885983194299, "SVM": 0.09320885983194299, "DNN": 0.09320885983194299}, "0 + 3": {"AB": 0.019119766119372925, "AC": 0.019119766119372925, "DS": 0.019119766119372925, "DT": 0.019119766119372925, "GM": 0.019119766119372925, "GN": 0.019119766119372925, "GB": 0.019119766119372925, "KNN": 0.019119766119372925, "KM": 0.019119766119372925, "LR": 0.019119766119372925, "LRR": 0.019119766119372925, "LRL": 0.019119766119372925, "LRE": 0.019119766119372925, "LOG_R": 0.019119766119372925, "RF": 0.019119766119372925, "SVM": 0.019119766119372925, "DNN": 0.019119766119372925}, "0 + 4": {"AB": 0.09320885983194299, "AC": 0.09320885983194299, "DS": 0.09320885983194299, "DT": 0.09320885983194299, "GM": 0.09320885983194299, "GN": 0.09320885983194299, "GB": 0.09320885983194299, "KNN": 0.09320885983194299, "KM": 0.09320885983194299, "LR": 0.09320885983194299, "LRR": 0.09320885983194299, "LRL": 0.09320885983194299, "LRE": 0.09320885983194299, "LOG_R": 0.09320885983194299, "RF": 0.09320885983194299, "SVM": 0.09320885983194299, "DNN": 0.09320885983194299}, "1 + 2": {"AB": 0.0, "AC": 0.0, "DS": 0.0, "DT": 0.0, "GM": 0.0, "GN": 0.0, "GB": 0.0, "KNN": 0.0, "KM": 0.0, "LR": 0.0, "LRR": 0.0, "LRL": 0.0, "LRE": 0.0, "LOG_R": 0.0, "RF": 0.0, "SVM": 0.0, "DNN": 0.0}, "1 + 3": {"AB": 0.07408909371257007, "AC": 0.07408909371257007, "DS": 0.07408909371257007, "DT": 0.07408909371257007, "GM": 0.07408909371257007, "GN": 0.07408909371257007, "GB": 0.07408909371257007, "KNN": 0.07408909371257007, "KM": 0.07408909371257007, "LR": 0.07408909371257007, "LRR": 0.07408909371257007, "LRL": 0.07408909371257007, "LRE": 0.07408909371257007, "LOG_R": 0.07408909371257007, "RF": 0.07408909371257007, "SVM": 0.07408909371257007, "DNN": 0.07408909371257007}, "1 + 4": {"AB": 0.016135971246215602, "AC": 0.016135971246215602, "DS": 0.016135971246215602, "DT": 0.016135971246215602, "GM": 0.016135971246215602, "GN": 0.016135971246215602, "GB": 0.016135971246215602, "KNN": 0.016135971246215602, "KM": 0.016135971246215602, "LR": 0.016135971246215602, "LRR": 0.016135971246215602, "LRL": 0.016135971246215602, "LRE": 0.016135971246215602, "LOG_R": 0.016135971246215602, "RF": 0.016135971246215602, "SVM": 0.016135971246215602, "DNN": 0.016135971246215602}, "2 + 3": {"AB": 0.07408909371257007, "AC": 0.07408909371257007, "DS": 0.07408909371257007, "DT": 0.07408909371257007, "GM": 0.07408909371257007, "GN": 0.07408909371257007, "GB": 0.07408909371257007, "KNN": 0.07408909371257007, "KM": 0.07408909371257007, "LR": 0.07408909371257007, "LRR": 0.07408909371257007, "LRL": 0.07408909371257007, "LRE": 0.07408909371257007, "LOG_R": 0.07408909371257007, "RF": 0.07408909371257007, "SVM": 0.07408909371257007, "DNN": 0.07408909371257007}, "2 + 4": {"AB": 0.016135971246215602, "AC": 0.016135971246215602, "DS": 0.016135971246215602, "DT": 0.016135971246215602, "GM": 0.016135971246215602, "GN": 0.016135971246215602, "GB": 0.016135971246215602, "KNN": 0.016135971246215602, "KM": 0.016135971246215602, "LR": 0.016135971246215602, "LRR": 0.016135971246215602, "LRL": 0.016135971246215602, "LRE": 0.016135971246215602, "LOG_R": 0.016135971246215602, "RF": 0.016135971246215602, "SVM": 0.016135971246215602, "DNN": 0.016135971246215602}, "3 + 4": {"AB": 0.07408909371257007, "AC": 0.07408909371257007, "DS": 0.07408909371257007, "DT": 0.07408909371257007, "GM": 0.07408909371257007, "GN": 0.07408909371257007, "GB": 0.07408909371257007, "KNN": 0.07408909371257007, "KM": 0.07408909371257007, "LR": 0.07408909371257007, "LRR": 0.07408909371257007, "LRL": 0.07408909371257007, "LRE": 0.07408909371257007, "LOG_R": 0.07408909371257007, "RF": 0.07408909371257007, "SVM": 0.07408909371257007, "DNN": 0.07408909371257007}, "0 + 1 + 2": {"AB": 0.046604429915971496, "AC": 0.046604429915971496, "DS": 0.046604429915971496, "DT": 0.046604429915971496, "GM": 0.046604429915971496, "GN": 0.046604429915971496, "GB": 0.046604429915971496, "KNN": 0.046604429915971496, "KM": 0.046604429915971496, "LR": 0.046604429915971496, "LRR": 0.046604429915971496, "LRL": 0.046604429915971496, "LRE": 0.046604429915971496, "LOG_R": 0.046604429915971496, "RF": 0.046604429915971496, "SVM": 0.046604429915971496, "DNN": 0.046604429915971496}, "0 + 1 + 3": {"AB": 0.08364897677225652, "AC": 0.08364897677225652, "DS": 0.08364897677225652, "DT": 0.08364897677225652, "GM": 0.08364897677225652, "GN": 0.08364897677225652, "GB": 0.08364897677225652, "KNN": 0.08364897677225652, "KM": 0.08364897677225652, "LR": 0.08364897677225652, "LRR": 0.08364897677225652, "LRL": 0.08364897677225652, "LRE": 0.08364897677225652, "LOG_R": 0.08364897677225652, "RF": 0.08364897677225652, "SVM": 0.08364897677225652, "DNN": 0.08364897677225652}, "0 + 1 + 4": {"AB": 0.0546724155390793, "AC": 0.0546724155390793, "DS": 0.0546724155390793, "DT": 0.0546724155390793, "GM": 0.0546724155390793, "GN": 0.0546724155390793, "GB": 0.0546724155390793, "KNN": 0.0546724155390793, "KM": 0.0546724155390793, "LR": 0.0546724155390793, "LRR": 0.0546724155390793, "LRL": 0.0546724155390793, "LRE": 0.0546724155390793, "LOG_R": 0.0546724155390793, "RF": 0.0546724155390793, "SVM": 0.0546724155390793, "DNN": 0.0546724155390793}, "0 + 2 + 3": {"AB": 0.08364897677225652, "AC": 0.08364897677225652, "DS": 0.08364897677225652, "DT": 0.08364897677225652, "GM": 0.08364897677225652, "GN": 0.08364897677225652, "GB": 0.08364897677225652, "KNN": 0.08364897677225652, "KM": 0.08364897677225652, "LR": 0.08364897677225652, "LRR": 0.08364897677225652, "LRL": 0.08364897677225652, "LRE": 0.08364897677225652, "LOG_R": 0.08364897677225652, "RF": 0.08364897677225652, "SVM": 0.08364897677225652, "DNN": 0.08364897677225652}, "0 + 2 + 4": {"AB": 0.0546724155390793, "AC": 0.0546724155390793, "DS": 0.0546724155390793, "DT": 0.0546724155390793, "GM": 0.0546724155390793, "GN": 0.0546724155390793, "GB": 0.0546724155390793, "KNN": 0.0546724155390793, "KM": 0.0546724155390793, "LR": 0.0546724155390793, "LRR": 0.0546724155390793, "LRL": 0.0546724155390793, "LRE": 0.0546724155390793, "LOG_R": 0.0546724155390793, "RF": 0.0546724155390793, "SVM": 0.0546724155390793, "DNN": 0.0546724155390793},