{"0": {"AB": 0.11494499939251568, "AC": 0.11494499939251568, "DS": 0.11494499939251568, "DT": 0.11494499939251568, "GM": 0.11494499939251568, "GN": 0.11494499939251568, "GB": 0.11494499939251568, "KNN": 0.11494499939251568, "KM": 0.11494499939251568, "LR": 0.11494499939251568, "LRR": 0.11494499939251568, "LRL": 0.11494499939251568, "LRE": 0.11494499939251568, "LOG_R": 0.11494499939251568, "RF": 0.11494499939251568, "SVM": 0.11494499939251568, "DNN": 0.11494499939251568}, "1": {"AB": 0.10536624944313937, "AC": 0.10536624944313937, "DS": 0.10536624944313937, "DT": 0.10536624944313937, "GM": 0.10536624944313937, "GN": 0.10536624944313937, "GB": 0.10536624944313937, "KNN": 0.10536624944313937, "KM": 0.10536624944313937, "LR": 0.10536624944313937, "LRR": 0.10536624944313937, "LRL": 0.10536624944313937, "LRE": 0.10536624944313937, "LOG_R": 0.10536624944313937, "RF": 0.10536624944313937, "SVM": 0.10536624944313937, "DNN": 0.10536624944313937}, "2": {"AB": 0.10057687446845122, "AC": 0.10057687446845122, "DS": 0.10057687446845122, "DT": 0.10057687446845122, "GM": 0.10057687446845122, "GN": 0.10057687446845122, "GB": 0.10057687446845122, "KNN": 0.10057687446845122, "KM": 0.10057687446845122, "LR": 0.10057687446845122, "LRR": 0.10057687446845122, "LRL": 0.10057687446845122, "LRE": 0.10057687446845122, "LOG_R": 0.10057687446845122, "RF": 0.10057687446845122, "SVM": 0.10057687446845122, "DNN": 0.10057687446845122}, "3": {"AB": 0.08141937456969861, "AC": 0.08141937456969861, "DS": 0.08141937456969861, "DT": 0.08141937456969861, "GM": 0.08141937456969861, "GN": 0.08141937456969861, "GB": 0.08141937456969861, "KNN": 0.08141937456969861, "KM": 0.08141937456969861, "LR": 0.08141937456969861, "LRR": 0.08141937456969861, "LRL": 0.08141937456969861, "LRE": 0.08141937456969861, "LOG_R": 0.08141937456969861, "RF": 0.08141937456969861, "SVM": 0.08141937456969861, "DNN": 0.08141937456969861}, "4": {"AB": 0.08141937456969861, "AC": 0.08141937456969861, "DS": 0.08141937456969861, "DT": 0.08141937456969861, "GM": 0.08141937456969861, "GN": 0.08141937456969861, "GB": 0.08141937456969861, "KNN": 0.08141937456969861, "KM": 0.08141937456969861, "LR": 0.08141937456969861, "LRR": 0.08141937456969861, "LRL": 0.08141937456969861, "LRE": 0.08141937456969861, "LOG_R": 0.08141937456969861, "RF": 0.08141937456969861, "SVM": 0.08141937456969861, "DNN": 0.08141937456969861}, "0 + 1": {"AB": 0.14399362384256223, "AC": 0.14399362384256223, "DS": 0.14399362384256223, "DT": 0.14399362384256223, "GM": 0.14399362384256223, "GN": 0.14399362384256223, "GB": 0.14399362384256223, "KNN": 0.14399362384256223, "KM": 0.14399362384256223, "LR": 0.14399362384256223, "LRR": 0.14399362384256223, "LRL": 0.14399362384256223, "LRE": 0.14399362384256223, "LOG_R": 0.14399362384256223, "RF": 0.14399362384256223, "SVM": 0.14399362384256223, "DNN": 0.14399362384256223}, "0 + 2": {"AB": 0.13940129934457093, "AC": 0.13940129934457093, "DS": 0.13940129934457093, "DT": 0.13940129934457093, "GM": 0.13940129934457093, "GN": 0.13940129934457093, "GB": 0.13940129934457093, "KNN": 0.13940129934457093, "KM": 0.13940129934457093, "LR": 0.13940129934457093, "LRR": 0.13940129934457093, "LRL": 0.13940129934457093, "LRE": 0.13940129934457093, "LOG_R": 0.13940129934457093, "RF": 0.13940129934457093, "SVM": 0.13940129934457093, "DNN": 0.13940129934457093}, "0 + 3": {"AB": 0.1212925502091448, "AC": 0.1212925502091448, "DS": 0.1212925502091448, "DT": 0.1212925502091448, "GM": 0.1212925502091448, "GN": 0.1212925502091448, "GB": 0.1212925502091448, "KNN": 0.1212925502091448, "KM": 0.1212925502091448, "LR": 0.1212925502091448, "LRR": 0.1212925502091448, "LRL": 0.1212925502091448, "LRE": 0.1212925502091448, "LOG_R": 0.1212925502091448, "RF": 0.1212925502091448, "SVM": 0.1212925502091448, "DNN": 0.1212925502091448}, "0 + 4": {"AB": 0.1212925502091448, "AC": 0.1212925502091448, "DS": 0.1212925502091448, "DT": 0.1212925502091448, "GM": 0.1212925502091448, "GN": 0.1212925502091448, "GB": 0.1212925502091448, "KNN": 0.1212925502091448, "KM": 0.1212925502091448, "LR": 0.1212925502091448, "LRR": 0.1212925502091448, "LRL": 0.1212925502091448, "LRE": 0.1212925502091448, "LOG_R": 0.1212925502091448, "RF": 0.1212925502091448, "SVM": 0.1212925502091448, "DNN": 0.1212925502091448}, "1 + 2": {"AB": 0.13596252155954983, "AC": 0.13596252155954983, "DS": 0.13596252155954983, "DT": 0.13596252155954983, "GM": 0.13596252155954983, "GN": 0.13596252155954983, "GB": 0.13596252155954983, "KNN": 0.13596252155954983, "KM": 0.13596252155954983, "LR": 0.13596252155954983, "LRR": 0.13596252155954983, "LRL": 0.13596252155954983, "LRE": 0.13596252155954983, "LOG_R": 0.13596252155954983, "RF": 0.13596252155954983, "SVM": 0.13596252155954983, "DNN": 0.13596252155954983}, "1 + 3": {"AB": 0.11810744247602933, "AC": 0.11810744247602933, "DS": 0.11810744247602933, "DT": 0.11810744247602933, "GM": 0.11810744247602933, "GN": 0.11810744247602933, "GB": 0.11810744247602933, "KNN": 0.11810744247602933, "KM": 0.11810744247602933, "LR": 0.11810744247602933, "LRR": 0.11810744247602933, "LRL": 0.11810744247602933, "LRE": 0.11810744247602933, "LOG_R": 0.11810744247602933, "RF": 0.11810744247602933, "SVM": 0.11810744247602933, "DNN": 0.11810744247602933}, "1 + 4": {"AB": 0.11810744247602933, "AC": 0.11810744247602933, "DS": 0.11810744247602933, "DT": 0.11810744247602933, "GM": 0.11810744247602933, "GN": 0.11810744247602933, "GB": 0.11810744247602933, "KNN": 0.11810744247602933, "KM": 0.11810744247602933, "LR": 0.11810744247602933, "LRR": 0.11810744247602933, "LRL": 0.11810744247602933, "LRE": 0.11810744247602933, "LOG_R": 0.11810744247602933, "RF": 0.11810744247602933, "SVM": 0.11810744247602933, "DNN": 0.11810744247602933}, "2 + 3": {"AB": 0.11638462940672423, "AC": 0.11638462940672423, "DS": 0.11638462940672423, "DT": 0.11638462940672423, "GM": 0.11638462940672423, "GN": 0.11638462940672423, "GB": 0.11638462940672423, "KNN": 0.11638462940672423, "KM": 0.11638462940672423, "LR": 0.11638462940672423, "LRR": 0.11638462940672423, "LRL": 0.11638462940672423, "LRE": 0.11638462940672423, "LOG_R": 0.11638462940672423, "RF": 0.11638462940672423, "SVM": 0.11638462940672423, "DNN": 0.11638462940672423}, "2 + 4": {"AB": 0.11638462940672423, "AC": 0.11638462940672423, "DS": 0.11638462940672423, "DT": 0.11638462940672423, "GM": 0.11638462940672423, "GN": 0.11638462940672423, "GB": 0.11638462940672423, "KNN": 0.11638462940672423, "KM": 0.11638462940672423, "LR": 0.11638462940672423, "LRR": 0.11638462940672423, "LRL": 0.11638462940672423, "LRE": 0.11638462940672423, "LOG_R": 0.11638462940672423, "RF": 0.11638462940672423, "SVM": 0.11638462940672423, "DNN": 0.11638462940672423}, "3 + 4": {"AB": 0.10855916609293148, "AC": 0.10855916609293148, "DS": 0.10855916609293148, "DT": 0.10855916609293148, "GM": 0.10855916609293148, "GN": 0.10855916609293148, "GB": 0.10855916609293148, "KNN": 0.10855916609293148, "KM": 0.10855916609293148, "LR": 0.10855916609293148, "LRR": 0.10855916609293148, "LRL": 0.10855916609293148, "LRE": 0.10855916609293148, "LOG_R": 0.10855916609293148, "RF": 0.10855916609293148, "SVM": 0.10855916609293148, "DNN": 0.10855916609293148}, "0 + 1 + 2": {"AB": 0.15623442844386495, "AC": 0.15623442844386495, "DS": 0.15623442844386495, "DT": 0.15623442844386495, "GM": 0.15623442844386495, "GN": 0.15623442844386495, "GB": 0.15623442844386495, "KNN": 0.15623442844386495, "KM": 0.15623442844386495, "LR": 0.15623442844386495, "LRR": 0.15623442844386495, "LRL": 0.15623442844386495, "LRE": 0.15623442844386495, "LOG_R": 0.15623442844386495, "RF": 0.15623442844386495, "SVM": 0.15623442844386495, "DNN": 0.15623442844386495}, "0 + 1 + 3": {"AB": 0.1388403072290313, "AC": 0.1388403072290313, "DS": 0.1388403072290313, "DT": 0.1388403072290313, "GM": 0.1388403072290313, "GN": 0.1388403072290313, "GB": 0.1388403072290313, "KNN": 0.1388403072290313, "KM": 0.1388403072290313, "LR": 0.1388403072290313, "LRR": 0.1388403072290313, "LRL": 0.1388403072290313, "LRE": 0.1388403072290313, "LOG_R": 0.1388403072290313,