{"0": {"AB": 0.05676416051732251, "AC": 0.05676416051732251, "DS": 0.05676416051732251, "DT": 0.05676416051732251, "GM": 0.05676416051732251, "GN": 0.05676416051732251, "GB": 0.05676416051732251, "KNN": 0.05676416051732251, "KM": 0.05676416051732251, "LR": 0.05676416051732251, "LRR": 0.05676416051732251, "LRL": 0.05676416051732251, "LRE": 0.05676416051732251, "LOG_R": 0.05676416051732251, "RF": 0.05676416051732251, "SVM": 0.05676416051732251, "DNN": 0.05676416051732251}, "1": {"AB": 0.04697723629019794, "AC": 0.04697723629019794, "DS": 0.04697723629019794, "DT": 0.04697723629019794, "GM": 0.04697723629019794, "GN": 0.04697723629019794, "GB": 0.04697723629019794, "KNN": 0.04697723629019794, "KM": 0.04697723629019794, "LR": 0.04697723629019794, "LRR": 0.04697723629019794, "LRL": 0.04697723629019794, "LRE": 0.04697723629019794, "LOG_R": 0.04697723629019794, "RF": 0.04697723629019794, "SVM": 0.04697723629019794, "DNN": 0.04697723629019794}, "2": {"AB": 0.042723770920391015, "AC": 0.042723770920391015, "DS": 0.042723770920391015, "DT": 0.042723770920391015, "GM": 0.042723770920391015, "GN": 0.042723770920391015, "GB": 0.042723770920391015, "KNN": 0.042723770920391015, "KM": 0.042723770920391015, "LR": 0.042723770920391015, "LRR": 0.042723770920391015, "LRL": 0.042723770920391015, "LRE": 0.042723770920391015, "LOG_R": 0.042723770920391015, "RF": 0.042723770920391015, "SVM": 0.042723770920391015, "DNN": 0.042723770920391015}, "3": {"AB": 0.03591273497656056, "AC": 0.03591273497656056, "DS": 0.03591273497656056, "DT": 0.03591273497656056, "GM": 0.03591273497656056, "GN": 0.03591273497656056, "GB": 0.03591273497656056, "KNN": 0.03591273497656056, "KM": 0.03591273497656056, "LR": 0.03591273497656056, "LRR": 0.03591273497656056, "LRL": 0.03591273497656056, "LRE": 0.03591273497656056, "LOG_R": 0.03591273497656056, "RF": 0.03591273497656056, "SVM": 0.03591273497656056, "DNN": 0.03591273497656056}, "4": {"AB": 0.029101699032730112, "AC": 0.029101699032730112, "DS": 0.029101699032730112, "DT": 0.029101699032730112, "GM": 0.029101699032730112, "GN": 0.029101699032730112, "GB": 0.029101699032730112, "KNN": 0.029101699032730112, "KM": 0.029101699032730112, "LR": 0.029101699032730112, "LRR": 0.029101699032730112, "LRL": 0.029101699032730112, "LRE": 0.029101699032730112, "LOG_R": 0.029101699032730112, "RF": 0.029101699032730112, "SVM": 0.029101699032730112, "DNN": 0.029101699032730112}, "0 + 1": {"AB": 0.06770809686941456, "AC": 0.06770809686941456, "DS": 0.06770809686941456, "DT": 0.06770809686941456, "GM": 0.06770809686941456, "GN": 0.06770809686941456, "GB": 0.06770809686941456, "KNN": 0.06770809686941456, "KM": 0.06770809686941456, "LR": 0.06770809686941456, "LRR": 0.06770809686941456, "LRL": 0.06770809686941456, "LRE": 0.06770809686941456, "LOG_R": 0.06770809686941456, "RF": 0.06770809686941456, "SVM": 0.06770809686941456, "DNN": 0.06770809686941456}, "0 + 2": {"AB": 0.05863849860485065, "AC": 0.05863849860485065, "DS": 0.05863849860485065, "DT": 0.05863849860485065, "GM": 0.05863849860485065, "GN": 0.05863849860485065, "GB": 0.05863849860485065, "KNN": 0.05863849860485065, "KM": 0.05863849860485065, "LR": 0.05863849860485065, "LRR": 0.05863849860485065, "LRL": 0.05863849860485065, "LRE": 0.05863849860485065, "LOG_R": 0.05863849860485065, "RF": 0.05863849860485065, "SVM": 0.05863849860485065, "DNN": 0.05863849860485065}, "0 + 3": {"AB": 0.05409780797563035, "AC": 0.05409780797563035, "DS": 0.05409780797563035, "DT": 0.05409780797563035, "GM": 0.05409780797563035, "GN": 0.05409780797563035, "GB": 0.05409780797563035, "KNN": 0.05409780797563035, "KM": 0.05409780797563035, "LR": 0.05409780797563035, "LRR": 0.05409780797563035, "LRL": 0.05409780797563035, "LRE": 0.05409780797563035, "LOG_R": 0.05409780797563035, "RF": 0.05409780797563035, "SVM": 0.05409780797563035, "DNN": 0.05409780797563035}, "0 + 4": {"AB": 0.04955711734641005, "AC": 0.04955711734641005, "DS": 0.04955711734641005, "DT": 0.04955711734641005, "GM": 0.04955711734641005, "GN": 0.04955711734641005, "GB": 0.04955711734641005, "KNN": 0.04955711734641005, "KM": 0.04955711734641005, "LR": 0.04955711734641005, "LRR": 0.04955711734641005, "LRL": 0.04955711734641005, "LRE": 0.04955711734641005, "LOG_R": 0.04955711734641005, "RF": 0.04955711734641005, "SVM": 0.04955711734641005, "DNN": 0.04955711734641005}, "1 + 2": {"AB": 0.0544355629201789, "AC": 0.0544355629201789, "DS": 0.0544355629201789, "DT": 0.0544355629201789, "GM": 0.0544355629201789, "GN": 0.0544355629201789, "GB": 0.0544355629201789, "KNN": 0.0544355629201789, "KM": 0.0544355629201789, "LR": 0.0544355629201789, "LRR": 0.0544355629201789, "LRL": 0.0544355629201789, "LRE": 0.0544355629201789, "LOG_R": 0.0544355629201789, "RF": 0.0544355629201789, "SVM": 0.0544355629201789, "DNN": 0.0544355629201789}, "1 + 3": {"AB": 0.0498948722909586, "AC": 0.0498948722909586, "DS": 0.0498948722909586, "DT": 0.0498948722909586, "GM": 0.0498948722909586, "GN": 0.0498948722909586, "GB": 0.0498948722909586, "KNN": 0.0498948722909586, "KM": 0.0498948722909586, "LR": 0.0498948722909586, "LRR": 0.0498948722909586, "LRL": 0.0498948722909586, "LRE": 0.0498948722909586, "LOG_R": 0.0498948722909586, "RF": 0.0498948722909586, "SVM": 0.0498948722909586, "DNN": 0.0498948722909586}, "1 + 4": {"AB": 0.045354181661738296, "AC": 0.045354181661738296, "DS": 0.045354181661738296, "DT": 0.045354181661738296, "GM": 0.045354181661738296, "GN": 0.045354181661738296, "GB": 0.045354181661738296, "KNN": 0.045354181661738296, "KM": 0.045354181661738296, "LR": 0.045354181661738296, "LRR": 0.045354181661738296, "LRL": 0.045354181661738296, "LRE": 0.045354181661738296, "LOG_R": 0.045354181661738296, "RF": 0.045354181661738296, "SVM": 0.045354181661738296, "DNN": 0.045354181661738296}, "2 + 3": {"AB": 0.051658830693881296, "AC": 0.051658830693881296, "DS": 0.051658830693881296, "DT": 0.051658830693881296, "GM": 0.051658830693881296, "GN": 0.051658830693881296, "GB": 0.051658830693881296, "KNN": 0.051658830693881296, "KM": 0.051658830693881296, "LR": 0.051658830693881296, "LRR": 0.051658830693881296, "LRL": 0.051658830693881296, "LRE": 0.051658830693881296, "LOG_R": 0.051658830693881296, "RF": 0.051658830693881296, "SVM": 0.051658830693881296, "DNN": 0.051658830693881296}, "2 + 4": {"AB": 0.046373207531401874, "AC": 0.046373207531401874, "DS": 0.046373207531401874, "DT": 0.046373207531401874, "GM": 0.046373207531401874, "GN": 0.046373207531401874, "GB": 0.046373207531401874, "KNN": 0.046373207531401874, "KM": 0.046373207531401874, "LR": 0.046373207531401874, "LRR": 0.046373207531401874, "LRL": 0.046373207531401874, "LRE": 0.046373207531401874, "LOG_R": 0.046373207531401874, "RF": 0.046373207531401874, "SVM": 0.046373207531401874, "DNN": 0.046373207531401874}, "3 + 4": {"AB": 0.042699486714836116, "AC": 0.042699486714836116, "DS": 0.042699486714836116, "DT": 0.042699486714836116, "GM": 0.042699486714836116, "GN": 0.042699486714836116, "GB": 0.042699486714836116, "KNN": 0.042699486714836116, "KM": 0.042699486714836116, "LR": 0.042699486714836116, "LRR": 0.042699486714836116, "LRL": 0.042699486714836116, "LRE": 0.042699486714836116, "LOG_R": 0.042699486714836116, "RF": 0.042699486714836116, "SVM": 0.042699486714836116, "DNN": 0.042699486714836116}, "0 + 1 + 2": {"AB": 0.06344366068357665, "AC": 0.06344366068357665, "DS": 0.06344366068357665, "DT": 0.06344366068357665, "GM": 0.06344366068357665, "GN": 0.06344366068357665, "GB": 0.06344366068357665, "KNN": 0.06344366068357665, "KM": 0.06344366068357665, "LR": 0.06344366068357665, "LRR": 0.06344366068357665, "LRL": 0.06344366068357665, "LRE": 0.06344366068357665, "LOG_R": 0.06344366068357665, "RF": 0.06344366068357665, "SVM": 0.06344366068357665, "DNN": 0.06344366068357665}, "0 + 1 + 3": {"AB": 0.06003814271166143, "AC": 0.06003814271166143, "DS": 0.06003814271166143, "DT": 0.06003814271166143, "GM": 0.06003814271166143, "GN": 0.06003814271166143, "GB": 0.06003814271166143, "KNN": 0.06003814271166143, "KM": 0.06003814271166143,