{"0": {"AB": 1.0, "AC": 0.0, "DS": 0.3333333333333333, "DT": 1.0, "GM": 0.3333333333333333, "GN": 1.0, "GB": 1.0, "KNN": 1.0, "KM": 1.0, "LR": 1.0, "LRR": 1.0, "LRL": 1.0, "LRE": 1.0, "LOG_R": 1.0, "RF": 1.0, "SVM": 1.0, "DNN": 1.0}, "1": {"AB": 1.0, "AC": 0.638647342995169, "DS": 0.3333333333333333, "DT": 1.0, "GM": 0.3333333333333333, "GN": 1.0, "GB": 1.0, "KNN": 1.0, "KM": 1.0, "LR": 1.0, "LRR": 1.0, "LRL": 1.0, "LRE": 1.0, "LOG_R": 1.0, "RF": 1.0, "SVM": 1.0, "DNN": 1.0}, "2": {"AB": 1.0, "AC": 0.0, "DS": 0.3333333333333333, "DT": 1.0, "GM": 0.3333333333333333, "GN": 1.0, "GB": 1.0, "KNN": 1.0, "KM": 0.0, "LR": 1.0, "LRR": 1.0, "LRL": 1.0, "LRE": 1.0, "LOG_R": 1.0, "RF": 1.0, "SVM": 1.0, "DNN": 1.0}, "3": {"AB": 1.0, "AC": 0.811965811965812, "DS": 0.3333333333333333, "DT": 1.0, "GM": 0.3333333333333333, "GN": 1.0, "GB": 1.0, "KNN": 1.0, "KM": 0.811965811965812, "LR": 0.9282608695652175, "LRR": 0.9282608695652175, "LRL": 0.9282608695652175, "LRE": 0.9282608695652175, "LOG_R": 1.0, "RF": 1.0, "SVM": 1.0, "DNN": 0.9544513457556936}, "4": {"AB": 1.0, "AC": 0.0, "DS": 0.3333333333333333, "DT": 1.0, "GM": 0.3333333333333333, "GN": 1.0, "GB": 1.0, "KNN": 1.0, "KM": 0.0, "LR": 1.0, "LRR": 1.0, "LRL": 1.0, "LRE": 1.0, "LOG_R": 1.0, "RF": 1.0, "SVM": 1.0, "DNN": 1.0}, "0 + 1": {"AB": 1.0, "AC": 0.5041666666666667, "DS": 0.3333333333333333, "DT": 1.0, "GM": 0.3333333333333333, "GN": 1.0, "GB": 1.0, "KNN": 1.0, "KM": 0.0, "LR": 0.9848484848484849, "LRR": 0.9848484848484849, "LRL": 0.9848484848484849, "LRE": 0.9848484848484849, "LOG_R": 1.0, "RF": 1.0, "SVM": 1.0, "DNN": 1.0}, "0 + 2": {"AB": 1.0, "AC": 0.0, "DS": 0.3333333333333333, "DT": 1.0, "GM": 0.2903225806451613, "GN": 1.0, "GB": 1.0, "KNN": 1.0, "KM": 0.0, "LR": 1.0, "LRR": 1.0, "LRL": 1.0, "LRE": 1.0, "LOG_R": 1.0, "RF": 1.0, "SVM": 1.0, "DNN": 1.0}, "0 + 3": {"AB": 1.0, "AC": 0.2903225806451613, "DS": 0.3333333333333333, "DT": 1.0, "GM": 0.3333333333333333, "GN": 1.0, "GB": 1.0, "KNN": 1.0, "KM": 0.0, "LR": 1.0, "LRR": 1.0, "LRL": 1.0, "LRE": 1.0, "LOG_R": 1.0, "RF": 1.0, "SVM": 1.0, "DNN": 1.0}, "0 + 4": {"AB": 1.0, "AC": 0.0, "DS": 0.3333333333333333, "DT": 1.0, "GM": 0.2857142857142857, "GN": 1.0, "GB": 1.0, "KNN": 1.0, "KM": 1.0, "LR": 1.0, "LRR": 1.0, "LRL": 1.0, "LRE": 1.0, "LOG_R": 1.0, "RF": 1.0, "SVM": 1.0, "DNN": 1.0}, "1 + 2": {"AB": 1.0, "AC": 0.0, "DS": 0.3333333333333333, "DT": 1.0, "GM": 0.5086848635235732, "GN": 1.0, "GB": 1.0, "KNN": 1.0, "KM": 1.0, "LR": 1.0, "LRR": 1.0, "LRL": 1.0, "LRE": 1.0, "LOG_R": 1.0, "RF": 1.0, "SVM": 1.0, "DNN": 1.0}, "1 + 3": {"AB": 1.0, "AC": 1.0, "DS": 0.3333333333333333, "DT": 1.0, "GM": 0.42708333333333337, "GN": 1.0, "GB": 1.0, "KNN": 1.0, "KM": 1.0, "LR": 0.9761904761904762, "LRR": 0.9761904761904762, "LRL": 0.9761904761904762, "LRE": 0.9761904761904762, "LOG_R": 1.0, "RF": 1.0, "SVM": 1.0, "DNN": 1.0}, "1 + 4": {"AB": 1.0, "AC": 0.0, "DS": 0.3333333333333333, "DT": 1.0, "GM": 0.3103448275862069, "GN": 1.0, "GB": 1.0, "KNN": 1.0, "KM": 1.0, "LR": 1.0, "LRR": 1.0, "LRL": 1.0, "LRE": 1.0, "LOG_R": 1.0, "RF": 1.0, "SVM": 1.0, "DNN": 1.0}, "2 + 3": {"AB": 1.0, "AC": 0.2413793103448276, "DS": 0.3333333333333333, "DT": 1.0, "GM": 0.3333333333333333, "GN": 1.0, "GB": 1.0, "KNN": 1.0, "KM": 1.0, "LR": 1.0, "LRR": 1.0, "LRL": 1.0, "LRE": 1.0, "LOG_R": 1.0, "RF": 1.0, "SVM": 1.0, "DNN": 1.0}, "2 + 4": {"AB": 1.0, "AC": 0.0, "DS": 0.3333333333333333, "DT": 1.0, "GM": 0.25925925925925924, "GN": 1.0, "GB": 1.0, "KNN": 1.0, "KM": 0.0, "LR": 1.0, "LRR": 1.0, "LRL": 1.0, "LRE": 1.0, "LOG_R": 1.0, "RF": 1.0, "SVM": 1.0, "DNN": 1.0}, "3 + 4": {"AB": 1.0, "AC": 1.0, "DS": 0.3333333333333333, "DT": 1.0, "GM": 0.3333333333333333, "GN": 1.0, "GB": 1.0, "KNN": 1.0, "KM": 1.0, "LR": 1.0, "LRR": 1.0, "LRL": 1.0, "LRE": 1.0, "LOG_R": 1.0, "RF": 1.0, "SVM": 1.0, "DNN": 1.0}, "0 + 1 + 2": {"AB": 1.0, "AC": 0.0, "DS": 0.3333333333333333, "DT": 1.0, "GM": 0.7603485838779956, "GN": 1.0, "GB": 1.0, "KNN": 1.0, "KM": 1.0, "LR": 1.0, "LRR": 1.0, "LRL": 1.0, "LRE": 1.0, "LOG_R": 1.0, "RF": 1.0, "SVM": 1.0, "DNN": 1.0}, "0 + 1 + 3": {"AB": 1.0, "AC": 1.0, "DS": 0.3333333333333333, "DT": 1.0, "GM": 0.9083333333333333, "GN": 1.0, "GB": 1.0, "KNN": 1.0, "KM": 1.0, "LR": 1.0, "LRR": 1.0, "LRL": 1.0, "LRE": 1.0, "LOG_R": 1.0, "RF": 1.0, "SVM": 1.0, "DNN": 1.0}, "0 + 1 + 4": {"AB": 1.0, "AC": 0.0, "DS": 0.3333333333333333, "DT": 1.0, "GM": 0.7916666666666666, "GN": 1.0, "GB": 1.0, "KNN": 1.0, "KM": 1.0, "LR": 1.0, "LRR": 1.0, "LRL": 1.0, "LRE": 1.0, "LOG_R": 1.0, "RF": 1.0, "SVM": 1.0, "DNN": 1.0}, "0 + 2 + 3": {"AB": 1.0, "AC": 0.18518518518518515, "DS": 0.3333333333333333, "DT": 1.0, "GM": 0.3333333333333333, "GN": 1.0, "GB": 1.0, "KNN": 1.0, "KM": 0.0, "LR": 1.0, "LRR": 1.0, "LRL": 1.0, "LRE": 1.0, "LOG_R": 1.0, "RF": 1.0, "SVM": 1.0, "DNN": 1.0}, "0 + 2 + 4": {"AB": 1.0, "AC": 0.0, "DS": 0.3333333333333333, "DT": 1.0, "GM": 0.0, "GN": 1.0, "GB": 1.0, "KNN": 1.0, "KM": 1.0, "LR": 1.0, "LRR": 1.0, "LRL": 1.0, "LRE": 1.0, "LOG_R": 1.0, "RF": 1.0, "SVM": 1.0, "DNN": 1.0}, "0 + 3 + 4": {"AB": 1.0, "AC": 1.0, "DS": 0.3333333333333333, "DT": 1.0, "GM": 0.3333333333333333, "GN": 1.0, "GB": 1.0, "KNN": 1.0, "KM": 0.0, "LR": 1.0, "LRR": 1.0, "LRL": 1.0, "LRE": 1.0, "LOG_R": 1.0, "RF": 1.0, "SVM": 1.0, "DNN": 1.0}, "1 + 2 + 3": {"AB": 1.0, "AC": 0.0, "DS": 0.3333333333333333, "DT": 0.9544513457556936, "GM": 0.42708333333333337, "GN": 1.0, "GB": 1.0, "KNN": 1.0, "KM": 0.0, "LR": 1.0, "LRR": 1.0, "LRL": 0.9544513457556936, "LRE": 1.0, "LOG_R": 1.0, "RF": 1.0, "SVM": 1.0, "DNN": 1.0}, "1 + 2 + 4": {"AB": 1.0, "AC": 0.0, "DS": 0.3333333333333333, "DT": 1.0, "GM": 0.23076923076923075, "GN": 1.0, "GB": 1.0, "KNN": 1.0, "KM": 0.0, "LR": 1.0, "LRR": 1.0, "LRL": 1.0, "LRE": 1.0, "LOG_R": 1.0, "RF": 1.0, "SVM": 1.0, "DNN": 1.0}, "1 + 3 + 4": {"AB": 1.0, "AC": 0.25925925925925924, "DS": 0.3333333333333333, "DT": 1.0, "GM": 0.3333333333333333, "GN": 1.0, "GB": 1.0, "KNN": 1.0, "KM": 0.0, "LR": 1.0, "LRR": 1.0, "LRL": 1.0, "LRE": 1.0, "LOG_R": 1.0, "RF": 1.0, "SVM": 1.0, "DNN": 1.0}, "2 + 3 + 4": {"AB": 1.0, "AC": 1.0, "DS": 0.3333333333333333, "DT": 1.0, "GM": 0.3333333333333333, "GN": 1.0, "GB": 1.0, "KNN": 1.0, "KM": 1.0, "LR": 1.0, "LRR": 1.0, "LRL": 1.0, "LRE": 1.0, "LOG_R": 1.0, "RF": 1.0, "SVM": 1.0, "DNN": 1.0}, "0 + 1 + 2 + 3": {"AB": 1.0, "AC": 1.0, "DS": 0.3333333333333333, "DT": 1.0, "GM": 0.31249999999999994, "GN": 1.0, "GB": 1.0, "KNN": 1.0, "KM": 0.0, "LR": 1.0, "LRR": 1.0, "LRL": 1.0, "LRE": 1.0, "LOG_R": 1.0, "RF": 1.0, "SVM": 1.0, "DNN": 1.0}, "0 + 1 + 2 + 4": {"AB": 1.0, "AC": 0.0, "DS": 0.3333333333333333, "DT": 1.0, "GM": 0.23076923076923075, "GN": 1.0, "GB": 1.0, "KNN": 1.0, "KM": 0.0, "LR": 1.0, "LRR": 1.0, "LRL": 1.0, "LRE": 1.0, "LOG_R": 1.0, "RF": 1.0, "SVM": 1.0, "DNN": 1.0}, "0 + 1 + 3 + 4": {"AB": 1.0, "AC": 1.0, "DS": 0.3333333333333333, "DT": 1.0, "GM": 0.3103448275862069, "GN": 1.0, "GB": 1.0, "KNN": 1.0, "KM": 1.0, "LR": 1.0, "LRR": 1.0, "LRL": 1.0, "LRE": 1.0, "LOG_R": 1.0, "RF": 1.0, "SVM": 1.0, "DNN": 1.0}, "0 + 2 + 3 + 4": {"AB": 1.0, "AC": 1.0, "DS": 0.3333333333333333, "DT": 0.949874686716792, "GM": 0.2, "GN": 1.0, "GB": 1.0, "KNN": 1.0, "KM": 0.0, "LR": 1.0, "LRR": 1.0, "LRL": 1.0, "LRE": 1.0, "LOG_R": 1.0, "RF": 1.0, "SVM": 1.0, "DNN": 1.0}, "1 + 2 + 3 + 4": {"AB": 1.0, "AC": 1.0, "DS": 0.3333333333333333, "DT": 1.0, "GM": 0.3333333333333333, "GN": 1.0, "GB": 1.0, "KNN": 1.0, "KM": 1.0, "LR": 1.0, "LRR": 1.0, "LRL": 1.0, "LRE": 1.0, "LOG_R": 1.0, "RF": 1.0, "SVM": 1.0, "DNN": 1.0}, "0 + 1 + 2 + 3 + 4": {"AB": 1.0, "AC": 1.0, "DS": 0.3333333333333333, "DT": 1.0, "GM": 0.16666666666666666, "GN": 1.0, "GB": 1.0, "KNN": 1.0, "KM": 0.0, "LR": 1.0, "LRR": 1.0, "LRL": 1.0, "LRE": 1.0, "LOG_R": 1.0, "RF": 1.0, "SVM": 1.0, "DNN": 1.0}}