{"0": {"AB": 0.09578749949376307, "AC": 0.09578749949376307, "DS": 0.09578749949376307, "DT": 0.09578749949376307, "GM": 0.09578749949376307, "GN": 0.09578749949376307, "GB": 0.09578749949376307, "KNN": 0.09578749949376307, "KM": 0.09578749949376307, "LR": 0.09578749949376307, "LRR": 0.09578749949376307, "LRL": 0.09578749949376307, "LRE": 0.09578749949376307, "LOG_R": 0.09578749949376307, "RF": 0.09578749949376307, "SVM": 0.09578749949376307, "DNN": 0.09578749949376307}, "1": {"AB": 0.09578749949376307, "AC": 0.09578749949376307, "DS": 0.09578749949376307, "DT": 0.09578749949376307, "GM": 0.09578749949376307, "GN": 0.09578749949376307, "GB": 0.09578749949376307, "KNN": 0.09578749949376307, "KM": 0.09578749949376307, "LR": 0.09578749949376307, "LRR": 0.09578749949376307, "LRL": 0.09578749949376307, "LRE": 0.09578749949376307, "LOG_R": 0.09578749949376307, "RF": 0.09578749949376307, "SVM": 0.09578749949376307, "DNN": 0.09578749949376307}, "2": {"AB": 0.09073349355416559, "AC": 0.09073349355416559, "DS": 0.09073349355416559, "DT": 0.09073349355416559, "GM": 0.09073349355416559, "GN": 0.09073349355416559, "GB": 0.09073349355416559, "KNN": 0.09073349355416559, "KM": 0.09073349355416559, "LR": 0.09073349355416559, "LRR": 0.09073349355416559, "LRL": 0.09073349355416559, "LRE": 0.09073349355416559, "LOG_R": 0.09073349355416559, "RF": 0.09073349355416559, "SVM": 0.09073349355416559, "DNN": 0.09073349355416559}, "3": {"AB": 0.08620874954438676, "AC": 0.08620874954438676, "DS": 0.08620874954438676, "DT": 0.08620874954438676, "GM": 0.08620874954438676, "GN": 0.08620874954438676, "GB": 0.08620874954438676, "KNN": 0.08620874954438676, "KM": 0.08620874954438676, "LR": 0.08620874954438676, "LRR": 0.08620874954438676, "LRL": 0.08620874954438676, "LRE": 0.08620874954438676, "LOG_R": 0.08620874954438676, "RF": 0.08620874954438676, "SVM": 0.08620874954438676, "DNN": 0.08620874954438676}, "4": {"AB": 0.08141937456969861, "AC": 0.08141937456969861, "DS": 0.08141937456969861, "DT": 0.08141937456969861, "GM": 0.08141937456969861, "GN": 0.08141937456969861, "GB": 0.08141937456969861, "KNN": 0.08141937456969861, "KM": 0.08141937456969861, "LR": 0.08141937456969861, "LRR": 0.08141937456969861, "LRL": 0.08141937456969861, "LRE": 0.08141937456969861, "LOG_R": 0.08141937456969861, "RF": 0.08141937456969861, "SVM": 0.08141937456969861, "DNN": 0.08141937456969861}, "0 + 1": {"AB": 0.1277166659916841, "AC": 0.1277166659916841, "DS": 0.1277166659916841, "DT": 0.1277166659916841, "GM": 0.1277166659916841, "GN": 0.1277166659916841, "GB": 0.1277166659916841, "KNN": 0.1277166659916841, "KM": 0.1277166659916841, "LR": 0.1277166659916841, "LRR": 0.1277166659916841, "LRL": 0.1277166659916841, "LRE": 0.1277166659916841, "LOG_R": 0.1277166659916841, "RF": 0.1277166659916841, "SVM": 0.1277166659916841, "DNN": 0.1277166659916841}, "0 + 2": {"AB": 0.10402190052891386, "AC": 0.10402190052891386, "DS": 0.10402190052891386, "DT": 0.10402190052891386, "GM": 0.10402190052891386, "GN": 0.10402190052891386, "GB": 0.10402190052891386, "KNN": 0.10402190052891386, "KM": 0.10402190052891386, "LR": 0.10402190052891386, "LRR": 0.10402190052891386, "LRL": 0.10402190052891386, "LRE": 0.10402190052891386, "LOG_R": 0.10402190052891386, "RF": 0.10402190052891386, "SVM": 0.10402190052891386, "DNN": 0.10402190052891386}, "0 + 3": {"AB": 0.11893038098553783, "AC": 0.11893038098553783, "DS": 0.11893038098553783, "DT": 0.11893038098553783, "GM": 0.11893038098553783, "GN": 0.11893038098553783, "GB": 0.11893038098553783, "KNN": 0.11893038098553783, "KM": 0.11893038098553783, "LR": 0.11893038098553783, "LRR": 0.11893038098553783, "LRL": 0.11893038098553783, "LRE": 0.11893038098553783, "LOG_R": 0.11893038098553783, "RF": 0.11893038098553783, "SVM": 0.11893038098553783, "DNN": 0.11893038098553783}, "0 + 4": {"AB": 0.11457129112891307, "AC": 0.11457129112891307, "DS": 0.11457129112891307, "DT": 0.11457129112891307, "GM": 0.11457129112891307, "GN": 0.11457129112891307, "GB": 0.11457129112891307, "KNN": 0.11457129112891307, "KM": 0.11457129112891307, "LR": 0.11457129112891307, "LRR": 0.11457129112891307, "LRL": 0.11457129112891307, "LRE": 0.11457129112891307, "LOG_R": 0.11457129112891307, "RF": 0.11457129112891307, "SVM": 0.11457129112891307, "DNN": 0.11457129112891307}, "1 + 2": {"AB": 0.10402190052891386, "AC": 0.10402190052891386, "DS": 0.10402190052891386, "DT": 0.10402190052891386, "GM": 0.10402190052891386, "GN": 0.10402190052891386, "GB": 0.10402190052891386, "KNN": 0.10402190052891386, "KM": 0.10402190052891386, "LR": 0.10402190052891386, "LRR": 0.10402190052891386, "LRL": 0.10402190052891386, "LRE": 0.10402190052891386, "LOG_R": 0.10402190052891386, "RF": 0.10402190052891386, "SVM": 0.10402190052891386, "DNN": 0.10402190052891386}, "1 + 3": {"AB": 0.11893038098553783, "AC": 0.11893038098553783, "DS": 0.11893038098553783, "DT": 0.11893038098553783, "GM": 0.11893038098553783, "GN": 0.11893038098553783, "GB": 0.11893038098553783, "KNN": 0.11893038098553783, "KM": 0.11893038098553783, "LR": 0.11893038098553783, "LRR": 0.11893038098553783, "LRL": 0.11893038098553783, "LRE": 0.11893038098553783, "LOG_R": 0.11893038098553783, "RF": 0.11893038098553783, "SVM": 0.11893038098553783, "DNN": 0.11893038098553783}, "1 + 4": {"AB": 0.11457129112891307, "AC": 0.11457129112891307, "DS": 0.11457129112891307, "DT": 0.11457129112891307, "GM": 0.11457129112891307, "GN": 0.11457129112891307, "GB": 0.11457129112891307, "KNN": 0.11457129112891307, "KM": 0.11457129112891307, "LR": 0.11457129112891307, "LRR": 0.11457129112891307, "LRL": 0.11457129112891307, "LRE": 0.11457129112891307, "LOG_R": 0.11457129112891307, "RF": 0.11457129112891307, "SVM": 0.11457129112891307, "DNN": 0.11457129112891307}, "2 + 3": {"AB": 0.10119890640765158, "AC": 0.10119890640765158, "DS": 0.10119890640765158, "DT": 0.10119890640765158, "GM": 0.10119890640765158, "GN": 0.10119890640765158, "GB": 0.10119890640765158, "KNN": 0.10119890640765158, "KM": 0.10119890640765158, "LR": 0.10119890640765158, "LRR": 0.10119890640765158, "LRL": 0.10119890640765158, "LRE": 0.10119890640765158, "LOG_R": 0.10119890640765158, "RF": 0.10119890640765158, "SVM": 0.10119890640765158, "DNN": 0.10119890640765158}, "2 + 4": {"AB": 0.09968091774175647, "AC": 0.09968091774175647, "DS": 0.09968091774175647, "DT": 0.09968091774175647, "GM": 0.09968091774175647, "GN": 0.09968091774175647, "GB": 0.09968091774175647, "KNN": 0.09968091774175647, "KM": 0.09968091774175647, "LR": 0.09968091774175647, "LRR": 0.09968091774175647, "LRL": 0.09968091774175647, "LRE": 0.09968091774175647, "LOG_R": 0.09968091774175647, "RF": 0.09968091774175647, "SVM": 0.09968091774175647, "DNN": 0.09968091774175647}, "3 + 4": {"AB": 0.11066153279421494, "AC": 0.11066153279421494, "DS": 0.11066153279421494, "DT": 0.11066153279421494, "GM": 0.11066153279421494, "GN": 0.11066153279421494, "GB": 0.11066153279421494, "KNN": 0.11066153279421494, "KM": 0.11066153279421494, "LR": 0.11066153279421494, "LRR": 0.11066153279421494, "LRL": 0.11066153279421494, "LRE": 0.11066153279421494, "LOG_R": 0.11066153279421494, "RF": 0.11066153279421494, "SVM": 0.11066153279421494, "DNN": 0.11066153279421494}, "0 + 1 + 2": {"AB": 0.11066610401628799, "AC": 0.11066610401628799, "DS": 0.11066610401628799, "DT": 0.11066610401628799, "GM": 0.11066610401628799, "GN": 0.11066610401628799, "GB": 0.11066610401628799, "KNN": 0.11066610401628799, "KM": 0.11066610401628799, "LR": 0.11066610401628799, "LRR": 0.11066610401628799, "LRL": 0.11066610401628799, "LRE": 0.11066610401628799, "LOG_R": 0.11066610401628799, "RF": 0.11066610401628799, "SVM": 0.11066610401628799, "DNN": 0.11066610401628799}, "0 + 1 + 3": {"AB": 0.1352911967061134, "AC": 0.1352911967061134, "DS": 0.1352911967061134, "DT": 0.1352911967061134, "GM": 0.1352911967061134, "GN": 0.1352911967061134, "GB": 0.1352911967061134, "KNN": 0.1352911967061134, "KM": 0.1352911967061134, "LR": 0.1352911967061134, "LRR": 0.1352911967061134, "LRL": 0.1352911967061134, "LRE": 0.1352911967061134,