{"0": {"AB": 0.16269643665611336, "AC": 0.16269643665611336, "DS": 0.16269643665611336, "DT": 0.16269643665611336, "GM": 0.16269643665611336, "GN": 0.16269643665611336, "GB": 0.16269643665611336, "KNN": 0.16269643665611336, "KM": 0.16269643665611336, "LR": 0.16269643665611336, "LRR": 0.16269643665611336, "LRL": 0.16269643665611336, "LRE": 0.16269643665611336, "LOG_R": 0.16269643665611336, "RF": 0.16269643665611336, "SVM": 0.16269643665611336, "DNN": 0.16269643665611336}, "1": {"AB": 0.11621174046865239, "AC": 0.11621174046865239, "DS": 0.11621174046865239, "DT": 0.11621174046865239, "GM": 0.11621174046865239, "GN": 0.11621174046865239, "GB": 0.11621174046865239, "KNN": 0.11621174046865239, "KM": 0.11621174046865239, "LR": 0.11621174046865239, "LRR": 0.11621174046865239, "LRL": 0.11621174046865239, "LRE": 0.11621174046865239, "LOG_R": 0.11621174046865239, "RF": 0.11621174046865239, "SVM": 0.11621174046865239, "DNN": 0.11621174046865239}, "2": {"AB": 0.10691480123116019, "AC": 0.10691480123116019, "DS": 0.10691480123116019, "DT": 0.10691480123116019, "GM": 0.10691480123116019, "GN": 0.10691480123116019, "GB": 0.10691480123116019, "KNN": 0.10691480123116019, "KM": 0.10691480123116019, "LR": 0.10691480123116019, "LRR": 0.10691480123116019, "LRL": 0.10691480123116019, "LRE": 0.10691480123116019, "LOG_R": 0.10691480123116019, "RF": 0.10691480123116019, "SVM": 0.10691480123116019, "DNN": 0.10691480123116019}, "3": {"AB": 0.10691480123116019, "AC": 0.10691480123116019, "DS": 0.10691480123116019, "DT": 0.10691480123116019, "GM": 0.10691480123116019, "GN": 0.10691480123116019, "GB": 0.10691480123116019, "KNN": 0.10691480123116019, "KM": 0.10691480123116019, "LR": 0.10691480123116019, "LRR": 0.10691480123116019, "LRL": 0.10691480123116019, "LRE": 0.10691480123116019, "LOG_R": 0.10691480123116019, "RF": 0.10691480123116019, "SVM": 0.10691480123116019, "DNN": 0.10691480123116019}, "4": {"AB": 0.06916505365115921, "AC": 0.06916505365115921, "DS": 0.06916505365115921, "DT": 0.06916505365115921, "GM": 0.06916505365115921, "GN": 0.06916505365115921, "GB": 0.06916505365115921, "KNN": 0.06916505365115921, "KM": 0.06916505365115921, "LR": 0.06916505365115921, "LRR": 0.06916505365115921, "LRL": 0.06916505365115921, "LRE": 0.06916505365115921, "LOG_R": 0.06916505365115921, "RF": 0.06916505365115921, "SVM": 0.06916505365115921, "DNN": 0.06916505365115921}, "0 + 1": {"AB": 0.1675350434582631, "AC": 0.1675350434582631, "DS": 0.1675350434582631, "DT": 0.1675350434582631, "GM": 0.1675350434582631, "GN": 0.1675350434582631, "GB": 0.1675350434582631, "KNN": 0.1675350434582631, "KM": 0.1675350434582631, "LR": 0.1675350434582631, "LRR": 0.1675350434582631, "LRL": 0.1675350434582631, "LRE": 0.1675350434582631, "LOG_R": 0.1675350434582631, "RF": 0.1675350434582631, "SVM": 0.1675350434582631, "DNN": 0.1675350434582631}, "0 + 2": {"AB": 0.158049442998534, "AC": 0.158049442998534, "DS": 0.158049442998534, "DT": 0.158049442998534, "GM": 0.158049442998534, "GN": 0.158049442998534, "GB": 0.158049442998534, "KNN": 0.158049442998534, "KM": 0.158049442998534, "LR": 0.158049442998534, "LRR": 0.158049442998534, "LRL": 0.158049442998534, "LRE": 0.158049442998534, "LOG_R": 0.158049442998534, "RF": 0.158049442998534, "SVM": 0.158049442998534, "DNN": 0.158049442998534}, "0 + 3": {"AB": 0.158049442998534, "AC": 0.158049442998534, "DS": 0.158049442998534, "DT": 0.158049442998534, "GM": 0.158049442998534, "GN": 0.158049442998534, "GB": 0.158049442998534, "KNN": 0.158049442998534, "KM": 0.158049442998534, "LR": 0.158049442998534, "LRR": 0.158049442998534, "LRL": 0.158049442998534, "LRE": 0.158049442998534, "LOG_R": 0.158049442998534, "RF": 0.158049442998534, "SVM": 0.158049442998534, "DNN": 0.158049442998534}, "0 + 4": {"AB": 0.10268888675611643, "AC": 0.10268888675611643, "DS": 0.10268888675611643, "DT": 0.10268888675611643, "GM": 0.10268888675611643, "GN": 0.10268888675611643, "GB": 0.10268888675611643, "KNN": 0.10268888675611643, "KM": 0.10268888675611643, "LR": 0.10268888675611643, "LRR": 0.10268888675611643, "LRL": 0.10268888675611643, "LRE": 0.10268888675611643, "LOG_R": 0.10268888675611643, "RF": 0.10268888675611643, "SVM": 0.10268888675611643, "DNN": 0.10268888675611643}, "1 + 2": {"AB": 0.1459228381006069, "AC": 0.1459228381006069, "DS": 0.1459228381006069, "DT": 0.1459228381006069, "GM": 0.1459228381006069, "GN": 0.1459228381006069, "GB": 0.1459228381006069, "KNN": 0.1459228381006069, "KM": 0.1459228381006069, "LR": 0.1459228381006069, "LRR": 0.1459228381006069, "LRL": 0.1459228381006069, "LRE": 0.1459228381006069, "LOG_R": 0.1459228381006069, "RF": 0.1459228381006069, "SVM": 0.1459228381006069, "DNN": 0.1459228381006069}, "1 + 3": {"AB": 0.1459228381006069, "AC": 0.1459228381006069, "DS": 0.1459228381006069, "DT": 0.1459228381006069, "GM": 0.1459228381006069, "GN": 0.1459228381006069, "GB": 0.1459228381006069, "KNN": 0.1459228381006069, "KM": 0.1459228381006069, "LR": 0.1459228381006069, "LRR": 0.1459228381006069, "LRL": 0.1459228381006069, "LRE": 0.1459228381006069, "LOG_R": 0.1459228381006069, "RF": 0.1459228381006069, "SVM": 0.1459228381006069, "DNN": 0.1459228381006069}, "1 + 4": {"AB": 0.09478193306912543, "AC": 0.09478193306912543, "DS": 0.09478193306912543, "DT": 0.09478193306912543, "GM": 0.09478193306912543, "GN": 0.09478193306912543, "GB": 0.09478193306912543, "KNN": 0.09478193306912543, "KM": 0.09478193306912543, "LR": 0.09478193306912543, "LRR": 0.09478193306912543, "LRL": 0.09478193306912543, "LRE": 0.09478193306912543, "LOG_R": 0.09478193306912543, "RF": 0.09478193306912543, "SVM": 0.09478193306912543, "DNN": 0.09478193306912543}, "2 + 3": {"AB": 0.1425530683082136, "AC": 0.1425530683082136, "DS": 0.1425530683082136, "DT": 0.1425530683082136, "GM": 0.1425530683082136, "GN": 0.1425530683082136, "GB": 0.1425530683082136, "KNN": 0.1425530683082136, "KM": 0.1425530683082136, "LR": 0.1425530683082136, "LRR": 0.1425530683082136, "LRL": 0.1425530683082136, "LRE": 0.1425530683082136, "LOG_R": 0.1425530683082136, "RF": 0.1425530683082136, "SVM": 0.1425530683082136, "DNN": 0.1425530683082136}, "2 + 4": {"AB": 0.0925847299847873, "AC": 0.0925847299847873, "DS": 0.0925847299847873, "DT": 0.0925847299847873, "GM": 0.0925847299847873, "GN": 0.0925847299847873, "GB": 0.0925847299847873, "KNN": 0.0925847299847873, "KM": 0.0925847299847873, "LR": 0.0925847299847873, "LRR": 0.0925847299847873, "LRL": 0.0925847299847873, "LRE": 0.0925847299847873, "LOG_R": 0.0925847299847873, "RF": 0.0925847299847873, "SVM": 0.0925847299847873, "DNN": 0.0925847299847873}, "3 + 4": {"AB": 0.0925847299847873, "AC": 0.0925847299847873, "DS": 0.0925847299847873, "DT": 0.0925847299847873, "GM": 0.0925847299847873, "GN": 0.0925847299847873, "GB": 0.0925847299847873, "KNN": 0.0925847299847873, "KM": 0.0925847299847873, "LR": 0.0925847299847873, "LRR": 0.0925847299847873, "LRL": 0.0925847299847873, "LRE": 0.0925847299847873, "LOG_R": 0.0925847299847873, "RF": 0.0925847299847873, "SVM": 0.0925847299847873, "DNN": 0.0925847299847873}, "0 + 1 + 2": {"AB": 0.1745218102087756, "AC": 0.1745218102087756, "DS": 0.1745218102087756, "DT": 0.1745218102087756, "GM": 0.1745218102087756, "GN": 0.1745218102087756, "GB": 0.1745218102087756, "KNN": 0.1745218102087756, "KM": 0.1745218102087756, "LR": 0.1745218102087756, "LRR": 0.1745218102087756, "LRL": 0.1745218102087756, "LRE": 0.1745218102087756, "LOG_R": 0.1745218102087756, "RF": 0.1745218102087756, "SVM": 0.1745218102087756, "DNN": 0.1745218102087756}, "0 + 1 + 3": {"AB": 0.1745218102087756, "AC": 0.1745218102087756, "DS": 0.1745218102087756, "DT": 0.1745218102087756, "GM": 0.1745218102087756, "GN": 0.1745218102087756, "GB": 0.1745218102087756, "KNN": 0.1745218102087756, "KM": 0.1745218102087756, "LR": 0.1745218102087756, "LRR": 0.1745218102087756, "LRL": 0.1745218102087756, "LRE": 0.1745218102087756, "LOG_R": 0.1745218102087756, "RF": 0.1745218102087756, "SVM": 0.1745218102087756, "DNN": 0.1745218102087756}, "0 + 1 + 4": {"AB": 0.11352058804335179, "AC": 0.11352058804335179,