{"0": {"AB": 0.1148332442649283, "AC": 0.1148332442649283, "DS": 0.1148332442649283, "DT": 0.1148332442649283, "GM": 0.1148332442649283, "GN": 0.1148332442649283, "GB": 0.1148332442649283, "KNN": 0.1148332442649283, "KM": 0.1148332442649283, "LR": 0.1148332442649283, "LRR": 0.1148332442649283, "LRL": 0.1148332442649283, "LRE": 0.1148332442649283, "LOG_R": 0.1148332442649283, "RF": 0.1148332442649283, "SVM": 0.1148332442649283, "DNN": 0.1148332442649283}, "1": {"AB": 0.0978692422712457, "AC": 0.0978692422712457, "DS": 0.0978692422712457, "DT": 0.0978692422712457, "GM": 0.0978692422712457, "GN": 0.0978692422712457, "GB": 0.0978692422712457, "KNN": 0.0978692422712457, "KM": 0.0978692422712457, "LR": 0.0978692422712457, "LRR": 0.0978692422712457, "LRL": 0.0978692422712457, "LRE": 0.0978692422712457, "LOG_R": 0.0978692422712457, "RF": 0.0978692422712457, "SVM": 0.0978692422712457, "DNN": 0.0978692422712457}, "2": {"AB": 0.04958708275076449, "AC": 0.04958708275076449, "DS": 0.04958708275076449, "DT": 0.04958708275076449, "GM": 0.04958708275076449, "GN": 0.04958708275076449, "GB": 0.04958708275076449, "KNN": 0.04958708275076449, "KM": 0.04958708275076449, "LR": 0.04958708275076449, "LRR": 0.04958708275076449, "LRL": 0.04958708275076449, "LRE": 0.04958708275076449, "LOG_R": 0.04958708275076449, "RF": 0.04958708275076449, "SVM": 0.04958708275076449, "DNN": 0.04958708275076449}, "3": {"AB": 0.03719031206307337, "AC": 0.03719031206307337, "DS": 0.03719031206307337, "DT": 0.03719031206307337, "GM": 0.03719031206307337, "GN": 0.03719031206307337, "GB": 0.03719031206307337, "KNN": 0.03719031206307337, "KM": 0.03719031206307337, "LR": 0.03719031206307337, "LRR": 0.03719031206307337, "LRL": 0.03719031206307337, "LRE": 0.03719031206307337, "LOG_R": 0.03719031206307337, "RF": 0.03719031206307337, "SVM": 0.03719031206307337, "DNN": 0.03719031206307337}, "4": {"AB": 0.03458046560250681, "AC": 0.03458046560250681, "DS": 0.03458046560250681, "DT": 0.03458046560250681, "GM": 0.03458046560250681, "GN": 0.03458046560250681, "GB": 0.03458046560250681, "KNN": 0.03458046560250681, "KM": 0.03458046560250681, "LR": 0.03458046560250681, "LRR": 0.03458046560250681, "LRL": 0.03458046560250681, "LRE": 0.03458046560250681, "LOG_R": 0.03458046560250681, "RF": 0.03458046560250681, "SVM": 0.03458046560250681, "DNN": 0.03458046560250681}, "0 + 1": {"AB": 0.1367792350776693, "AC": 0.1367792350776693, "DS": 0.1367792350776693, "DT": 0.1367792350776693, "GM": 0.1367792350776693, "GN": 0.1367792350776693, "GB": 0.1367792350776693, "KNN": 0.1367792350776693, "KM": 0.1367792350776693, "LR": 0.1367792350776693, "LRR": 0.1367792350776693, "LRL": 0.1367792350776693, "LRE": 0.1367792350776693, "LOG_R": 0.1367792350776693, "RF": 0.1367792350776693, "SVM": 0.1367792350776693, "DNN": 0.1367792350776693}, "0 + 2": {"AB": 0.0920281985809811, "AC": 0.0920281985809811, "DS": 0.0920281985809811, "DT": 0.0920281985809811, "GM": 0.0920281985809811, "GN": 0.0920281985809811, "GB": 0.0920281985809811, "KNN": 0.0920281985809811, "KM": 0.0920281985809811, "LR": 0.0920281985809811, "LRR": 0.0920281985809811, "LRL": 0.0920281985809811, "LRE": 0.0920281985809811, "LOG_R": 0.0920281985809811, "RF": 0.0920281985809811, "SVM": 0.0920281985809811, "DNN": 0.0920281985809811}, "0 + 3": {"AB": 0.08091084397648489, "AC": 0.08091084397648489, "DS": 0.08091084397648489, "DT": 0.08091084397648489, "GM": 0.08091084397648489, "GN": 0.08091084397648489, "GB": 0.08091084397648489, "KNN": 0.08091084397648489, "KM": 0.08091084397648489, "LR": 0.08091084397648489, "LRR": 0.08091084397648489, "LRL": 0.08091084397648489, "LRE": 0.08091084397648489, "LOG_R": 0.08091084397648489, "RF": 0.08091084397648489, "SVM": 0.08091084397648489, "DNN": 0.08091084397648489}, "0 + 4": {"AB": 0.07858816340244888, "AC": 0.07858816340244888, "DS": 0.07858816340244888, "DT": 0.07858816340244888, "GM": 0.07858816340244888, "GN": 0.07858816340244888, "GB": 0.07858816340244888, "KNN": 0.07858816340244888, "KM": 0.07858816340244888, "LR": 0.07858816340244888, "LRR": 0.07858816340244888, "LRL": 0.07858816340244888, "LRE": 0.07858816340244888, "LOG_R": 0.07858816340244888, "RF": 0.07858816340244888, "SVM": 0.07858816340244888, "DNN": 0.07858816340244888}, "1 + 2": {"AB": 0.08684541966892273, "AC": 0.08684541966892273, "DS": 0.08684541966892273, "DT": 0.08684541966892273, "GM": 0.08684541966892273, "GN": 0.08684541966892273, "GB": 0.08684541966892273, "KNN": 0.08684541966892273, "KM": 0.08684541966892273, "LR": 0.08684541966892273, "LRR": 0.08684541966892273, "LRL": 0.08684541966892273, "LRE": 0.08684541966892273, "LOG_R": 0.08684541966892273, "RF": 0.08684541966892273, "SVM": 0.08684541966892273, "DNN": 0.08684541966892273}, "1 + 3": {"AB": 0.07597879606739827, "AC": 0.07597879606739827, "DS": 0.07597879606739827, "DT": 0.07597879606739827, "GM": 0.07597879606739827, "GN": 0.07597879606739827, "GB": 0.07597879606739827, "KNN": 0.07597879606739827, "KM": 0.07597879606739827, "LR": 0.07597879606739827, "LRR": 0.07597879606739827, "LRL": 0.07597879606739827, "LRE": 0.07597879606739827, "LOG_R": 0.07597879606739827, "RF": 0.07597879606739827, "SVM": 0.07597879606739827, "DNN": 0.07597879606739827}, "1 + 4": {"AB": 0.07370733522802829, "AC": 0.07370733522802829, "DS": 0.07370733522802829, "DT": 0.07370733522802829, "GM": 0.07370733522802829, "GN": 0.07370733522802829, "GB": 0.07370733522802829, "KNN": 0.07370733522802829, "KM": 0.07370733522802829, "LR": 0.07370733522802829, "LRR": 0.07370733522802829, "LRL": 0.07370733522802829, "LRE": 0.07370733522802829, "LOG_R": 0.07370733522802829, "RF": 0.07370733522802829, "SVM": 0.07370733522802829, "DNN": 0.07370733522802829}, "2 + 3": {"AB": 0.056252323359387006, "AC": 0.056252323359387006, "DS": 0.056252323359387006, "DT": 0.056252323359387006, "GM": 0.056252323359387006, "GN": 0.056252323359387006, "GB": 0.056252323359387006, "KNN": 0.056252323359387006, "KM": 0.056252323359387006, "LR": 0.056252323359387006, "LRR": 0.056252323359387006, "LRL": 0.056252323359387006, "LRE": 0.056252323359387006, "LOG_R": 0.056252323359387006, "RF": 0.056252323359387006, "SVM": 0.056252323359387006, "DNN": 0.056252323359387006}, "2 + 4": {"AB": 0.054185723607464924, "AC": 0.054185723607464924, "DS": 0.054185723607464924, "DT": 0.054185723607464924, "GM": 0.054185723607464924, "GN": 0.054185723607464924, "GB": 0.054185723607464924, "KNN": 0.054185723607464924, "KM": 0.054185723607464924, "LR": 0.054185723607464924, "LRR": 0.054185723607464924, "LRL": 0.054185723607464924, "LRE": 0.054185723607464924, "LOG_R": 0.054185723607464924, "RF": 0.054185723607464924, "SVM": 0.054185723607464924, "DNN": 0.054185723607464924}, "3 + 4": {"AB": 0.04758970208627864, "AC": 0.04758970208627864, "DS": 0.04758970208627864, "DT": 0.04758970208627864, "GM": 0.04758970208627864, "GN": 0.04758970208627864, "GB": 0.04758970208627864, "KNN": 0.04758970208627864, "KM": 0.04758970208627864, "LR": 0.04758970208627864, "LRR": 0.04758970208627864, "LRL": 0.04758970208627864, "LRE": 0.04758970208627864, "LOG_R": 0.04758970208627864, "RF": 0.04758970208627864, "SVM": 0.04758970208627864, "DNN": 0.04758970208627864}, "0 + 1 + 2": {"AB": 0.10936167231204562, "AC": 0.10936167231204562, "DS": 0.10936167231204562, "DT": 0.10936167231204562, "GM": 0.10936167231204562, "GN": 0.10936167231204562, "GB": 0.10936167231204562, "KNN": 0.10936167231204562, "KM": 0.10936167231204562, "LR": 0.10936167231204562, "LRR": 0.10936167231204562, "LRL": 0.10936167231204562, "LRE": 0.10936167231204562, "LOG_R": 0.10936167231204562, "RF": 0.10936167231204562, "SVM": 0.10936167231204562, "DNN": 0.10936167231204562}, "0 + 1 + 3": {"AB": 0.09907207400137569, "AC": 0.09907207400137569, "DS": 0.09907207400137569, "DT": 0.09907207400137569, "GM": 0.09907207400137569, "GN": 0.09907207400137569, "GB": 0.09907207400137569, "KNN": 0.09907207400137569, "KM": 0.09907207400137569, "LR": 0.09907207400137569, "LRR": 0.09907207400137569, "LRL": 0.09907207400137569, "LRE": 0.09907207400137569,