{"0": {"AB": 1.0, "AC": 0.2727272727272727, "DS": 0.3333333333333333, "DT": 1.0, "GM": 0.3333333333333333, "GN": 1.0, "GB": 1.0, "KNN": 1.0, "KM": 1.0, "LR": 0.4589371980676329, "LRR": 0.4589371980676329, "LRL": 0.4589371980676329, "LRE": 0.4589371980676329, "LOG_R": 0.6536796536796536, "RF": 1.0, "SVM": 0.5636363636363637, "DNN": 0.4589371980676329}, "1": {"AB": 1.0, "AC": 0.3043478260869565, "DS": 0.3333333333333333, "DT": 1.0, "GM": 0.3043478260869565, "GN": 1.0, "GB": 1.0, "KNN": 1.0, "KM": 0.3043478260869565, "LR": 0.8991596638655461, "LRR": 0.8991596638655461, "LRL": 0.8991596638655461, "LRE": 0.8991596638655461, "LOG_R": 0.9372549019607843, "RF": 1.0, "SVM": 0.9372549019607843, "DNN": 0.9372549019607843}, "2": {"AB": 1.0, "AC": 1.0, "DS": 0.3333333333333333, "DT": 1.0, "GM": 0.0, "GN": 1.0, "GB": 1.0, "KNN": 1.0, "KM": 0.0, "LR": 1.0, "LRR": 1.0, "LRL": 1.0, "LRE": 1.0, "LOG_R": 1.0, "RF": 1.0, "SVM": 1.0, "DNN": 1.0}, "3": {"AB": 1.0, "AC": 0.6249999999999999, "DS": 0.3333333333333333, "DT": 1.0, "GM": 0.3333333333333333, "GN": 1.0, "GB": 1.0, "KNN": 1.0, "KM": 0.6249999999999999, "LR": 0.9, "LRR": 0.9, "LRL": 0.9, "LRE": 0.9, "LOG_R": 1.0, "RF": 1.0, "SVM": 1.0, "DNN": 1.0}, "4": {"AB": 1.0, "AC": 0.0, "DS": 0.3333333333333333, "DT": 1.0, "GM": 0.3333333333333333, "GN": 1.0, "GB": 1.0, "KNN": 1.0, "KM": 0.0, "LR": 1.0, "LRR": 1.0, "LRL": 1.0, "LRE": 1.0, "LOG_R": 1.0, "RF": 1.0, "SVM": 1.0, "DNN": 1.0}, "0 + 1": {"AB": 1.0, "AC": 0.2727272727272727, "DS": 0.3333333333333333, "DT": 1.0, "GM": 0.2727272727272727, "GN": 1.0, "GB": 1.0, "KNN": 1.0, "KM": 0.2727272727272727, "LR": 0.8552036199095023, "LRR": 0.8552036199095023, "LRL": 0.8552036199095023, "LRE": 0.8552036199095023, "LOG_R": 1.0, "RF": 1.0, "SVM": 1.0, "DNN": 1.0}, "0 + 2": {"AB": 1.0, "AC": 0.3, "DS": 0.3333333333333333, "DT": 1.0, "GM": 0.3, "GN": 1.0, "GB": 1.0, "KNN": 1.0, "KM": 0.0, "LR": 1.0, "LRR": 1.0, "LRL": 1.0, "LRE": 1.0, "LOG_R": 1.0, "RF": 1.0, "SVM": 1.0, "DNN": 1.0}, "0 + 3": {"AB": 1.0, "AC": 0.25, "DS": 0.3333333333333333, "DT": 1.0, "GM": 0.25, "GN": 1.0, "GB": 1.0, "KNN": 1.0, "KM": 0.25, "LR": 1.0, "LRR": 1.0, "LRL": 1.0, "LRE": 1.0, "LOG_R": 1.0, "RF": 1.0, "SVM": 1.0, "DNN": 1.0}, "0 + 4": {"AB": 1.0, "AC": 0.25, "DS": 0.3333333333333333, "DT": 1.0, "GM": 0.6249999999999999, "GN": 1.0, "GB": 1.0, "KNN": 1.0, "KM": 0.6249999999999999, "LR": 1.0, "LRR": 1.0, "LRL": 1.0, "LRE": 1.0, "LOG_R": 1.0, "RF": 1.0, "SVM": 1.0, "DNN": 0.6249999999999999}, "1 + 2": {"AB": 1.0, "AC": 0.2631578947368421, "DS": 0.3333333333333333, "DT": 1.0, "GM": 0.2631578947368421, "GN": 1.0, "GB": 1.0, "KNN": 1.0, "KM": 0.2631578947368421, "LR": 0.9166666666666666, "LRR": 0.9166666666666666, "LRL": 0.9166666666666666, "LRE": 0.9166666666666666, "LOG_R": 1.0, "RF": 1.0, "SVM": 1.0, "DNN": 1.0}, "1 + 3": {"AB": 1.0, "AC": 0.25, "DS": 0.3333333333333333, "DT": 1.0, "GM": 0.25, "GN": 1.0, "GB": 1.0, "KNN": 1.0, "KM": 0.6249999999999999, "LR": 0.9, "LRR": 1.0, "LRL": 0.9, "LRE": 0.9, "LOG_R": 1.0, "RF": 1.0, "SVM": 1.0, "DNN": 1.0}, "1 + 4": {"AB": 1.0, "AC": 0.14285714285714288, "DS": 0.3333333333333333, "DT": 1.0, "GM": 0.3333333333333333, "GN": 1.0, "GB": 1.0, "KNN": 1.0, "KM": 0.8285714285714286, "LR": 1.0, "LRR": 1.0, "LRL": 1.0, "LRE": 1.0, "LOG_R": 1.0, "RF": 1.0, "SVM": 1.0, "DNN": 1.0}, "2 + 3": {"AB": 1.0, "AC": 0.0, "DS": 0.3333333333333333, "DT": 1.0, "GM": 0.3333333333333333, "GN": 1.0, "GB": 1.0, "KNN": 1.0, "KM": 0.0, "LR": 1.0, "LRR": 1.0, "LRL": 1.0, "LRE": 1.0, "LOG_R": 1.0, "RF": 1.0, "SVM": 1.0, "DNN": 0.8285714285714286}, "2 + 4": {"AB": 1.0, "AC": 1.0, "DS": 0.3333333333333333, "DT": 1.0, "GM": 0.3333333333333333, "GN": 1.0, "GB": 1.0, "KNN": 1.0, "KM": 0.0, "LR": 0.9, "LRR": 1.0, "LRL": 0.9, "LRE": 0.9, "LOG_R": 1.0, "RF": 1.0, "SVM": 1.0, "DNN": 1.0}, "3 + 4": {"AB": 1.0, "AC": 0.0, "DS": 0.3333333333333333, "DT": 1.0, "GM": 0.0, "GN": 1.0, "GB": 1.0, "KNN": 1.0, "KM": 1.0, "LR": 1.0, "LRR": 1.0, "LRL": 1.0, "LRE": 1.0, "LOG_R": 1.0, "RF": 1.0, "SVM": 1.0, "DNN": 1.0}, "0 + 1 + 2": {"AB": 1.0, "AC": 0.5906432748538012, "DS": 0.3333333333333333, "DT": 1.0, "GM": 0.2631578947368421, "GN": 1.0, "GB": 1.0, "KNN": 1.0, "KM": 0.5906432748538012, "LR": 1.0, "LRR": 1.0, "LRL": 1.0, "LRE": 1.0, "LOG_R": 1.0, "RF": 1.0, "SVM": 1.0, "DNN": 1.0}, "0 + 1 + 3": {"AB": 1.0, "AC": 0.25, "DS": 0.3333333333333333, "DT": 1.0, "GM": 0.25, "GN": 1.0, "GB": 1.0, "KNN": 1.0, "KM": 0.25, "LR": 0.9, "LRR": 1.0, "LRL": 0.9, "LRE": 0.8285714285714286, "LOG_R": 1.0, "RF": 1.0, "SVM": 1.0, "DNN": 1.0}, "0 + 1 + 4": {"AB": 1.0, "AC": 0.25, "DS": 0.3333333333333333, "DT": 1.0, "GM": 0.25, "GN": 1.0, "GB": 1.0, "KNN": 1.0, "KM": 0.6249999999999999, "LR": 0.8285714285714286, "LRR": 1.0, "LRL": 1.0, "LRE": 0.8285714285714286, "LOG_R": 1.0, "RF": 1.0, "SVM": 1.0, "DNN": 0.8285714285714286}, "0 + 2 + 3": {"AB": 1.0, "AC": 0.25, "DS": 0.3333333333333333, "DT": 1.0, "GM": 0.25, "GN": 1.0, "GB": 1.0, "KNN": 1.0, "KM": 0.25, "LR": 1.0, "LRR": 1.0, "LRL": 1.0, "LRE": 1.0, "LOG_R": 1.0, "RF": 1.0, "SVM": 1.0, "DNN": 1.0}, "0 + 2 + 4": {"AB": 1.0, "AC": 0.25, "DS": 0.3333333333333333, "DT": 1.0, "GM": 0.6249999999999999, "GN": 1.0, "GB": 1.0, "KNN": 1.0, "KM": 1.0, "LR": 1.0, "LRR": 1.0, "LRL": 1.0, "LRE": 1.0, "LOG_R": 1.0, "RF": 1.0, "SVM": 1.0, "DNN": 1.0}, "0 + 3 + 4": {"AB": 1.0, "AC": 0.25, "DS": 0.3333333333333333, "DT": 1.0, "GM": 0.25, "GN": 1.0, "GB": 1.0, "KNN": 1.0, "KM": 0.6249999999999999, "LR": 1.0, "LRR": 1.0, "LRL": 1.0, "LRE": 1.0, "LOG_R": 1.0, "RF": 1.0, "SVM": 1.0, "DNN": 1.0}, "1 + 2 + 3": {"AB": 1.0, "AC": 0.25, "DS": 0.3333333333333333, "DT": 1.0, "GM": 0.25, "GN": 1.0, "GB": 1.0, "KNN": 1.0, "KM": 0.25, "LR": 0.8285714285714286, "LRR": 1.0, "LRL": 1.0, "LRE": 0.8285714285714286, "LOG_R": 1.0, "RF": 1.0, "SVM": 1.0, "DNN": 0.8285714285714286}, "1 + 2 + 4": {"AB": 1.0, "AC": 0.14285714285714288, "DS": 0.3333333333333333, "DT": 1.0, "GM": 0.14285714285714288, "GN": 1.0, "GB": 1.0, "KNN": 1.0, "KM": 0.8285714285714286, "LR": 1.0, "LRR": 1.0, "LRL": 1.0, "LRE": 1.0, "LOG_R": 1.0, "RF": 1.0, "SVM": 1.0, "DNN": 1.0}, "1 + 3 + 4": {"AB": 1.0, "AC": 0.25, "DS": 0.3333333333333333, "DT": 1.0, "GM": 0.25, "GN": 1.0, "GB": 1.0, "KNN": 1.0, "KM": 0.8285714285714286, "LR": 0.75, "LRR": 1.0, "LRL": 0.8285714285714286, "LRE": 0.6785714285714285, "LOG_R": 1.0, "RF": 1.0, "SVM": 1.0, "DNN": 1.0}, "2 + 3 + 4": {"AB": 1.0, "AC": 1.0, "DS": 0.3333333333333333, "DT": 1.0, "GM": 1.0, "GN": 1.0, "GB": 1.0, "KNN": 1.0, "KM": 0.0, "LR": 1.0, "LRR": 1.0, "LRL": 1.0, "LRE": 1.0, "LOG_R": 1.0, "RF": 1.0, "SVM": 1.0, "DNN": 1.0}, "0 + 1 + 2 + 3": {"AB": 1.0, "AC": 1.0, "DS": 0.3333333333333333, "DT": 1.0, "GM": 1.0, "GN": 1.0, "GB": 1.0, "KNN": 1.0, "KM": 0.0, "LR": 1.0, "LRR": 1.0, "LRL": 1.0, "LRE": 1.0, "LOG_R": 1.0, "RF": 1.0, "SVM": 1.0, "DNN": 1.0}, "0 + 1 + 2 + 4": {"AB": 1.0, "AC": 0.25, "DS": 0.3333333333333333, "DT": 1.0, "GM": 0.25, "GN": 1.0, "GB": 1.0, "KNN": 1.0, "KM": 0.6249999999999999, "LR": 1.0, "LRR": 1.0, "LRL": 1.0, "LRE": 1.0, "LOG_R": 1.0, "RF": 1.0, "SVM": 1.0, "DNN": 1.0}, "0 + 1 + 3 + 4": {"AB": 1.0, "AC": 0.25, "DS": 0.3333333333333333, "DT": 1.0, "GM": 0.25, "GN": 1.0, "GB": 1.0, "KNN": 1.0, "KM": 0.25, "LR": 0.75, "LRR": 0.9, "LRL": 1.0, "LRE": 0.9, "LOG_R": 1.0, "RF": 1.0, "SVM": 1.0, "DNN": 0.8285714285714286}, "0 + 2 + 3 + 4": {"AB": 1.0, "AC": 1.0, "DS": 0.3333333333333333, "DT": 1.0, "GM": 0.0, "GN": 1.0, "GB": 1.0, "KNN": 1.0, "KM": 0.0, "LR": 1.0, "LRR": 1.0, "LRL": 1.0, "LRE": 1.0, "LOG_R": 1.0, "RF": 1.0, "SVM": 1.0, "DNN": 0.8285714285714286}, "1 + 2 + 3 + 4": {"AB": 1.0, "AC": 0.25, "DS": 0.3333333333333333, "DT": 1.0, "GM": 0.25, "GN": 1.0, "GB": 1.0, "KNN": 1.0, "KM": 0.25, "LR": 0.75, "LRR": 0.9, "LRL": 0.9, "LRE": 0.9, "LOG_R": 1.0, "RF": 1.0, "SVM": 1.0, "DNN": 1.0}, "0 + 1 + 2 + 3 + 4": {"AB": 1.0, "AC": 0.25, "DS": 0.3333333333333333, "DT": 1.0, "GM": 0.25, "GN": 1.0, "GB": 1.0, "KNN": 1.0, "KM": 0.25, "LR": 0.9, "LRR": 0.9, "LRL": 0.9, "LRE": 0.9, "LOG_R": 1.0,