{"attack": {"cycles": {"best_k": 5, "best_silhouette_score": 0.9772727272727273, "other_silhouette_scores": [[5, 0.9772727272727273], [6, 0.9696969696969697], [4, 0.922874792550249], [2, 0.8179392371818789], [3, 0.7618161930429435]]}, "branch": {"best_k": 2, "best_silhouette_score": 0.8895622895622896, "other_silhouette_scores": [[2, 0.8895622895622896], [3, 0.8596491228070176]]}, "instructions": {"best_k": 3, "best_silhouette_score": 1.0, "other_silhouette_scores": [[3, 1.0], [2, 0.8670360110803323]]}}, "normal": {"cycles": {"best_k": 6, "best_silhouette_score": 0.9578099838969404, "other_silhouette_scores": [[6, 0.9578099838969404], [5, 0.9469313674945833], [4, 0.8827063507327199], [2, 0.7311657025915148], [3, 0.7245017815756026]]}, "branch": {"best_k": 5, "best_silhouette_score": 0.9655172413793104, "other_silhouette_scores": [[5, 0.9655172413793104], [4, 0.9367816091954023], [2, 0.9090180481806097], [3, 0.834975369458128]]}, "instructions": {"best_k": 4, "best_silhouette_score": 0.9489795918367347, "other_silhouette_scores": [[4, 0.9489795918367347], [2, 0.9076291104080942], [3, 0.8718367346938776]]}}}