{"attack": {"2560883": {"cycles": {"best_k": 2, "best_silhouette_score": 0.8039600571695632, "other_silhouette_scores": [[2, 0.8039600571695632], [3, 0.7224966315530643], [6, 0.6986009161339181], [7, 0.6856884291314842], [8, 0.6796908776075216], [5, 0.6769004781638563], [9, 0.6618398153401196], [10, 0.660885311363366], [13, 0.6592572417284135], [11, 0.6580876688212959], [17, 0.657169362506497], [14, 0.6551084232762606], [16, 0.6500920561965043], [12, 0.6486113842363157], [15, 0.6456321386912804], [4, 0.6213899603846713]]}, "instructions": {"best_k": 15, "best_silhouette_score": 0.8940297647844819, "other_silhouette_scores": [[15, 0.8940297647844819], [14, 0.8443773318152664], [13, 0.8014899848746662], [11, 0.7857841071916523], [12, 0.7831111512168094], [10, 0.7752633827154761], [2, 0.7695226001466183], [6, 0.7090370735899176], [8, 0.7077803487335651], [9, 0.7076898897295987], [7, 0.7066113992009834], [4, 0.6838222579238009], [5, 0.6822633004437604], [3, 0.6616525682386915]]}, "branch": {"best_k": 15, "best_silhouette_score": 0.8851445724087234, "other_silhouette_scores": [[15, 0.8851445724087234], [13, 0.8725412808098711], [14, 0.8636919609658229], [12, 0.8495392558586231], [11, 0.820604135742207], [2, 0.7818787900447765], [10, 0.7619183887421961], [4, 0.7433272646121516], [3, 0.7308456881349923], [5, 0.7202256311690075], [9, 0.7168567280721087], [6, 0.7128885630863364], [7, 0.697760737572064], [8, 0.6950553367534557]]}}}, "normal": {"2-39-131-30": {"cycles": {"best_k": 5, "best_silhouette_score": 1.0, "other_silhouette_scores": [[5, 1.0], [6, 1.0], [7, 1.0], [8, 1.0], [9, 1.0], [10, 1.0], [11, 1.0], [12, 1.0], [13, 1.0], [14, 1.0], [15, 1.0], [16, 1.0], [17, 1.0], [18, 1.0], [19, 1.0], [20, 1.0], [4, 0.9887850467289719], [3, 0.9607843137254902], [2, 0.872598650051921]]}, "instructions": {"best_k": 3, "best_silhouette_score": 0.9935897435897436, "other_silhouette_scores": [[3, 0.9935897435897436], [4, 0.9935897435897436], [5, 0.9935897435897436], [6, 0.9935897435897436], [7, 0.9935897435897436], [8, 0.9935897435897436], [9, 0.9935897435897436], [10, 0.9935897435897436], [11, 0.9935897435897436], [12, 0.9935897435897436], [13, 0.9935897435897436], [14, 0.9935897435897436], [15, 0.9935897435897436], [2, 0.9903846153846154]]}, "branch": {"best_k": 4, "best_silhouette_score": 0.9935483870967742, "other_silhouette_scores": [[4, 0.9935483870967742], [5, 0.9935483870967742], [6, 0.9935483870967742], [7, 0.9935483870967742], [8, 0.9935483870967742], [9, 0.9935483870967742], [10, 0.9935483870967742], [11, 0.9935483870967742], [12, 0.9935483870967742], [13, 0.9935483870967742], [14, 0.9935483870967742], [15, 0.9935483870967742], [3, 0.9755760368663595], [2, 0.955347529692881]]}}, "2-39-139-28": {"cycles": {"best_k": 3, "best_silhouette_score": 0.995575221238938, "other_silhouette_scores": [[3, 0.995575221238938], [4, 0.995575221238938], [5, 0.995575221238938], [6, 0.995575221238938], [7, 0.995575221238938], [8, 0.995575221238938], [9, 0.995575221238938], [10, 0.995575221238938], [11, 0.995575221238938], [12, 0.995575221238938], [13, 0.995575221238938], [14, 0.995575221238938], [15, 0.995575221238938], [16, 0.995575221238938], [17, 0.995575221238938], [18, 0.995575221238938], [19, 0.995575221238938], [20, 0.995575221238938], [21, 0.995575221238938], [22, 0.995575221238938], [2, 0.9933628318584071]]}, "instructions": {"best_k": 3, "best_silhouette_score": 0.994475138121547, "other_silhouette_scores": [[3, 0.994475138121547], [4, 0.994475138121547], [5, 0.994475138121547], [6, 0.994475138121547], [7, 0.994475138121547], [8, 0.994475138121547], [9, 0.994475138121547], [10, 0.994475138121547], [11, 0.994475138121547], [12, 0.994475138121547], [13, 0.994475138121547], [14, 0.994475138121547], [15, 0.994475138121547], [16, 0.994475138121547], [17, 0.994475138121547], [2, 0.9917127071823204]]}, "branch": {"best_k": 3, "best_silhouette_score": 0.9946236559139785, "other_silhouette_scores": [[3, 0.9946236559139785], [4, 0.9946236559139785], [5, 0.9946236559139785], [6, 0.9946236559139785], [7, 0.9946236559139785], [8, 0.9946236559139785], [9, 0.9946236559139785], [10, 0.9946236559139785], [11, 0.9946236559139785], [12, 0.9946236559139785], [13, 0.9946236559139785], [14, 0.9946236559139785], [15, 0.9946236559139785], [16, 0.9946236559139785], [17, 0.9946236559139785], [18, 0.9946236559139785], [2, 0.9853173211781208]]}}, "2-39-89-25": {"cycles": {"best_k": 3, "best_silhouette_score": 0.9942528735632183, "other_silhouette_scores": [[3, 0.9942528735632183], [4, 0.9942528735632183], [5, 0.9942528735632183], [6, 0.9942528735632183], [7, 0.9942528735632183], [8, 0.9942528735632183], [9, 0.9942528735632183], [10, 0.9942528735632183], [11, 0.9942528735632183], [12, 0.9942528735632183], [13, 0.9942528735632183], [14, 0.9942528735632183], [15, 0.9942528735632183], [16, 0.9942528735632183], [2, 0.9913793103448276]]}, "instructions": {"best_k": 2, "best_silhouette_score": 1.0, "other_silhouette_scores": [[2, 1.0], [3, 1.0], [4, 1.0], [5, 1.0], [6, 1.0], [7, 1.0], [8, 1.0], [9, 1.0], [10, 1.0], [11, 1.0], [12, 1.0]]}, "branch": {"best_k": 3, "best_silhouette_score": 0.9932885906040269, "other_silhouette_scores": [[3, 0.9932885906040269], [4, 0.9932885906040269], [5, 0.9932885906040269], [6, 0.9932885906040269], [7, 0.9932885906040269], [8, 0.9932885906040269], [9, 0.9932885906040269], [10, 0.9932885906040269], [11, 0.9932885906040269], [12, 0.9932885906040269], [13, 0.9932885906040269], [14, 0.9932885906040269], [2, 0.9899328859060402]]}}}}