{"attack": {"cycles": {"best_k": 8, "best_silhouette_score": 0.9935275080906149, "other_silhouette_scores": [[8, 0.9935275080906149], [9, 0.9935275080906149], [10, 0.9935275080906149], [11, 0.9935275080906149], [12, 0.9935275080906149], [13, 0.9935275080906149], [14, 0.9935275080906149], [15, 0.9935275080906149], [16, 0.9935275080906149], [17, 0.9935275080906149], [18, 0.9935275080906149], [19, 0.9935275080906149], [20, 0.9935275080906149], [21, 0.9935275080906149], [22, 0.9935275080906149], [23, 0.9935275080906149], [24, 0.9935275080906149], [25, 0.9935275080906149], [26, 0.9935275080906149], [27, 0.9935275080906149], [28, 0.9935275080906149], [29, 0.9935275080906149], [30, 0.9935275080906149], [7, 0.9919093851132686], [6, 0.9751155802126676], [5, 0.9552718523306759], [4, 0.9192587103441902], [3, 0.9149281307216657], [2, 0.8139133743953589]]}, "branch": {"best_k": 5, "best_silhouette_score": 0.9956709956709957, "other_silhouette_scores": [[5, 0.9956709956709957], [6, 0.9956709956709957], [7, 0.9956709956709957], [8, 0.9956709956709957], [9, 0.9956709956709957], [10, 0.9956709956709957], [11, 0.9956709956709957], [12, 0.9956709956709957], [13, 0.9956709956709957], [14, 0.9956709956709957], [15, 0.9956709956709957], [16, 0.9956709956709957], [17, 0.9956709956709957], [18, 0.9956709956709957], [19, 0.9956709956709957], [20, 0.9956709956709957], [21, 0.9956709956709957], [22, 0.9956709956709957], [4, 0.987012987012987], [3, 0.9780272009359462], [2, 0.9422143513052604]]}, "instructions": {"best_k": 3, "best_silhouette_score": 0.989279972138428, "other_silhouette_scores": [[3, 0.989279972138428], [4, 0.9871794871794872], [5, 0.9871794871794872], [6, 0.9871794871794872], [7, 0.9871794871794872], [8, 0.9871794871794872], [9, 0.9871794871794872], [10, 0.9871794871794872], [11, 0.9871794871794872], [12, 0.9871794871794872], [13, 0.9871794871794872], [14, 0.9871794871794872], [15, 0.9871794871794872], [16, 0.9871794871794872], [17, 0.9871794871794872], [18, 0.9871794871794872], [19, 0.9871794871794872], [20, 0.9871794871794872], [21, 0.9871794871794872], [22, 0.9871794871794872], [2, 0.9674226236726237]]}}, "normal": {"cycles": {"best_k": 7, "best_silhouette_score": 0.8748917289767673, "other_silhouette_scores": [[7, 0.8748917289767673], [6, 0.7231004536431043], [2, 0.7116757410071008], [5, 0.6924281316991368], [4, 0.6824955691984024], [3, 0.6348697433411576]]}, "branch": {"best_k": 2, "best_silhouette_score": 0.9144791985704623, "other_silhouette_scores": [[2, 0.9144791985704623], [6, 0.708280026436621], [5, 0.6927850379038931], [4, 0.6352002758773218], [3, 0.6083869436524414]]}, "instructions": {"best_k": 2, "best_silhouette_score": 0.9009805662938817, "other_silhouette_scores": [[2, 0.9009805662938817], [5, 0.8818153251060021], [3, 0.76988697067285], [4, 0.7462284744566515]]}}}