{"attack": {"2-39-89-25": {"cycles": {"best_k": 8, "best_silhouette_score": 0.9952267303102625, "other_silhouette_scores": [[8, 0.9952267303102625], [9, 0.9952267303102625], [10, 0.9952267303102625], [11, 0.9952267303102625], [12, 0.9952267303102625], [13, 0.9952267303102625], [14, 0.9952267303102625], [15, 0.9952267303102625], [16, 0.9952267303102625], [17, 0.9952267303102625], [18, 0.9952267303102625], [19, 0.9952267303102625], [20, 0.9952267303102625], [21, 0.9952267303102625], [22, 0.9952267303102625], [23, 0.9952267303102625], [24, 0.9952267303102625], [25, 0.9952267303102625], [26, 0.9952267303102625], [27, 0.9952267303102625], [28, 0.9952267303102625], [29, 0.9952267303102625], [30, 0.9952267303102625], [31, 0.9952267303102625], [32, 0.9952267303102625], [33, 0.9952267303102625], [34, 0.9952267303102625], [35, 0.9952267303102625], [36, 0.9952267303102625], [37, 0.9952267303102625], [38, 0.9952267303102625], [39, 0.9952267303102625], [40, 0.9952267303102625], [41, 0.9952267303102625], [7, 0.9940334128878282], [6, 0.9850462672193611], [5, 0.9692875236559538], [4, 0.9421024083315253], [3, 0.895783759076903], [2, 0.8329661621706663]]}, "instructions": {"best_k": 4, "best_silhouette_score": 0.9969040247678018, "other_silhouette_scores": [[4, 0.9969040247678018], [5, 0.9969040247678018], [6, 0.9969040247678018], [7, 0.9969040247678018], [8, 0.9969040247678018], [9, 0.9969040247678018], [10, 0.9969040247678018], [11, 0.9969040247678018], [12, 0.9969040247678018], [13, 0.9969040247678018], [14, 0.9969040247678018], [15, 0.9969040247678018], [16, 0.9969040247678018], [17, 0.9969040247678018], [18, 0.9969040247678018], [19, 0.9969040247678018], [20, 0.9969040247678018], [21, 0.9969040247678018], [22, 0.9969040247678018], [23, 0.9969040247678018], [24, 0.9969040247678018], [25, 0.9969040247678018], [26, 0.9969040247678018], [27, 0.9969040247678018], [28, 0.9969040247678018], [29, 0.9969040247678018], [30, 0.9969040247678018], [31, 0.9969040247678018], [3, 0.9953560371517027], [2, 0.9833112192245319]]}, "branch": {"best_k": 4, "best_silhouette_score": 0.9966887417218543, "other_silhouette_scores": [[4, 0.9966887417218543], [5, 0.9966887417218543], [6, 0.9966887417218543], [7, 0.9966887417218543], [8, 0.9966887417218543], [9, 0.9966887417218543], [10, 0.9966887417218543], [11, 0.9966887417218543], [12, 0.9966887417218543], [13, 0.9966887417218543], [14, 0.9966887417218543], [15, 0.9966887417218543], [16, 0.9966887417218543], [17, 0.9966887417218543], [18, 0.9966887417218543], [19, 0.9966887417218543], [20, 0.9966887417218543], [21, 0.9966887417218543], [22, 0.9966887417218543], [23, 0.9966887417218543], [24, 0.9966887417218543], [25, 0.9966887417218543], [26, 0.9966887417218543], [27, 0.9966887417218543], [28, 0.9966887417218543], [29, 0.9966887417218543], [3, 0.991169977924945], [2, 0.9671111508859851]]}}, "2-39-131-30": {"cycles": {"best_k": 8, "best_silhouette_score": 0.9977220956719818, "other_silhouette_scores": [[8, 0.9977220956719818], [9, 0.9977220956719818], [10, 0.9977220956719818], [11, 0.9977220956719818], [12, 0.9977220956719818], [13, 0.9977220956719818], [14, 0.9977220956719818], [15, 0.9977220956719818], [16, 0.9977220956719818], [17, 0.9977220956719818], [18, 0.9977220956719818], [19, 0.9977220956719818], [20, 0.9977220956719818], [21, 0.9977220956719818], [22, 0.9977220956719818], [23, 0.9977220956719818], [24, 0.9977220956719818], [25, 0.9977220956719818], [26, 0.9977220956719818], [27, 0.9977220956719818], [28, 0.9977220956719818], [29, 0.9977220956719818], [30, 0.9977220956719818], [31, 0.9977220956719818], [32, 0.9977220956719818], [33, 0.9977220956719818], [34, 0.9977220956719818], [35, 0.9977220956719818], [36, 0.9977220956719818], [37, 0.9977220956719818], [38, 0.9977220956719818], [39, 0.9977220956719818], [40, 0.9977220956719818], [41, 0.9977220956719818], [42, 0.9977220956719818], [43, 0.9977220956719818], [7, 0.9925968109339408], [6, 0.9833291423838121], [5, 0.9650806978999964], [4, 0.9548787488617995], [3, 0.8963088739619027], [2, 0.857415074971322]]}, "instructions": {"best_k": 4, "best_silhouette_score": 0.9969512195121951, "other_silhouette_scores": [[4, 0.9969512195121951], [5, 0.9969512195121951], [6, 0.9969512195121951], [7, 0.9969512195121951], [8, 0.9969512195121951], [9, 0.9969512195121951], [10, 0.9969512195121951], [11, 0.9969512195121951], [12, 0.9969512195121951], [13, 0.9969512195121951], [14, 0.9969512195121951], [15, 0.9969512195121951], [16, 0.9969512195121951], [17, 0.9969512195121951], [18, 0.9969512195121951], [19, 0.9969512195121951], [20, 0.9969512195121951], [21, 0.9969512195121951], [22, 0.9969512195121951], [23, 0.9969512195121951], [24, 0.9969512195121951], [25, 0.9969512195121951], [26, 0.9969512195121951], [27, 0.9969512195121951], [28, 0.9969512195121951], [29, 0.9969512195121951], [30, 0.9969512195121951], [31, 0.9969512195121951], [32, 0.9969512195121951], [3, 0.9740853658536583], [2, 0.9682910797118489]]}, "branch": {"best_k": 5, "best_silhouette_score": 0.9939577039274925, "other_silhouette_scores": [[5, 0.9939577039274925], [6, 0.9939577039274925], [7, 0.9939577039274925], [8, 0.9939577039274925], [9, 0.9939577039274925], [10, 0.9939577039274925], [11, 0.9939577039274925], [12, 0.9939577039274925], [13, 0.9939577039274925], [14, 0.9939577039274925], [15, 0.9939577039274925], [16, 0.9939577039274925], [17, 0.9939577039274925], [18, 0.9939577039274925], [19, 0.9939577039274925], [20, 0.9939577039274925], [21, 0.9939577039274925], [22, 0.9939577039274925], [23, 0.9939577039274925], [24, 0.9939577039274925], [25, 0.9939577039274925], [26, 0.9939577039274925], [27, 0.9939577039274925], [28, 0.9939577039274925], [29, 0.9939577039274925], [30, 0.9939577039274925], [31, 0.9939577039274925], [32, 0.9939577039274925], [4, 0.9924471299093656], [2, 0.9733222174824028], [3, 0.972997025691468]]}}}, "normal": {"2-39-131-30": {"cycles": {"best_k": 12, "best_silhouette_score": 0.9814102564102564, "other_silhouette_scores": [[12, 0.9814102564102564], [13, 0.9763313609467456], [14, 0.9763313609467456], [15, 0.9763313609467456], [16, 0.9763313609467456], [11, 0.9636587771203156], [10, 0.9544449140602986], [9, 0.9246974848200546], [8, 0.924098798703783], [7, 0.8366557259325929], [2, 0.7944650927264996], [6, 0.760595892762855], [5, 0.7561606676051895], [4, 0.71025643292677], [3, 0.7102495739178826]]}, "instructions": {"best_k": 7, "best_silhouette_score": 0.9833333333333333, "other_silhouette_scores": [[7, 0.9833333333333333], [8, 0.9833333333333333], [9, 0.9833333333333333], [10, 0.9833333333333333], [11, 0.9833333333333333], [6, 0.9791666666666666], [5, 0.9455555555555556], [2, 0.9111445160889013], [4, 0.768514987649134], [3, 0.710026818659065]]}, "branch": {"best_k": 10, "best_silhouette_score": 0.9736842105263158, "other_silhouette_scores": [[10, 0.9736842105263158], [11, 0.9699248120300752], [12, 0.9699248120300752], [9, 0.9506183040017626], [8, 0.9272487270384078], [2, 0.9258170968332117], [7, 0.8279977616476346], [4, 0.7444111450568375], [6, 0.7420743437418201], [5, 0.7349513542755364], [3, 0.7297897320133223]]}}, "2-39-89-25": {"cycles": {"best_k": 12, "best_silhouette_score": 0.9788732394366197, "other_silhouette_scores": [[12, 0.9788732394366197], [13, 0.9788732394366197], [11, 0.9710485133020342], [10, 0.9684412517992949], [9, 0.9192735181245189], [8, 0.9025445496888083], [7, 0.8274889529504839], [6, 0.7823927038039171], [2, 0.7128387552460055], [3, 0.6738203267099357], [5, 0.6514192115585699], [4, 0.6482765079103686]]}, "instructions": {"best_k": 9, "best_silhouette_score": 0.9745762711864406, "other_silhouette_scores": [[9, 0.9745762711864406], [10, 0.9745762711864406], [11, 0.9745762711864406], [8, 0.9703389830508474], [7, 0.9688256658595642], [6, 0.9440267905959542], [2, 0.8728877696826501], [5, 0.8678004139105724], [4, 0.7185873260265285], [3, 0.7122145866668654]]}, "branch": {"best_k": 2, "best_silhouette_score": 0.9331674726967226,