{"attack": {"2305127": {"cycles": {"best_k": 2, "best_silhouette_score": 0.7502360812227207, "other_silhouette_scores": [[2, 0.7502360812227207], [14, 0.6943995150104776], [13, 0.6942439397242913], [5, 0.6933925231878812], [12, 0.6862751986085129], [6, 0.6824572976294268], [7, 0.6673006188835291], [9, 0.6656287790011439], [4, 0.6632273808929526], [8, 0.6616414164067254], [10, 0.6446233259714401], [11, 0.6356934479784166], [3, 0.567917646757071]]}, "instructions": {"best_k": 13, "best_silhouette_score": 0.9076411201735596, "other_silhouette_scores": [[13, 0.9076411201735596], [11, 0.8899934042482479], [12, 0.8795811569666204], [10, 0.8180979794116466], [9, 0.7636898786811007], [2, 0.7601564927012573], [8, 0.7550920290024816], [3, 0.712126526967738], [6, 0.7028022012747899], [4, 0.7000894427328549], [7, 0.6968925906175568], [5, 0.6919072274798173]]}, "branch": {"best_k": 2, "best_silhouette_score": 0.9389658945464013, "other_silhouette_scores": [[2, 0.9389658945464013], [13, 0.9271070474844263], [12, 0.885097623724242], [11, 0.8541958773575999], [3, 0.7890215162675095], [10, 0.7475090875588558], [5, 0.7173951286467012], [4, 0.7108932670534894], [9, 0.701930583757656], [8, 0.6906533830501601], [6, 0.6692673230896444], [7, 0.6571341352797153]]}}}, "normal": {"2318072": {"cycles": {"best_k": 18, "best_silhouette_score": 0.9058318101818443, "other_silhouette_scores": [[18, 0.9058318101818443], [19, 0.9042862598922182], [20, 0.9039477358570117], [17, 0.8952144871028541], [16, 0.837518216754616], [15, 0.7938619149846897], [14, 0.7797852371708005], [2, 0.7399276887900409], [11, 0.7204362832205632], [12, 0.7178336959776362], [13, 0.7118578030001753], [10, 0.7043906963116815], [9, 0.6885019289293047], [8, 0.6853850714342054], [7, 0.6723744652011553], [5, 0.6600016574487924], [3, 0.6584293075649028], [6, 0.6552156893135722], [4, 0.5963416386511209]]}, "instructions": {"best_k": 14, "best_silhouette_score": 0.9809843400447429, "other_silhouette_scores": [[14, 0.9809843400447429], [13, 0.9594119527005434], [12, 0.9221925593816636], [11, 0.8983434537125811], [10, 0.8312293597528496], [2, 0.7984797643358629], [9, 0.787518881083824], [8, 0.7707179191302541], [5, 0.7010834665819361], [6, 0.7005042214084987], [4, 0.6915098916288692], [7, 0.687827457769016], [3, 0.6129033980875976]]}, "branch": {"best_k": 2, "best_silhouette_score": 0.9425117378630125, "other_silhouette_scores": [[2, 0.9425117378630125], [13, 0.8753692726158145], [3, 0.8557832413714467], [12, 0.8160452224829409], [11, 0.7471819233235817], [10, 0.7185471605365815], [9, 0.6806356047714444], [8, 0.6762156486514554], [6, 0.6715942956762038], [5, 0.6667213178107396], [7, 0.6647576750813349], [4, 0.644926823058514]]}}}}