{"attack": {"2305127": {"cycles": {"best_k": 2, "best_silhouette_score": 0.7502360812227207, "other_silhouette_scores": [[2, 0.7502360812227207], [14, 0.6943995150104776], [13, 0.6942439397242913], [5, 0.6933925231878812], [12, 0.6862751986085129], [6, 0.6824572976294268], [7, 0.6787969871433195], [10, 0.6751350737925256], [11, 0.6709469617105679], [8, 0.669865588361643], [4, 0.6632273808929526], [9, 0.6630062024086032], [3, 0.567917646757071]]}, "instructions": {"best_k": 13, "best_silhouette_score": 0.9076411201735596, "other_silhouette_scores": [[13, 0.9076411201735596], [12, 0.9019221659251936], [11, 0.8744607348342699], [10, 0.8180979794116466], [9, 0.8060449384136572], [2, 0.7674909582735447], [8, 0.7550920290024816], [3, 0.712126526967738], [6, 0.7028022012747899], [4, 0.7000894427328549], [7, 0.6968925906175568], [5, 0.6919072274798173]]}, "branch": {"best_k": 2, "best_silhouette_score": 0.9389658945464013, "other_silhouette_scores": [[2, 0.9389658945464013], [13, 0.9271070474844263], [12, 0.885097623724242], [11, 0.8541958773575999], [3, 0.7890215162675095], [10, 0.7475090875588558], [5, 0.7173951286467012], [4, 0.7108932670534894], [9, 0.701930583757656], [8, 0.6906533830501601], [7, 0.6796094992050447], [6, 0.6692673230896444]]}}}, "normal": {"2-39-139-28": {"cycles": {"best_k": 3, "best_silhouette_score": 0.9955555555555555, "other_silhouette_scores": [[3, 0.9955555555555555], [4, 0.9955555555555555], [5, 0.9955555555555555], [6, 0.9955555555555555], [7, 0.9955555555555555], [8, 0.9955555555555555], [9, 0.9955555555555555], [10, 0.9955555555555555], [11, 0.9955555555555555], [12, 0.9955555555555555], [13, 0.9955555555555555], [14, 0.9955555555555555], [15, 0.9955555555555555], [16, 0.9955555555555555], [17, 0.9955555555555555], [18, 0.9955555555555555], [19, 0.9955555555555555], [20, 0.9955555555555555], [21, 0.9955555555555555], [2, 0.9933333333333333]]}, "instructions": {"best_k": 3, "best_silhouette_score": 0.9940119760479041, "other_silhouette_scores": [[3, 0.9940119760479041], [4, 0.9940119760479041], [5, 0.9940119760479041], [6, 0.9940119760479041], [7, 0.9940119760479041], [8, 0.9940119760479041], [9, 0.9940119760479041], [10, 0.9940119760479041], [11, 0.9940119760479041], [12, 0.9940119760479041], [13, 0.9940119760479041], [14, 0.9940119760479041], [15, 0.9940119760479041], [16, 0.9940119760479041], [2, 0.9910179640718563]]}, "branch": {"best_k": 3, "best_silhouette_score": 0.9941860465116279, "other_silhouette_scores": [[3, 0.9941860465116279], [4, 0.9941860465116279], [5, 0.9941860465116279], [6, 0.9941860465116279], [7, 0.9941860465116279], [8, 0.9941860465116279], [9, 0.9941860465116279], [10, 0.9941860465116279], [11, 0.9941860465116279], [12, 0.9941860465116279], [13, 0.9941860465116279], [14, 0.9941860465116279], [15, 0.9941860465116279], [16, 0.9941860465116279], [2, 0.9844961240310076]]}}, "2-39-131-30": {"cycles": {"best_k": 3, "best_silhouette_score": 0.9952830188679245, "other_silhouette_scores": [[3, 0.9952830188679245], [4, 0.9952830188679245], [5, 0.9952830188679245], [6, 0.9952830188679245], [7, 0.9952830188679245], [8, 0.9952830188679245], [9, 0.9952830188679245], [10, 0.9952830188679245], [11, 0.9952830188679245], [12, 0.9952830188679245], [13, 0.9952830188679245], [14, 0.9952830188679245], [15, 0.9952830188679245], [16, 0.9952830188679245], [17, 0.9952830188679245], [18, 0.9952830188679245], [19, 0.9952830188679245], [20, 0.9952830188679245], [2, 0.9874213836477986]]}, "instructions": {"best_k": 3, "best_silhouette_score": 0.993006993006993, "other_silhouette_scores": [[3, 0.993006993006993], [4, 0.993006993006993], [5, 0.993006993006993], [6, 0.993006993006993], [7, 0.993006993006993], [8, 0.993006993006993], [9, 0.993006993006993], [10, 0.993006993006993], [11, 0.993006993006993], [12, 0.993006993006993], [13, 0.993006993006993], [2, 0.9895104895104895]]}, "branch": {"best_k": 3, "best_silhouette_score": 0.9934640522875817, "other_silhouette_scores": [[3, 0.9934640522875817], [4, 0.9934640522875817], [5, 0.9934640522875817], [6, 0.9934640522875817], [7, 0.9934640522875817], [8, 0.9934640522875817], [9, 0.9934640522875817], [10, 0.9934640522875817], [11, 0.9934640522875817], [12, 0.9934640522875817], [13, 0.9934640522875817], [14, 0.9934640522875817], [2, 0.982570806100218]]}}, "2-39-89-25": {"cycles": {"best_k": 11, "best_silhouette_score": 0.9175162823446575, "other_silhouette_scores": [[11, 0.9175162823446575], [10, 0.8716738224336221], [8, 0.7823602397545564], [9, 0.7784865232838426], [7, 0.7420559705981266], [6, 0.7144754166126196], [5, 0.7115168872438568], [2, 0.6974470813135447], [3, 0.6343909135000073], [4, 0.6221888838686697]]}, "instructions": {"best_k": 7, "best_silhouette_score": 0.9659956726826029, "other_silhouette_scores": [[7, 0.9659956726826029], [8, 0.9505494505494505], [6, 0.8883289158500085], [2, 0.876299277730358], [5, 0.7230636308558884], [4, 0.684145353494931], [3, 0.6747994181419203]]}, "branch": {"best_k": 2, "best_silhouette_score": 0.9381173941257258, "other_silhouette_scores": [[2, 0.9381173941257258], [9, 0.9365889212827989], [8, 0.8734204720849378], [7, 0.7732669222929279], [6, 0.7662480108322398], [4, 0.7124258738032774], [3, 0.6947556406616012], [5, 0.6861829212460567]]}}}}