{"0": {"AB": 0.0, "AC": 0.0, "DS": 0.0, "DT": 0.0, "GM": 0.0, "GN": 0.0, "GB": 0.0, "KNN": 0.0, "KM": 0.0, "LR": 0.0, "LRR": 0.0, "LRL": 0.0, "LRE": 0.0, "LOG_R": 0.0, "RF": 0.0, "SVM": 0.0, "DNN": 0.0}, "1": {"AB": 0.0, "AC": 0.0, "DS": 0.0, "DT": 0.0, "GM": 0.0, "GN": 0.0, "GB": 0.0, "KNN": 0.0, "KM": 0.0, "LR": 0.0, "LRR": 0.0, "LRL": 0.0, "LRE": 0.0, "LOG_R": 0.0, "RF": 0.0, "SVM": 0.0, "DNN": 0.0}, "2": {"AB": 0.0, "AC": 0.0, "DS": 0.0, "DT": 0.0, "GM": 0.0, "GN": 0.0, "GB": 0.0, "KNN": 0.0, "KM": 0.0, "LR": 0.0, "LRR": 0.0, "LRL": 0.0, "LRE": 0.0, "LOG_R": 0.0, "RF": 0.0, "SVM": 0.0, "DNN": 0.0}, "3": {"AB": 0.0, "AC": 0.0, "DS": 0.0, "DT": 0.0, "GM": 0.0, "GN": 0.0, "GB": 0.0, "KNN": 0.0, "KM": 0.0, "LR": 0.0, "LRR": 0.0, "LRL": 0.0, "LRE": 0.0, "LOG_R": 0.0, "RF": 0.0, "SVM": 0.0, "DNN": 0.0}, "4": {"AB": 0.0, "AC": 0.0, "DS": 0.0, "DT": 0.0, "GM": 0.0, "GN": 0.0, "GB": 0.0, "KNN": 0.0, "KM": 0.0, "LR": 0.0, "LRR": 0.0, "LRL": 0.0, "LRE": 0.0, "LOG_R": 0.0, "RF": 0.0, "SVM": 0.0, "DNN": 0.0}, "0 + 1": {"AB": 0.21938779681260423, "AC": 0.21938779681260423, "DS": 0.21938779681260423, "DT": 0.21938779681260423, "GM": 0.21938779681260423, "GN": 0.21938779681260423, "GB": 0.21938779681260423, "KNN": 0.21938779681260423, "KM": 0.21938779681260423, "LR": 0.21938779681260423, "LRR": 0.21938779681260423, "LRL": 0.21938779681260423, "LRE": 0.21938779681260423, "LOG_R": 0.21938779681260423, "RF": 0.21938779681260423, "SVM": 0.21938779681260423, "DNN": 0.21938779681260423}, "0 + 2": {"AB": 0.18691897951385927, "AC": 0.18691897951385927, "DS": 0.18691897951385927, "DT": 0.18691897951385927, "GM": 0.18691897951385927, "GN": 0.18691897951385927, "GB": 0.18691897951385927, "KNN": 0.18691897951385927, "KM": 0.18691897951385927, "LR": 0.18691897951385927, "LRR": 0.18691897951385927, "LRL": 0.18691897951385927, "LRE": 0.18691897951385927, "LOG_R": 0.18691897951385927, "RF": 0.18691897951385927, "SVM": 0.18691897951385927, "DNN": 0.18691897951385927}, "0 + 3": {"AB": 0.2733170459794486, "AC": 0.2733170459794486, "DS": 0.2733170459794486, "DT": 0.2733170459794486, "GM": 0.2733170459794486, "GN": 0.2733170459794486, "GB": 0.2733170459794486, "KNN": 0.2733170459794486, "KM": 0.2733170459794486, "LR": 0.2733170459794486, "LRR": 0.2733170459794486, "LRL": 0.2733170459794486, "LRE": 0.2733170459794486, "LOG_R": 0.2733170459794486, "RF": 0.2733170459794486, "SVM": 0.2733170459794486, "DNN": 0.2733170459794486}, "0 + 4": {"AB": 0.3050613825260439, "AC": 0.3050613825260439, "DS": 0.3050613825260439, "DT": 0.3050613825260439, "GM": 0.3050613825260439, "GN": 0.3050613825260439, "GB": 0.3050613825260439, "KNN": 0.3050613825260439, "KM": 0.3050613825260439, "LR": 0.3050613825260439, "LRR": 0.3050613825260439, "LRL": 0.3050613825260439, "LRE": 0.3050613825260439, "LOG_R": 0.3050613825260439, "RF": 0.3050613825260439, "SVM": 0.3050613825260439, "DNN": 0.3050613825260439}, "1 + 2": {"AB": 0.11704413432143163, "AC": 0.11704413432143163, "DS": 0.11704413432143163, "DT": 0.11704413432143163, "GM": 0.11704413432143163, "GN": 0.11704413432143163, "GB": 0.11704413432143163, "KNN": 0.11704413432143163, "KM": 0.11704413432143163, "LR": 0.11704413432143163, "LRR": 0.11704413432143163, "LRL": 0.11704413432143163, "LRE": 0.11704413432143163, "LOG_R": 0.11704413432143163, "RF": 0.11704413432143163, "SVM": 0.11704413432143163, "DNN": 0.11704413432143163}, "1 + 3": {"AB": 0.13016678246151148, "AC": 0.13016678246151148, "DS": 0.13016678246151148, "DT": 0.13016678246151148, "GM": 0.13016678246151148, "GN": 0.13016678246151148, "GB": 0.13016678246151148, "KNN": 0.13016678246151148, "KM": 0.13016678246151148, "LR": 0.13016678246151148, "LRR": 0.13016678246151148, "LRL": 0.13016678246151148, "LRE": 0.13016678246151148, "LOG_R": 0.13016678246151148, "RF": 0.13016678246151148, "SVM": 0.13016678246151148, "DNN": 0.13016678246151148}, "1 + 4": {"AB": 0.10931122117520026, "AC": 0.10931122117520026, "DS": 0.10931122117520026, "DT": 0.10931122117520026, "GM": 0.10931122117520026, "GN": 0.10931122117520026, "GB": 0.10931122117520026, "KNN": 0.10931122117520026, "KM": 0.10931122117520026, "LR": 0.10931122117520026, "LRR": 0.10931122117520026, "LRL": 0.10931122117520026, "LRE": 0.10931122117520026, "LOG_R": 0.10931122117520026, "RF": 0.10931122117520026, "SVM": 0.10931122117520026, "DNN": 0.10931122117520026}, "2 + 3": {"AB": 0.08639806646558935, "AC": 0.08639806646558935, "DS": 0.08639806646558935, "DT": 0.08639806646558935, "GM": 0.08639806646558935, "GN": 0.08639806646558935, "GB": 0.08639806646558935, "KNN": 0.08639806646558935, "KM": 0.08639806646558935, "LR": 0.08639806646558935, "LRR": 0.08639806646558935, "LRL": 0.08639806646558935, "LRE": 0.08639806646558935, "LOG_R": 0.08639806646558935, "RF": 0.08639806646558935, "SVM": 0.08639806646558935, "DNN": 0.08639806646558935}, "2 + 4": {"AB": 0.11814240301218465, "AC": 0.11814240301218465, "DS": 0.11814240301218465, "DT": 0.11814240301218465, "GM": 0.11814240301218465, "GN": 0.11814240301218465, "GB": 0.11814240301218465, "KNN": 0.11814240301218465, "KM": 0.11814240301218465, "LR": 0.11814240301218465, "LRR": 0.11814240301218465, "LRL": 0.11814240301218465, "LRE": 0.11814240301218465, "LOG_R": 0.11814240301218465, "RF": 0.11814240301218465, "SVM": 0.11814240301218465, "DNN": 0.11814240301218465}, "3 + 4": {"AB": 0.031744336546595295, "AC": 0.031744336546595295, "DS": 0.031744336546595295, "DT": 0.031744336546595295, "GM": 0.031744336546595295, "GN": 0.031744336546595295, "GB": 0.031744336546595295, "KNN": 0.031744336546595295, "KM": 0.031744336546595295, "LR": 0.031744336546595295, "LRR": 0.031744336546595295, "LRL": 0.031744336546595295, "LRE": 0.031744336546595295, "LOG_R": 0.031744336546595295, "RF": 0.031744336546595295, "SVM": 0.031744336546595295, "DNN": 0.031744336546595295}, "0 + 1 + 2": {"AB": 0.18935979482268958, "AC": 0.18935979482268958, "DS": 0.18935979482268958, "DT": 0.18935979482268958, "GM": 0.18935979482268958, "GN": 0.18935979482268958, "GB": 0.18935979482268958, "KNN": 0.18935979482268958, "KM": 0.18935979482268958, "LR": 0.18935979482268958, "LRR": 0.18935979482268958, "LRL": 0.18935979482268958, "LRE": 0.18935979482268958, "LOG_R": 0.18935979482268958, "RF": 0.18935979482268958, "SVM": 0.18935979482268958, "DNN": 0.18935979482268958}, "0 + 1 + 3": {"AB": 0.22080129754414685, "AC": 0.22080129754414685, "DS": 0.22080129754414685, "DT": 0.22080129754414685, "GM": 0.22080129754414685, "GN": 0.22080129754414685, "GB": 0.22080129754414685, "KNN": 0.22080129754414685, "KM": 0.22080129754414685, "LR": 0.22080129754414685, "LRR": 0.22080129754414685, "LRL": 0.22080129754414685, "LRE": 0.22080129754414685, "LOG_R": 0.22080129754414685, "RF": 0.22080129754414685, "SVM": 0.22080129754414685, "DNN": 0.22080129754414685}, "0 + 1 + 4": {"AB": 0.21309571071606223, "AC": 0.21309571071606223, "DS": 0.21309571071606223, "DT": 0.21309571071606223, "GM": 0.21309571071606223, "GN": 0.21309571071606223, "GB": 0.21309571071606223, "KNN": 0.21309571071606223, "KM": 0.21309571071606223, "LR": 0.21309571071606223, "LRR": 0.21309571071606223, "LRL": 0.21309571071606223, "LRE": 0.21309571071606223, "LOG_R": 0.21309571071606223, "RF": 0.21309571071606223, "SVM": 0.21309571071606223, "DNN": 0.21309571071606223}, "0 + 2 + 3": {"AB": 0.17985755622251898, "AC": 0.17985755622251898, "DS": 0.17985755622251898, "DT": 0.17985755622251898, "GM": 0.17985755622251898, "GN": 0.17985755622251898, "GB": 0.17985755622251898, "KNN": 0.17985755622251898, "KM": 0.17985755622251898, "LR": 0.17985755622251898, "LRR": 0.17985755622251898, "LRL": 0.17985755622251898, "LRE": 0.17985755622251898, "LOG_R": 0.17985755622251898, "RF": 0.17985755622251898, "SVM": 0.17985755622251898, "DNN": 0.17985755622251898}, "0 + 2 + 4": {"AB": 0.21160189276911429, "AC": 0.21160189276911429, "DS": 0.21160189276911429, "DT": 0.21160189276911429, "GM": 0.21160189276911429, "GN": 0.21160189276911429, "GB": 0.21160189276911429, "KNN": 0.21160189276911429, "KM": 0.21160189276911429,