{"0": {"AB": 0.0, "AC": 0.0, "DS": 0.0, "DT": 0.0, "GM": 0.0, "GN": 0.0, "GB": 0.0, "KNN": 0.0, "KM": 0.0, "LR": 0.0, "LRR": 0.0, "LRL": 0.0, "LRE": 0.0, "LOG_R": 0.0, "RF": 0.0, "SVM": 0.0, "DNN": 0.0}, "1": {"AB": 0.0, "AC": 0.0, "DS": 0.0, "DT": 0.0, "GM": 0.0, "GN": 0.0, "GB": 0.0, "KNN": 0.0, "KM": 0.0, "LR": 0.0, "LRR": 0.0, "LRL": 0.0, "LRE": 0.0, "LOG_R": 0.0, "RF": 0.0, "SVM": 0.0, "DNN": 0.0}, "2": {"AB": 0.0, "AC": 0.0, "DS": 0.0, "DT": 0.0, "GM": 0.0, "GN": 0.0, "GB": 0.0, "KNN": 0.0, "KM": 0.0, "LR": 0.0, "LRR": 0.0, "LRL": 0.0, "LRE": 0.0, "LOG_R": 0.0, "RF": 0.0, "SVM": 0.0, "DNN": 0.0}, "3": {"AB": 0.0, "AC": 0.0, "DS": 0.0, "DT": 0.0, "GM": 0.0, "GN": 0.0, "GB": 0.0, "KNN": 0.0, "KM": 0.0, "LR": 0.0, "LRR": 0.0, "LRL": 0.0, "LRE": 0.0, "LOG_R": 0.0, "RF": 0.0, "SVM": 0.0, "DNN": 0.0}, "4": {"AB": 0.0, "AC": 0.0, "DS": 0.0, "DT": 0.0, "GM": 0.0, "GN": 0.0, "GB": 0.0, "KNN": 0.0, "KM": 0.0, "LR": 0.0, "LRR": 0.0, "LRL": 0.0, "LRE": 0.0, "LOG_R": 0.0, "RF": 0.0, "SVM": 0.0, "DNN": 0.0}, "0 + 1": {"AB": 0.1912301241582865, "AC": 0.1912301241582865, "DS": 0.1912301241582865, "DT": 0.1912301241582865, "GM": 0.1912301241582865, "GN": 0.1912301241582865, "GB": 0.1912301241582865, "KNN": 0.1912301241582865, "KM": 0.1912301241582865, "LR": 0.1912301241582865, "LRR": 0.1912301241582865, "LRL": 0.1912301241582865, "LRE": 0.1912301241582865, "LOG_R": 0.1912301241582865, "RF": 0.1912301241582865, "SVM": 0.1912301241582865, "DNN": 0.1912301241582865}, "0 + 2": {"AB": 0.1767844817013694, "AC": 0.1767844817013694, "DS": 0.1767844817013694, "DT": 0.1767844817013694, "GM": 0.1767844817013694, "GN": 0.1767844817013694, "GB": 0.1767844817013694, "KNN": 0.1767844817013694, "KM": 0.1767844817013694, "LR": 0.1767844817013694, "LRR": 0.1767844817013694, "LRL": 0.1767844817013694, "LRE": 0.1767844817013694, "LOG_R": 0.1767844817013694, "RF": 0.1767844817013694, "SVM": 0.1767844817013694, "DNN": 0.1767844817013694}, "0 + 3": {"AB": 0.24656565908180153, "AC": 0.24656565908180153, "DS": 0.24656565908180153, "DT": 0.24656565908180153, "GM": 0.24656565908180153, "GN": 0.24656565908180153, "GB": 0.24656565908180153, "KNN": 0.24656565908180153, "KM": 0.24656565908180153, "LR": 0.24656565908180153, "LRR": 0.24656565908180153, "LRL": 0.24656565908180153, "LRE": 0.24656565908180153, "LOG_R": 0.24656565908180153, "RF": 0.24656565908180153, "SVM": 0.24656565908180153, "DNN": 0.24656565908180153}, "0 + 4": {"AB": 0.3028922059349124, "AC": 0.3028922059349124, "DS": 0.3028922059349124, "DT": 0.3028922059349124, "GM": 0.3028922059349124, "GN": 0.3028922059349124, "GB": 0.3028922059349124, "KNN": 0.3028922059349124, "KM": 0.3028922059349124, "LR": 0.3028922059349124, "LRR": 0.3028922059349124, "LRL": 0.3028922059349124, "LRE": 0.3028922059349124, "LOG_R": 0.3028922059349124, "RF": 0.3028922059349124, "SVM": 0.3028922059349124, "DNN": 0.3028922059349124}, "1 + 2": {"AB": 0.015515347965109505, "AC": 0.015515347965109505, "DS": 0.015515347965109505, "DT": 0.015515347965109505, "GM": 0.015515347965109505, "GN": 0.015515347965109505, "GB": 0.015515347965109505, "KNN": 0.015515347965109505, "KM": 0.015515347965109505, "LR": 0.015515347965109505, "LRR": 0.015515347965109505, "LRL": 0.015515347965109505, "LRE": 0.015515347965109505, "LOG_R": 0.015515347965109505, "RF": 0.015515347965109505, "SVM": 0.015515347965109505, "DNN": 0.015515347965109505}, "1 + 3": {"AB": 0.021401158004112103, "AC": 0.021401158004112103, "DS": 0.021401158004112103, "DT": 0.021401158004112103, "GM": 0.021401158004112103, "GN": 0.021401158004112103, "GB": 0.021401158004112103, "KNN": 0.021401158004112103, "KM": 0.021401158004112103, "LR": 0.021401158004112103, "LRR": 0.021401158004112103, "LRL": 0.021401158004112103, "LRE": 0.021401158004112103, "LOG_R": 0.021401158004112103, "RF": 0.021401158004112103, "SVM": 0.021401158004112103, "DNN": 0.021401158004112103}, "1 + 4": {"AB": 0.05846941383183396, "AC": 0.05846941383183396, "DS": 0.05846941383183396, "DT": 0.05846941383183396, "GM": 0.05846941383183396, "GN": 0.05846941383183396, "GB": 0.05846941383183396, "KNN": 0.05846941383183396, "KM": 0.05846941383183396, "LR": 0.05846941383183396, "LRR": 0.05846941383183396, "LRL": 0.05846941383183396, "LRE": 0.05846941383183396, "LOG_R": 0.05846941383183396, "RF": 0.05846941383183396, "SVM": 0.05846941383183396, "DNN": 0.05846941383183396}, "2 + 3": {"AB": 0.06978117738043213, "AC": 0.06978117738043213, "DS": 0.06978117738043213, "DT": 0.06978117738043213, "GM": 0.06978117738043213, "GN": 0.06978117738043213, "GB": 0.06978117738043213, "KNN": 0.06978117738043213, "KM": 0.06978117738043213, "LR": 0.06978117738043213, "LRR": 0.06978117738043213, "LRL": 0.06978117738043213, "LRE": 0.06978117738043213, "LOG_R": 0.06978117738043213, "RF": 0.06978117738043213, "SVM": 0.06978117738043213, "DNN": 0.06978117738043213}, "2 + 4": {"AB": 0.12610772423354297, "AC": 0.12610772423354297, "DS": 0.12610772423354297, "DT": 0.12610772423354297, "GM": 0.12610772423354297, "GN": 0.12610772423354297, "GB": 0.12610772423354297, "KNN": 0.12610772423354297, "KM": 0.12610772423354297, "LR": 0.12610772423354297, "LRR": 0.12610772423354297, "LRL": 0.12610772423354297, "LRE": 0.12610772423354297, "LOG_R": 0.12610772423354297, "RF": 0.12610772423354297, "SVM": 0.12610772423354297, "DNN": 0.12610772423354297}, "3 + 4": {"AB": -0.05632654685311084, "AC": -0.05632654685311084, "DS": -0.05632654685311084, "DT": -0.05632654685311084, "GM": -0.05632654685311084, "GN": -0.05632654685311084, "GB": -0.05632654685311084, "KNN": -0.05632654685311084, "KM": -0.05632654685311084, "LR": -0.05632654685311084, "LRR": -0.05632654685311084, "LRL": -0.05632654685311084, "LRE": -0.05632654685311084, "LOG_R": -0.05632654685311084, "RF": -0.05632654685311084, "SVM": -0.05632654685311084, "DNN": -0.05632654685311084}, "0 + 1 + 2": {"AB": 0.1036401624387461, "AC": 0.1036401624387461, "DS": 0.1036401624387461, "DT": 0.1036401624387461, "GM": 0.1036401624387461, "GN": 0.1036401624387461, "GB": 0.1036401624387461, "KNN": 0.1036401624387461, "KM": 0.1036401624387461, "LR": 0.1036401624387461, "LRR": 0.1036401624387461, "LRL": 0.1036401624387461, "LRE": 0.1036401624387461, "LOG_R": 0.1036401624387461, "RF": 0.1036401624387461, "SVM": 0.1036401624387461, "DNN": 0.1036401624387461}, "0 + 1 + 3": {"AB": 0.12549981431310608, "AC": 0.12549981431310608, "DS": 0.12549981431310608, "DT": 0.12549981431310608, "GM": 0.12549981431310608, "GN": 0.12549981431310608, "GB": 0.12549981431310608, "KNN": 0.12549981431310608, "KM": 0.12549981431310608, "LR": 0.12549981431310608, "LRR": 0.12549981431310608, "LRL": 0.12549981431310608, "LRE": 0.12549981431310608, "LOG_R": 0.12549981431310608, "RF": 0.12549981431310608, "SVM": 0.12549981431310608, "DNN": 0.12549981431310608}, "0 + 1 + 4": {"AB": 0.1673826428971752, "AC": 0.1673826428971752, "DS": 0.1673826428971752, "DT": 0.1673826428971752, "GM": 0.1673826428971752, "GN": 0.1673826428971752, "GB": 0.1673826428971752, "KNN": 0.1673826428971752, "KM": 0.1673826428971752, "LR": 0.1673826428971752, "LRR": 0.1673826428971752, "LRL": 0.1673826428971752, "LRE": 0.1673826428971752, "LOG_R": 0.1673826428971752, "RF": 0.1673826428971752, "SVM": 0.1673826428971752, "DNN": 0.1673826428971752}, "0 + 2 + 3": {"AB": 0.15817341823111683, "AC": 0.15817341823111683, "DS": 0.15817341823111683, "DT": 0.15817341823111683, "GM": 0.15817341823111683, "GN": 0.15817341823111683, "GB": 0.15817341823111683, "KNN": 0.15817341823111683, "KM": 0.15817341823111683, "LR": 0.15817341823111683, "LRR": 0.15817341823111683, "LRL": 0.15817341823111683, "LRE": 0.15817341823111683, "LOG_R": 0.15817341823111683, "RF": 0.15817341823111683, "SVM": 0.15817341823111683, "DNN": 0.15817341823111683}, "0 + 2 + 4": {"AB": 0.2144999650842277, "AC": 0.2144999650842277, "DS": 0.2144999650842277, "DT": 0.2144999650842277, "GM": 0.2144999650842277, "GN": 0.2144999650842277, "GB": 0.2144999650842277, "KNN": 0.2144999650842277, "KM": 0.2144999650842277, "LR": 0.2144999650842277,