{"0": {"AB": 0.9238505940146253, "AC": 0.12098427645964167, "DS": 0.10818687626953986, "DT": 0.9253731343283582, "GM": 0.27978750316215534, "GN": 0.7407006215085171, "GB": 0.8311327975507081, "KNN": 0.9266207275131724, "KM": 0.25595931413711837, "LR": 0.6963853299872319, "LRR": 0.6963853299872319, "LRL": 0.6823671478216524, "LRE": 0.6963853299872319, "LOG_R": 0.7099062825407844, "RF": 0.8311327975507081, "SVM": 0.7099062825407844, "DNN": 0.7153612468630299}, "1": {"AB": 0.9331005129324457, "AC": 0.23887124111843214, "DS": 0.09767316017316018, "DT": 0.9344649344649345, "GM": 0.12423508694695135, "GN": 0.7847465034965035, "GB": 0.8795809232784022, "KNN": 0.9098611533394142, "KM": 0.5844155844155845, "LR": 0.6472342472342472, "LRR": 0.6472342472342472, "LRL": 0.6472342472342472, "LRE": 0.6472342472342472, "LOG_R": 0.7643612201751737, "RF": 0.8691876399462607, "SVM": 0.6472342472342472, "DNN": 0.876677041966298}, "2": {"AB": 0.9559303173324123, "AC": 0.29253636938646427, "DS": 0.3834733893557423, "DT": 0.9853101057774708, "GM": 0.5913882794497108, "GN": 0.7396180324228292, "GB": 0.8065372267628513, "KNN": 0.9852716168434585, "KM": 0.29253636938646427, "LR": 0.7089848597666916, "LRR": 0.7089848597666916, "LRL": 0.7089848597666916, "LRE": 0.7089848597666916, "LOG_R": 0.6954803141415717, "RF": 0.7750241080038572, "SVM": 0.705096718822209, "DNN": 0.701266731627263}, "3": {"AB": 0.9697581378432443, "AC": 0.19943868491895295, "DS": 0.10844277673545967, "DT": 0.9697581378432443, "GM": 0.19943868491895295, "GN": 0.8067692307692306, "GB": 0.7989997812021379, "KNN": 0.8932793522267207, "KM": 0.6041958041958041, "LR": 0.6995974119338606, "LRR": 0.6995974119338606, "LRL": 0.6704453441295547, "LRE": 0.6995974119338606, "LOG_R": 0.7500218435998252, "RF": 0.918349659899677, "SVM": 0.6620268620268619, "DNN": 0.722937062937063}, "4": {"AB": 0.9567550505050505, "AC": 0.03818181818181818, "DS": 0.04367201426024955, "DT": 0.8827505827505827, "GM": 0.8176136363636363, "GN": 0.8451224574512246, "GB": 0.756818181818182, "KNN": 0.851585448519997, "KM": 0.032467532467532464, "LR": 0.7682379349046016, "LRR": 0.7682379349046016, "LRL": 0.7682379349046016, "LRE": 0.7682379349046016, "LOG_R": 0.7682379349046016, "RF": 0.756818181818182, "SVM": 0.7682379349046016, "DNN": 0.7682379349046016}, "0 + 1": {"AB": 0.9871230219056304, "AC": 0.7136683672116744, "DS": 0.09767316017316018, "DT": 0.9063407181054239, "GM": 0.28015188612507463, "GN": 0.8325992847731978, "GB": 0.9314872455368324, "KNN": 0.974025974025974, "KM": 0.28015188612507463, "LR": 0.8110488132557098, "LRR": 0.8110488132557098, "LRL": 0.8040888828290402, "LRE": 0.8110488132557098, "LOG_R": 0.8450788655351991, "RF": 0.9166888439429424, "SVM": 0.8040888828290402, "DNN": 0.9040821437515653}, "0 + 2": {"AB": 0.8934222653749007, "AC": 0.2651515151515152, "DS": 0.36753675367536753, "DT": 0.8622009569377991, "GM": 0.2651515151515152, "GN": 0.862977602108037, "GB": 0.7872895622895623, "KNN": 0.9545768241420415, "KM": 0.6339285714285713, "LR": 0.8634798037783114, "LRR": 0.8634798037783114, "LRL": 0.8480670677361853, "LRE": 0.8634798037783114, "LOG_R": 0.8334481438959053, "RF": 0.8176804812834225, "SVM": 0.848624108734403, "DNN": 0.9090909090909088}, "0 + 3": {"AB": 0.9523122039251071, "AC": 0.10332383665716999, "DS": 0.10844277673545967, "DT": 0.9692307692307692, "GM": 0.6437762237762239, "GN": 0.7745641025641026, "GB": 0.9355897435897437, "KNN": 0.9542625795257375, "KM": 0.6620268620268619, "LR": 0.6494424841213833, "LRR": 0.6494424841213833, "LRL": 0.6494424841213833, "LRE": 0.6494424841213833, "LOG_R": 0.7856313497822932, "RF": 0.882007025696346, "SVM": 0.7725714285714286, "DNN": 0.7752913752913754}, "0 + 4": {"AB": 0.9513556618819777, "AC": 0.9238488783943329, "DS": 0.04367201426024955, "DT": 0.9238488783943329, "GM": 0.12692036645525018, "GN": 0.8636363636363636, "GB": 0.7682379349046016, "KNN": 1.0, "KM": 0.045454545454545456, "LR": 0.7682379349046016, "LRR": 0.7682379349046016, "LRL": 0.7682379349046016, "LRE": 0.7682379349046016, "LOG_R": 0.7682379349046016, "RF": 0.7682379349046016, "SVM": 0.8176136363636363, "DNN": 0.7682379349046016}, "1 + 2": {"AB": 0.8413333333333333, "AC": 0.14709677419354836, "DS": 0.20927536231884059, "DT": 0.8994422994422995, "GM": 0.724074844074844, "GN": 0.7517605276509386, "GB": 0.8785416666666666, "KNN": 0.9603333333333333, "KM": 0.14709677419354836, "LR": 0.7517605276509386, "LRR": 0.7517605276509386, "LRL": 0.7517605276509386, "LRE": 0.7517605276509386, "LOG_R": 0.7847619047619048, "RF": 0.8765775401069518, "SVM": 0.7517605276509386, "DNN": 0.8765775401069518}, "1 + 3": {"AB": 0.9685832025117739, "AC": 0.10332383665716999, "DS": 0.10844277673545967, "DT": 0.9205203398751785, "GM": 0.6937301674143779, "GN": 0.7725714285714286, "GB": 0.918349659899677, "KNN": 0.9384615384615385, "KM": 0.5590881634582556, "LR": 0.7115636656921059, "LRR": 0.7115636656921059, "LRL": 0.722937062937063, "LRE": 0.7115636656921059, "LOG_R": 0.7378399378399378, "RF": 0.9355897435897437, "SVM": 0.8673561732385261, "DNN": 0.918349659899677}, "1 + 4": {"AB": 1.0, "AC": 0.03818181818181818, "DS": 0.04367201426024955, "DT": 0.9238488783943329, "GM": 0.03818181818181818, "GN": 0.8398601398601397, "GB": 0.9238488783943329, "KNN": 0.9513556618819777, "KM": 0.5466378066378066, "LR": 0.7682379349046016, "LRR": 0.7682379349046016, "LRL": 0.7682379349046016, "LRE": 0.7682379349046016, "LOG_R": 0.7682379349046016, "RF": 0.8932400932400933, "SVM": 0.7682379349046016, "DNN": 0.9238488783943329}, "2 + 3": {"AB": 0.9175925925925926, "AC": 0.10119047619047616, "DS": 0.18525641025641026, "DT": 0.9583333333333334, "GM": 0.8172161172161173, "GN": 0.9576822916666666, "GB": 0.9576822916666666, "KNN": 0.9583333333333334, "KM": 0.10119047619047616, "LR": 0.8671218487394959, "LRR": 0.8671218487394959, "LRL": 0.8671218487394959, "LRE": 0.8671218487394959, "LOG_R": 0.8671218487394959, "RF": 0.9576822916666666, "SVM": 0.8907402641962601, "DNN": 0.8907402641962601}, "2 + 4": {"AB": 0.9473684210526315, "AC": 0.05023923444976077, "DS": 0.057309941520467846, "DT": 0.9186427607480239, "GM": 0.7898606811145512, "GN": 0.8876096491228069, "GB": 0.7898606811145512, "KNN": 0.9438048245614036, "KM": 0.7898606811145512, "LR": 0.8652811004784687, "LRR": 0.8535149061464851, "LRL": 0.8535149061464851, "LRE": 0.8535149061464851, "LOG_R": 0.8876096491228069, "RF": 0.8367810072444793, "SVM": 0.8876096491228069, "DNN": 0.8768740031897927}, "3 + 4": {"AB": 1.0, "AC": 0.1317016317016317, "DS": 0.04367201426024955, "DT": 0.9545454545454546, "GM": 0.1317016317016317, "GN": 0.9238488783943329, "GB": 0.9238488783943329, "KNN": 1.0, "KM": 0.1317016317016317, "LR": 0.7682379349046016, "LRR": 0.7682379349046016, "LRL": 0.7682379349046016, "LRE": 0.7682379349046016, "LOG_R": 0.7682379349046016, "RF": 0.9513556618819777, "SVM": 0.8176136363636363, "DNN": 0.7682379349046016}, "0 + 1 + 2": {"AB": 0.9402774274905422, "AC": 0.13704918032786886, "DS": 0.20927536231884059, "DT": 0.9402774274905422, "GM": 0.7517605276509386, "GN": 0.9004623791509039, "GB": 0.9004623791509039, "KNN": 0.9798884598884599, "KM": 0.7517605276509386, "LR": 0.9396653796653797, "LRR": 0.9396653796653797, "LRL": 0.9396653796653797, "LRE": 0.9396653796653797, "LOG_R": 0.96, "RF": 0.9595138888888889, "SVM": 0.9011161637040099, "DNN": 0.96}, "0 + 1 + 3": {"AB": 0.8932793522267207, "AC": 0.13992286373238755, "DS": 0.10844277673545967, "DT": 0.9384615384615385, "GM": 0.6197802197802198, "GN": 0.8145824689514011, "GB": 0.9355897435897437, "KNN": 0.9523122039251071, "KM": 0.28694638694638697, "LR": 0.7913169685113902, "LRR": 0.7913169685113902, "LRL": 0.7752913752913754, "LRE": 0.7913169685113902, "LOG_R": 0.7808701905789284, "RF": 0.9523122039251071, "SVM": 0.8251447477253929, "DNN": 0.918349659899677}, "0 + 1 + 4": {"AB": 0.9567550505050505, "AC": 0.20167513645774512, "DS": 0.04367201426024955, "DT": 0.9336239103362391, "GM": 0.7272727272727273, "GN": 0.8451224574512246, "GB": 0.8827505827505827, "KNN": 1.0,