{"0": {"AB": 0.8446112710818593, "AC": 0.47994194484760516, "DS": 0.30523968784838346, "DT": 0.8320839580209896, "GM": 0.32490503323836656, "GN": 0.7812928855182376, "GB": 0.7915565915565915, "KNN": 0.8077871495593014, "KM": 0.35453648915187375, "LR": 0.6660052910052909, "LRR": 0.6660052910052909, "LRL": 0.6660052910052909, "LRE": 0.6660052910052909, "LOG_R": 0.7151206636500754, "RF": 0.8410854759516392, "SVM": 0.7151206636500754, "DNN": 0.7915565915565915}, "1": {"AB": 0.8978021978021978, "AC": 0.3238195912614517, "DS": 0.47044673539518905, "DT": 0.8779044001266224, "GM": 0.27249999999999996, "GN": 0.8112894926417619, "GB": 0.8239195549850235, "KNN": 0.8962499999999999, "KM": 0.4790503805726713, "LR": 0.7182712879760377, "LRR": 0.7182712879760377, "LRL": 0.7182712879760377, "LRE": 0.7182712879760377, "LOG_R": 0.7182712879760377, "RF": 0.7769784913039004, "SVM": 0.7182712879760377, "DNN": 0.7268907563025209}, "2": {"AB": 0.9415778251599147, "AC": 0.49382716049382713, "DS": 0.5333333333333334, "DT": 0.9026297085998579, "GM": 0.5040650406504065, "GN": 0.7381493260639103, "GB": 0.8848684210526315, "KNN": 0.9407114624505928, "KM": 0.49382716049382713, "LR": 0.6653796653796653, "LRR": 0.6653796653796653, "LRL": 0.6653796653796653, "LRE": 0.6653796653796653, "LOG_R": 0.6653796653796653, "RF": 0.8464912280701754, "SVM": 0.6740740740740742, "DNN": 0.7607142857142858}, "3": {"AB": 0.9272727272727272, "AC": 0.4204545454545455, "DS": 0.5411067193675888, "DT": 0.9630453138193076, "GM": 0.4204545454545455, "GN": 0.6584333905088622, "GB": 0.8868881118881119, "KNN": 0.8717575757575757, "KM": 0.5226436327138904, "LR": 0.5411067193675888, "LRR": 0.5411067193675888, "LRL": 0.5411067193675888, "LRE": 0.5411067193675888, "LOG_R": 0.5411067193675888, "RF": 0.8840909090909089, "SVM": 0.5411067193675888, "DNN": 0.6995771670190275}, "4": {"AB": 0.9215686274509803, "AC": 0.2504743833017078, "DS": 0.5841784989858012, "DT": 0.959913695207813, "GM": 0.23143683702989393, "GN": 0.8868092691622104, "GB": 0.9198273904156256, "KNN": 0.959913695207813, "KM": 0.8126185958254268, "LR": 0.6392232568703156, "LRR": 0.6392232568703156, "LRL": 0.6392232568703156, "LRE": 0.6392232568703156, "LOG_R": 0.6860198624904508, "RF": 0.9425714950011627, "SVM": 0.8312863606981253, "DNN": 0.8868092691622104}, "0 + 1": {"AB": 0.9153830665458573, "AC": 0.3238195912614517, "DS": 0.47044673539518905, "DT": 0.9153830665458573, "GM": 0.6679890560875512, "GN": 0.8333333333333334, "GB": 0.9162962962962963, "KNN": 0.8962499999999999, "KM": 0.7177402117944234, "LR": 0.7687289699337893, "LRR": 0.7687289699337893, "LRL": 0.7687289699337893, "LRE": 0.7687289699337893, "LOG_R": 0.7887034659820282, "RF": 0.9668981481481481, "SVM": 0.7154074074074075, "DNN": 0.8270833333333333}, "0 + 2": {"AB": 0.9601190476190475, "AC": 0.5140562248995983, "DS": 0.5333333333333334, "DT": 0.9802371541501976, "GM": 0.49382716049382713, "GN": 0.8431372549019608, "GB": 0.9215686274509803, "KNN": 0.9802371541501976, "KM": 0.33138401559454195, "LR": 0.6235521235521234, "LRR": 0.6235521235521234, "LRL": 0.5512820512820513, "LRE": 0.6235521235521234, "LOG_R": 0.6235521235521234, "RF": 0.9026297085998579, "SVM": 0.7430830039525691, "DNN": 0.9026297085998579}, "0 + 3": {"AB": 0.9458180471879102, "AC": 0.39673659673659684, "DS": 0.5411067193675888, "DT": 0.8717575757575757, "GM": 0.5690322970482492, "GN": 0.6970724191063175, "GB": 0.8321133412042503, "KNN": 0.8868881118881119, "KM": 0.5690322970482492, "LR": 0.5279069767441861, "LRR": 0.5279069767441861, "LRL": 0.5495867768595041, "LRE": 0.5279069767441861, "LOG_R": 0.5279069767441861, "RF": 0.8909090909090909, "SVM": 0.5322677322677323, "DNN": 0.7360722610722612}, "0 + 4": {"AB": 0.9028516449742096, "AC": 0.5546218487394958, "DS": 0.5841784989858012, "DT": 0.9614495798319327, "GM": 0.32430340557275544, "GN": 0.8251329609535772, "GB": 0.9215686274509803, "KNN": 0.959913695207813, "KM": 0.7179392056388973, "LR": 0.8763991426530126, "LRR": 0.8763991426530126, "LRL": 0.786273618943261, "LRE": 0.8763991426530126, "LOG_R": 0.753794054935407, "RF": 0.9228991596638656, "SVM": 0.8763991426530126, "DNN": 0.8477508650519031}, "1 + 2": {"AB": 0.9202380952380952, "AC": 0.5303030303030303, "DS": 0.5333333333333334, "DT": 0.9601190476190475, "GM": 0.5420340975896533, "GN": 0.7895807895807896, "GB": 0.8081140350877193, "KNN": 0.8777777777777779, "KM": 0.7110187110187111, "LR": 0.7794361525704809, "LRR": 0.7794361525704809, "LRL": 0.7729002048580628, "LRE": 0.7794361525704809, "LOG_R": 0.7857853589196873, "RF": 0.9043549043549044, "SVM": 0.8278388278388278, "DNN": 0.8081140350877193}, "1 + 3": {"AB": 0.9245920745920746, "AC": 0.3844155844155845, "DS": 0.5411067193675888, "DT": 0.9096967453131837, "GM": 0.3844155844155845, "GN": 0.7884297520661157, "GB": 0.9046364007572663, "KNN": 0.9440377804014167, "KM": 0.3844155844155845, "LR": 0.8204412546517809, "LRR": 0.8204412546517809, "LRL": 0.8374541415637307, "LRE": 0.8204412546517809, "LOG_R": 0.7677336747759281, "RF": 0.9260906276386153, "SVM": 0.7352245116910164, "DNN": 0.839200236383335}, "1 + 4": {"AB": 0.959913695207813, "AC": 0.5745554035567715, "DS": 0.5841784989858012, "DT": 0.9801883908972187, "GM": 0.8498452012383901, "GN": 0.9417109869845258, "GB": 0.9390849673202615, "KNN": 0.9175994284353418, "KM": 0.1914257228315055, "LR": 0.8721719457013574, "LRR": 0.8721719457013574, "LRL": 0.8721719457013574, "LRE": 0.8721719457013574, "LOG_R": 0.8351988568706835, "RF": 0.9390849673202615, "SVM": 0.8721719457013574, "DNN": 0.8763991426530126}, "2 + 3": {"AB": 0.8777777777777779, "AC": 0.47257383966244726, "DS": 0.5333333333333334, "DT": 0.9607843137254902, "GM": 0.47257383966244726, "GN": 0.6219997432935438, "GB": 0.9202380952380952, "KNN": 0.896866635175563, "KM": 0.3827956989247312, "LR": 0.6653796653796653, "LRR": 0.6653796653796653, "LRL": 0.6653796653796653, "LRE": 0.6653796653796653, "LOG_R": 0.6905999055266888, "RF": 0.9607843137254902, "SVM": 0.680952380952381, "DNN": 0.7555555555555555}, "2 + 4": {"AB": 0.9183673469387755, "AC": 0.5584868093578894, "DS": 0.5684779936070814, "DT": 0.9797687009324673, "GM": 0.2153413089373681, "GN": 0.8412364945978391, "GB": 0.8969392854593111, "KNN": 0.9381635712755867, "KM": 0.2153413089373681, "LR": 0.7369931121220757, "LRR": 0.7369931121220757, "LRL": 0.7369931121220757, "LRE": 0.7369931121220757, "LOG_R": 0.678726035868893, "RF": 0.8775510204081632, "SVM": 0.7142857142857143, "DNN": 0.7805337519623233}, "3 + 4": {"AB": 0.9801883908972187, "AC": 0.43879173290938, "DS": 0.5841784989858012, "DT": 0.9390849673202615, "GM": 0.5410315069423995, "GN": 0.8868092691622104, "GB": 0.8479393959014536, "KNN": 0.9390849673202615, "KM": 0.43879173290938, "LR": 0.7716262975778546, "LRR": 0.7716262975778546, "LRL": 0.7511431450050375, "LRE": 0.7716262975778546, "LOG_R": 0.8490790255496138, "RF": 0.8797410856234386, "SVM": 0.8498452012383901, "DNN": 0.8868092691622104}, "0 + 1 + 2": {"AB": 0.9395729213993639, "AC": 0.5536585365853658, "DS": 0.5333333333333334, "DT": 0.9607843137254902, "GM": 0.5184369840396258, "GN": 0.901185770750988, "GB": 0.8326898326898325, "KNN": 0.9185185185185185, "KM": 0.30606430606430607, "LR": 0.7857853589196873, "LRR": 0.7430830039525691, "LRL": 0.7430830039525691, "LRE": 0.7430830039525691, "LOG_R": 0.7647058823529411, "RF": 0.9202380952380952, "SVM": 0.800595238095238, "DNN": 0.9215686274509803}, "0 + 1 + 3": {"AB": 0.8749335171870383, "AC": 0.44301552106430153, "DS": 0.5411067193675888, "DT": 0.839200236383335, "GM": 0.473279911577784, "GN": 0.7845295055821372, "GB": 0.9067296340023613, "KNN": 0.8374541415637307, "KM": 0.44301552106430153, "LR": 0.729090235939551, "LRR": 0.729090235939551, "LRL": 0.6885541125541127, "LRE": 0.729090235939551, "LOG_R": 0.729090235939551, "RF": 0.835116883116883, "SVM": 0.7090909090909091, "DNN": 0.7127060074428496}, "0 + 1 + 4": {"AB": 0.9175994284353418, "AC": 0.2504743833017078, "DS": 0.5841784989858012, "DT": 0.9175994284353418, "GM": 0.7938001270080204,