{"0": {"AB": 0.11812775566216056, "AC": 0.11812775566216056, "DS": 0.11812775566216056, "DT": 0.11812775566216056, "GM": 0.11812775566216056, "GN": 0.11812775566216056, "GB": 0.11812775566216056, "KNN": 0.11812775566216056, "KM": 0.11812775566216056, "LR": 0.11812775566216056, "LRR": 0.11812775566216056, "LRL": 0.11812775566216056, "LRE": 0.11812775566216056, "LOG_R": 0.11812775566216056, "RF": 0.11812775566216056, "SVM": 0.11812775566216056, "DNN": 0.11812775566216056}, "1": {"AB": 0.10661621871505125, "AC": 0.10661621871505125, "DS": 0.10661621871505125, "DT": 0.10661621871505125, "GM": 0.10661621871505125, "GN": 0.10661621871505125, "GB": 0.10661621871505125, "KNN": 0.10661621871505125, "KM": 0.10661621871505125, "LR": 0.10661621871505125, "LRR": 0.10661621871505125, "LRL": 0.10661621871505125, "LRE": 0.10661621871505125, "LOG_R": 0.10661621871505125, "RF": 0.10661621871505125, "SVM": 0.10661621871505125, "DNN": 0.10661621871505125}, "2": {"AB": 0.09812506402103006, "AC": 0.09812506402103006, "DS": 0.09812506402103006, "DT": 0.09812506402103006, "GM": 0.09812506402103006, "GN": 0.09812506402103006, "GB": 0.09812506402103006, "KNN": 0.09812506402103006, "KM": 0.09812506402103006, "LR": 0.09812506402103006, "LRR": 0.09812506402103006, "LRL": 0.09812506402103006, "LRE": 0.09812506402103006, "LOG_R": 0.09812506402103006, "RF": 0.09812506402103006, "SVM": 0.09812506402103006, "DNN": 0.09812506402103006}, "3": {"AB": 0.07527031892052256, "AC": 0.07527031892052256, "DS": 0.07527031892052256, "DT": 0.07527031892052256, "GM": 0.07527031892052256, "GN": 0.07527031892052256, "GB": 0.07527031892052256, "KNN": 0.07527031892052256, "KM": 0.07527031892052256, "LR": 0.07527031892052256, "LRR": 0.07527031892052256, "LRL": 0.07527031892052256, "LRE": 0.07527031892052256, "LOG_R": 0.07527031892052256, "RF": 0.07527031892052256, "SVM": 0.07527031892052256, "DNN": 0.07527031892052256}, "4": {"AB": 0.05066604901428337, "AC": 0.05066604901428337, "DS": 0.05066604901428337, "DT": 0.05066604901428337, "GM": 0.05066604901428337, "GN": 0.05066604901428337, "GB": 0.05066604901428337, "KNN": 0.05066604901428337, "KM": 0.05066604901428337, "LR": 0.05066604901428337, "LRR": 0.05066604901428337, "LRL": 0.05066604901428337, "LRE": 0.05066604901428337, "LOG_R": 0.05066604901428337, "RF": 0.05066604901428337, "SVM": 0.05066604901428337, "DNN": 0.05066604901428337}, "0 + 1": {"AB": 0.14628531742572448, "AC": 0.14628531742572448, "DS": 0.14628531742572448, "DT": 0.14628531742572448, "GM": 0.14628531742572448, "GN": 0.14628531742572448, "GB": 0.14628531742572448, "KNN": 0.14628531742572448, "KM": 0.14628531742572448, "LR": 0.14628531742572448, "LRR": 0.14628531742572448, "LRL": 0.14628531742572448, "LRE": 0.14628531742572448, "LOG_R": 0.14628531742572448, "RF": 0.14628531742572448, "SVM": 0.14628531742572448, "DNN": 0.14628531742572448}, "0 + 2": {"AB": 0.13811303479593273, "AC": 0.13811303479593273, "DS": 0.13811303479593273, "DT": 0.13811303479593273, "GM": 0.13811303479593273, "GN": 0.13811303479593273, "GB": 0.13811303479593273, "KNN": 0.13811303479593273, "KM": 0.13811303479593273, "LR": 0.13811303479593273, "LRR": 0.13811303479593273, "LRL": 0.13811303479593273, "LRE": 0.13811303479593273, "LOG_R": 0.13811303479593273, "RF": 0.13811303479593273, "SVM": 0.13811303479593273, "DNN": 0.13811303479593273}, "0 + 3": {"AB": 0.11652544209052669, "AC": 0.11652544209052669, "DS": 0.11652544209052669, "DT": 0.11652544209052669, "GM": 0.11652544209052669, "GN": 0.11652544209052669, "GB": 0.11652544209052669, "KNN": 0.11652544209052669, "KM": 0.11652544209052669, "LR": 0.11652544209052669, "LRR": 0.11652544209052669, "LRL": 0.11652544209052669, "LRE": 0.11652544209052669, "LOG_R": 0.11652544209052669, "RF": 0.11652544209052669, "SVM": 0.11652544209052669, "DNN": 0.11652544209052669}, "0 + 4": {"AB": 0.0939041127126276, "AC": 0.0939041127126276, "DS": 0.0939041127126276, "DT": 0.0939041127126276, "GM": 0.0939041127126276, "GN": 0.0939041127126276, "GB": 0.0939041127126276, "KNN": 0.0939041127126276, "KM": 0.0939041127126276, "LR": 0.0939041127126276, "LRR": 0.0939041127126276, "LRL": 0.0939041127126276, "LRE": 0.0939041127126276, "LOG_R": 0.0939041127126276, "RF": 0.0939041127126276, "SVM": 0.0939041127126276, "DNN": 0.0939041127126276}, "1 + 2": {"AB": 0.1341206060937514, "AC": 0.1341206060937514, "DS": 0.1341206060937514, "DT": 0.1341206060937514, "GM": 0.1341206060937514, "GN": 0.1341206060937514, "GB": 0.1341206060937514, "KNN": 0.1341206060937514, "KM": 0.1341206060937514, "LR": 0.1341206060937514, "LRR": 0.1341206060937514, "LRL": 0.1341206060937514, "LRE": 0.1341206060937514, "LOG_R": 0.1341206060937514, "RF": 0.1341206060937514, "SVM": 0.1341206060937514, "DNN": 0.1341206060937514}, "1 + 3": {"AB": 0.1128818109058457, "AC": 0.1128818109058457, "DS": 0.1128818109058457, "DT": 0.1128818109058457, "GM": 0.1128818109058457, "GN": 0.1128818109058457, "GB": 0.1128818109058457, "KNN": 0.1128818109058457, "KM": 0.1128818109058457, "LR": 0.1128818109058457, "LRR": 0.1128818109058457, "LRL": 0.1128818109058457, "LRE": 0.1128818109058457, "LOG_R": 0.1128818109058457, "RF": 0.1128818109058457, "SVM": 0.1128818109058457, "DNN": 0.1128818109058457}, "1 + 4": {"AB": 0.09060199602619257, "AC": 0.09060199602619257, "DS": 0.09060199602619257, "DT": 0.09060199602619257, "GM": 0.09060199602619257, "GN": 0.09060199602619257, "GB": 0.09060199602619257, "KNN": 0.09060199602619257, "KM": 0.09060199602619257, "LR": 0.09060199602619257, "LRR": 0.09060199602619257, "LRL": 0.09060199602619257, "LRE": 0.09060199602619257, "LOG_R": 0.09060199602619257, "RF": 0.09060199602619257, "SVM": 0.09060199602619257, "DNN": 0.09060199602619257}, "2 + 3": {"AB": 0.10988180779733546, "AC": 0.10988180779733546, "DS": 0.10988180779733546, "DT": 0.10988180779733546, "GM": 0.10988180779733546, "GN": 0.10988180779733546, "GB": 0.10988180779733546, "KNN": 0.10988180779733546, "KM": 0.10988180779733546, "LR": 0.10988180779733546, "LRR": 0.10988180779733546, "LRL": 0.10988180779733546, "LRE": 0.10988180779733546, "LOG_R": 0.10988180779733546, "RF": 0.10988180779733546, "SVM": 0.10988180779733546, "DNN": 0.10988180779733546}, "2 + 4": {"AB": 0.08788318069559102, "AC": 0.08788318069559102, "DS": 0.08788318069559102, "DT": 0.08788318069559102, "GM": 0.08788318069559102, "GN": 0.08788318069559102, "GB": 0.08788318069559102, "KNN": 0.08788318069559102, "KM": 0.08788318069559102, "LR": 0.08788318069559102, "LRR": 0.08788318069559102, "LRL": 0.08788318069559102, "LRE": 0.08788318069559102, "LOG_R": 0.08788318069559102, "RF": 0.08788318069559102, "SVM": 0.08788318069559102, "DNN": 0.08788318069559102}, "3 + 4": {"AB": 0.07925422933673146, "AC": 0.07925422933673146, "DS": 0.07925422933673146, "DT": 0.07925422933673146, "GM": 0.07925422933673146, "GN": 0.07925422933673146, "GB": 0.07925422933673146, "KNN": 0.07925422933673146, "KM": 0.07925422933673146, "LR": 0.07925422933673146, "LRR": 0.07925422933673146, "LRL": 0.07925422933673146, "LRE": 0.07925422933673146, "LOG_R": 0.07925422933673146, "RF": 0.07925422933673146, "SVM": 0.07925422933673146, "DNN": 0.07925422933673146}, "0 + 1 + 2": {"AB": 0.15511269865674807, "AC": 0.15511269865674807, "DS": 0.15511269865674807, "DT": 0.15511269865674807, "GM": 0.15511269865674807, "GN": 0.15511269865674807, "GB": 0.15511269865674807, "KNN": 0.15511269865674807, "KM": 0.15511269865674807, "LR": 0.15511269865674807, "LRR": 0.15511269865674807, "LRL": 0.15511269865674807, "LRE": 0.15511269865674807, "LOG_R": 0.15511269865674807, "RF": 0.15511269865674807, "SVM": 0.15511269865674807, "DNN": 0.15511269865674807}, "0 + 1 + 3": {"AB": 0.134420280287018, "AC": 0.134420280287018, "DS": 0.134420280287018, "DT": 0.134420280287018, "GM": 0.134420280287018, "GN": 0.134420280287018, "GB": 0.134420280287018, "KNN": 0.134420280287018, "KM": 0.134420280287018, "LR": 0.134420280287018, "LRR": 0.134420280287018, "LRL": 0.134420280287018, "LRE": 0.134420280287018, "LOG_R": 0.134420280287018, "RF": 0.134420280287018,