{"0": {"AB": 0.13735410818707894, "AC": 0.13735410818707894, "DS": 0.13735410818707894, "DT": 0.13735410818707894, "GM": 0.13735410818707894, "GN": 0.13735410818707894, "GB": 0.13735410818707894, "KNN": 0.13735410818707894, "KM": 0.13735410818707894, "LR": 0.13735410818707894, "LRR": 0.13735410818707894, "LRL": 0.13735410818707894, "LRE": 0.13735410818707894, "LOG_R": 0.13735410818707894, "RF": 0.13735410818707894, "SVM": 0.13735410818707894, "DNN": 0.13735410818707894}, "1": {"AB": 0.1312144785714489, "AC": 0.1312144785714489, "DS": 0.1312144785714489, "DT": 0.1312144785714489, "GM": 0.1312144785714489, "GN": 0.1312144785714489, "GB": 0.1312144785714489, "KNN": 0.1312144785714489, "KM": 0.1312144785714489, "LR": 0.1312144785714489, "LRR": 0.1312144785714489, "LRL": 0.1312144785714489, "LRE": 0.1312144785714489, "LOG_R": 0.1312144785714489, "RF": 0.1312144785714489, "SVM": 0.1312144785714489, "DNN": 0.1312144785714489}, "2": {"AB": 0.0931621901832777, "AC": 0.0931621901832777, "DS": 0.0931621901832777, "DT": 0.0931621901832777, "GM": 0.0931621901832777, "GN": 0.0931621901832777, "GB": 0.0931621901832777, "KNN": 0.0931621901832777, "KM": 0.0931621901832777, "LR": 0.0931621901832777, "LRR": 0.0931621901832777, "LRL": 0.0931621901832777, "LRE": 0.0931621901832777, "LOG_R": 0.0931621901832777, "RF": 0.0931621901832777, "SVM": 0.0931621901832777, "DNN": 0.0931621901832777}, "3": {"AB": 0.08750204123123004, "AC": 0.08750204123123004, "DS": 0.08750204123123004, "DT": 0.08750204123123004, "GM": 0.08750204123123004, "GN": 0.08750204123123004, "GB": 0.08750204123123004, "KNN": 0.08750204123123004, "KM": 0.08750204123123004, "LR": 0.08750204123123004, "LRR": 0.08750204123123004, "LRL": 0.08750204123123004, "LRE": 0.08750204123123004, "LOG_R": 0.08750204123123004, "RF": 0.08750204123123004, "SVM": 0.08750204123123004, "DNN": 0.08750204123123004}, "4": {"AB": 0.08312693916966854, "AC": 0.08312693916966854, "DS": 0.08312693916966854, "DT": 0.08312693916966854, "GM": 0.08312693916966854, "GN": 0.08312693916966854, "GB": 0.08312693916966854, "KNN": 0.08312693916966854, "KM": 0.08312693916966854, "LR": 0.08312693916966854, "LRR": 0.08312693916966854, "LRL": 0.08312693916966854, "LRE": 0.08312693916966854, "LOG_R": 0.08312693916966854, "RF": 0.08312693916966854, "SVM": 0.08312693916966854, "DNN": 0.08312693916966854}, "0 + 1": {"AB": 0.18122060997573972, "AC": 0.18122060997573972, "DS": 0.18122060997573972, "DT": 0.18122060997573972, "GM": 0.18122060997573972, "GN": 0.18122060997573972, "GB": 0.18122060997573972, "KNN": 0.18122060997573972, "KM": 0.18122060997573972, "LR": 0.18122060997573972, "LRR": 0.18122060997573972, "LRL": 0.18122060997573972, "LRE": 0.18122060997573972, "LOG_R": 0.18122060997573972, "RF": 0.18122060997573972, "SVM": 0.18122060997573972, "DNN": 0.18122060997573972}, "0 + 2": {"AB": 0.13884094867355765, "AC": 0.13884094867355765, "DS": 0.13884094867355765, "DT": 0.13884094867355765, "GM": 0.13884094867355765, "GN": 0.13884094867355765, "GB": 0.13884094867355765, "KNN": 0.13884094867355765, "KM": 0.13884094867355765, "LR": 0.13884094867355765, "LRR": 0.13884094867355765, "LRL": 0.13884094867355765, "LRE": 0.13884094867355765, "LOG_R": 0.13884094867355765, "RF": 0.13884094867355765, "SVM": 0.13884094867355765, "DNN": 0.13884094867355765}, "0 + 3": {"AB": 0.13334975814025987, "AC": 0.13334975814025987, "DS": 0.13334975814025987, "DT": 0.13334975814025987, "GM": 0.13334975814025987, "GN": 0.13334975814025987, "GB": 0.13334975814025987, "KNN": 0.13334975814025987, "KM": 0.13334975814025987, "LR": 0.13334975814025987, "LRR": 0.13334975814025987, "LRL": 0.13334975814025987, "LRE": 0.13334975814025987, "LOG_R": 0.13334975814025987, "RF": 0.13334975814025987, "SVM": 0.13334975814025987, "DNN": 0.13334975814025987}, "0 + 4": {"AB": 0.12913164968760832, "AC": 0.12913164968760832, "DS": 0.12913164968760832, "DT": 0.12913164968760832, "GM": 0.12913164968760832, "GN": 0.12913164968760832, "GB": 0.12913164968760832, "KNN": 0.12913164968760832, "KM": 0.12913164968760832, "LR": 0.12913164968760832, "LRR": 0.12913164968760832, "LRL": 0.12913164968760832, "LRE": 0.12913164968760832, "LOG_R": 0.12913164968760832, "RF": 0.12913164968760832, "SVM": 0.12913164968760832, "DNN": 0.12913164968760832}, "1 + 2": {"AB": 0.13723354530165774, "AC": 0.13723354530165774, "DS": 0.13723354530165774, "DT": 0.13723354530165774, "GM": 0.13723354530165774, "GN": 0.13723354530165774, "GB": 0.13723354530165774, "KNN": 0.13723354530165774, "KM": 0.13723354530165774, "LR": 0.13723354530165774, "LRR": 0.13723354530165774, "LRL": 0.13723354530165774, "LRE": 0.13723354530165774, "LOG_R": 0.13723354530165774, "RF": 0.13723354530165774, "SVM": 0.13723354530165774, "DNN": 0.13723354530165774}, "1 + 3": {"AB": 0.13177833845526862, "AC": 0.13177833845526862, "DS": 0.13177833845526862, "DT": 0.13177833845526862, "GM": 0.13177833845526862, "GN": 0.13177833845526862, "GB": 0.13177833845526862, "KNN": 0.13177833845526862, "KM": 0.13177833845526862, "LR": 0.13177833845526862, "LRR": 0.13177833845526862, "LRL": 0.13177833845526862, "LRE": 0.13177833845526862, "LOG_R": 0.13177833845526862, "RF": 0.13177833845526862, "SVM": 0.13177833845526862, "DNN": 0.13177833845526862}, "1 + 4": {"AB": 0.12758749125138055, "AC": 0.12758749125138055, "DS": 0.12758749125138055, "DT": 0.12758749125138055, "GM": 0.12758749125138055, "GN": 0.12758749125138055, "GB": 0.12758749125138055, "KNN": 0.12758749125138055, "KM": 0.12758749125138055, "LR": 0.12758749125138055, "LRR": 0.12758749125138055, "LRL": 0.12758749125138055, "LRE": 0.12758749125138055, "LOG_R": 0.12758749125138055, "RF": 0.12758749125138055, "SVM": 0.12758749125138055, "DNN": 0.12758749125138055}, "2 + 3": {"AB": 0.12177861773262373, "AC": 0.12177861773262373, "DS": 0.12177861773262373, "DT": 0.12177861773262373, "GM": 0.12177861773262373, "GN": 0.12177861773262373, "GB": 0.12177861773262373, "KNN": 0.12177861773262373, "KM": 0.12177861773262373, "LR": 0.12177861773262373, "LRR": 0.12177861773262373, "LRL": 0.12177861773262373, "LRE": 0.12177861773262373, "LOG_R": 0.12177861773262373, "RF": 0.12177861773262373, "SVM": 0.12177861773262373, "DNN": 0.12177861773262373}, "2 + 4": {"AB": 0.11979586969665958, "AC": 0.11979586969665958, "DS": 0.11979586969665958, "DT": 0.11979586969665958, "GM": 0.11979586969665958, "GN": 0.11979586969665958, "GB": 0.11979586969665958, "KNN": 0.11979586969665958, "KM": 0.11979586969665958, "LR": 0.11979586969665958, "LRR": 0.11979586969665958, "LRL": 0.11979586969665958, "LRE": 0.11979586969665958, "LOG_R": 0.11979586969665958, "RF": 0.11979586969665958, "SVM": 0.11979586969665958, "DNN": 0.11979586969665958}, "3 + 4": {"AB": 0.11274065367208326, "AC": 0.11274065367208326, "DS": 0.11274065367208326, "DT": 0.11274065367208326, "GM": 0.11274065367208326, "GN": 0.11274065367208326, "GB": 0.11274065367208326, "KNN": 0.11274065367208326, "KM": 0.11274065367208326, "LR": 0.11274065367208326, "LRR": 0.11274065367208326, "LRL": 0.11274065367208326, "LRE": 0.11274065367208326, "LOG_R": 0.11274065367208326, "RF": 0.11274065367208326, "SVM": 0.11274065367208326, "DNN": 0.11274065367208326}, "0 + 1 + 2": {"AB": 0.16047477538977267, "AC": 0.16047477538977267, "DS": 0.16047477538977267, "DT": 0.16047477538977267, "GM": 0.16047477538977267, "GN": 0.16047477538977267, "GB": 0.16047477538977267, "KNN": 0.16047477538977267, "KM": 0.16047477538977267, "LR": 0.16047477538977267, "LRR": 0.16047477538977267, "LRL": 0.16047477538977267, "LRE": 0.16047477538977267, "LOG_R": 0.16047477538977267, "RF": 0.16047477538977267, "SVM": 0.16047477538977267, "DNN": 0.16047477538977267}, "0 + 1 + 3": {"AB": 0.15509505183103134, "AC": 0.15509505183103134, "DS": 0.15509505183103134, "DT": 0.15509505183103134, "GM": 0.15509505183103134, "GN": 0.15509505183103134, "GB": 0.15509505183103134, "KNN": 0.15509505183103134, "KM": 0.15509505183103134, "LR": 0.15509505183103134, "LRR": 0.15509505183103134, "LRL": 0.15509505183103134, "LRE": 0.15509505183103134,