{"0": {"AB": 0.0, "AC": 0.0, "DS": 0.0, "DT": 0.0, "GM": 0.0, "GN": 0.0, "GB": 0.0, "KNN": 0.0, "KM": 0.0, "LR": 0.0, "LRR": 0.0, "LRL": 0.0, "LRE": 0.0, "LOG_R": 0.0, "RF": 0.0, "SVM": 0.0, "DNN": 0.0}, "1": {"AB": 0.0, "AC": 0.0, "DS": 0.0, "DT": 0.0, "GM": 0.0, "GN": 0.0, "GB": 0.0, "KNN": 0.0, "KM": 0.0, "LR": 0.0, "LRR": 0.0, "LRL": 0.0, "LRE": 0.0, "LOG_R": 0.0, "RF": 0.0, "SVM": 0.0, "DNN": 0.0}, "2": {"AB": 0.0, "AC": 0.0, "DS": 0.0, "DT": 0.0, "GM": 0.0, "GN": 0.0, "GB": 0.0, "KNN": 0.0, "KM": 0.0, "LR": 0.0, "LRR": 0.0, "LRL": 0.0, "LRE": 0.0, "LOG_R": 0.0, "RF": 0.0, "SVM": 0.0, "DNN": 0.0}, "3": {"AB": 0.0, "AC": 0.0, "DS": 0.0, "DT": 0.0, "GM": 0.0, "GN": 0.0, "GB": 0.0, "KNN": 0.0, "KM": 0.0, "LR": 0.0, "LRR": 0.0, "LRL": 0.0, "LRE": 0.0, "LOG_R": 0.0, "RF": 0.0, "SVM": 0.0, "DNN": 0.0}, "4": {"AB": 0.0, "AC": 0.0, "DS": 0.0, "DT": 0.0, "GM": 0.0, "GN": 0.0, "GB": 0.0, "KNN": 0.0, "KM": 0.0, "LR": 0.0, "LRR": 0.0, "LRL": 0.0, "LRE": 0.0, "LOG_R": 0.0, "RF": 0.0, "SVM": 0.0, "DNN": 0.0}, "0 + 1": {"AB": 0.24387394550717617, "AC": 0.24387394550717617, "DS": 0.24387394550717617, "DT": 0.24387394550717617, "GM": 0.24387394550717617, "GN": 0.24387394550717617, "GB": 0.24387394550717617, "KNN": 0.24387394550717617, "KM": 0.24387394550717617, "LR": 0.24387394550717617, "LRR": 0.24387394550717617, "LRL": 0.24387394550717617, "LRE": 0.24387394550717617, "LOG_R": 0.24387394550717617, "RF": 0.24387394550717617, "SVM": 0.24387394550717617, "DNN": 0.24387394550717617}, "0 + 2": {"AB": 0.2306494880005804, "AC": 0.2306494880005804, "DS": 0.2306494880005804, "DT": 0.2306494880005804, "GM": 0.2306494880005804, "GN": 0.2306494880005804, "GB": 0.2306494880005804, "KNN": 0.2306494880005804, "KM": 0.2306494880005804, "LR": 0.2306494880005804, "LRR": 0.2306494880005804, "LRL": 0.2306494880005804, "LRE": 0.2306494880005804, "LOG_R": 0.2306494880005804, "RF": 0.2306494880005804, "SVM": 0.2306494880005804, "DNN": 0.2306494880005804}, "0 + 3": {"AB": 0.27934483010581596, "AC": 0.27934483010581596, "DS": 0.27934483010581596, "DT": 0.27934483010581596, "GM": 0.27934483010581596, "GN": 0.27934483010581596, "GB": 0.27934483010581596, "KNN": 0.27934483010581596, "KM": 0.27934483010581596, "LR": 0.27934483010581596, "LRR": 0.27934483010581596, "LRL": 0.27934483010581596, "LRE": 0.27934483010581596, "LOG_R": 0.27934483010581596, "RF": 0.27934483010581596, "SVM": 0.27934483010581596, "DNN": 0.27934483010581596}, "0 + 4": {"AB": 0.36519698427062985, "AC": 0.36519698427062985, "DS": 0.36519698427062985, "DT": 0.36519698427062985, "GM": 0.36519698427062985, "GN": 0.36519698427062985, "GB": 0.36519698427062985, "KNN": 0.36519698427062985, "KM": 0.36519698427062985, "LR": 0.36519698427062985, "LRR": 0.36519698427062985, "LRL": 0.36519698427062985, "LRE": 0.36519698427062985, "LOG_R": 0.36519698427062985, "RF": 0.36519698427062985, "SVM": 0.36519698427062985, "DNN": 0.36519698427062985}, "1 + 2": {"AB": 0.1652666752487007, "AC": 0.1652666752487007, "DS": 0.1652666752487007, "DT": 0.1652666752487007, "GM": 0.1652666752487007, "GN": 0.1652666752487007, "GB": 0.1652666752487007, "KNN": 0.1652666752487007, "KM": 0.1652666752487007, "LR": 0.1652666752487007, "LRR": 0.1652666752487007, "LRL": 0.1652666752487007, "LRE": 0.1652666752487007, "LOG_R": 0.1652666752487007, "RF": 0.1652666752487007, "SVM": 0.1652666752487007, "DNN": 0.1652666752487007}, "1 + 3": {"AB": 0.03547088459863981, "AC": 0.03547088459863981, "DS": 0.03547088459863981, "DT": 0.03547088459863981, "GM": 0.03547088459863981, "GN": 0.03547088459863981, "GB": 0.03547088459863981, "KNN": 0.03547088459863981, "KM": 0.03547088459863981, "LR": 0.03547088459863981, "LRR": 0.03547088459863981, "LRL": 0.03547088459863981, "LRE": 0.03547088459863981, "LOG_R": 0.03547088459863981, "RF": 0.03547088459863981, "SVM": 0.03547088459863981, "DNN": 0.03547088459863981}, "1 + 4": {"AB": 0.12132303876345371, "AC": 0.12132303876345371, "DS": 0.12132303876345371, "DT": 0.12132303876345371, "GM": 0.12132303876345371, "GN": 0.12132303876345371, "GB": 0.12132303876345371, "KNN": 0.12132303876345371, "KM": 0.12132303876345371, "LR": 0.12132303876345371, "LRR": 0.12132303876345371, "LRL": 0.12132303876345371, "LRE": 0.12132303876345371, "LOG_R": 0.12132303876345371, "RF": 0.12132303876345371, "SVM": 0.12132303876345371, "DNN": 0.12132303876345371}, "2 + 3": {"AB": 0.09623352122392352, "AC": 0.09623352122392352, "DS": 0.09623352122392352, "DT": 0.09623352122392352, "GM": 0.09623352122392352, "GN": 0.09623352122392352, "GB": 0.09623352122392352, "KNN": 0.09623352122392352, "KM": 0.09623352122392352, "LR": 0.09623352122392352, "LRR": 0.09623352122392352, "LRL": 0.09623352122392352, "LRE": 0.09623352122392352, "LOG_R": 0.09623352122392352, "RF": 0.09623352122392352, "SVM": 0.09623352122392352, "DNN": 0.09623352122392352}, "2 + 4": {"AB": 0.09208479862239337, "AC": 0.09208479862239337, "DS": 0.09208479862239337, "DT": 0.09208479862239337, "GM": 0.09208479862239337, "GN": 0.09208479862239337, "GB": 0.09208479862239337, "KNN": 0.09208479862239337, "KM": 0.09208479862239337, "LR": 0.09208479862239337, "LRR": 0.09208479862239337, "LRL": 0.09208479862239337, "LRE": 0.09208479862239337, "LOG_R": 0.09208479862239337, "RF": 0.09208479862239337, "SVM": 0.09208479862239337, "DNN": 0.09208479862239337}, "3 + 4": {"AB": 0.0858521541648139, "AC": 0.0858521541648139, "DS": 0.0858521541648139, "DT": 0.0858521541648139, "GM": 0.0858521541648139, "GN": 0.0858521541648139, "GB": 0.0858521541648139, "KNN": 0.0858521541648139, "KM": 0.0858521541648139, "LR": 0.0858521541648139, "LRR": 0.0858521541648139, "LRL": 0.0858521541648139, "LRE": 0.0858521541648139, "LOG_R": 0.0858521541648139, "RF": 0.0858521541648139, "SVM": 0.0858521541648139, "DNN": 0.0858521541648139}, "0 + 1 + 2": {"AB": 0.2501875045197085, "AC": 0.2501875045197085, "DS": 0.2501875045197085, "DT": 0.2501875045197085, "GM": 0.2501875045197085, "GN": 0.2501875045197085, "GB": 0.2501875045197085, "KNN": 0.2501875045197085, "KM": 0.2501875045197085, "LR": 0.2501875045197085, "LRR": 0.2501875045197085, "LRL": 0.2501875045197085, "LRE": 0.2501875045197085, "LOG_R": 0.2501875045197085, "RF": 0.2501875045197085, "SVM": 0.2501875045197085, "DNN": 0.2501875045197085}, "0 + 1 + 3": {"AB": 0.1574078573522279, "AC": 0.1574078573522279, "DS": 0.1574078573522279, "DT": 0.1574078573522279, "GM": 0.1574078573522279, "GN": 0.1574078573522279, "GB": 0.1574078573522279, "KNN": 0.1574078573522279, "KM": 0.1574078573522279, "LR": 0.1574078573522279, "LRR": 0.1574078573522279, "LRL": 0.1574078573522279, "LRE": 0.1574078573522279, "LOG_R": 0.1574078573522279, "RF": 0.1574078573522279, "SVM": 0.1574078573522279, "DNN": 0.1574078573522279}, "0 + 1 + 4": {"AB": 0.2432600115170418, "AC": 0.2432600115170418, "DS": 0.2432600115170418, "DT": 0.2432600115170418, "GM": 0.2432600115170418, "GN": 0.2432600115170418, "GB": 0.2432600115170418, "KNN": 0.2432600115170418, "KM": 0.2432600115170418, "LR": 0.2432600115170418, "LRR": 0.2432600115170418, "LRL": 0.2432600115170418, "LRE": 0.2432600115170418, "LOG_R": 0.2432600115170418, "RF": 0.2432600115170418, "SVM": 0.2432600115170418, "DNN": 0.2432600115170418}, "0 + 2 + 3": {"AB": 0.20728036015078558, "AC": 0.20728036015078558, "DS": 0.20728036015078558, "DT": 0.20728036015078558, "GM": 0.20728036015078558, "GN": 0.20728036015078558, "GB": 0.20728036015078558, "KNN": 0.20728036015078558, "KM": 0.20728036015078558, "LR": 0.20728036015078558, "LRR": 0.20728036015078558, "LRL": 0.20728036015078558, "LRE": 0.20728036015078558, "LOG_R": 0.20728036015078558, "RF": 0.20728036015078558, "SVM": 0.20728036015078558, "DNN": 0.20728036015078558}, "0 + 2 + 4": {"AB": 0.2256318567408414, "AC": 0.2256318567408414, "DS": 0.2256318567408414, "DT": 0.2256318567408414, "GM": 0.2256318567408414, "GN": 0.2256318567408414, "GB": 0.2256318567408414, "KNN": 0.2256318567408414, "KM": 0.2256318567408414, "LR": 0.2256318567408414, "LRR": 0.2256318567408414, "LRL": 0.2256318567408414, "LRE": 0.2256318567408414,