{"0": {"AB": 0.2712539158892229, "AC": 0.2712539158892229, "DS": 0.2712539158892229, "DT": 0.2712539158892229, "GM": 0.2712539158892229, "GN": 0.2712539158892229, "GB": 0.2712539158892229, "KNN": 0.2712539158892229, "KM": 0.2712539158892229, "LR": 0.2712539158892229, "LRR": 0.2712539158892229, "LRL": 0.2712539158892229, "LRE": 0.2712539158892229, "LOG_R": 0.2712539158892229, "RF": 0.2712539158892229, "SVM": 0.2712539158892229, "DNN": 0.2712539158892229}, "1": {"AB": 0.16156001748292076, "AC": 0.16156001748292076, "DS": 0.16156001748292076, "DT": 0.16156001748292076, "GM": 0.16156001748292076, "GN": 0.16156001748292076, "GB": 0.16156001748292076, "KNN": 0.16156001748292076, "KM": 0.16156001748292076, "LR": 0.16156001748292076, "LRR": 0.16156001748292076, "LRL": 0.16156001748292076, "LRE": 0.16156001748292076, "LOG_R": 0.16156001748292076, "RF": 0.16156001748292076, "SVM": 0.16156001748292076, "DNN": 0.16156001748292076}, "2": {"AB": 0.17779442613229324, "AC": 0.17779442613229324, "DS": 0.17779442613229324, "DT": 0.17779442613229324, "GM": 0.17779442613229324, "GN": 0.17779442613229324, "GB": 0.17779442613229324, "KNN": 0.17779442613229324, "KM": 0.17779442613229324, "LR": 0.17779442613229324, "LRR": 0.17779442613229324, "LRL": 0.17779442613229324, "LRE": 0.17779442613229324, "LOG_R": 0.17779442613229324, "RF": 0.17779442613229324, "SVM": 0.17779442613229324, "DNN": 0.17779442613229324}, "3": {"AB": 0.13459539289949854, "AC": 0.13459539289949854, "DS": 0.13459539289949854, "DT": 0.13459539289949854, "GM": 0.13459539289949854, "GN": 0.13459539289949854, "GB": 0.13459539289949854, "KNN": 0.13459539289949854, "KM": 0.13459539289949854, "LR": 0.13459539289949854, "LRR": 0.13459539289949854, "LRL": 0.13459539289949854, "LRE": 0.13459539289949854, "LOG_R": 0.13459539289949854, "RF": 0.13459539289949854, "SVM": 0.13459539289949854, "DNN": 0.13459539289949854}, "4": {"AB": 0.1187232246262009, "AC": 0.1187232246262009, "DS": 0.1187232246262009, "DT": 0.1187232246262009, "GM": 0.1187232246262009, "GN": 0.1187232246262009, "GB": 0.1187232246262009, "KNN": 0.1187232246262009, "KM": 0.1187232246262009, "LR": 0.1187232246262009, "LRR": 0.1187232246262009, "LRL": 0.1187232246262009, "LRE": 0.1187232246262009, "LOG_R": 0.1187232246262009, "RF": 0.1187232246262009, "SVM": 0.1187232246262009, "DNN": 0.1187232246262009}, "0 + 1": {"AB": 0.2482124330797043, "AC": 0.2482124330797043, "DS": 0.2482124330797043, "DT": 0.2482124330797043, "GM": 0.2482124330797043, "GN": 0.2482124330797043, "GB": 0.2482124330797043, "KNN": 0.2482124330797043, "KM": 0.2482124330797043, "LR": 0.2482124330797043, "LRR": 0.2482124330797043, "LRL": 0.2482124330797043, "LRE": 0.2482124330797043, "LOG_R": 0.2482124330797043, "RF": 0.2482124330797043, "SVM": 0.2482124330797043, "DNN": 0.2482124330797043}, "0 + 2": {"AB": 0.2657571283028419, "AC": 0.2657571283028419, "DS": 0.2657571283028419, "DT": 0.2657571283028419, "GM": 0.2657571283028419, "GN": 0.2657571283028419, "GB": 0.2657571283028419, "KNN": 0.2657571283028419, "KM": 0.2657571283028419, "LR": 0.2657571283028419, "LRR": 0.2657571283028419, "LRL": 0.2657571283028419, "LRE": 0.2657571283028419, "LOG_R": 0.2657571283028419, "RF": 0.2657571283028419, "SVM": 0.2657571283028419, "DNN": 0.2657571283028419}, "0 + 3": {"AB": 0.2251007448378748, "AC": 0.2251007448378748, "DS": 0.2251007448378748, "DT": 0.2251007448378748, "GM": 0.2251007448378748, "GN": 0.2251007448378748, "GB": 0.2251007448378748, "KNN": 0.2251007448378748, "KM": 0.2251007448378748, "LR": 0.2251007448378748, "LRR": 0.2251007448378748, "LRL": 0.2251007448378748, "LRE": 0.2251007448378748, "LOG_R": 0.2251007448378748, "RF": 0.2251007448378748, "SVM": 0.2251007448378748, "DNN": 0.2251007448378748}, "0 + 4": {"AB": 0.20979335393604207, "AC": 0.20979335393604207, "DS": 0.20979335393604207, "DT": 0.20979335393604207, "GM": 0.20979335393604207, "GN": 0.20979335393604207, "GB": 0.20979335393604207, "KNN": 0.20979335393604207, "KM": 0.20979335393604207, "LR": 0.20979335393604207, "LRR": 0.20979335393604207, "LRL": 0.20979335393604207, "LRE": 0.20979335393604207, "LOG_R": 0.20979335393604207, "RF": 0.20979335393604207, "SVM": 0.20979335393604207, "DNN": 0.20979335393604207}, "1 + 2": {"AB": 0.2115169743722246, "AC": 0.2115169743722246, "DS": 0.2115169743722246, "DT": 0.2115169743722246, "GM": 0.2115169743722246, "GN": 0.2115169743722246, "GB": 0.2115169743722246, "KNN": 0.2115169743722246, "KM": 0.2115169743722246, "LR": 0.2115169743722246, "LRR": 0.2115169743722246, "LRL": 0.2115169743722246, "LRE": 0.2115169743722246, "LOG_R": 0.2115169743722246, "RF": 0.2115169743722246, "SVM": 0.2115169743722246, "DNN": 0.2115169743722246}, "1 + 3": {"AB": 0.18253293188820255, "AC": 0.18253293188820255, "DS": 0.18253293188820255, "DT": 0.18253293188820255, "GM": 0.18253293188820255, "GN": 0.18253293188820255, "GB": 0.18253293188820255, "KNN": 0.18253293188820255, "KM": 0.18253293188820255, "LR": 0.18253293188820255, "LRR": 0.18253293188820255, "LRL": 0.18253293188820255, "LRE": 0.18253293188820255, "LOG_R": 0.18253293188820255, "RF": 0.18253293188820255, "SVM": 0.18253293188820255, "DNN": 0.18253293188820255}, "1 + 4": {"AB": 0.174401660178872, "AC": 0.174401660178872, "DS": 0.174401660178872, "DT": 0.174401660178872, "GM": 0.174401660178872, "GN": 0.174401660178872, "GB": 0.174401660178872, "KNN": 0.174401660178872, "KM": 0.174401660178872, "LR": 0.174401660178872, "LRR": 0.174401660178872, "LRL": 0.174401660178872, "LRE": 0.174401660178872, "LOG_R": 0.174401660178872, "RF": 0.174401660178872, "SVM": 0.174401660178872, "DNN": 0.174401660178872}, "2 + 3": {"AB": 0.19868330442841614, "AC": 0.19868330442841614, "DS": 0.19868330442841614, "DT": 0.19868330442841614, "GM": 0.19868330442841614, "GN": 0.19868330442841614, "GB": 0.19868330442841614, "KNN": 0.19868330442841614, "KM": 0.19868330442841614, "LR": 0.19868330442841614, "LRR": 0.19868330442841614, "LRL": 0.19868330442841614, "LRE": 0.19868330442841614, "LOG_R": 0.19868330442841614, "RF": 0.19868330442841614, "SVM": 0.19868330442841614, "DNN": 0.19868330442841614}, "2 + 4": {"AB": 0.1843453984013282, "AC": 0.1843453984013282, "DS": 0.1843453984013282, "DT": 0.1843453984013282, "GM": 0.1843453984013282, "GN": 0.1843453984013282, "GB": 0.1843453984013282, "KNN": 0.1843453984013282, "KM": 0.1843453984013282, "LR": 0.1843453984013282, "LRR": 0.1843453984013282, "LRL": 0.1843453984013282, "LRE": 0.1843453984013282, "LOG_R": 0.1843453984013282, "RF": 0.1843453984013282, "SVM": 0.1843453984013282, "DNN": 0.1843453984013282}, "3 + 4": {"AB": 0.165628428549632, "AC": 0.165628428549632, "DS": 0.165628428549632, "DT": 0.165628428549632, "GM": 0.165628428549632, "GN": 0.165628428549632, "GB": 0.165628428549632, "KNN": 0.165628428549632, "KM": 0.165628428549632, "LR": 0.165628428549632, "LRR": 0.165628428549632, "LRL": 0.165628428549632, "LRE": 0.165628428549632, "LOG_R": 0.165628428549632, "RF": 0.165628428549632, "SVM": 0.165628428549632, "DNN": 0.165628428549632}, "0 + 1 + 2": {"AB": 0.26001746465444514, "AC": 0.26001746465444514, "DS": 0.26001746465444514, "DT": 0.26001746465444514, "GM": 0.26001746465444514, "GN": 0.26001746465444514, "GB": 0.26001746465444514, "KNN": 0.26001746465444514, "KM": 0.26001746465444514, "LR": 0.26001746465444514, "LRR": 0.26001746465444514, "LRL": 0.26001746465444514, "LRE": 0.26001746465444514, "LOG_R": 0.26001746465444514, "RF": 0.26001746465444514, "SVM": 0.26001746465444514, "DNN": 0.26001746465444514}, "0 + 1 + 3": {"AB": 0.23398645824812891, "AC": 0.23398645824812891, "DS": 0.23398645824812891, "DT": 0.23398645824812891, "GM": 0.23398645824812891, "GN": 0.23398645824812891, "GB": 0.23398645824812891, "KNN": 0.23398645824812891, "KM": 0.23398645824812891, "LR": 0.23398645824812891, "LRR": 0.23398645824812891, "LRL": 0.23398645824812891, "LRE": 0.23398645824812891, "LOG_R": 0.23398645824812891, "RF": 0.23398645824812891, "SVM": 0.23398645824812891, "DNN": 0.23398645824812891}, "0 + 1 + 4": {"AB": 0.2274437092058485,