{"0": {"AB": 0.9285714285714286, "AC": 0.7113553113553114, "DS": 0.29442508710801396, "DT": 0.9285714285714286, "GM": 0.37375415282392027, "GN": 0.8565955117679255, "GB": 0.9463424714147954, "KNN": 0.9105707856913258, "KM": 0.6274966874417235, "LR": 0.8741605372561561, "LRR": 0.8741605372561561, "LRL": 0.8741605372561561, "LRE": 0.8741605372561561, "LOG_R": 0.8390293916609706, "RF": 0.8924466338259442, "SVM": 0.8741605372561561, "DNN": 0.8390293916609706}, "1": {"AB": 0.8846153846153846, "AC": 0.3246753246753247, "DS": 0.3333333333333333, "DT": 0.9035250463821893, "GM": 0.3246753246753247, "GN": 0.8830584707646177, "GB": 0.8253079507278834, "KNN": 0.8424242424242423, "KM": 0.3246753246753247, "LR": 0.768888888888889, "LRR": 0.768888888888889, "LRL": 0.7499075101738809, "LRE": 0.768888888888889, "LOG_R": 0.768888888888889, "RF": 0.8253079507278834, "SVM": 0.8065476190476191, "DNN": 0.7877551020408163}, "2": {"AB": 0.9354726598702503, "AC": 0.21745187436676794, "DS": 0.037121212121212124, "DT": 0.9354726598702503, "GM": 0.7765151515151515, "GN": 0.7869850187265918, "GB": 0.9553571428571429, "KNN": 0.9166666666666666, "KM": 0.6419270833333334, "LR": 0.7869850187265918, "LRR": 0.7869850187265918, "LRL": 0.7869850187265918, "LRE": 0.7869850187265918, "LOG_R": 0.7869850187265918, "RF": 0.9553571428571429, "SVM": 0.7869850187265918, "DNN": 0.803875968992248}, "3": {"AB": 1.0, "AC": 0.02277039848197344, "DS": 0.02949308755760369, "DT": 0.9657310431503979, "GM": 0.02277039848197344, "GN": 0.9657310431503979, "GB": 0.8767402376910018, "KNN": 0.9657310431503979, "KM": 0.8767402376910018, "LR": 0.8087557603686636, "LRR": 0.8087557603686636, "LRL": 0.8087557603686636, "LRE": 0.8087557603686636, "LOG_R": 0.8517665130568356, "RF": 0.9657310431503979, "SVM": 0.8109010011123471, "DNN": 0.8517665130568356}, "4": {"AB": 0.9380641145347028, "AC": 0.14846697486582708, "DS": 0.0896358543417367, "DT": 0.9698853126156122, "GM": 0.6480558325024925, "GN": 0.9134948096885813, "GB": 0.9134948096885813, "KNN": 0.9134948096885813, "KM": 0.6867435969603151, "LR": 0.8761282290694056, "LRR": 0.8761282290694056, "LRL": 0.8761282290694056, "LRE": 0.8761282290694056, "LOG_R": 0.9411764705882353, "RF": 0.9411764705882353, "SVM": 0.9134948096885813, "DNN": 0.9134948096885813}, "0 + 1": {"AB": 1.0, "AC": 0.3157894736842105, "DS": 0.3333333333333333, "DT": 1.0, "GM": 0.30666666666666664, "GN": 0.8641284061216871, "GB": 0.9421150278293136, "KNN": 0.9807621161672215, "KM": 0.3157894736842105, "LR": 0.7062146892655368, "LRR": 0.7062146892655368, "LRL": 0.7062146892655368, "LRE": 0.7062146892655368, "LOG_R": 0.8846153846153846, "RF": 0.8830584707646177, "SVM": 0.9614814814814815, "DNN": 0.8268590455049943}, "0 + 2": {"AB": 0.9483923578751167, "AC": 0.05279698302954117, "DS": 0.06019656019656019, "DT": 0.9209344938158498, "GM": 0.05279698302954117, "GN": 0.7552552552552552, "GB": 0.9423132810229585, "KNN": 0.9736448312719499, "KM": 0.4643135374842692, "LR": 0.7843980343980345, "LRR": 0.7843980343980345, "LRL": 0.7843980343980345, "LRE": 0.7843980343980345, "LOG_R": 0.9423132810229585, "RF": 0.9423132810229585, "SVM": 0.9097929097929098, "DNN": 0.9097929097929098}, "0 + 3": {"AB": 1.0, "AC": 0.20645161290322578, "DS": 0.02949308755760369, "DT": 1.0, "GM": 0.20645161290322578, "GN": 0.8109010011123471, "GB": 1.0, "KNN": 0.9406947890818858, "KM": 0.20645161290322578, "LR": 0.8109010011123471, "LRR": 0.8109010011123471, "LRL": 0.8109010011123471, "LRE": 0.8109010011123471, "LOG_R": 0.8767402376910018, "RF": 1.0, "SVM": 1.0, "DNN": 0.9692297288158518}, "0 + 4": {"AB": 1.0, "AC": 0.08034433285509325, "DS": 0.0896358543417367, "DT": 1.0, "GM": 0.1369747899159664, "GN": 0.9698853126156122, "GB": 0.9698853126156122, "KNN": 0.9698853126156122, "KM": 0.706288032454361, "LR": 0.8961937716262975, "LRR": 0.9235294117647058, "LRL": 0.8961937716262975, "LRE": 0.9235294117647058, "LOG_R": 0.9698853126156122, "RF": 0.9698853126156122, "SVM": 0.9698853126156122, "DNN": 0.9698853126156122}, "1 + 2": {"AB": 0.7678787878787879, "AC": 0.06526806526806526, "DS": 0.07424242424242423, "DT": 0.8259090909090908, "GM": 0.12326270221007064, "GN": 0.9354657687991021, "GB": 0.9064520385275101, "KNN": 0.941969696969697, "KM": 0.4215460979869473, "LR": 0.912968064483216, "LRR": 0.912968064483216, "LRL": 0.8721763085399449, "LRE": 0.912968064483216, "LOG_R": 0.8991735537190082, "RF": 0.9064520385275101, "SVM": 0.9354657687991021, "DNN": 0.8991735537190082}, "1 + 3": {"AB": 0.9681917211328976, "AC": 0.024242424242424242, "DS": 0.03137254901960784, "DT": 0.9333333333333333, "GM": 0.024242424242424242, "GN": 0.9234567901234568, "GB": 0.9646001796945193, "KNN": 0.9681917211328976, "KM": 0.8727272727272728, "LR": 0.8469135802469135, "LRR": 0.8469135802469135, "LRL": 0.8469135802469135, "LRE": 0.8469135802469135, "LOG_R": 0.9333333333333333, "RF": 0.9646001796945193, "SVM": 0.9681917211328976, "DNN": 0.7878787878787878}, "1 + 4": {"AB": 0.8823529411764706, "AC": 0.08034433285509325, "DS": 0.0896358543417367, "DT": 0.8235294117647058, "GM": 0.08034433285509325, "GN": 0.8865359477124182, "GB": 0.8235294117647058, "KNN": 0.9711649365628603, "KM": 0.7262656475019387, "LR": 0.8696193771626297, "LRR": 0.8696193771626297, "LRL": 0.8696193771626297, "LRE": 0.8696193771626297, "LOG_R": 0.9134948096885813, "RF": 0.8865359477124182, "SVM": 0.8865359477124182, "DNN": 0.8865359477124182}, "2 + 3": {"AB": 1.0, "AC": 0.1514140290558533, "DS": 0.02949308755760369, "DT": 1.0, "GM": 0.7776497695852534, "GN": 0.8109010011123471, "GB": 1.0, "KNN": 0.9406947890818858, "KM": 0.7419354838709677, "LR": 0.8109010011123471, "LRR": 0.8109010011123471, "LRL": 0.8109010011123471, "LRE": 0.8109010011123471, "LOG_R": 1.0, "RF": 1.0, "SVM": 1.0, "DNN": 1.0}, "2 + 4": {"AB": 0.9704099821746881, "AC": 0.06526806526806526, "DS": 0.07424242424242423, "DT": 0.8787878787878788, "GM": 0.7883116883116884, "GN": 0.9393939393939394, "GB": 0.9354657687991021, "KNN": 0.9688173461758367, "KM": 0.7594043887147335, "LR": 0.9542483660130718, "LRR": 0.9542483660130718, "LRL": 0.9542483660130718, "LRE": 0.9542483660130718, "LOG_R": 1.0, "RF": 0.9354657687991021, "SVM": 1.0, "DNN": 0.9688173461758367}, "3 + 4": {"AB": 1.0, "AC": 0.15714285714285717, "DS": 0.03137254901960784, "DT": 1.0, "GM": 0.7703703703703705, "GN": 0.9681917211328976, "GB": 1.0, "KNN": 0.9681917211328976, "KM": 0.15714285714285717, "LR": 0.9681917211328976, "LRR": 0.9681917211328976, "LRL": 0.9681917211328976, "LRE": 0.9681917211328976, "LOG_R": 0.9681917211328976, "RF": 1.0, "SVM": 0.9681917211328976, "DNN": 1.0}, "0 + 1 + 2": {"AB": 0.9354657687991021, "AC": 0.13450746784080117, "DS": 0.07424242424242423, "DT": 0.9354657687991021, "GM": 0.190704032809296, "GN": 0.9354657687991021, "GB": 0.8991735537190082, "KNN": 0.8588744588744588, "KM": 0.2757575757575758, "LR": 0.8130427077795499, "LRR": 0.8130427077795499, "LRL": 0.8130427077795499, "LRE": 0.8130427077795499, "LOG_R": 0.9354657687991021, "RF": 0.9354657687991021, "SVM": 0.9688173461758367, "DNN": 0.9354657687991021}, "0 + 1 + 3": {"AB": 1.0, "AC": 0.09652076318742984, "DS": 0.03137254901960784, "DT": 1.0, "GM": 0.21371894697812385, "GN": 0.8727272727272728, "GB": 1.0, "KNN": 0.9646001796945193, "KM": 0.524031007751938, "LR": 0.9333333333333333, "LRR": 0.9333333333333333, "LRL": 0.8938005390835578, "LRE": 0.9333333333333333, "LOG_R": 0.9646001796945193, "RF": 0.9646001796945193, "SVM": 0.9646001796945193, "DNN": 0.9646001796945193}, "0 + 1 + 4": {"AB": 1.0, "AC": 0.08034433285509325, "DS": 0.0896358543417367, "DT": 0.9698853126156122, "GM": 0.08034433285509325, "GN": 0.9698853126156122, "GB": 0.9698853126156122, "KNN": 0.9711649365628603, "KM": 0.7262656475019387, "LR": 0.9411764705882353, "LRR": 0.9411764705882353, "LRL": 0.9411764705882353, "LRE": 0.9411764705882353, "LOG_R": 0.9411764705882353, "RF": 0.9698853126156122, "SVM": 0.9411764705882353, "DNN": 0.9096559378468367}, "0 + 2 + 3": {"AB": 0.9692297288158518, "AC": 0.1514140290558533,