{"0": {"AB": 0.30103822360068566, "AC": 0.30103822360068566, "DS": 0.30103822360068566, "DT": 0.30103822360068566, "GM": 0.30103822360068566, "GN": 0.30103822360068566, "GB": 0.30103822360068566, "KNN": 0.30103822360068566, "KM": 0.30103822360068566, "LR": 0.30103822360068566, "LRR": 0.30103822360068566, "LRL": 0.30103822360068566, "LRE": 0.30103822360068566, "LOG_R": 0.30103822360068566, "RF": 0.30103822360068566, "SVM": 0.30103822360068566, "DNN": 0.30103822360068566}, "1": {"AB": 0.24292240666569365, "AC": 0.24292240666569365, "DS": 0.24292240666569365, "DT": 0.24292240666569365, "GM": 0.24292240666569365, "GN": 0.24292240666569365, "GB": 0.24292240666569365, "KNN": 0.24292240666569365, "KM": 0.24292240666569365, "LR": 0.24292240666569365, "LRR": 0.24292240666569365, "LRL": 0.24292240666569365, "LRE": 0.24292240666569365, "LOG_R": 0.24292240666569365, "RF": 0.24292240666569365, "SVM": 0.24292240666569365, "DNN": 0.24292240666569365}, "2": {"AB": 0.2149807998233645, "AC": 0.2149807998233645, "DS": 0.2149807998233645, "DT": 0.2149807998233645, "GM": 0.2149807998233645, "GN": 0.2149807998233645, "GB": 0.2149807998233645, "KNN": 0.2149807998233645, "KM": 0.2149807998233645, "LR": 0.2149807998233645, "LRR": 0.2149807998233645, "LRL": 0.2149807998233645, "LRE": 0.2149807998233645, "LOG_R": 0.2149807998233645, "RF": 0.2149807998233645, "SVM": 0.2149807998233645, "DNN": 0.2149807998233645}, "3": {"AB": 0.21774756603241086, "AC": 0.21774756603241086, "DS": 0.21774756603241086, "DT": 0.21774756603241086, "GM": 0.21774756603241086, "GN": 0.21774756603241086, "GB": 0.21774756603241086, "KNN": 0.21774756603241086, "KM": 0.21774756603241086, "LR": 0.21774756603241086, "LRR": 0.21774756603241086, "LRL": 0.21774756603241086, "LRE": 0.21774756603241086, "LOG_R": 0.21774756603241086, "RF": 0.21774756603241086, "SVM": 0.21774756603241086, "DNN": 0.21774756603241086}, "4": {"AB": 0.20293054210258443, "AC": 0.20293054210258443, "DS": 0.20293054210258443, "DT": 0.20293054210258443, "GM": 0.20293054210258443, "GN": 0.20293054210258443, "GB": 0.20293054210258443, "KNN": 0.20293054210258443, "KM": 0.20293054210258443, "LR": 0.20293054210258443, "LRR": 0.20293054210258443, "LRL": 0.20293054210258443, "LRE": 0.20293054210258443, "LOG_R": 0.20293054210258443, "RF": 0.20293054210258443, "SVM": 0.20293054210258443, "DNN": 0.20293054210258443}, "0 + 1": {"AB": 0.33660305325688156, "AC": 0.33660305325688156, "DS": 0.33660305325688156, "DT": 0.33660305325688156, "GM": 0.33660305325688156, "GN": 0.33660305325688156, "GB": 0.33660305325688156, "KNN": 0.33660305325688156, "KM": 0.33660305325688156, "LR": 0.33660305325688156, "LRR": 0.33660305325688156, "LRL": 0.33660305325688156, "LRE": 0.33660305325688156, "LOG_R": 0.33660305325688156, "RF": 0.33660305325688156, "SVM": 0.33660305325688156, "DNN": 0.33660305325688156}, "0 + 2": {"AB": 0.3108965694420821, "AC": 0.3108965694420821, "DS": 0.3108965694420821, "DT": 0.3108965694420821, "GM": 0.3108965694420821, "GN": 0.3108965694420821, "GB": 0.3108965694420821, "KNN": 0.3108965694420821, "KM": 0.3108965694420821, "LR": 0.3108965694420821, "LRR": 0.3108965694420821, "LRL": 0.3108965694420821, "LRE": 0.3108965694420821, "LOG_R": 0.3108965694420821, "RF": 0.3108965694420821, "SVM": 0.3108965694420821, "DNN": 0.3108965694420821}, "0 + 3": {"AB": 0.3133923103053895, "AC": 0.3133923103053895, "DS": 0.3133923103053895, "DT": 0.3133923103053895, "GM": 0.3133923103053895, "GN": 0.3133923103053895, "GB": 0.3133923103053895, "KNN": 0.3133923103053895, "KM": 0.3133923103053895, "LR": 0.3133923103053895, "LRR": 0.3133923103053895, "LRL": 0.3133923103053895, "LRE": 0.3133923103053895, "LOG_R": 0.3133923103053895, "RF": 0.3133923103053895, "SVM": 0.3133923103053895, "DNN": 0.3133923103053895}, "0 + 4": {"AB": 0.29924988079338927, "AC": 0.29924988079338927, "DS": 0.29924988079338927, "DT": 0.29924988079338927, "GM": 0.29924988079338927, "GN": 0.29924988079338927, "GB": 0.29924988079338927, "KNN": 0.29924988079338927, "KM": 0.29924988079338927, "LR": 0.29924988079338927, "LRR": 0.29924988079338927, "LRL": 0.29924988079338927, "LRE": 0.29924988079338927, "LOG_R": 0.29924988079338927, "RF": 0.29924988079338927, "SVM": 0.29924988079338927, "DNN": 0.29924988079338927}, "1 + 2": {"AB": 0.2966945164395782, "AC": 0.2966945164395782, "DS": 0.2966945164395782, "DT": 0.2966945164395782, "GM": 0.2966945164395782, "GN": 0.2966945164395782, "GB": 0.2966945164395782, "KNN": 0.2966945164395782, "KM": 0.2966945164395782, "LR": 0.2966945164395782, "LRR": 0.2966945164395782, "LRL": 0.2966945164395782, "LRE": 0.2966945164395782, "LOG_R": 0.2966945164395782, "RF": 0.2966945164395782, "SVM": 0.2966945164395782, "DNN": 0.2966945164395782}, "1 + 3": {"AB": 0.30206070859246203, "AC": 0.30206070859246203, "DS": 0.30206070859246203, "DT": 0.30206070859246203, "GM": 0.30206070859246203, "GN": 0.30206070859246203, "GB": 0.30206070859246203, "KNN": 0.30206070859246203, "KM": 0.30206070859246203, "LR": 0.30206070859246203, "LRR": 0.30206070859246203, "LRL": 0.30206070859246203, "LRE": 0.30206070859246203, "LOG_R": 0.30206070859246203, "RF": 0.30206070859246203, "SVM": 0.30206070859246203, "DNN": 0.30206070859246203}, "1 + 4": {"AB": 0.28624637849858675, "AC": 0.28624637849858675, "DS": 0.28624637849858675, "DT": 0.28624637849858675, "GM": 0.28624637849858675, "GN": 0.28624637849858675, "GB": 0.28624637849858675, "KNN": 0.28624637849858675, "KM": 0.28624637849858675, "LR": 0.28624637849858675, "LRR": 0.28624637849858675, "LRL": 0.28624637849858675, "LRE": 0.28624637849858675, "LOG_R": 0.28624637849858675, "RF": 0.28624637849858675, "SVM": 0.28624637849858675, "DNN": 0.28624637849858675}, "2 + 3": {"AB": 0.2869588249952084, "AC": 0.2869588249952084, "DS": 0.2869588249952084, "DT": 0.2869588249952084, "GM": 0.2869588249952084, "GN": 0.2869588249952084, "GB": 0.2869588249952084, "KNN": 0.2869588249952084, "KM": 0.2869588249952084, "LR": 0.2869588249952084, "LRR": 0.2869588249952084, "LRL": 0.2869588249952084, "LRE": 0.2869588249952084, "LOG_R": 0.2869588249952084, "RF": 0.2869588249952084, "SVM": 0.2869588249952084, "DNN": 0.2869588249952084}, "2 + 4": {"AB": 0.2712954497454541, "AC": 0.2712954497454541, "DS": 0.2712954497454541, "DT": 0.2712954497454541, "GM": 0.2712954497454541, "GN": 0.2712954497454541, "GB": 0.2712954497454541, "KNN": 0.2712954497454541, "KM": 0.2712954497454541, "LR": 0.2712954497454541, "LRR": 0.2712954497454541, "LRL": 0.2712954497454541, "LRE": 0.2712954497454541, "LOG_R": 0.2712954497454541, "RF": 0.2712954497454541, "SVM": 0.2712954497454541, "DNN": 0.2712954497454541}, "3 + 4": {"AB": 0.27715534809847403, "AC": 0.27715534809847403, "DS": 0.27715534809847403, "DT": 0.27715534809847403, "GM": 0.27715534809847403, "GN": 0.27715534809847403, "GB": 0.27715534809847403, "KNN": 0.27715534809847403, "KM": 0.27715534809847403, "LR": 0.27715534809847403, "LRR": 0.27715534809847403, "LRL": 0.27715534809847403, "LRE": 0.27715534809847403, "LOG_R": 0.27715534809847403, "RF": 0.27715534809847403, "SVM": 0.27715534809847403, "DNN": 0.27715534809847403}, "0 + 1 + 2": {"AB": 0.348202914499563, "AC": 0.348202914499563, "DS": 0.348202914499563, "DT": 0.348202914499563, "GM": 0.348202914499563, "GN": 0.348202914499563, "GB": 0.348202914499563, "KNN": 0.348202914499563, "KM": 0.348202914499563, "LR": 0.348202914499563, "LRR": 0.348202914499563, "LRL": 0.348202914499563, "LRE": 0.348202914499563, "LOG_R": 0.348202914499563, "RF": 0.348202914499563, "SVM": 0.348202914499563, "DNN": 0.348202914499563}, "0 + 1 + 3": {"AB": 0.3509608464246241, "AC": 0.3509608464246241, "DS": 0.3509608464246241, "DT": 0.3509608464246241, "GM": 0.3509608464246241, "GN": 0.3509608464246241, "GB": 0.3509608464246241, "KNN": 0.3509608464246241, "KM": 0.3509608464246241, "LR": 0.3509608464246241, "LRR": 0.3509608464246241, "LRL": 0.3509608464246241, "LRE": 0.3509608464246241, "LOG_R": 0.3509608464246241, "RF": 0.3509608464246241, "SVM": 0.3509608464246241, "DNN": 0.3509608464246241},