{"0": {"AB": 0.2136427384824789, "AC": 0.2136427384824789, "DS": 0.2136427384824789, "DT": 0.2136427384824789, "GM": 0.2136427384824789, "GN": 0.2136427384824789, "GB": 0.2136427384824789, "KNN": 0.2136427384824789, "KM": 0.2136427384824789, "LR": 0.2136427384824789, "LRR": 0.2136427384824789, "LRL": 0.2136427384824789, "LRE": 0.2136427384824789, "LOG_R": 0.2136427384824789, "RF": 0.2136427384824789, "SVM": 0.2136427384824789, "DNN": 0.2136427384824789}, "1": {"AB": 0.09070287754273504, "AC": 0.09070287754273504, "DS": 0.09070287754273504, "DT": 0.09070287754273504, "GM": 0.09070287754273504, "GN": 0.09070287754273504, "GB": 0.09070287754273504, "KNN": 0.09070287754273504, "KM": 0.09070287754273504, "LR": 0.09070287754273504, "LRR": 0.09070287754273504, "LRL": 0.09070287754273504, "LRE": 0.09070287754273504, "LOG_R": 0.09070287754273504, "RF": 0.09070287754273504, "SVM": 0.09070287754273504, "DNN": 0.09070287754273504}, "2": {"AB": -1.0, "AC": -1.0, "DS": -1.0, "DT": -1.0, "GM": -1.0, "GN": -1.0, "GB": -1.0, "KNN": -1.0, "KM": -1.0, "LR": -1.0, "LRR": -1.0, "LRL": -1.0, "LRE": -1.0, "LOG_R": -1.0, "RF": -1.0, "SVM": -1.0, "DNN": -1.0}, "0 + 1": {"AB": 0.1663622480513417, "AC": 0.1663622480513417, "DS": 0.1663622480513417, "DT": 0.1663622480513417, "GM": 0.1663622480513417, "GN": 0.1663622480513417, "GB": 0.1663622480513417, "KNN": 0.1663622480513417, "KM": 0.1663622480513417, "LR": 0.1663622480513417, "LRR": 0.1663622480513417, "LRL": 0.1663622480513417, "LRE": 0.1663622480513417, "LOG_R": 0.1663622480513417, "RF": 0.1663622480513417, "SVM": 0.1663622480513417, "DNN": 0.1663622480513417}, "0 + 2": {"AB": -1.0, "AC": -1.0, "DS": -1.0, "DT": -1.0, "GM": -1.0, "GN": -1.0, "GB": -1.0, "KNN": -1.0, "KM": -1.0, "LR": -1.0, "LRR": -1.0, "LRL": -1.0, "LRE": -1.0, "LOG_R": -1.0, "RF": -1.0, "SVM": -1.0, "DNN": -1.0}, "1 + 2": {"AB": -1.0, "AC": -1.0, "DS": -1.0, "DT": -1.0, "GM": -1.0, "GN": -1.0, "GB": -1.0, "KNN": -1.0, "KM": -1.0, "LR": -1.0, "LRR": -1.0, "LRL": -1.0, "LRE": -1.0, "LOG_R": -1.0, "RF": -1.0, "SVM": -1.0, "DNN": -1.0}, "0 + 1 + 2": {"AB": -1.0, "AC": -1.0, "DS": -1.0, "DT": -1.0, "GM": -1.0, "GN": -1.0, "GB": -1.0, "KNN": -1.0, "KM": -1.0, "LR": -1.0, "LRR": -1.0, "LRL": -1.0, "LRE": -1.0, "LOG_R": -1.0, "RF": -1.0, "SVM": -1.0, "DNN": -1.0}}