{"0": {"AB": 0.825, "AC": 0.26367924528301884, "DS": 0.3758130081300813, "DT": 0.8482736572890026, "GM": 0.24807692307692303, "GN": 0.7574260167748061, "GB": 0.85, "KNN": 0.8245580808080808, "KM": 0.6786701777485188, "LR": 0.7844552039048969, "LRR": 0.7844552039048969, "LRL": 0.7844552039048969, "LRE": 0.7844552039048969, "LOG_R": 0.6629752777343139, "RF": 0.8127640431857298, "SVM": 0.7590969925995906, "DNN": 0.712183120768383}, "1": {"AB": 0.8485094713320807, "AC": 0.2012364243943191, "DS": 0.11468253968253968, "DT": 0.8379981425194191, "GM": 0.17846967846967846, "GN": 0.6162807630697539, "GB": 0.7553250651604387, "KNN": 0.8295325823415711, "KM": 0.5992955670375024, "LR": 0.6162807630697539, "LRR": 0.6162807630697539, "LRL": 0.6162807630697539, "LRE": 0.6162807630697539, "LOG_R": 0.6519694297472074, "RF": 0.7553250651604387, "SVM": 0.6162807630697539, "DNN": 0.6633408919123205}, "2": {"AB": 0.7906531033466018, "AC": 0.2769432752828513, "DS": 0.24951267056530213, "DT": 0.7639785534522376, "GM": 0.32485829959514173, "GN": 0.6561780796076211, "GB": 0.6748120300751881, "KNN": 0.7368421052631579, "KM": 0.49774436090225566, "LR": 0.6748120300751881, "LRR": 0.6748120300751881, "LRL": 0.6748120300751881, "LRE": 0.6748120300751881, "LOG_R": 0.6561780796076211, "RF": 0.7778137651821863, "SVM": 0.6842105263157895, "DNN": 0.6842105263157897}, "3": {"AB": 0.7698678133460742, "AC": 0.21300207039337477, "DS": 0.05152979066022545, "DT": 0.7698678133460742, "GM": 0.7021739130434783, "GN": 0.7474120082815735, "GB": 0.7474120082815735, "KNN": 0.7672634271099745, "KM": 0.21300207039337477, "LR": 0.7474120082815735, "LRR": 0.7474120082815735, "LRL": 0.7474120082815735, "LRE": 0.7474120082815735, "LOG_R": 0.7474120082815735, "RF": 0.7474120082815735, "SVM": 0.7474120082815735, "DNN": 0.7474120082815735}, "4": {"AB": 1.0, "AC": 0.3679599499374218, "DS": 0.44482269503546096, "DT": 0.9574468085106383, "GM": 0.9577226162332546, "GN": 0.9788027575261617, "GB": 0.9788027575261617, "KNN": 0.9786225194959797, "KM": 0.9577226162332546, "LR": 0.9577226162332546, "LRR": 0.9577226162332546, "LRL": 0.9577226162332546, "LRE": 0.9577226162332546, "LOG_R": 0.9788027575261617, "RF": 0.9788027575261617, "SVM": 0.9577226162332546, "DNN": 0.9577226162332546}, "0 + 1": {"AB": 0.8692704826038159, "AC": 0.08124253285543608, "DS": 0.1507563901930099, "DT": 0.8148148148148148, "GM": 0.8362865679938851, "GN": 0.8242397788447549, "GB": 0.8843304843304843, "KNN": 0.8904320987654322, "KM": 0.8362865679938851, "LR": 0.8591678097850938, "LRR": 0.8591678097850938, "LRL": 0.8591678097850938, "LRE": 0.8591678097850938, "LOG_R": 0.8415343915343917, "RF": 0.8811507936507936, "SVM": 0.8415343915343917, "DNN": 0.8415343915343917}, "0 + 2": {"AB": 0.9213308111716925, "AC": 0.8026418988648091, "DS": 0.24951267056530213, "DT": 0.8688846852861541, "GM": 0.8026418988648091, "GN": 0.8374060150375939, "GB": 0.8947368421052632, "KNN": 0.869246286447827, "KM": 0.8333603238866396, "LR": 0.8629510283645622, "LRR": 0.8629510283645622, "LRL": 0.8629510283645622, "LRE": 0.8629510283645622, "LOG_R": 0.8629510283645622, "RF": 0.920656479909451, "SVM": 0.8629510283645622, "DNN": 0.8916040100250626}, "0 + 3": {"AB": 0.9539735626692147, "AC": 0.4074440052700922, "DS": 0.05152979066022545, "DT": 0.9539735626692147, "GM": 0.4074440052700922, "GN": 0.9539735626692147, "GB": 0.9539735626692147, "KNN": 0.8750489620054837, "KM": 0.4074440052700922, "LR": 0.9539735626692147, "LRR": 0.9539735626692147, "LRL": 0.9539735626692147, "LRE": 0.9539735626692147, "LOG_R": 0.9539735626692147, "RF": 0.9539735626692147, "SVM": 0.9539735626692147, "DNN": 0.9539735626692147}, "0 + 4": {"AB": 0.9154452324665092, "AC": 0.2423368193292463, "DS": 0.44482269503546096, "DT": 0.8279938045161815, "GM": 0.7405029013539652, "GN": 0.894013787630809, "GB": 0.8709953533871363, "KNN": 0.9139969022580908, "KM": 0.2259721203228173, "LR": 0.9154452324665092, "LRR": 0.9154452324665092, "LRL": 0.9154452324665092, "LRE": 0.9154452324665092, "LOG_R": 0.8931125974798988, "RF": 0.9366989454719918, "SVM": 0.894013787630809, "DNN": 0.9364082725784855}, "1 + 2": {"AB": 0.9476632758366504, "AC": 0.30456370623030093, "DS": 0.24951267056530213, "DT": 0.8429824561403508, "GM": 0.32485829959514173, "GN": 0.5985155195681512, "GB": 0.8421052631578947, "KNN": 0.868876974140132, "KM": 0.41213202497769846, "LR": 0.6594144936810111, "LRR": 0.6511178901031008, "LRL": 0.6511178901031008, "LRE": 0.6511178901031008, "LOG_R": 0.6511178901031008, "RF": 0.8421052631578947, "SVM": 0.6206140350877193, "DNN": 0.6805491990846683}, "1 + 3": {"AB": 0.9130434782608695, "AC": 0.6778149386845039, "DS": 0.05152979066022545, "DT": 0.8260869565217391, "GM": 0.28326745718050067, "GN": 0.8619206880076445, "GB": 0.8352067868504772, "KNN": 0.7917482700091397, "KM": 0.6778149386845039, "LR": 0.7474120082815735, "LRR": 0.7474120082815735, "LRL": 0.7474120082815735, "LRE": 0.7474120082815735, "LOG_R": 0.7474120082815735, "RF": 0.8352067868504772, "SVM": 0.7474120082815735, "DNN": 0.7474120082815735}, "1 + 4": {"AB": 0.9444444444444444, "AC": 0.9440972222222221, "DS": 0.3029350104821803, "DT": 0.9722436722436724, "GM": 0.049707602339181284, "GN": 0.9440972222222221, "GB": 0.9721574721574721, "KNN": 0.9444444444444444, "KM": 0.9440972222222221, "LR": 0.9440972222222221, "LRR": 0.9440972222222221, "LRL": 0.9440972222222221, "LRE": 0.9440972222222221, "LOG_R": 0.9440972222222221, "RF": 0.9721574721574721, "SVM": 0.9440972222222221, "DNN": 0.9440972222222221}, "2 + 3": {"AB": 0.8029361942405423, "AC": 0.21300207039337477, "DS": 0.05152979066022545, "DT": 0.8029361942405423, "GM": 0.21300207039337477, "GN": 0.7391304347826086, "GB": 0.7253446447507954, "KNN": 0.9193236714975844, "KM": 0.7021739130434783, "LR": 0.7021739130434783, "LRR": 0.7021739130434783, "LRL": 0.7021739130434783, "LRE": 0.7021739130434783, "LOG_R": 0.7698678133460742, "RF": 0.8260869565217391, "SVM": 0.7698678133460742, "DNN": 0.7474120082815735}, "2 + 4": {"AB": 0.9423809523809524, "AC": 0.2742857142857143, "DS": 0.2868347338935574, "DT": 0.9140021269053528, "GM": 0.09377289377289377, "GN": 0.9423809523809524, "GB": 0.9423809523809524, "KNN": 0.9129881052505107, "KM": 0.9129881052505107, "LR": 0.8949726231956198, "LRR": 0.8949726231956198, "LRL": 0.8949726231956198, "LRE": 0.8949726231956198, "LOG_R": 0.9129881052505107, "RF": 0.9129881052505107, "SVM": 0.8829931972789116, "DNN": 0.9129881052505107}, "3 + 4": {"AB": 0.9007246376811595, "AC": 0.13612040133779266, "DS": 0.05152979066022545, "DT": 0.9007246376811595, "GM": 0.7391304347826086, "GN": 0.8352067868504772, "GB": 0.9007246376811595, "KNN": 0.9007246376811595, "KM": 0.2608695652173913, "LR": 0.9007246376811595, "LRR": 0.9007246376811595, "LRL": 0.9007246376811595, "LRE": 0.9007246376811595, "LOG_R": 0.9007246376811595, "RF": 0.9007246376811595, "SVM": 0.9007246376811595, "DNN": 0.9007246376811595}, "0 + 1 + 2": {"AB": 0.9735521599698169, "AC": 0.30456370623030093, "DS": 0.24951267056530213, "DT": 0.8953265516733009, "GM": 0.20335621662852782, "GN": 0.7619694397283531, "GB": 0.920656479909451, "KNN": 0.8421052631578947, "KM": 0.7369284573204957, "LR": 0.8121404023632082, "LRR": 0.8121404023632082, "LRL": 0.8121404023632082, "LRE": 0.8121404023632082, "LOG_R": 0.7584662316098391, "RF": 0.9473684210526315, "SVM": 0.7584662316098391, "DNN": 0.8121404023632082}, "0 + 1 + 3": {"AB": 0.9539735626692147, "AC": 0.02782608695652174, "DS": 0.05152979066022545, "DT": 0.9539735626692147, "GM": 0.2381422924901186, "GN": 0.8260869565217391, "GB": 0.9539735626692147, "KNN": 0.9539735626692147, "KM": 0.7391304347826086, "LR": 0.8784838350055743, "LRR": 0.8784838350055743, "LRL": 0.9007246376811595, "LRE": 0.8784838350055743, "LOG_R": 0.9007246376811595, "RF": 0.9539735626692147, "SVM": 0.9007246376811595, "DNN": 0.8352067868504772}, "0 + 1 + 4": {"AB": 0.9164724164724165, "AC": 0.2777777777777778, "DS": 0.3029350104821803, "DT": 0.8888888888888888, "GM": 0.15374677002583978, "GN": 0.9440972222222221,