{"0": {"AB": 1.0, "AC": 0.15714285714285714, "DS": 0.16251920122887867, "DT": 1.0, "GM": 0.0, "GN": 1.0, "GB": 1.0, "KNN": 1.0, "KM": 1.0, "LR": 0.9779972658920026, "LRR": 0.9779972658920026, "LRL": 0.9779972658920026, "LRE": 0.9779972658920026, "LOG_R": 1.0, "RF": 1.0, "SVM": 1.0, "DNN": 1.0}, "1": {"AB": 0.8908236299540648, "AC": 0.22291235334713594, "DS": 0.24147157190635454, "DT": 0.8908236299540648, "GM": 0.22291235334713594, "GN": 0.8876755766954735, "GB": 0.8916724511474307, "KNN": 0.9130434782608695, "KM": 0.22291235334713594, "LR": 0.863858695652174, "LRR": 0.863858695652174, "LRL": 0.8393764513829811, "LRE": 0.863858695652174, "LOG_R": 0.7804520358868186, "RF": 0.9565217391304348, "SVM": 0.8011114743380191, "DNN": 0.8393764513829811}, "2": {"AB": 1.0, "AC": 0.29664324746291965, "DS": 0.3072196620583717, "DT": 1.0, "GM": 0.29664324746291965, "GN": 0.9762039813089162, "GB": 0.976149776149776, "KNN": 0.9523809523809523, "KM": 0.29664324746291965, "LR": 0.8840706417205807, "LRR": 0.8840706417205807, "LRL": 0.8840706417205807, "LRE": 0.8840706417205807, "LOG_R": 0.8551814318404709, "RF": 0.9762039813089162, "SVM": 0.8551814318404709, "DNN": 0.8551814318404709}, "3": {"AB": 0.979193899782135, "AC": 0.27898550724637683, "DS": 0.2880952380952381, "DT": 0.979193899782135, "GM": 0.699462365591398, "GN": 0.9166666666666666, "GB": 0.9166666666666666, "KNN": 0.9584057971014494, "KM": 0.22870370370370371, "LR": 0.8528322440087145, "LRR": 0.8528322440087145, "LRL": 0.8528322440087145, "LRE": 0.8528322440087145, "LOG_R": 0.8743478260869565, "RF": 0.9166666666666666, "SVM": 0.8743478260869565, "DNN": 0.8528322440087145}, "4": {"AB": 1.0, "AC": 0.44670846394984326, "DS": 0.5186781609195402, "DT": 0.9289272030651341, "GM": 0.44670846394984326, "GN": 0.7553632090837172, "GB": 1.0, "KNN": 0.9650518870119595, "KM": 0.44670846394984326, "LR": 0.6838334079713391, "LRR": 0.6838334079713391, "LRL": 0.6838334079713391, "LRE": 0.6838334079713391, "LOG_R": 0.6838334079713391, "RF": 1.0, "SVM": 0.5186781609195402, "DNN": 0.6838334079713391}, "0 + 1": {"AB": 0.978164725990813, "AC": 0.2131837307152875, "DS": 0.24147157190635454, "DT": 0.978164725990813, "GM": 0.8876755766954735, "GN": 1.0, "GB": 0.978164725990813, "KNN": 1.0, "KM": 0.9337038247793396, "LR": 0.9205142011037826, "LRR": 0.9205142011037826, "LRL": 0.9337038247793396, "LRE": 0.9205142011037826, "LOG_R": 1.0, "RF": 0.978164725990813, "SVM": 1.0, "DNN": 1.0}, "0 + 2": {"AB": 1.0, "AC": 0.4583158776707164, "DS": 0.3072196620583717, "DT": 1.0, "GM": 0.0, "GN": 1.0, "GB": 1.0, "KNN": 1.0, "KM": 1.0, "LR": 0.9158361018826136, "LRR": 0.9286119439267483, "LRL": 0.9523809523809523, "LRE": 0.9286119439267483, "LOG_R": 0.9762039813089162, "RF": 1.0, "SVM": 1.0, "DNN": 1.0}, "0 + 3": {"AB": 1.0, "AC": 0.27898550724637683, "DS": 0.2880952380952381, "DT": 1.0, "GM": 1.0, "GN": 1.0, "GB": 1.0, "KNN": 0.9791209594851544, "KM": 1.0, "LR": 0.9583333333333334, "LRR": 0.979193899782135, "LRL": 0.979193899782135, "LRE": 0.979193899782135, "LOG_R": 1.0, "RF": 1.0, "SVM": 1.0, "DNN": 1.0}, "0 + 4": {"AB": 1.0, "AC": 0.42493039194688376, "DS": 0.5186781609195402, "DT": 1.0, "GM": 0.42493039194688376, "GN": 1.0, "GB": 1.0, "KNN": 1.0, "KM": 0.44670846394984326, "LR": 0.922920892494929, "LRR": 0.922920892494929, "LRL": 0.922920892494929, "LRE": 0.922920892494929, "LOG_R": 1.0, "RF": 1.0, "SVM": 1.0, "DNN": 1.0}, "1 + 2": {"AB": 0.9512775842044134, "AC": 0.47531463605034174, "DS": 0.2934959349593496, "DT": 1.0, "GM": 0.47531463605034174, "GN": 0.9755511609170145, "GB": 0.9755511609170145, "KNN": 1.0, "KM": 0.47531463605034174, "LR": 0.8527748320961471, "LRR": 0.8527748320961471, "LRL": 0.877755804585073, "LRE": 0.8527748320961471, "LOG_R": 0.877755804585073, "RF": 1.0, "SVM": 0.8520830902088925, "DNN": 0.8520830902088925}, "1 + 3": {"AB": 1.0, "AC": 0.24126984126984133, "DS": 0.25069444444444444, "DT": 1.0, "GM": 0.24126984126984133, "GN": 1.0, "GB": 0.9555555555555556, "KNN": 1.0, "KM": 0.2315412186379928, "LR": 0.9664488017429193, "LRR": 0.9664488017429193, "LRL": 0.9664488017429193, "LRE": 0.9664488017429193, "LOG_R": 0.9778448131389307, "RF": 1.0, "SVM": 0.9778448131389307, "DNN": 0.9778448131389307}, "1 + 4": {"AB": 0.9310344827586207, "AC": 0.4842578710644678, "DS": 0.5186781609195402, "DT": 0.9310344827586207, "GM": 0.4266238973536488, "GN": 0.797579575596817, "GB": 0.9289272030651341, "KNN": 0.9650518870119595, "KM": 0.42493039194688376, "LR": 0.5285707218126948, "LRR": 0.5285707218126948, "LRL": 0.5285707218126948, "LRE": 0.5285707218126948, "LOG_R": 0.5541871921182265, "RF": 0.9650518870119595, "SVM": 0.5735632183908046, "DNN": 0.6559743384121893}, "2 + 3": {"AB": 0.9521630162362429, "AC": 0.2857142857142857, "DS": 0.3072196620583717, "DT": 0.976149776149776, "GM": 0.2857142857142857, "GN": 1.0, "GB": 1.0, "KNN": 1.0, "KM": 0.2857142857142857, "LR": 0.9523809523809523, "LRR": 0.9523809523809523, "LRL": 0.9523809523809523, "LRE": 0.9523809523809523, "LOG_R": 0.9762039813089162, "RF": 1.0, "SVM": 0.9523809523809523, "DNN": 0.976149776149776}, "2 + 4": {"AB": 0.9310344827586207, "AC": 0.5018341892883346, "DS": 0.5186781609195402, "DT": 0.9658722762171038, "GM": 0.4842578710644678, "GN": 0.9310344827586207, "GB": 0.9310344827586207, "KNN": 0.9650518870119595, "KM": 0.5030740443731623, "LR": 0.9223487803609507, "LRR": 0.9223487803609507, "LRL": 0.9223487803609507, "LRE": 0.9223487803609507, "LOG_R": 0.8912086281106218, "RF": 0.9310344827586207, "SVM": 0.8912086281106218, "DNN": 0.8912086281106218}, "3 + 4": {"AB": 1.0, "AC": 0.31118803532596634, "DS": 0.5186781609195402, "DT": 0.9658722762171038, "GM": 0.5812807881773397, "GN": 0.9650518870119595, "GB": 0.9310344827586207, "KNN": 0.9650518870119595, "KM": 0.5812807881773397, "LR": 0.9650518870119595, "LRR": 0.9650518870119595, "LRL": 0.9650518870119595, "LRE": 0.9650518870119595, "LOG_R": 0.9310344827586207, "RF": 0.9310344827586207, "SVM": 0.9310344827586207, "DNN": 0.9650518870119595}, "0 + 1 + 2": {"AB": 0.9755511609170145, "AC": 0.2716568544995795, "DS": 0.2934959349593496, "DT": 0.9755511609170145, "GM": 0.06319290465631928, "GN": 1.0, "GB": 0.9755511609170145, "KNN": 1.0, "KM": 0.47531463605034174, "LR": 0.987475280158207, "LRR": 0.987475280158207, "LRL": 0.9742547425474254, "LRE": 0.9742547425474254, "LOG_R": 1.0, "RF": 1.0, "SVM": 1.0, "DNN": 1.0}, "0 + 1 + 3": {"AB": 1.0, "AC": 0.2214936247723133, "DS": 0.25069444444444444, "DT": 1.0, "GM": 0.0, "GN": 1.0, "GB": 1.0, "KNN": 1.0, "KM": 0.0, "LR": 0.9885885885885886, "LRR": 0.9885885885885886, "LRL": 0.9885885885885886, "LRE": 0.9885885885885886, "LOG_R": 1.0, "RF": 1.0, "SVM": 1.0, "DNN": 1.0}, "0 + 1 + 4": {"AB": 1.0, "AC": 0.46590038314176246, "DS": 0.5186781609195402, "DT": 1.0, "GM": 0.31118803532596634, "GN": 0.9650518870119595, "GB": 1.0, "KNN": 1.0, "KM": 0.37025426680599094, "LR": 0.8557539412112125, "LRR": 0.8557539412112125, "LRL": 0.9274220032840721, "LRE": 0.8557539412112125, "LOG_R": 1.0, "RF": 1.0, "SVM": 1.0, "DNN": 1.0}, "0 + 2 + 3": {"AB": 1.0, "AC": 0.5428571428571429, "DS": 0.3072196620583717, "DT": 1.0, "GM": 0.1523809523809524, "GN": 1.0, "GB": 1.0, "KNN": 1.0, "KM": 0.2627257799671593, "LR": 0.9376930698840124, "LRR": 0.9376930698840124, "LRL": 0.951188346537184, "LRE": 0.9376930698840124, "LOG_R": 1.0, "RF": 1.0, "SVM": 1.0, "DNN": 1.0}, "0 + 2 + 4": {"AB": 1.0, "AC": 0.4842578710644678, "DS": 0.5186781609195402, "DT": 1.0, "GM": 0.04367816091954023, "GN": 1.0, "GB": 1.0, "KNN": 1.0, "KM": 0.31118803532596634, "LR": 0.9636015325670497, "LRR": 0.9636015325670497, "LRL": 0.9636015325670497, "LRE": 0.9636015325670497, "LOG_R": 1.0, "RF": 1.0, "SVM": 1.0, "DNN": 1.0}, "0 + 3 + 4": {"AB": 0.9658722762171038, "AC": 0.44670846394984326, "DS": 0.5186781609195402, "DT": 0.9658722762171038, "GM": 0.1588296760710554, "GN": 1.0, "GB": 0.9658722762171038, "KNN": 1.0, "KM": 0.42493039194688376, "LR": 0.9289272030651341, "LRR": 0.9289272030651341, "LRL": 0.9289272030651341, "LRE": 0.9289272030651341,