{"0": {"AB": 0.12012705217661374, "AC": 0.12012705217661374, "DS": 0.12012705217661374, "DT": 0.12012705217661374, "GM": 0.12012705217661374, "GN": 0.12012705217661374, "GB": 0.12012705217661374, "KNN": 0.12012705217661374, "KM": 0.12012705217661374, "LR": 0.12012705217661374, "LRR": 0.12012705217661374, "LRL": 0.12012705217661374, "LRE": 0.12012705217661374, "LOG_R": 0.12012705217661374, "RF": 0.12012705217661374, "SVM": 0.12012705217661374, "DNN": 0.12012705217661374}, "1": {"AB": -1.0, "AC": -1.0, "DS": -1.0, "DT": -1.0, "GM": -1.0, "GN": -1.0, "GB": -1.0, "KNN": -1.0, "KM": -1.0, "LR": -1.0, "LRR": -1.0, "LRL": -1.0, "LRE": -1.0, "LOG_R": -1.0, "RF": -1.0, "SVM": -1.0, "DNN": -1.0}, "0 + 1": {"AB": -1.0, "AC": -1.0, "DS": -1.0, "DT": -1.0, "GM": -1.0, "GN": -1.0, "GB": -1.0, "KNN": -1.0, "KM": -1.0, "LR": -1.0, "LRR": -1.0, "LRL": -1.0, "LRE": -1.0, "LOG_R": -1.0, "RF": -1.0, "SVM": -1.0, "DNN": -1.0}}