{"0": {"AB": 0.9178947368421053, "AC": 0.05714285714285715, "DS": 0.06666666666666667, "DT": 0.9309833024118739, "GM": 0.05714285714285715, "GN": 0.8708702449192288, "GB": 0.911976911976912, "KNN": 0.8964749536178107, "KM": 0.04705882352941176, "LR": 0.7485262401150251, "LRR": 0.7485262401150251, "LRL": 0.7485262401150251, "LRE": 0.7485262401150251, "LOG_R": 0.7980769230769231, "RF": 0.9309833024118739, "SVM": 0.7816711590296497, "DNN": 0.8708702449192288}, "1": {"AB": 0.9674948240165632, "AC": 0.2528619528619529, "DS": 0.07716894977168949, "DT": 0.9835523695738749, "GM": 0.6881619937694705, "GN": 0.8133333333333334, "GB": 0.8968750000000001, "KNN": 0.8746212121212122, "KM": 0.4403263403263404, "LR": 0.7892628205128206, "LRR": 0.7892628205128206, "LRL": 0.7892628205128206, "LRE": 0.7892628205128206, "LOG_R": 0.7509293034566615, "RF": 0.8519713261648746, "SVM": 0.776, "DNN": 0.7892478721556366}, "2": {"AB": 0.9636363636363636, "AC": 0.4196756840435002, "DS": 0.3434830230010953, "DT": 0.9636363636363636, "GM": 0.4196756840435002, "GN": 0.7049853372434017, "GB": 0.9454184345942043, "KNN": 0.8535757575757575, "KM": 0.4196756840435002, "LR": 0.7071515151515152, "LRR": 0.7071515151515152, "LRL": 0.7071515151515152, "LRE": 0.7071515151515152, "LOG_R": 0.7071515151515152, "RF": 0.9636363636363636, "SVM": 0.7071515151515152, "DNN": 0.7071515151515152}, "3": {"AB": 0.9159763313609468, "AC": 0.2580117556861743, "DS": 0.7040293040293041, "DT": 0.8599605522682444, "GM": 0.6748717948717948, "GN": 0.8301196276218579, "GB": 0.8474411160978326, "KNN": 0.891712454212454, "KM": 0.6748717948717948, "LR": 0.7040293040293041, "LRR": 0.7040293040293041, "LRL": 0.7040293040293041, "LRE": 0.7040293040293041, "LOG_R": 0.6779788838612367, "RF": 0.8685388685388685, "SVM": 0.7040293040293041, "DNN": 0.7479289940828403}, "4": {"AB": 0.8567323481116584, "AC": 0.13420316868592733, "DS": 0.14700544464609802, "DT": 0.7980036297640655, "GM": 0.13420316868592733, "GN": 0.6367816091954023, "GB": 0.8163592622293505, "KNN": 0.7001880877742948, "KM": 0.2006269592476489, "LR": 0.6367816091954023, "LRR": 0.6367816091954023, "LRL": 0.6367816091954023, "LRE": 0.6367816091954023, "LOG_R": 0.6367816091954023, "RF": 0.7729511867442901, "SVM": 0.5629838142153413, "DNN": 0.6367816091954023}, "0 + 1": {"AB": 0.9832987060324403, "AC": 0.23837405532320788, "DS": 0.06875149200286466, "DT": 0.9832987060324403, "GM": 0.12319261122106319, "GN": 0.9268073331027327, "GB": 0.9649139702105802, "KNN": 0.9340740320843489, "KM": 0.36222481979349314, "LR": 0.7781244179549265, "LRR": 0.7781244179549265, "LRL": 0.7781244179549265, "LRE": 0.7781244179549265, "LOG_R": 0.9105114700082374, "RF": 0.9649139702105802, "SVM": 0.9138579684288097, "DNN": 0.8947419106317412}, "0 + 2": {"AB": 0.9740346609911827, "AC": 0.12558869701726846, "DS": 0.14479638009049772, "DT": 0.9196067090803933, "GM": 0.12558869701726846, "GN": 0.8974358974358975, "GB": 0.8907161803713527, "KNN": 0.8751466398525222, "KM": 0.6720467032967031, "LR": 0.8603581966650656, "LRR": 0.8603581966650656, "LRL": 0.8282051282051281, "LRE": 0.8603581966650656, "LOG_R": 0.8603581966650656, "RF": 0.9196067090803933, "SVM": 0.8603581966650656, "DNN": 0.8182426269382791}, "0 + 3": {"AB": 0.841025641025641, "AC": 0.41758241758241754, "DS": 0.4499999999999999, "DT": 0.841025641025641, "GM": 0.4, "GN": 0.7934065934065935, "GB": 0.841025641025641, "KNN": 0.7934065934065935, "KM": 0.41758241758241754, "LR": 0.7695652173913043, "LRR": 0.7695652173913043, "LRL": 0.8, "LRE": 0.7695652173913043, "LOG_R": 0.8, "RF": 0.9503836317135551, "SVM": 0.8, "DNN": 0.8}, "0 + 4": {"AB": 0.8997470376780722, "AC": 0.6472148541114058, "DS": 0.14700544464609802, "DT": 1.0, "GM": 0.24273157538877618, "GN": 0.6633393829401087, "GB": 0.8340115656457485, "KNN": 0.800709939148073, "KM": 0.4613430127041742, "LR": 0.5225340817963111, "LRR": 0.5225340817963111, "LRL": 0.5225340817963111, "LRE": 0.5225340817963111, "LOG_R": 0.6141592044723692, "RF": 0.9649235640429427, "SVM": 0.5225340817963111, "DNN": 0.767616191904048}, "1 + 2": {"AB": 1.0, "AC": 0.25878972278566603, "DS": 0.15943396226415096, "DT": 0.9752271139063591, "GM": 0.5192307692307692, "GN": 0.7143020594965674, "GB": 0.95, "KNN": 0.9016483516483514, "KM": 0.41896551724137937, "LR": 0.8415360501567399, "LRR": 0.8415360501567399, "LRL": 0.8976190476190476, "LRE": 0.8415360501567399, "LOG_R": 0.8976190476190476, "RF": 0.9256813417190777, "SVM": 0.6526881720430108, "DNN": 0.8464285714285715}, "1 + 3": {"AB": 0.901360544217687, "AC": 0.4255952380952381, "DS": 0.4733893557422969, "DT": 1.0, "GM": 0.716883116883117, "GN": 0.746747505368195, "GB": 1.0, "KNN": 0.9516754850088185, "KM": 0.716883116883117, "LR": 0.8223733938019654, "LRR": 0.8223733938019654, "LRL": 0.8223733938019654, "LRE": 0.8223733938019654, "LOG_R": 0.855026455026455, "RF": 1.0, "SVM": 0.855026455026455, "DNN": 0.855026455026455}, "1 + 4": {"AB": 0.9326678765880217, "AC": 0.6140198759421064, "DS": 0.14700544464609802, "DT": 0.965982595746661, "GM": 0.6140198759421064, "GN": 0.72561155319776, "GB": 0.9326678765880217, "KNN": 0.8340115656457485, "KM": 0.6972682489923869, "LR": 0.7658746846089151, "LRR": 0.7658746846089151, "LRL": 0.7429029671210907, "LRE": 0.7658746846089151, "LOG_R": 0.7429029671210907, "RF": 0.8979477872399833, "SVM": 0.7134646962233169, "DNN": 0.7544649483005986}, "2 + 3": {"AB": 0.9715399610136453, "AC": 0.36807705538355695, "DS": 0.6805555555555557, "DT": 0.9208871234690501, "GM": 0.4868686868686869, "GN": 0.7453703703703705, "GB": 0.8930041152263376, "KNN": 0.9091699261190787, "KM": 0.2833333333333333, "LR": 0.7693326709720153, "LRR": 0.7913978494623656, "LRL": 0.6805555555555557, "LRE": 0.7913978494623656, "LOG_R": 0.8486165435317977, "RF": 0.9715399610136453, "SVM": 0.9091699261190787, "DNN": 0.8007797270955165}, "2 + 4": {"AB": 1.0, "AC": 0.6140198759421064, "DS": 0.14700544464609802, "DT": 0.8947706921288279, "GM": 0.6140198759421064, "GN": 0.5914542728635681, "GB": 0.8947706921288279, "KNN": 0.7980036297640655, "KM": 0.2006269592476489, "LR": 0.47021943573667707, "LRR": 0.47021943573667707, "LRL": 0.49042145593869735, "LRE": 0.47021943573667707, "LOG_R": 0.47021943573667707, "RF": 0.7729511867442901, "SVM": 0.5629838142153413, "DNN": 0.6938433617199496}, "3 + 4": {"AB": 0.8798319327731091, "AC": 0.3088235294117647, "DS": 0.36651583710407243, "DT": 0.8798319327731091, "GM": 0.4759358288770053, "GN": 0.8157724628312863, "GB": 0.8798319327731091, "KNN": 0.8157724628312863, "KM": 0.3088235294117647, "LR": 0.7819548872180451, "LRR": 0.7819548872180451, "LRL": 0.8470588235294116, "LRE": 0.7819548872180451, "LOG_R": 0.8222910216718267, "RF": 0.9411764705882353, "SVM": 0.8222910216718267, "DNN": 0.8235294117647058}, "0 + 1 + 2": {"AB": 0.9497041420118342, "AC": 0.12558869701726846, "DS": 0.14479638009049772, "DT": 0.9746298984034834, "GM": 0.10474631751227495, "GN": 0.9487179487179487, "GB": 0.9746298984034834, "KNN": 0.9497041420118342, "KM": 0.6720467032967031, "LR": 0.8701733049559135, "LRR": 0.8701733049559135, "LRL": 0.8701733049559135, "LRE": 0.8701733049559135, "LOG_R": 0.7814323607427056, "RF": 0.9221039829735482, "SVM": 0.8701733049559135, "DNN": 0.8946053946053946}, "0 + 1 + 3": {"AB": 0.8511278195488721, "AC": 0.4, "DS": 0.4499999999999999, "DT": 0.8511278195488721, "GM": 0.7, "GN": 0.9, "GB": 0.9503836317135551, "KNN": 0.9, "KM": 0.3, "LR": 0.8020202020202021, "LRR": 0.8020202020202021, "LRL": 0.8020202020202021, "LRE": 0.8020202020202021, "LOG_R": 0.8020202020202021, "RF": 0.8511278195488721, "SVM": 0.851150895140665, "DNN": 0.8020202020202021}, "0 + 1 + 4": {"AB": 0.9310344827586207, "AC": 0.4613430127041742, "DS": 0.14700544464609802, "DT": 0.8653357531760435, "GM": 0.6731634182908547, "GN": 0.8163592622293505, "GB": 0.8246178202147133, "KNN": 0.9326678765880217, "KM": 0.3955835702220574, "LR": 0.8947706921288279, "LRR": 0.8947706921288279, "LRL": 0.9283661740558292, "LRE": 0.8947706921288279, "LOG_R": 0.8486341244961935,