{"0": {"AB": 0.0, "AC": 0.0, "DS": 0.0, "DT": 0.0, "GM": 0.0, "GN": 0.0, "GB": 0.0, "KNN": 0.0, "KM": 0.0, "LR": 0.0, "LRR": 0.0, "LRL": 0.0, "LRE": 0.0, "LOG_R": 0.0, "RF": 0.0, "SVM": 0.0, "DNN": 0.0}, "1": {"AB": 0.0, "AC": 0.0, "DS": 0.0, "DT": 0.0, "GM": 0.0, "GN": 0.0, "GB": 0.0, "KNN": 0.0, "KM": 0.0, "LR": 0.0, "LRR": 0.0, "LRL": 0.0, "LRE": 0.0, "LOG_R": 0.0, "RF": 0.0, "SVM": 0.0, "DNN": 0.0}, "0 + 1": {"AB": 0.1010047169156208, "AC": 0.1010047169156208, "DS": 0.1010047169156208, "DT": 0.1010047169156208, "GM": 0.1010047169156208, "GN": 0.1010047169156208, "GB": 0.1010047169156208, "KNN": 0.1010047169156208, "KM": 0.1010047169156208, "LR": 0.1010047169156208, "LRR": 0.1010047169156208, "LRL": 0.1010047169156208, "LRE": 0.1010047169156208, "LOG_R": 0.1010047169156208, "RF": 0.1010047169156208, "SVM": 0.1010047169156208, "DNN": 0.1010047169156208}}