{"0": {"AB": 1.0, "AC": 0.3333333333333333, "DS": 0.0, "DT": 1.0, "GM": 0.16666666666666666, "GN": 0.6666666666666666, "GB": 1.0, "KNN": 1.0, "KM": 0.3333333333333333, "LR": 1.0, "LRR": 1.0, "LRL": 1.0, "LRE": 1.0, "LOG_R": 1.0, "RF": 1.0, "SVM": 1.0, "DNN": 0.16666666666666666}, "1": {"AB": -1.0, "AC": -1.0, "DS": -1.0, "DT": -1.0, "GM": -1.0, "GN": -1.0, "GB": -1.0, "KNN": -1.0, "KM": -1.0, "LR": -1.0, "LRR": -1.0, "LRL": -1.0, "LRE": -1.0, "LOG_R": -1.0, "RF": -1.0, "SVM": -1.0, "DNN": -1.0}, "0 + 1": {"AB": -1.0, "AC": -1.0, "DS": -1.0, "DT": -1.0, "GM": -1.0, "GN": -1.0, "GB": -1.0, "KNN": -1.0, "KM": -1.0, "LR": -1.0, "LRR": -1.0, "LRL": -1.0, "LRE": -1.0, "LOG_R": -1.0, "RF": -1.0, "SVM": -1.0, "DNN": -1.0}}