{"0": {"AB": 0.8813984760197221, "AC": 0.7407528641571195, "DS": 0.06666666666666667, "DT": 0.8767676767676769, "GM": 0.17174825174825173, "GN": 0.892, "GB": 0.8708702449192288, "KNN": 0.8767676767676769, "KM": 0.6796238244514105, "LR": 0.7816711590296497, "LRR": 0.7816711590296497, "LRL": 0.7816711590296497, "LRE": 0.7816711590296497, "LOG_R": 0.8242147344374644, "RF": 0.8708702449192288, "SVM": 0.8708702449192288, "DNN": 0.7980769230769231}, "1": {"AB": 1.0, "AC": 0.19698340874811462, "DS": 0.07716894977168949, "DT": 1.0, "GM": 0.6947458595088521, "GN": 0.9125205438517854, "GB": 0.8422657952069716, "KNN": 0.9044444444444444, "KM": 0.34367879966657405, "LR": 0.8658850095535869, "LRR": 0.8658850095535869, "LRL": 0.8422657952069716, "LRE": 0.8658850095535869, "LOG_R": 0.8658850095535869, "RF": 0.9492631578947368, "SVM": 0.888, "DNN": 0.8506666666666666}, "2": {"AB": 0.9271280443694236, "AC": 0.4090909090909091, "DS": 0.3434830230010953, "DT": 0.9090307243236737, "GM": 0.3434830230010953, "GN": 0.560233918128655, "GB": 0.9272246272246273, "KNN": 0.7392292490118577, "KM": 0.4796536796536796, "LR": 0.6681085043988271, "LRR": 0.6681085043988271, "LRL": 0.6681085043988271, "LRE": 0.6681085043988271, "LOG_R": 0.7221147646679561, "RF": 0.8724744967048839, "SVM": 0.6681085043988271, "DNN": 0.6813986013986013}, "3": {"AB": 0.8974358974358975, "AC": 0.6056166056166056, "DS": 0.7040293040293041, "DT": 0.8974358974358975, "GM": 0.6056166056166056, "GN": 0.8340080971659919, "GB": 0.9014245014245014, "KNN": 0.9737077737077737, "KM": 0.6056166056166056, "LR": 0.7040293040293041, "LRR": 0.7040293040293041, "LRL": 0.7040293040293041, "LRE": 0.7040293040293041, "LOG_R": 0.6503496503496504, "RF": 0.9507122507122506, "SVM": 0.7040293040293041, "DNN": 0.7040293040293041}, "4": {"AB": 0.8669453152211773, "AC": 0.21666000976345806, "DS": 0.14700544464609802, "DT": 0.8669453152211773, "GM": 0.5459770114942529, "GN": 0.5097451274362819, "GB": 0.8329117294634535, "KNN": 0.8340115656457485, "KM": 0.5459770114942529, "LR": 0.5459770114942529, "LRR": 0.5459770114942529, "LRL": 0.5459770114942529, "LRE": 0.5459770114942529, "LOG_R": 0.5459770114942529, "RF": 0.8329117294634535, "SVM": 0.5459770114942529, "DNN": 0.6140198759421064}, "0 + 1": {"AB": 0.9832987060324403, "AC": 0.8213379662991225, "DS": 0.06875149200286466, "DT": 0.9483147810572858, "GM": 0.0589535740604274, "GN": 0.9105114700082374, "GB": 0.9483147810572858, "KNN": 0.9661016949152542, "KM": 0.42467701789735685, "LR": 0.7444465139380394, "LRR": 0.7444465139380394, "LRL": 0.7444465139380394, "LRE": 0.7444465139380394, "LOG_R": 0.884406779661017, "RF": 0.9138579684288097, "SVM": 0.9463068820049425, "DNN": 0.9463068820049425}, "0 + 2": {"AB": 0.9740346609911827, "AC": 0.13538461538461538, "DS": 0.14479638009049772, "DT": 0.8751466398525222, "GM": 0.6224852071005917, "GN": 0.8660111818006555, "GB": 0.9473026973026972, "KNN": 0.92388969521045, "KM": 0.5715734496222301, "LR": 0.8419080919080918, "LRR": 0.8419080919080918, "LRL": 0.8360742705570292, "LRE": 0.8419080919080918, "LOG_R": 0.8360742705570292, "RF": 0.9196067090803933, "SVM": 0.8907161803713527, "DNN": 0.8660111818006555}, "0 + 3": {"AB": 0.8967032967032967, "AC": 0.4258064516129032, "DS": 0.4499999999999999, "DT": 0.9503836317135551, "GM": 0.15652173913043477, "GN": 0.9, "GB": 0.9493333333333334, "KNN": 0.8479999999999999, "KM": 0.15652173913043477, "LR": 0.7934065934065935, "LRR": 0.7934065934065935, "LRL": 0.7934065934065935, "LRE": 0.7934065934065935, "LOG_R": 0.7466666666666667, "RF": 1.0, "SVM": 0.7466666666666667, "DNN": 0.7466666666666667}, "0 + 4": {"AB": 0.9310344827586207, "AC": 0.6678498985801217, "DS": 0.14700544464609802, "DT": 0.9310344827586207, "GM": 0.21666000976345806, "GN": 0.595990376904571, "GB": 0.8898155573376103, "KNN": 0.9310344827586207, "KM": 0.36924394945384453, "LR": 0.72561155319776, "LRR": 0.72561155319776, "LRL": 0.6731634182908547, "LRE": 0.72561155319776, "LOG_R": 0.72561155319776, "RF": 0.8898155573376103, "SVM": 0.6140198759421064, "DNN": 0.72561155319776}, "1 + 2": {"AB": 1.0, "AC": 0.21071428571428572, "DS": 0.15943396226415096, "DT": 0.9508241758241758, "GM": 0.5192307692307692, "GN": 0.8761355695317959, "GB": 0.95, "KNN": 0.8787030941408821, "KM": 0.5679687500000001, "LR": 0.7887147335423198, "LRR": 0.7887147335423198, "LRL": 0.7662471395881008, "LRE": 0.7887147335423198, "LOG_R": 0.85, "RF": 0.9241818181818182, "SVM": 0.8265897973445144, "DNN": 0.8464285714285715}, "1 + 3": {"AB": 0.901360544217687, "AC": 0.39938556067588327, "DS": 0.4733893557422969, "DT": 0.7641456582633053, "GM": 0.37142857142857133, "GN": 0.8095238095238095, "GB": 0.855026455026455, "KNN": 0.901360544217687, "KM": 0.535126050420168, "LR": 0.855026455026455, "LRR": 0.855026455026455, "LRL": 0.855026455026455, "LRE": 0.855026455026455, "LOG_R": 0.901360544217687, "RF": 0.952829131652661, "SVM": 0.901360544217687, "DNN": 0.901360544217687}, "1 + 4": {"AB": 0.9326678765880217, "AC": 0.1206896551724138, "DS": 0.14700544464609802, "DT": 1.0, "GM": 0.1206896551724138, "GN": 0.8486341244961935, "GB": 1.0, "KNN": 0.8997470376780722, "KM": 0.6997932368438605, "LR": 0.7865927176272002, "LRR": 0.7865927176272002, "LRL": 0.754872563718141, "LRE": 0.7865927176272002, "LOG_R": 0.754872563718141, "RF": 0.9283661740558292, "SVM": 0.8040082522841143, "DNN": 0.8947706921288279}, "2 + 3": {"AB": 0.9414340448823206, "AC": 0.6523297491039427, "DS": 0.6805555555555557, "DT": 0.9146198830409357, "GM": 0.6137396418070035, "GN": 0.8243021346469623, "GB": 0.9146198830409357, "KNN": 0.7693326709720153, "KM": 0.46376811594202905, "LR": 0.6805555555555557, "LRR": 0.6805555555555557, "LRL": 0.6805555555555557, "LRE": 0.6805555555555557, "LOG_R": 0.7693326709720153, "RF": 0.8681452057817498, "SVM": 0.7913978494623656, "DNN": 0.7218637992831541}, "2 + 4": {"AB": 0.7980036297640655, "AC": 0.72561155319776, "DS": 0.14700544464609802, "DT": 0.8653357531760435, "GM": 0.1206896551724138, "GN": 0.6215853112404836, "GB": 0.8040082522841143, "KNN": 0.8979477872399833, "KM": 0.754872563718141, "LR": 0.6367816091954023, "LRR": 0.6367816091954023, "LRL": 0.6367816091954023, "LRE": 0.6367816091954023, "LOG_R": 0.8163592622293505, "RF": 0.8486341244961935, "SVM": 0.5629838142153413, "DNN": 0.72561155319776}, "3 + 4": {"AB": 0.9411764705882353, "AC": 0.3088235294117647, "DS": 0.36651583710407243, "DT": 1.0, "GM": 0.3088235294117647, "GN": 0.8815359477124184, "GB": 1.0, "KNN": 1.0, "KM": 0.519879097884213, "LR": 0.8198142414860682, "LRR": 0.8198142414860682, "LRL": 0.8198142414860682, "LRE": 0.8198142414860682, "LOG_R": 0.8198142414860682, "RF": 0.8198142414860682, "SVM": 0.8198142414860682, "DNN": 0.8198142414860682}, "0 + 1 + 2": {"AB": 0.8907161803713527, "AC": 0.13538461538461538, "DS": 0.14479638009049772, "DT": 0.8660111818006555, "GM": 0.6960297766749379, "GN": 0.8660111818006555, "GB": 0.8660111818006555, "KNN": 0.8491124260355029, "KM": 0.6534798534798535, "LR": 0.7349603145167273, "LRR": 0.7349603145167273, "LRL": 0.8045014753310917, "LRE": 0.7349603145167273, "LOG_R": 0.8124156545209177, "RF": 0.8603581966650656, "SVM": 0.8360742705570292, "DNN": 0.8603581966650656}, "0 + 1 + 3": {"AB": 0.9493333333333334, "AC": 0.4, "DS": 0.4499999999999999, "DT": 0.9493333333333334, "GM": 0.4, "GN": 0.851150895140665, "GB": 0.9493333333333334, "KNN": 1.0, "KM": 0.41758241758241754, "LR": 0.901010101010101, "LRR": 0.851150895140665, "LRL": 0.8020202020202021, "LRE": 0.851150895140665, "LOG_R": 0.9503836317135551, "RF": 1.0, "SVM": 0.9503836317135551, "DNN": 0.9}, "0 + 1 + 4": {"AB": 0.965982595746661, "AC": 0.21666000976345806, "DS": 0.14700544464609802, "DT": 0.8653357531760435, "GM": 0.7729511867442901, "GN": 0.7850985221674878, "GB": 0.8653357531760435, "KNN": 0.9326678765880217, "KM": 0.8979477872399833, "LR": 0.7980036297640655, "LRR": 0.7980036297640655, "LRL": 0.7931034482758621, "LRE": 0.7980036297640655, "LOG_R": 0.7980036297640655, "RF": 0.965982595746661, "SVM": 0.7980036297640655,