{"0": {"AB": 0.12215985452811212, "AC": 0.12215985452811212, "DS": 0.12215985452811212, "DT": 0.12215985452811212, "GM": 0.12215985452811212, "GN": 0.12215985452811212, "GB": 0.12215985452811212, "KNN": 0.12215985452811212, "KM": 0.12215985452811212, "LR": 0.12215985452811212, "LRR": 0.12215985452811212, "LRL": 0.12215985452811212, "LRE": 0.12215985452811212, "LOG_R": 0.12215985452811212, "RF": 0.12215985452811212, "SVM": 0.12215985452811212, "DNN": 0.12215985452811212}, "1": {"AB": -1.0, "AC": -1.0, "DS": -1.0, "DT": -1.0, "GM": -1.0, "GN": -1.0, "GB": -1.0, "KNN": -1.0, "KM": -1.0, "LR": -1.0, "LRR": -1.0, "LRL": -1.0, "LRE": -1.0, "LOG_R": -1.0, "RF": -1.0, "SVM": -1.0, "DNN": -1.0}, "0 + 1": {"AB": -1.0, "AC": -1.0, "DS": -1.0, "DT": -1.0, "GM": -1.0, "GN": -1.0, "GB": -1.0, "KNN": -1.0, "KM": -1.0, "LR": -1.0, "LRR": -1.0, "LRL": -1.0, "LRE": -1.0, "LOG_R": -1.0, "RF": -1.0, "SVM": -1.0, "DNN": -1.0}}