{"0": {"AB": 0.9355515802027429, "AC": 0.14617283950617282, "DS": 0.15515151515151515, "DT": 0.9447985739750446, "GM": 0.08055944055944056, "GN": 0.8255755763632072, "GB": 0.8795913835220964, "KNN": 0.8834189439079515, "KM": 0.08055944055944056, "LR": 0.8092615596963424, "LRR": 0.8092615596963424, "LRL": 0.7776969696969698, "LRE": 0.8092615596963424, "LOG_R": 0.8497142857142858, "RF": 0.8311570782159018, "SVM": 0.8587992761035486, "DNN": 0.8649256625727214}, "1": {"AB": 0.9153107055546079, "AC": 0.3055025529404585, "DS": 0.20742499460392835, "DT": 0.9512195121951219, "GM": 0.2522788864252279, "GN": 0.5391895325203252, "GB": 0.9136833402232328, "KNN": 0.9158192405722684, "KM": 0.43437862950058076, "LR": 0.5796608185993894, "LRR": 0.559711481261154, "LRL": 0.5771450577663672, "LRE": 0.559711481261154, "LOG_R": 0.6660146634199566, "RF": 0.9143488235773652, "SVM": 0.4711751662971175, "DNN": 0.8481399359448141}, "2": {"AB": 0.9648458626284478, "AC": 0.1280925551301557, "DS": 0.10422049956933678, "DT": 0.8866904226056513, "GM": 0.35225418196654423, "GN": 0.7970503264113901, "GB": 0.9642394772962465, "KNN": 0.8788709998012324, "KM": 0.5650767046115882, "LR": 0.7425249169435215, "LRR": 0.7425249169435215, "LRL": 0.7425249169435215, "LRE": 0.7425249169435215, "LOG_R": 0.8558362612235793, "RF": 0.9642394772962465, "SVM": 0.8345855694692904, "DNN": 0.7896209644405314}, "3": {"AB": 0.9514031984536552, "AC": 0.9486293729930708, "DS": 0.08568306010928961, "DT": 0.9833892563832167, "GM": 0.9486293729930708, "GN": 0.9358992634830126, "GB": 0.9833892563832167, "KNN": 0.9344262295081969, "KM": 0.9169462819160834, "LR": 0.9486293729930708, "LRR": 0.9486293729930708, "LRL": 0.9325872215216477, "LRE": 0.9486293729930708, "LOG_R": 0.9514031984536552, "RF": 0.9833892563832167, "SVM": 0.9679496317415063, "DNN": 0.9514031984536552}, "4": {"AB": 0.9387711359847584, "AC": 0.6252529399689141, "DS": 0.69520264681555, "DT": 0.9077896786757547, "GM": 0.45363540569020017, "GN": 0.8709055501460565, "GB": 0.8669143356643357, "KNN": 0.9615384615384616, "KM": 0.6252529399689141, "LR": 0.6343943412908929, "LRR": 0.6343943412908929, "LRL": 0.6555747623163354, "LRE": 0.6343943412908929, "LOG_R": 0.6672624564190829, "RF": 0.892468923909086, "SVM": 0.6927331927331928, "DNN": 0.7288822288822288}, "0 + 1": {"AB": 0.9153107055546079, "AC": 0.1872902215260685, "DS": 0.20742499460392835, "DT": 0.9512195121951219, "GM": 0.11508072827207146, "GN": 0.8761445324277575, "GB": 0.9128845592440182, "KNN": 0.9878412928400853, "KM": 0.12233671880791755, "LR": 0.8228299252689497, "LRR": 0.8228299252689497, "LRL": 0.8344299200258702, "LRE": 0.8228299252689497, "LOG_R": 0.8631043073834574, "RF": 0.9119428792286255, "SVM": 0.8761445324277575, "DNN": 0.8344299200258702}, "0 + 2": {"AB": 0.9763693670670415, "AC": 0.1280925551301557, "DS": 0.10422049956933678, "DT": 0.9534883720930233, "GM": 0.1280925551301557, "GN": 0.8796687808315716, "GB": 0.9642394772962465, "KNN": 0.9311955318022053, "KM": 0.19578027991160687, "LR": 0.9017154131423665, "LRR": 0.9017154131423665, "LRL": 0.9017154131423665, "LRE": 0.9017154131423665, "LOG_R": 0.9037350246652572, "RF": 0.9642394772962465, "SVM": 0.9017154131423665, "DNN": 0.9017154131423665}, "0 + 3": {"AB": 0.9662936107608238, "AC": 0.04110594568142892, "DS": 0.08568306010928961, "DT": 0.9672131147540983, "GM": 0.15092783127174067, "GN": 0.9486293729930708, "GB": 0.9662936107608238, "KNN": 1.0, "KM": 0.04110594568142892, "LR": 0.9143822883217847, "LRR": 0.9143822883217847, "LRL": 0.9143822883217847, "LRE": 0.9143822883217847, "LOG_R": 0.9143822883217847, "RF": 0.9662936107608238, "SVM": 0.9325872215216477, "DNN": 0.9111931863179191}, "0 + 4": {"AB": 1.0, "AC": 0.22441453070256318, "DS": 0.6895065718595131, "DT": 0.9435599694423223, "GM": 0.472737040021488, "GN": 0.8339869281045753, "GB": 0.9375955835726808, "KNN": 0.8643980848153215, "KM": 0.48754636989931105, "LR": 0.7766134793998573, "LRR": 0.8095776772247361, "LRL": 0.803921568627451, "LRE": 0.8095776772247361, "LOG_R": 0.7930532212885154, "RF": 0.959301769488283, "SVM": 0.7830065359477125, "DNN": 0.7659441786710142}, "1 + 2": {"AB": 0.9299794759200037, "AC": 0.6517386722866175, "DS": 0.13958183129055515, "DT": 0.8758772350355842, "GM": 0.6612566511943847, "GN": 0.8207115617180661, "GB": 0.8981179243841051, "KNN": 0.9452054794520548, "KM": 0.1771472059143292, "LR": 0.7885777598710718, "LRR": 0.7885777598710718, "LRL": 0.7702751848708935, "LRE": 0.7885777598710718, "LOG_R": 0.8107904309990522, "RF": 0.8822194548221947, "SVM": 0.8272049987983657, "DNN": 0.8398995954607368}, "1 + 3": {"AB": 0.9838010661512183, "AC": 0.08063801506424458, "DS": 0.08568306010928961, "DT": 0.9672131147540983, "GM": 0.9190053307560921, "GN": 0.9523887006700333, "GB": 0.9833892563832167, "KNN": 0.9523887006700333, "KM": 0.11340010673158771, "LR": 0.9190053307560921, "LRR": 0.9190053307560921, "LRL": 0.9190053307560921, "LRE": 0.9190053307560921, "LOG_R": 0.9358992634830126, "RF": 1.0, "SVM": 0.9206478344500555, "DNN": 0.9190053307560921}, "1 + 4": {"AB": 0.9295387435088077, "AC": 0.6329955323090335, "DS": 0.6268754076973255, "DT": 0.8825645725146795, "GM": 0.6329955323090335, "GN": 0.7312169312169312, "GB": 0.8850686037126716, "KNN": 0.897065897065897, "KM": 0.6329955323090335, "LR": 0.7720095995958064, "LRR": 0.7720095995958064, "LRL": 0.8142857142857142, "LRE": 0.7720095995958064, "LOG_R": 0.8142857142857142, "RF": 0.8632057597574839, "SVM": 0.7720095995958064, "DNN": 0.8197278911564626}, "2 + 3": {"AB": 0.9833892563832167, "AC": 0.7587512849645621, "DS": 0.08568306010928961, "DT": 0.9679496317415063, "GM": 0.028247162673392178, "GN": 0.9486293729930708, "GB": 0.9662936107608238, "KNN": 0.9662936107608238, "KM": 0.8651744430432955, "LR": 0.9143822883217847, "LRR": 0.9143822883217847, "LRL": 0.9302999888479982, "LRE": 0.9302999888479982, "LOG_R": 0.9302999888479982, "RF": 0.9833892563832167, "SVM": 0.9486293729930708, "DNN": 0.9111931863179191}, "2 + 4": {"AB": 0.8753623188405797, "AC": 0.6666666666666666, "DS": 0.5333333333333333, "DT": 0.8787878787878788, "GM": 0.3333333333333333, "GN": 0.9700033704078194, "GB": 0.8753623188405797, "KNN": 0.9079365079365079, "KM": 0.3333333333333333, "LR": 0.7485380116959064, "LRR": 0.7485380116959064, "LRL": 0.8520325203252033, "LRE": 0.7485380116959064, "LOG_R": 0.8809523809523809, "RF": 0.9393939393939394, "SVM": 0.8520325203252033, "DNN": 0.9100101112234581}, "3 + 4": {"AB": 1.0, "AC": 0.6586666666666667, "DS": 0.40205128205128204, "DT": 0.84, "GM": 0.6586666666666667, "GN": 1.0, "GB": 0.8763327674023769, "KNN": 1.0, "KM": 0.6586666666666667, "LR": 0.9601288244766506, "LRR": 0.9601288244766506, "LRL": 0.9601288244766506, "LRE": 0.9601288244766506, "LOG_R": 1.0, "RF": 0.9186666666666667, "SVM": 1.0, "DNN": 0.9601288244766506}, "0 + 1 + 2": {"AB": 0.9444277184003211, "AC": 0.12962144645750479, "DS": 0.13958183129055515, "DT": 0.915249418454381, "GM": 0.5864953327676082, "GN": 0.8146630819784064, "GB": 0.8848033325322439, "KNN": 0.8502433805024338, "KM": 0.12962144645750479, "LR": 0.8000790752843222, "LRR": 0.8000790752843222, "LRL": 0.7877773063401624, "LRE": 0.8000790752843222, "LOG_R": 0.8233291822332918, "RF": 0.8822194548221947, "SVM": 0.8398995954607368, "DNN": 0.8107904309990522}, "0 + 1 + 3": {"AB": 0.9833892563832167, "AC": 0.08063801506424458, "DS": 0.08568306010928961, "DT": 0.9514031984536552, "GM": 0.08063801506424458, "GN": 0.9325872215216477, "GB": 0.9486293729930708, "KNN": 0.9514031984536552, "KM": 0.08063801506424458, "LR": 0.9302999888479982, "LRR": 0.9302999888479982, "LRL": 0.9111931863179191, "LRE": 0.9302999888479982, "LOG_R": 0.9111931863179191, "RF": 0.891177347242921, "SVM": 0.8700968457501488, "DNN": 0.891177347242921}, "0 + 1 + 4": {"AB": 0.9245806824754194, "AC": 0.6029510395707578, "DS": 0.6268754076973255, "DT": 0.9047619047619048, "GM": 0.7068999028182702, "GN": 0.9071428571428571, "GB": 0.8028985507246376, "KNN": 0.9014880952380951, "KM": 0.36904761904761907,