{"0": {"AB": 0.0, "AC": 0.0, "DS": 0.0, "DT": 0.0, "GM": 0.0, "GN": 0.0, "GB": 0.0, "KNN": 0.0, "KM": 0.0, "LR": 0.0, "LRR": 0.0, "LRL": 0.0, "LRE": 0.0, "LOG_R": 0.0, "RF": 0.0, "SVM": 0.0, "DNN": 0.0}, "1": {"AB": 0.0, "AC": 0.0, "DS": 0.0, "DT": 0.0, "GM": 0.0, "GN": 0.0, "GB": 0.0, "KNN": 0.0, "KM": 0.0, "LR": 0.0, "LRR": 0.0, "LRL": 0.0, "LRE": 0.0, "LOG_R": 0.0, "RF": 0.0, "SVM": 0.0, "DNN": 0.0}, "2": {"AB": 0.0, "AC": 0.0, "DS": 0.0, "DT": 0.0, "GM": 0.0, "GN": 0.0, "GB": 0.0, "KNN": 0.0, "KM": 0.0, "LR": 0.0, "LRR": 0.0, "LRL": 0.0, "LRE": 0.0, "LOG_R": 0.0, "RF": 0.0, "SVM": 0.0, "DNN": 0.0}, "3": {"AB": 0.0, "AC": 0.0, "DS": 0.0, "DT": 0.0, "GM": 0.0, "GN": 0.0, "GB": 0.0, "KNN": 0.0, "KM": 0.0, "LR": 0.0, "LRR": 0.0, "LRL": 0.0, "LRE": 0.0, "LOG_R": 0.0, "RF": 0.0, "SVM": 0.0, "DNN": 0.0}, "4": {"AB": 0.0, "AC": 0.0, "DS": 0.0, "DT": 0.0, "GM": 0.0, "GN": 0.0, "GB": 0.0, "KNN": 0.0, "KM": 0.0, "LR": 0.0, "LRR": 0.0, "LRL": 0.0, "LRE": 0.0, "LOG_R": 0.0, "RF": 0.0, "SVM": 0.0, "DNN": 0.0}, "0 + 1": {"AB": 0.23962514070834767, "AC": 0.23962514070834767, "DS": 0.23962514070834767, "DT": 0.23962514070834767, "GM": 0.23962514070834767, "GN": 0.23962514070834767, "GB": 0.23962514070834767, "KNN": 0.23962514070834767, "KM": 0.23962514070834767, "LR": 0.23962514070834767, "LRR": 0.23962514070834767, "LRL": 0.23962514070834767, "LRE": 0.23962514070834767, "LOG_R": 0.23962514070834767, "RF": 0.23962514070834767, "SVM": 0.23962514070834767, "DNN": 0.23962514070834767}, "0 + 2": {"AB": 0.3364409681856412, "AC": 0.3364409681856412, "DS": 0.3364409681856412, "DT": 0.3364409681856412, "GM": 0.3364409681856412, "GN": 0.3364409681856412, "GB": 0.3364409681856412, "KNN": 0.3364409681856412, "KM": 0.3364409681856412, "LR": 0.3364409681856412, "LRR": 0.3364409681856412, "LRL": 0.3364409681856412, "LRE": 0.3364409681856412, "LOG_R": 0.3364409681856412, "RF": 0.3364409681856412, "SVM": 0.3364409681856412, "DNN": 0.3364409681856412}, "0 + 3": {"AB": 0.3471982823497849, "AC": 0.3471982823497849, "DS": 0.3471982823497849, "DT": 0.3471982823497849, "GM": 0.3471982823497849, "GN": 0.3471982823497849, "GB": 0.3471982823497849, "KNN": 0.3471982823497849, "KM": 0.3471982823497849, "LR": 0.3471982823497849, "LRR": 0.3471982823497849, "LRL": 0.3471982823497849, "LRE": 0.3471982823497849, "LOG_R": 0.3471982823497849, "RF": 0.3471982823497849, "SVM": 0.3471982823497849, "DNN": 0.3471982823497849}, "0 + 4": {"AB": 0.35108993343927103, "AC": 0.35108993343927103, "DS": 0.35108993343927103, "DT": 0.35108993343927103, "GM": 0.35108993343927103, "GN": 0.35108993343927103, "GB": 0.35108993343927103, "KNN": 0.35108993343927103, "KM": 0.35108993343927103, "LR": 0.35108993343927103, "LRR": 0.35108993343927103, "LRL": 0.35108993343927103, "LRE": 0.35108993343927103, "LOG_R": 0.35108993343927103, "RF": 0.35108993343927103, "SVM": 0.35108993343927103, "DNN": 0.35108993343927103}, "1 + 2": {"AB": 0.09681582747729353, "AC": 0.09681582747729353, "DS": 0.09681582747729353, "DT": 0.09681582747729353, "GM": 0.09681582747729353, "GN": 0.09681582747729353, "GB": 0.09681582747729353, "KNN": 0.09681582747729353, "KM": 0.09681582747729353, "LR": 0.09681582747729353, "LRR": 0.09681582747729353, "LRL": 0.09681582747729353, "LRE": 0.09681582747729353, "LOG_R": 0.09681582747729353, "RF": 0.09681582747729353, "SVM": 0.09681582747729353, "DNN": 0.09681582747729353}, "1 + 3": {"AB": 0.10757314164143725, "AC": 0.10757314164143725, "DS": 0.10757314164143725, "DT": 0.10757314164143725, "GM": 0.10757314164143725, "GN": 0.10757314164143725, "GB": 0.10757314164143725, "KNN": 0.10757314164143725, "KM": 0.10757314164143725, "LR": 0.10757314164143725, "LRR": 0.10757314164143725, "LRL": 0.10757314164143725, "LRE": 0.10757314164143725, "LOG_R": 0.10757314164143725, "RF": 0.10757314164143725, "SVM": 0.10757314164143725, "DNN": 0.10757314164143725}, "1 + 4": {"AB": 0.17360403261888535, "AC": 0.17360403261888535, "DS": 0.17360403261888535, "DT": 0.17360403261888535, "GM": 0.17360403261888535, "GN": 0.17360403261888535, "GB": 0.17360403261888535, "KNN": 0.17360403261888535, "KM": 0.17360403261888535, "LR": 0.17360403261888535, "LRR": 0.17360403261888535, "LRL": 0.17360403261888535, "LRE": 0.17360403261888535, "LOG_R": 0.17360403261888535, "RF": 0.17360403261888535, "SVM": 0.17360403261888535, "DNN": 0.17360403261888535}, "2 + 3": {"AB": 0.010757314164143716, "AC": 0.010757314164143716, "DS": 0.010757314164143716, "DT": 0.010757314164143716, "GM": 0.010757314164143716, "GN": 0.010757314164143716, "GB": 0.010757314164143716, "KNN": 0.010757314164143716, "KM": 0.010757314164143716, "LR": 0.010757314164143716, "LRR": 0.010757314164143716, "LRL": 0.010757314164143716, "LRE": 0.010757314164143716, "LOG_R": 0.010757314164143716, "RF": 0.010757314164143716, "SVM": 0.010757314164143716, "DNN": 0.010757314164143716}, "2 + 4": {"AB": 0.07678820514159182, "AC": 0.07678820514159182, "DS": 0.07678820514159182, "DT": 0.07678820514159182, "GM": 0.07678820514159182, "GN": 0.07678820514159182, "GB": 0.07678820514159182, "KNN": 0.07678820514159182, "KM": 0.07678820514159182, "LR": 0.07678820514159182, "LRR": 0.07678820514159182, "LRL": 0.07678820514159182, "LRE": 0.07678820514159182, "LOG_R": 0.07678820514159182, "RF": 0.07678820514159182, "SVM": 0.07678820514159182, "DNN": 0.07678820514159182}, "3 + 4": {"AB": 0.0660308909774481, "AC": 0.0660308909774481, "DS": 0.0660308909774481, "DT": 0.0660308909774481, "GM": 0.0660308909774481, "GN": 0.0660308909774481, "GB": 0.0660308909774481, "KNN": 0.0660308909774481, "KM": 0.0660308909774481, "LR": 0.0660308909774481, "LRR": 0.0660308909774481, "LRL": 0.0660308909774481, "LRE": 0.0660308909774481, "LOG_R": 0.0660308909774481, "RF": 0.0660308909774481, "SVM": 0.0660308909774481, "DNN": 0.0660308909774481}, "0 + 1 + 2": {"AB": 0.21662839783146737, "AC": 0.21662839783146737, "DS": 0.21662839783146737, "DT": 0.21662839783146737, "GM": 0.21662839783146737, "GN": 0.21662839783146737, "GB": 0.21662839783146737, "KNN": 0.21662839783146737, "KM": 0.21662839783146737, "LR": 0.21662839783146737, "LRR": 0.21662839783146737, "LRL": 0.21662839783146737, "LRE": 0.21662839783146737, "LOG_R": 0.21662839783146737, "RF": 0.21662839783146737, "SVM": 0.21662839783146737, "DNN": 0.21662839783146737}, "0 + 1 + 3": {"AB": 0.22738571199561108, "AC": 0.22738571199561108, "DS": 0.22738571199561108, "DT": 0.22738571199561108, "GM": 0.22738571199561108, "GN": 0.22738571199561108, "GB": 0.22738571199561108, "KNN": 0.22738571199561108, "KM": 0.22738571199561108, "LR": 0.22738571199561108, "LRR": 0.22738571199561108, "LRL": 0.22738571199561108, "LRE": 0.22738571199561108, "LOG_R": 0.22738571199561108, "RF": 0.22738571199561108, "SVM": 0.22738571199561108, "DNN": 0.22738571199561108}, "0 + 1 + 4": {"AB": 0.2778817930010687, "AC": 0.2778817930010687, "DS": 0.2778817930010687, "DT": 0.2778817930010687, "GM": 0.2778817930010687, "GN": 0.2778817930010687, "GB": 0.2778817930010687, "KNN": 0.2778817930010687, "KM": 0.2778817930010687, "LR": 0.2778817930010687, "LRR": 0.2778817930010687, "LRL": 0.2778817930010687, "LRE": 0.2778817930010687, "LOG_R": 0.2778817930010687, "RF": 0.2778817930010687, "SVM": 0.2778817930010687, "DNN": 0.2778817930010687}, "0 + 2 + 3": {"AB": 0.1789777982569643, "AC": 0.1789777982569643, "DS": 0.1789777982569643, "DT": 0.1789777982569643, "GM": 0.1789777982569643, "GN": 0.1789777982569643, "GB": 0.1789777982569643, "KNN": 0.1789777982569643, "KM": 0.1789777982569643, "LR": 0.1789777982569643, "LRR": 0.1789777982569643, "LRL": 0.1789777982569643, "LRE": 0.1789777982569643, "LOG_R": 0.1789777982569643, "RF": 0.1789777982569643, "SVM": 0.1789777982569643, "DNN": 0.1789777982569643}, "0 + 2 + 4": {"AB": 0.22947387926242194, "AC": 0.22947387926242194, "DS": 0.22947387926242194, "DT": 0.22947387926242194, "GM": 0.22947387926242194, "GN": 0.22947387926242194, "GB": 0.22947387926242194, "KNN": 0.22947387926242194, "KM": 0.22947387926242194, "LR": 0.22947387926242194, "LRR": 0.22947387926242194,