{"0": {"AB": 0.3528640685979888, "AC": 0.3528640685979888, "DS": 0.3528640685979888, "DT": 0.3528640685979888, "GM": 0.3528640685979888, "GN": 0.3528640685979888, "GB": 0.3528640685979888, "KNN": 0.3528640685979888, "KM": 0.3528640685979888, "LR": 0.3528640685979888, "LRR": 0.3528640685979888, "LRL": 0.3528640685979888, "LRE": 0.3528640685979888, "LOG_R": 0.3528640685979888, "RF": 0.3528640685979888, "SVM": 0.3528640685979888, "DNN": 0.3528640685979888}, "1": {"AB": 0.23305149824381496, "AC": 0.23305149824381496, "DS": 0.23305149824381496, "DT": 0.23305149824381496, "GM": 0.23305149824381496, "GN": 0.23305149824381496, "GB": 0.23305149824381496, "KNN": 0.23305149824381496, "KM": 0.23305149824381496, "LR": 0.23305149824381496, "LRR": 0.23305149824381496, "LRL": 0.23305149824381496, "LRE": 0.23305149824381496, "LOG_R": 0.23305149824381496, "RF": 0.23305149824381496, "SVM": 0.23305149824381496, "DNN": 0.23305149824381496}, "2": {"AB": 0.1846435845051682, "AC": 0.1846435845051682, "DS": 0.1846435845051682, "DT": 0.1846435845051682, "GM": 0.1846435845051682, "GN": 0.1846435845051682, "GB": 0.1846435845051682, "KNN": 0.1846435845051682, "KM": 0.1846435845051682, "LR": 0.1846435845051682, "LRR": 0.1846435845051682, "LRL": 0.1846435845051682, "LRE": 0.1846435845051682, "LOG_R": 0.1846435845051682, "RF": 0.1846435845051682, "SVM": 0.1846435845051682, "DNN": 0.1846435845051682}, "3": {"AB": 0.17926492742309635, "AC": 0.17926492742309635, "DS": 0.17926492742309635, "DT": 0.17926492742309635, "GM": 0.17926492742309635, "GN": 0.17926492742309635, "GB": 0.17926492742309635, "KNN": 0.17926492742309635, "KM": 0.17926492742309635, "LR": 0.17926492742309635, "LRR": 0.17926492742309635, "LRL": 0.17926492742309635, "LRE": 0.17926492742309635, "LOG_R": 0.17926492742309635, "RF": 0.17926492742309635, "SVM": 0.17926492742309635, "DNN": 0.17926492742309635}, "4": {"AB": 0.17731910187835329, "AC": 0.17731910187835329, "DS": 0.17731910187835329, "DT": 0.17731910187835329, "GM": 0.17731910187835329, "GN": 0.17731910187835329, "GB": 0.17731910187835329, "KNN": 0.17731910187835329, "KM": 0.17731910187835329, "LR": 0.17731910187835329, "LRR": 0.17731910187835329, "LRL": 0.17731910187835329, "LRE": 0.17731910187835329, "LOG_R": 0.17731910187835329, "RF": 0.17731910187835329, "SVM": 0.17731910187835329, "DNN": 0.17731910187835329}, "0 + 1": {"AB": 0.33995334221390994, "AC": 0.33995334221390994, "DS": 0.33995334221390994, "DT": 0.33995334221390994, "GM": 0.33995334221390994, "GN": 0.33995334221390994, "GB": 0.33995334221390994, "KNN": 0.33995334221390994, "KM": 0.33995334221390994, "LR": 0.33995334221390994, "LRR": 0.33995334221390994, "LRL": 0.33995334221390994, "LRE": 0.33995334221390994, "LOG_R": 0.33995334221390994, "RF": 0.33995334221390994, "SVM": 0.33995334221390994, "DNN": 0.33995334221390994}, "0 + 2": {"AB": 0.29007431574015247, "AC": 0.29007431574015247, "DS": 0.29007431574015247, "DT": 0.29007431574015247, "GM": 0.29007431574015247, "GN": 0.29007431574015247, "GB": 0.29007431574015247, "KNN": 0.29007431574015247, "KM": 0.29007431574015247, "LR": 0.29007431574015247, "LRR": 0.29007431574015247, "LRL": 0.29007431574015247, "LRE": 0.29007431574015247, "LOG_R": 0.29007431574015247, "RF": 0.29007431574015247, "SVM": 0.29007431574015247, "DNN": 0.29007431574015247}, "0 + 3": {"AB": 0.284734435137577, "AC": 0.284734435137577, "DS": 0.284734435137577, "DT": 0.284734435137577, "GM": 0.284734435137577, "GN": 0.284734435137577, "GB": 0.284734435137577, "KNN": 0.284734435137577, "KM": 0.284734435137577, "LR": 0.284734435137577, "LRR": 0.284734435137577, "LRL": 0.284734435137577, "LRE": 0.284734435137577, "LOG_R": 0.284734435137577, "RF": 0.284734435137577, "SVM": 0.284734435137577, "DNN": 0.284734435137577}, "0 + 4": {"AB": 0.2834117833534564, "AC": 0.2834117833534564, "DS": 0.2834117833534564, "DT": 0.2834117833534564, "GM": 0.2834117833534564, "GN": 0.2834117833534564, "GB": 0.2834117833534564, "KNN": 0.2834117833534564, "KM": 0.2834117833534564, "LR": 0.2834117833534564, "LRR": 0.2834117833534564, "LRL": 0.2834117833534564, "LRE": 0.2834117833534564, "LOG_R": 0.2834117833534564, "RF": 0.2834117833534564, "SVM": 0.2834117833534564, "DNN": 0.2834117833534564}, "1 + 2": {"AB": 0.26331376403423346, "AC": 0.26331376403423346, "DS": 0.26331376403423346, "DT": 0.26331376403423346, "GM": 0.26331376403423346, "GN": 0.26331376403423346, "GB": 0.26331376403423346, "KNN": 0.26331376403423346, "KM": 0.26331376403423346, "LR": 0.26331376403423346, "LRR": 0.26331376403423346, "LRL": 0.26331376403423346, "LRE": 0.26331376403423346, "LOG_R": 0.26331376403423346, "RF": 0.26331376403423346, "SVM": 0.26331376403423346, "DNN": 0.26331376403423346}, "1 + 3": {"AB": 0.25821870832068183, "AC": 0.25821870832068183, "DS": 0.25821870832068183, "DT": 0.25821870832068183, "GM": 0.25821870832068183, "GN": 0.25821870832068183, "GB": 0.25821870832068183, "KNN": 0.25821870832068183, "KM": 0.25821870832068183, "LR": 0.25821870832068183, "LRR": 0.25821870832068183, "LRL": 0.25821870832068183, "LRE": 0.25821870832068183, "LOG_R": 0.25821870832068183, "RF": 0.25821870832068183, "SVM": 0.25821870832068183, "DNN": 0.25821870832068183}, "1 + 4": {"AB": 0.24743496495937337, "AC": 0.24743496495937337, "DS": 0.24743496495937337, "DT": 0.24743496495937337, "GM": 0.24743496495937337, "GN": 0.24743496495937337, "GB": 0.24743496495937337, "KNN": 0.24743496495937337, "KM": 0.24743496495937337, "LR": 0.24743496495937337, "LRR": 0.24743496495937337, "LRL": 0.24743496495937337, "LRE": 0.24743496495937337, "LOG_R": 0.24743496495937337, "RF": 0.24743496495937337, "SVM": 0.24743496495937337, "DNN": 0.24743496495937337}, "2 + 3": {"AB": 0.24146083608616975, "AC": 0.24146083608616975, "DS": 0.24146083608616975, "DT": 0.24146083608616975, "GM": 0.24146083608616975, "GN": 0.24146083608616975, "GB": 0.24146083608616975, "KNN": 0.24146083608616975, "KM": 0.24146083608616975, "LR": 0.24146083608616975, "LRR": 0.24146083608616975, "LRL": 0.24146083608616975, "LRE": 0.24146083608616975, "LOG_R": 0.24146083608616975, "RF": 0.24146083608616975, "SVM": 0.24146083608616975, "DNN": 0.24146083608616975}, "2 + 4": {"AB": 0.2318088181309808, "AC": 0.2318088181309808, "DS": 0.2318088181309808, "DT": 0.2318088181309808, "GM": 0.2318088181309808, "GN": 0.2318088181309808, "GB": 0.2318088181309808, "KNN": 0.2318088181309808, "KM": 0.2318088181309808, "LR": 0.2318088181309808, "LRR": 0.2318088181309808, "LRL": 0.2318088181309808, "LRE": 0.2318088181309808, "LOG_R": 0.2318088181309808, "RF": 0.2318088181309808, "SVM": 0.2318088181309808, "DNN": 0.2318088181309808}, "3 + 4": {"AB": 0.22953273112765715, "AC": 0.22953273112765715, "DS": 0.22953273112765715, "DT": 0.22953273112765715, "GM": 0.22953273112765715, "GN": 0.22953273112765715, "GB": 0.22953273112765715, "KNN": 0.22953273112765715, "KM": 0.22953273112765715, "LR": 0.22953273112765715, "LRR": 0.22953273112765715, "LRL": 0.22953273112765715, "LRE": 0.22953273112765715, "LOG_R": 0.22953273112765715, "RF": 0.22953273112765715, "SVM": 0.22953273112765715, "DNN": 0.22953273112765715}, "0 + 1 + 2": {"AB": 0.32271926757820535, "AC": 0.32271926757820535, "DS": 0.32271926757820535, "DT": 0.32271926757820535, "GM": 0.32271926757820535, "GN": 0.32271926757820535, "GB": 0.32271926757820535, "KNN": 0.32271926757820535, "KM": 0.32271926757820535, "LR": 0.32271926757820535, "LRR": 0.32271926757820535, "LRL": 0.32271926757820535, "LRE": 0.32271926757820535, "LOG_R": 0.32271926757820535, "RF": 0.32271926757820535, "SVM": 0.32271926757820535, "DNN": 0.32271926757820535}, "0 + 1 + 3": {"AB": 0.317582393882146, "AC": 0.317582393882146, "DS": 0.317582393882146, "DT": 0.317582393882146, "GM": 0.317582393882146, "GN": 0.317582393882146, "GB": 0.317582393882146, "KNN": 0.317582393882146, "KM": 0.317582393882146, "LR": 0.317582393882146, "LRR": 0.317582393882146, "LRL": 0.317582393882146, "LRE": 0.317582393882146, "LOG_R": 0.317582393882146, "RF": 0.317582393882146, "SVM": 0.317582393882146, "DNN": 0.317582393882146},