{"0": {"AB": 0.32224593104017574, "AC": 0.32224593104017574, "DS": 0.32224593104017574, "DT": 0.32224593104017574, "GM": 0.32224593104017574, "GN": 0.32224593104017574, "GB": 0.32224593104017574, "KNN": 0.32224593104017574, "KM": 0.32224593104017574, "LR": 0.32224593104017574, "LRR": 0.32224593104017574, "LRL": 0.32224593104017574, "LRE": 0.32224593104017574, "LOG_R": 0.32224593104017574, "RF": 0.32224593104017574, "SVM": 0.32224593104017574, "DNN": 0.32224593104017574}, "1": {"AB": 0.2887692202772979, "AC": 0.2887692202772979, "DS": 0.2887692202772979, "DT": 0.2887692202772979, "GM": 0.2887692202772979, "GN": 0.2887692202772979, "GB": 0.2887692202772979, "KNN": 0.2887692202772979, "KM": 0.2887692202772979, "LR": 0.2887692202772979, "LRR": 0.2887692202772979, "LRL": 0.2887692202772979, "LRE": 0.2887692202772979, "LOG_R": 0.2887692202772979, "RF": 0.2887692202772979, "SVM": 0.2887692202772979, "DNN": 0.2887692202772979}, "2": {"AB": 0.2503800091504949, "AC": 0.2503800091504949, "DS": 0.2503800091504949, "DT": 0.2503800091504949, "GM": 0.2503800091504949, "GN": 0.2503800091504949, "GB": 0.2503800091504949, "KNN": 0.2503800091504949, "KM": 0.2503800091504949, "LR": 0.2503800091504949, "LRR": 0.2503800091504949, "LRL": 0.2503800091504949, "LRE": 0.2503800091504949, "LOG_R": 0.2503800091504949, "RF": 0.2503800091504949, "SVM": 0.2503800091504949, "DNN": 0.2503800091504949}, "3": {"AB": 0.2258791402270537, "AC": 0.2258791402270537, "DS": 0.2258791402270537, "DT": 0.2258791402270537, "GM": 0.2258791402270537, "GN": 0.2258791402270537, "GB": 0.2258791402270537, "KNN": 0.2258791402270537, "KM": 0.2258791402270537, "LR": 0.2258791402270537, "LRR": 0.2258791402270537, "LRL": 0.2258791402270537, "LRE": 0.2258791402270537, "LOG_R": 0.2258791402270537, "RF": 0.2258791402270537, "SVM": 0.2258791402270537, "DNN": 0.2258791402270537}, "4": {"AB": 0.22229418407967125, "AC": 0.22229418407967125, "DS": 0.22229418407967125, "DT": 0.22229418407967125, "GM": 0.22229418407967125, "GN": 0.22229418407967125, "GB": 0.22229418407967125, "KNN": 0.22229418407967125, "KM": 0.22229418407967125, "LR": 0.22229418407967125, "LRR": 0.22229418407967125, "LRL": 0.22229418407967125, "LRE": 0.22229418407967125, "LOG_R": 0.22229418407967125, "RF": 0.22229418407967125, "SVM": 0.22229418407967125, "DNN": 0.22229418407967125}, "0 + 1": {"AB": 0.35503120102794894, "AC": 0.35503120102794894, "DS": 0.35503120102794894, "DT": 0.35503120102794894, "GM": 0.35503120102794894, "GN": 0.35503120102794894, "GB": 0.35503120102794894, "KNN": 0.35503120102794894, "KM": 0.35503120102794894, "LR": 0.35503120102794894, "LRR": 0.35503120102794894, "LRL": 0.35503120102794894, "LRE": 0.35503120102794894, "LOG_R": 0.35503120102794894, "RF": 0.35503120102794894, "SVM": 0.35503120102794894, "DNN": 0.35503120102794894}, "0 + 2": {"AB": 0.3431253668337494, "AC": 0.3431253668337494, "DS": 0.3431253668337494, "DT": 0.3431253668337494, "GM": 0.3431253668337494, "GN": 0.3431253668337494, "GB": 0.3431253668337494, "KNN": 0.3431253668337494, "KM": 0.3431253668337494, "LR": 0.3431253668337494, "LRR": 0.3431253668337494, "LRL": 0.3431253668337494, "LRE": 0.3431253668337494, "LOG_R": 0.3431253668337494, "RF": 0.3431253668337494, "SVM": 0.3431253668337494, "DNN": 0.3431253668337494}, "0 + 3": {"AB": 0.3207258157502938, "AC": 0.3207258157502938, "DS": 0.3207258157502938, "DT": 0.3207258157502938, "GM": 0.3207258157502938, "GN": 0.3207258157502938, "GB": 0.3207258157502938, "KNN": 0.3207258157502938, "KM": 0.3207258157502938, "LR": 0.3207258157502938, "LRR": 0.3207258157502938, "LRL": 0.3207258157502938, "LRE": 0.3207258157502938, "LOG_R": 0.3207258157502938, "RF": 0.3207258157502938, "SVM": 0.3207258157502938, "DNN": 0.3207258157502938}, "0 + 4": {"AB": 0.31729601991960815, "AC": 0.31729601991960815, "DS": 0.31729601991960815, "DT": 0.31729601991960815, "GM": 0.31729601991960815, "GN": 0.31729601991960815, "GB": 0.31729601991960815, "KNN": 0.31729601991960815, "KM": 0.31729601991960815, "LR": 0.31729601991960815, "LRR": 0.31729601991960815, "LRL": 0.31729601991960815, "LRE": 0.31729601991960815, "LOG_R": 0.31729601991960815, "RF": 0.31729601991960815, "SVM": 0.31729601991960815, "DNN": 0.31729601991960815}, "1 + 2": {"AB": 0.34490328414267624, "AC": 0.34490328414267624, "DS": 0.34490328414267624, "DT": 0.34490328414267624, "GM": 0.34490328414267624, "GN": 0.34490328414267624, "GB": 0.34490328414267624, "KNN": 0.34490328414267624, "KM": 0.34490328414267624, "LR": 0.34490328414267624, "LRR": 0.34490328414267624, "LRL": 0.34490328414267624, "LRE": 0.34490328414267624, "LOG_R": 0.34490328414267624, "RF": 0.34490328414267624, "SVM": 0.34490328414267624, "DNN": 0.34490328414267624}, "1 + 3": {"AB": 0.3200471109812415, "AC": 0.3200471109812415, "DS": 0.3200471109812415, "DT": 0.3200471109812415, "GM": 0.3200471109812415, "GN": 0.3200471109812415, "GB": 0.3200471109812415, "KNN": 0.3200471109812415, "KM": 0.3200471109812415, "LR": 0.3200471109812415, "LRR": 0.3200471109812415, "LRL": 0.3200471109812415, "LRE": 0.3200471109812415, "LOG_R": 0.3200471109812415, "RF": 0.3200471109812415, "SVM": 0.3200471109812415, "DNN": 0.3200471109812415}, "1 + 4": {"AB": 0.3164464564329334, "AC": 0.3164464564329334, "DS": 0.3164464564329334, "DT": 0.3164464564329334, "GM": 0.3164464564329334, "GN": 0.3164464564329334, "GB": 0.3164464564329334, "KNN": 0.3164464564329334, "KM": 0.3164464564329334, "LR": 0.3164464564329334, "LRR": 0.3164464564329334, "LRL": 0.3164464564329334, "LRE": 0.3164464564329334, "LOG_R": 0.3164464564329334, "RF": 0.3164464564329334, "SVM": 0.3164464564329334, "DNN": 0.3164464564329334}, "2 + 3": {"AB": 0.3093600453473211, "AC": 0.3093600453473211, "DS": 0.3093600453473211, "DT": 0.3093600453473211, "GM": 0.3093600453473211, "GN": 0.3093600453473211, "GB": 0.3093600453473211, "KNN": 0.3093600453473211, "KM": 0.3093600453473211, "LR": 0.3093600453473211, "LRR": 0.3093600453473211, "LRL": 0.3093600453473211, "LRE": 0.3093600453473211, "LOG_R": 0.3093600453473211, "RF": 0.3093600453473211, "SVM": 0.3093600453473211, "DNN": 0.3093600453473211}, "2 + 4": {"AB": 0.30590606519647334, "AC": 0.30590606519647334, "DS": 0.30590606519647334, "DT": 0.30590606519647334, "GM": 0.30590606519647334, "GN": 0.30590606519647334, "GB": 0.30590606519647334, "KNN": 0.30590606519647334, "KM": 0.30590606519647334, "LR": 0.30590606519647334, "LRR": 0.30590606519647334, "LRL": 0.30590606519647334, "LRE": 0.30590606519647334, "LOG_R": 0.30590606519647334, "RF": 0.30590606519647334, "SVM": 0.30590606519647334, "DNN": 0.30590606519647334}, "3 + 4": {"AB": 0.2977614000132755, "AC": 0.2977614000132755, "DS": 0.2977614000132755, "DT": 0.2977614000132755, "GM": 0.2977614000132755, "GN": 0.2977614000132755, "GB": 0.2977614000132755, "KNN": 0.2977614000132755, "KM": 0.2977614000132755, "LR": 0.2977614000132755, "LRR": 0.2977614000132755, "LRL": 0.2977614000132755, "LRE": 0.2977614000132755, "LOG_R": 0.2977614000132755, "RF": 0.2977614000132755, "SVM": 0.2977614000132755, "DNN": 0.2977614000132755}, "0 + 1 + 2": {"AB": 0.38958258561758125, "AC": 0.38958258561758125, "DS": 0.38958258561758125, "DT": 0.38958258561758125, "GM": 0.38958258561758125, "GN": 0.38958258561758125, "GB": 0.38958258561758125, "KNN": 0.38958258561758125, "KM": 0.38958258561758125, "LR": 0.38958258561758125, "LRR": 0.38958258561758125, "LRL": 0.38958258561758125, "LRE": 0.38958258561758125, "LOG_R": 0.38958258561758125, "RF": 0.38958258561758125, "SVM": 0.38958258561758125, "DNN": 0.38958258561758125}, "0 + 1 + 3": {"AB": 0.36764012493512466, "AC": 0.36764012493512466, "DS": 0.36764012493512466, "DT": 0.36764012493512466, "GM": 0.36764012493512466, "GN": 0.36764012493512466, "GB": 0.36764012493512466, "KNN": 0.36764012493512466, "KM": 0.36764012493512466, "LR": 0.36764012493512466, "LRR": 0.36764012493512466, "LRL": 0.36764012493512466, "LRE": 0.36764012493512466, "LOG_R": 0.36764012493512466, "RF": 0.36764012493512466, "SVM": 0.36764012493512466, "DNN": 0.36764012493512466},