{"0": {"AB": 0.9110487200660612, "AC": 0.14617283950617282, "DS": 0.15515151515151515, "DT": 0.8766194566983979, "GM": 0.14617283950617282, "GN": 0.8120289855072463, "GB": 0.841990391214825, "KNN": 0.904, "KM": 0.6031052690708908, "LR": 0.7920306513409962, "LRR": 0.7920306513409962, "LRL": 0.7920306513409962, "LRE": 0.7920306513409962, "LOG_R": 0.8237136680278645, "RF": 0.814280510018215, "SVM": 0.842187426233378, "DNN": 0.8244337680164722}, "1": {"AB": 0.8771888680425266, "AC": 0.25810209657425487, "DS": 0.20742499460392835, "DT": 0.926829268292683, "GM": 0.3353254985334357, "GN": 0.735246705915335, "GB": 0.8999225706542778, "KNN": 0.878734756097561, "KM": 0.3426694384055096, "LR": 0.722454000855798, "LRR": 0.722454000855798, "LRL": 0.6594215367672726, "LRE": 0.722454000855798, "LOG_R": 0.7998451413085559, "RF": 0.9119428792286255, "SVM": 0.8292682926829268, "DNN": 0.8344299200258702}, "2": {"AB": 0.9546761690422605, "AC": 0.1280344757241942, "DS": 0.10422049956933678, "DT": 0.9436450700529787, "GM": 0.12320413436692507, "GN": 0.7542885328559162, "GB": 0.9130153409223177, "KNN": 0.8771711644488662, "KM": 0.11829669746203675, "LR": 0.7615704263659356, "LRR": 0.7615704263659356, "LRL": 0.7615704263659356, "LRE": 0.7615704263659356, "LOG_R": 0.803413083486699, "RF": 0.9130153409223177, "SVM": 0.8384570617128757, "DNN": 0.7335198882913397}, "3": {"AB": 0.9501677691496501, "AC": 0.8651744430432955, "DS": 0.08568306010928961, "DT": 0.9672131147540983, "GM": 0.03477396920019871, "GN": 0.883724794682517, "GB": 0.9662936107608238, "KNN": 0.9672131147540983, "KM": 0.8801352036504987, "LR": 0.8988808322824717, "LRR": 0.8988808322824717, "LRL": 0.8988808322824717, "LRE": 0.8988808322824717, "LOG_R": 0.8988808322824717, "RF": 0.9501677691496501, "SVM": 0.8988808322824717, "DNN": 0.9486293729930708}, "4": {"AB": 0.9163188232955675, "AC": 0.6252529399689141, "DS": 0.69520264681555, "DT": 0.9387711359847584, "GM": 0.45363540569020017, "GN": 0.9053429125892893, "GB": 0.9163188232955675, "KNN": 0.9615384615384616, "KM": 0.6252529399689141, "LR": 0.68561872909699, "LRR": 0.68561872909699, "LRL": 0.69520264681555, "LRE": 0.68561872909699, "LOG_R": 0.6894667832167832, "RF": 0.892468923909086, "SVM": 0.69520264681555, "DNN": 0.7692307692307693}, "0 + 1": {"AB": 0.891113764284496, "AC": 0.3055025529404585, "DS": 0.20742499460392835, "DT": 0.926829268292683, "GM": 0.3055025529404585, "GN": 0.8292682926829268, "GB": 0.8749032133178475, "KNN": 0.9392064642004271, "KM": 0.3055025529404585, "LR": 0.7917329910141208, "LRR": 0.7917329910141208, "LRL": 0.7917329910141208, "LRE": 0.7917329910141208, "LOG_R": 0.8248644986449865, "RF": 0.8749032133178475, "SVM": 0.8248644986449865, "DNN": 0.8498838559814168}, "0 + 2": {"AB": 0.9882819542094826, "AC": 0.0885509838998211, "DS": 0.10422049956933678, "DT": 0.9534883720930233, "GM": 0.09259188774280314, "GN": 0.8927184318887391, "GB": 0.9518675123326286, "KNN": 0.9546761690422605, "KM": 0.07318507685704749, "LR": 0.9130153409223177, "LRR": 0.9130153409223177, "LRL": 0.8853311346606203, "LRE": 0.9130153409223177, "LOG_R": 0.9037350246652572, "RF": 0.9130153409223177, "SVM": 0.8796687808315716, "DNN": 0.9149169883564008}, "0 + 3": {"AB": 0.9358992634830126, "AC": 0.11894476443656771, "DS": 0.08568306010928961, "DT": 0.9833892563832167, "GM": 0.9514031984536552, "GN": 0.9056010928961747, "GB": 0.9672131147540983, "KNN": 0.9206478344500555, "KM": 0.6371374527112231, "LR": 0.9358992634830126, "LRR": 0.9358992634830126, "LRL": 0.9358992634830126, "LRE": 0.9358992634830126, "LOG_R": 0.9358992634830126, "RF": 0.9325872215216477, "SVM": 0.9056010928961747, "DNN": 0.9016393442622951}, "0 + 4": {"AB": 0.872082166199813, "AC": 0.6595365418894832, "DS": 0.6895065718595131, "DT": 0.8372070779531325, "GM": 0.5159958720330238, "GN": 0.8363666675928757, "GB": 0.8904267589388697, "KNN": 0.9401390185703912, "KM": 0.5055374001452432, "LR": 0.7151095732410611, "LRR": 0.7151095732410611, "LRL": 0.6697510464860101, "LRE": 0.7151095732410611, "LOG_R": 0.786803610333022, "RF": 0.8643980848153215, "SVM": 0.7970951343500363, "DNN": 0.8683065953654189}, "1 + 2": {"AB": 1.0, "AC": 0.20879539030223965, "DS": 0.13958183129055515, "DT": 0.9595930155533771, "GM": 0.2412504176411627, "GN": 0.8669520547945204, "GB": 0.9434996123029206, "KNN": 0.9595930155533771, "KM": 0.6082481698920057, "LR": 0.7764320093087216, "LRR": 0.7764320093087216, "LRL": 0.7823540014419611, "LRE": 0.7764320093087216, "LOG_R": 0.8888554368006424, "RF": 0.9287165699916947, "SVM": 0.8739630566560068, "DNN": 0.8272049987983657}, "1 + 3": {"AB": 0.9833892563832167, "AC": 0.07545474960700652, "DS": 0.08568306010928961, "DT": 0.9056010928961747, "GM": 0.08899802148106274, "GN": 0.9325872215216477, "GB": 0.9344262295081969, "KNN": 0.9514031984536552, "KM": 0.04110594568142892, "LR": 0.9111931863179191, "LRR": 0.9111931863179191, "LRL": 0.9111931863179191, "LRE": 0.9111931863179191, "LOG_R": 0.9111931863179191, "RF": 0.9302999888479982, "SVM": 0.8954499832719973, "DNN": 0.8954499832719973}, "1 + 4": {"AB": 0.9507440476190476, "AC": 0.6582600837919986, "DS": 0.6268754076973255, "DT": 0.9245806824754194, "GM": 0.38847117794486213, "GN": 0.9014880952380951, "GB": 0.9507440476190476, "KNN": 0.9507440476190476, "KM": 0.6582600837919986, "LR": 0.7371624022743426, "LRR": 0.7371624022743426, "LRL": 0.7166518781425614, "LRE": 0.7371624022743426, "LOG_R": 0.7941317941317942, "RF": 0.897065897065897, "SVM": 0.7941317941317942, "DNN": 0.8029761904761905}, "2 + 3": {"AB": 0.9833892563832167, "AC": 0.6541911537271884, "DS": 0.08568306010928961, "DT": 0.9672131147540983, "GM": 0.6457455113192818, "GN": 0.9016393442622951, "GB": 0.9833892563832167, "KNN": 0.9523887006700333, "KM": 0.15092783127174067, "LR": 0.9403551912568305, "LRR": 0.9403551912568305, "LRL": 0.9403551912568305, "LRE": 0.9403551912568305, "LOG_R": 0.9486293729930708, "RF": 0.9662936107608238, "SVM": 0.9169462819160834, "DNN": 0.9325872215216477}, "2 + 4": {"AB": 1.0, "AC": 0.6666666666666666, "DS": 0.5333333333333333, "DT": 0.9393939393939394, "GM": 0.6666666666666666, "GN": 0.882051282051282, "GB": 0.9393939393939394, "KNN": 0.8787878787878788, "KM": 0.6666666666666666, "LR": 0.8520325203252033, "LRR": 0.8520325203252033, "LRL": 0.8214285714285715, "LRE": 0.8520325203252033, "LOG_R": 0.8214285714285715, "RF": 0.9393939393939394, "SVM": 0.8214285714285715, "DNN": 0.8233082706766919}, "3 + 4": {"AB": 0.959737274220033, "AC": 0.24500000000000002, "DS": 0.40205128205128204, "DT": 0.959737274220033, "GM": 0.7071264367816091, "GN": 0.8803864734299518, "GB": 0.959737274220033, "KNN": 0.9186666666666667, "KM": 0.7071264367816091, "LR": 0.8803864734299518, "LRR": 0.8803864734299518, "LRL": 0.8803864734299518, "LRE": 0.8803864734299518, "LOG_R": 0.8803864734299518, "RF": 0.959737274220033, "SVM": 0.8405128205128204, "DNN": 0.8803864734299518}, "0 + 1 + 2": {"AB": 0.9319288093192881, "AC": 0.12962144645750479, "DS": 0.13958183129055515, "DT": 0.9458487194758786, "GM": 0.8587490307573016, "GN": 0.8716898259850506, "GB": 0.9434996123029206, "KNN": 0.880631070019933, "KM": 0.07426194845091345, "LR": 0.8527743185277432, "LRR": 0.8527743185277432, "LRL": 0.8527743185277432, "LRE": 0.8527743185277432, "LOG_R": 0.8146630819784064, "RF": 0.9579876855520023, "SVM": 0.8304988369087619, "DNN": 0.7938840459388405}, "0 + 1 + 3": {"AB": 0.9344262295081969, "AC": 0.8097074895531983, "DS": 0.08568306010928961, "DT": 0.9344262295081969, "GM": 0.23900934249955932, "GN": 0.8889069682300776, "GB": 0.9111931863179191, "KNN": 0.9523887006700333, "KM": 0.8477659916425586, "LR": 0.9169462819160834, "LRR": 0.9169462819160834, "LRL": 0.9169462819160834, "LRE": 0.9169462819160834, "LOG_R": 0.9344262295081969, "RF": 0.9111931863179191, "SVM": 0.9344262295081969, "DNN": 0.8988808322824717}, "0 + 1 + 4": {"AB": 1.0, "AC": 0.6029510395707578, "DS": 0.6268754076973255, "DT": 0.9535714285714285, "GM": 0.4428571428571429, "GN": 0.8390960451977402, "GB": 0.9535714285714285,