{"0": {"AB": 0.8331963395254536, "AC": 0.32490503323836656, "DS": 0.30523968784838346, "DT": 0.8206309041835359, "GM": 0.30523968784838346, "GN": 0.528936320828685, "GB": 0.7944669365721998, "KNN": 0.7792704947634527, "KM": 0.52748745819398, "LR": 0.538645345096958, "LRR": 0.538645345096958, "LRL": 0.538645345096958, "LRE": 0.538645345096958, "LOG_R": 0.52748745819398, "RF": 0.7944669365721998, "SVM": 0.52748745819398, "DNN": 0.5632376882376883}, "1": {"AB": 0.8998795664391811, "AC": 0.3840998217468806, "DS": 0.35578947368421054, "DT": 0.9197423510466988, "GM": 0.3113513513513514, "GN": 0.5455500821018063, "GB": 0.8998795664391811, "KNN": 0.8153121124431584, "KM": 0.5547540983606558, "LR": 0.35578947368421054, "LRR": 0.35578947368421054, "LRL": 0.35578947368421054, "LRE": 0.35578947368421054, "LOG_R": 0.35578947368421054, "RF": 0.8384415584415583, "SVM": 0.35578947368421054, "DNN": 0.5714770797962648}, "2": {"AB": 0.895509977827051, "AC": 0.353030303030303, "DS": 0.40499999999999997, "DT": 0.8932088868529546, "GM": 0.40499999999999997, "GN": 0.4661267605633803, "GB": 0.8303085299455536, "KNN": 0.8479508196721312, "KM": 0.5416666666666666, "LR": 0.5372383252818036, "LRR": 0.5372383252818036, "LRL": 0.5027472527472527, "LRE": 0.5372383252818036, "LOG_R": 0.5372383252818036, "RF": 0.8321428571428573, "SVM": 0.5372383252818036, "DNN": 0.8321428571428573}, "3": {"AB": 0.8189393939393939, "AC": 0.6217532467532467, "DS": 0.41172595520421607, "DT": 0.7959897245611532, "GM": 0.41172595520421607, "GN": 0.5482093663911844, "GB": 0.7892561983471075, "KNN": 0.8829201101928373, "KM": 0.6217532467532467, "LR": 0.41172595520421607, "LRR": 0.41172595520421607, "LRL": 0.41172595520421607, "LRE": 0.41172595520421607, "LOG_R": 0.41172595520421607, "RF": 0.7216150576806315, "SVM": 0.41172595520421607, "DNN": 0.41172595520421607}, "4": {"AB": 0.6666666666666666, "AC": 0.3976190476190476, "DS": 0.41558441558441556, "DT": 0.6414391054209545, "GM": 0.41558441558441556, "GN": 0.6681818181818182, "GB": 0.7629944426283097, "KNN": 0.7596638655462186, "KM": 0.37532467532467534, "LR": 0.6681818181818182, "LRR": 0.6681818181818182, "LRL": 0.6681818181818182, "LRE": 0.6681818181818182, "LOG_R": 0.6681818181818182, "RF": 0.7629944426283097, "SVM": 0.6913540231747832, "DNN": 0.6913540231747832}, "0 + 1": {"AB": 0.84, "AC": 0.6315572715572715, "DS": 0.35578947368421054, "DT": 0.8799999999999999, "GM": 0.33729729729729735, "GN": 0.5922077922077923, "GB": 0.8, "KNN": 0.7960591133004926, "KM": 0.36385283174865657, "LR": 0.61771176234444, "LRR": 0.61771176234444, "LRL": 0.61771176234444, "LRE": 0.61771176234444, "LOG_R": 0.61771176234444, "RF": 0.8197839135654261, "SVM": 0.6195438175270109, "DNN": 0.61771176234444}, "0 + 2": {"AB": 0.8119179600886918, "AC": 0.4502457002457003, "DS": 0.40499999999999997, "DT": 0.8727313974591651, "GM": 0.2573529411764706, "GN": 0.5359311740890688, "GB": 0.8537139689578715, "KNN": 0.8277777777777776, "KM": 0.44027777777777777, "LR": 0.6335227272727274, "LRR": 0.6335227272727274, "LRL": 0.6335227272727274, "LRE": 0.6335227272727274, "LOG_R": 0.6263111888111889, "RF": 0.8333333333333334, "SVM": 0.6223913043478261, "DNN": 0.6416666666666667}, "0 + 3": {"AB": 0.977332191617906, "AC": 0.2889060092449923, "DS": 0.41172595520421607, "DT": 0.977332191617906, "GM": 0.30303030303030304, "GN": 0.6578262754733344, "GB": 0.8142206377500496, "KNN": 0.8624708624708624, "KM": 0.5875211744776961, "LR": 0.7213309566250742, "LRR": 0.7213309566250742, "LRL": 0.7213309566250742, "LRE": 0.7213309566250742, "LOG_R": 0.7213309566250742, "RF": 0.8624708624708624, "SVM": 0.5831517985229265, "DNN": 0.5937387456912074}, "0 + 4": {"AB": 0.7868131868131867, "AC": 0.6142093200916731, "DS": 0.41558441558441556, "DT": 0.810395554102648, "GM": 0.4043956043956044, "GN": 0.8338125359401956, "GB": 0.8571428571428571, "KNN": 0.8769672202417181, "KM": 0.3007518796992481, "LR": 0.855798319327731, "LRR": 0.855798319327731, "LRL": 0.855798319327731, "LRE": 0.855798319327731, "LOG_R": 0.855798319327731, "RF": 0.8571428571428571, "SVM": 0.855798319327731, "DNN": 0.8812946685287112}, "1 + 2": {"AB": 0.8723404255319149, "AC": 0.3841607565011821, "DS": 0.39405421160011656, "DT": 0.8910949022931105, "GM": 0.39405421160011656, "GN": 0.42932257275617514, "GB": 0.8506525932380962, "KNN": 0.8493974110995387, "KM": 0.5847395451210565, "LR": 0.5292553191489362, "LRR": 0.5292553191489362, "LRL": 0.5292553191489362, "LRE": 0.5292553191489362, "LOG_R": 0.6678687342228634, "RF": 0.8715130023640663, "SVM": 0.5292553191489362, "DNN": 0.8297872340425532}, "1 + 3": {"AB": 0.909467344249953, "AC": 0.4010695187165774, "DS": 0.41172595520421607, "DT": 0.8166278166278166, "GM": 0.26046176046176045, "GN": 0.5191532814483634, "GB": 0.8181818181818182, "KNN": 0.8327159541081443, "KM": 0.3904680225434943, "LR": 0.4609625668449197, "LRR": 0.4609625668449197, "LRL": 0.41172595520421607, "LRE": 0.4609625668449197, "LOG_R": 0.4609625668449197, "RF": 0.8642010163749294, "SVM": 0.41172595520421607, "DNN": 0.6415341873745949}, "1 + 4": {"AB": 0.8790425261013497, "AC": 0.4043956043956044, "DS": 0.41558441558441556, "DT": 0.9038655462184874, "GM": 0.41558441558441556, "GN": 0.8103896103896103, "GB": 0.880466472303207, "KNN": 0.855798319327731, "KM": 0.3539219401288367, "LR": 0.810395554102648, "LRR": 0.810395554102648, "LRL": 0.810395554102648, "LRE": 0.810395554102648, "LOG_R": 0.810395554102648, "RF": 0.855798319327731, "SVM": 0.8571428571428571, "DNN": 0.8537087912087913}, "2 + 3": {"AB": 0.8413253413253414, "AC": 0.35836627140974964, "DS": 0.41172595520421607, "DT": 0.7964098693211304, "GM": 0.41172595520421607, "GN": 0.6333521550912855, "GB": 0.7727272727272727, "KNN": 0.8166278166278166, "KM": 0.26670431018257107, "LR": 0.7463611859838276, "LRR": 0.7463611859838276, "LRL": 0.8166278166278166, "LRE": 0.7463611859838276, "LOG_R": 0.8166278166278166, "RF": 0.8416521205831015, "SVM": 0.7213309566250742, "DNN": 0.7946957652840005}, "2 + 4": {"AB": 0.7822765469824294, "AC": 0.762987012987013, "DS": 0.41558441558441556, "DT": 0.8790425261013497, "GM": 0.41558441558441556, "GN": 0.5733899967309578, "GB": 0.8010582010582011, "KNN": 0.8507936507936508, "KM": 0.3204657411553963, "LR": 0.7115966386554623, "LRR": 0.7115966386554623, "LRL": 0.7115966386554623, "LRE": 0.7115966386554623, "LOG_R": 0.7370262390670554, "RF": 0.880466472303207, "SVM": 0.7863304033516799, "DNN": 0.810395554102648}, "3 + 4": {"AB": 0.8095238095238095, "AC": 0.35597189695550346, "DS": 0.41558441558441556, "DT": 0.8577922077922077, "GM": 0.2571428571428571, "GN": 0.7155844155844155, "GB": 0.8326530612244899, "KNN": 0.7822765469824294, "KM": 0.5259888852566198, "LR": 0.6666666666666666, "LRR": 0.6666666666666666, "LRL": 0.6666666666666666, "LRE": 0.6666666666666666, "LOG_R": 0.6666666666666666, "RF": 0.8095238095238095, "SVM": 0.6666666666666666, "DNN": 0.7155844155844155}, "0 + 1 + 2": {"AB": 0.8088599120994266, "AC": 0.4401461422738019, "DS": 0.39405421160011656, "DT": 0.7872340425531915, "GM": 0.428424385350028, "GN": 0.6988781431334622, "GB": 0.7858550039401103, "KNN": 0.8063680999851212, "KM": 0.3273741434345416, "LR": 0.7943596949016459, "LRR": 0.7943596949016459, "LRL": 0.7943596949016459, "LRE": 0.7943596949016459, "LOG_R": 0.7858550039401103, "RF": 0.7872340425531915, "SVM": 0.7858550039401103, "DNN": 0.7872340425531915}, "0 + 1 + 3": {"AB": 0.8181818181818182, "AC": 0.31669150521609535, "DS": 0.41172595520421607, "DT": 0.8413253413253414, "GM": 0.4010695187165774, "GN": 0.5473484848484849, "GB": 0.9090909090909091, "KNN": 0.7371250707413695, "KM": 0.45680406549971764, "LR": 0.7213309566250742, "LRR": 0.7213309566250742, "LRL": 0.7424242424242425, "LRE": 0.7213309566250742, "LOG_R": 0.7424242424242425, "RF": 0.8859420918244448, "SVM": 0.7163149350649349, "DNN": 0.8142206377500496}, "0 + 1 + 4": {"AB": 0.8571428571428571, "AC": 0.27012987012987016, "DS": 0.41558441558441556, "DT": 0.9038655462184874, "GM": 0.2571428571428571, "GN": 0.8571428571428571,