{"0": {"AB": 0.9877617666175236, "AC": 0.029432154786664142, "DS": 0.00638895987733197, "DT": 1.0, "GM": 0.6341175716875257, "GN": 0.9479580260918887, "GB": 0.9579583207490185, "KNN": 0.9443226136856065, "KM": 0.05192339779814319, "LR": 0.9136610499930373, "LRR": 0.9136610499930373, "LRL": 0.9136610499930373, "LRE": 0.9136610499930373, "LOG_R": 0.9136610499930373, "RF": 0.9579583207490185, "SVM": 0.9136610499930373, "DNN": 0.9136610499930373}, "1": {"AB": 0.9634023583549036, "AC": 0.536493561083725, "DS": 0.012419274714356679, "DT": 0.9696472925981122, "GM": 0.10636993521128002, "GN": 0.9138417396070087, "GB": 0.9409225129823847, "KNN": 0.9672131147540983, "KM": 0.8051104876295593, "LR": 0.8788006165055344, "LRR": 0.8788006165055344, "LRL": 0.8788006165055344, "LRE": 0.8788006165055344, "LOG_R": 0.8788006165055344, "RF": 0.9409225129823847, "SVM": 0.8788006165055344, "DNN": 0.8788006165055344}, "2": {"AB": 0.8412698412698414, "AC": 0.2633292633292634, "DS": 0.1397599690282617, "DT": 0.8581533409119616, "GM": 0.29136849545012816, "GN": 0.5206893241167434, "GB": 0.6007558578987152, "KNN": 0.8165631469979296, "KM": 0.29136849545012816, "LR": 0.6099730458221024, "LRR": 0.6099730458221024, "LRL": 0.6099730458221024, "LRE": 0.6099730458221024, "LOG_R": 0.6099730458221024, "RF": 0.6220292535193338, "SVM": 0.5743954902833408, "DNN": 0.6007558578987152}, "3": {"AB": 0.8952380952380953, "AC": 0.5666666666666667, "DS": 0.5121212121212122, "DT": 0.8952380952380953, "GM": 0.5056945642795513, "GN": 0.6033333333333333, "GB": 0.8952380952380953, "KNN": 0.7508474576271187, "KM": 0.6053333333333333, "LR": 0.5666666666666667, "LRR": 0.5666666666666667, "LRL": 0.5666666666666667, "LRE": 0.5666666666666667, "LOG_R": 0.5666666666666667, "RF": 0.8136536994660564, "SVM": 0.5121212121212122, "DNN": 0.7830721003134796}, "4": {"AB": 0.8578024007386887, "AC": 0.45733652312599676, "DS": 0.5110115714818962, "DT": 0.8058299595141701, "GM": 0.45733652312599676, "GN": 0.4938977879481312, "GB": 0.7734274711168164, "KNN": 0.822253000923361, "KM": 0.4070403280929597, "LR": 0.5110115714818962, "LRR": 0.5110115714818962, "LRL": 0.5110115714818962, "LRE": 0.5110115714818962, "LOG_R": 0.5110115714818962, "RF": 0.819313240365872, "SVM": 0.5110115714818962, "DNN": 0.594756554307116}, "0 + 1": {"AB": 0.9827683479214018, "AC": 0.04482201721200858, "DS": 0.012419274714356679, "DT": 0.9634023583549036, "GM": 0.04482201721200858, "GN": 0.8969075743026713, "GB": 0.9409225129823847, "KNN": 0.9827683479214018, "KM": 0.8705483323911813, "LR": 0.8788006165055344, "LRR": 0.8788006165055344, "LRL": 0.8788006165055344, "LRE": 0.8788006165055344, "LOG_R": 0.8788006165055344, "RF": 0.9136988882607876, "SVM": 0.9409225129823847, "DNN": 0.9136988882607876}, "0 + 2": {"AB": 0.9545351473922902, "AC": 0.05916228126470714, "DS": 0.01889644746787604, "DT": 0.9591836734693877, "GM": 0.20408163265306126, "GN": 0.8613738178198109, "GB": 0.9545351473922902, "KNN": 0.9183673469387755, "KM": 0.7959183673469389, "LR": 0.8496818082071538, "LRR": 0.8496818082071538, "LRL": 0.8496818082071538, "LRE": 0.8496818082071538, "LOG_R": 0.8496818082071538, "RF": 0.9545351473922902, "SVM": 0.8496818082071538, "DNN": 0.8496818082071538}, "0 + 3": {"AB": 0.8947368421052632, "AC": 0.18779904306220094, "DS": 0.10964912280701755, "DT": 0.9453518854607785, "GM": 0.4437564499484004, "GN": 0.8463583200425305, "GB": 0.8850877192982456, "KNN": 0.9487861066808435, "KM": 0.5789473684210527, "LR": 0.6251993620414672, "LRR": 0.6251993620414672, "LRL": 0.6251993620414672, "LRE": 0.6251993620414672, "LOG_R": 0.7324561403508772, "RF": 0.8850877192982456, "SVM": 0.8850877192982456, "DNN": 0.7324561403508772}, "0 + 4": {"AB": 0.9582655826558266, "AC": 0.14515599343185548, "DS": 0.06666666666666668, "DT": 0.9613053613053612, "GM": 0.6476190476190475, "GN": 0.92, "GB": 0.9119047619047619, "KNN": 0.8149688149688149, "KM": 0.14515599343185548, "LR": 0.6909090909090908, "LRR": 0.6909090909090908, "LRL": 0.6909090909090908, "LRE": 0.6909090909090908, "LOG_R": 0.7078590785907859, "RF": 0.9119047619047619, "SVM": 0.729137529137529, "DNN": 0.8584717607973422}, "1 + 2": {"AB": 0.9545351473922902, "AC": 0.13464109047874467, "DS": 0.01889644746787604, "DT": 1.0, "GM": 0.13464109047874467, "GN": 0.941206576674557, "GB": 0.9785727024892353, "KNN": 0.9804021922248524, "KM": 0.17006802721088438, "LR": 0.839396628216504, "LRR": 0.839396628216504, "LRL": 0.839396628216504, "LRE": 0.839396628216504, "LOG_R": 0.839396628216504, "RF": 0.9545351473922902, "SVM": 0.839396628216504, "DNN": 0.8496818082071538}, "1 + 3": {"AB": 0.9453518854607785, "AC": 0.45906432748538006, "DS": 0.10964912280701755, "DT": 0.9453518854607785, "GM": 0.5883040935672514, "GN": 0.815910744603444, "GB": 0.9453518854607785, "KNN": 0.9453518854607785, "KM": 0.7003588516746412, "LR": 0.6552631578947368, "LRR": 0.5704584040747028, "LRL": 0.5986842105263159, "LRE": 0.6552631578947368, "LOG_R": 0.8360556563823351, "RF": 0.9453518854607785, "SVM": 0.7701754385964912, "DNN": 0.815910744603444}, "1 + 4": {"AB": 0.84, "AC": 0.055172413793103454, "DS": 0.06666666666666668, "DT": 0.7736842105263159, "GM": 0.055172413793103454, "GN": 0.8747967479674795, "GB": 0.7736842105263159, "KNN": 0.92, "KM": 0.1794871794871795, "LR": 0.8584717607973422, "LRR": 0.8584717607973422, "LRL": 0.8584717607973422, "LRE": 0.8584717607973422, "LOG_R": 0.8238095238095238, "RF": 0.9119047619047619, "SVM": 0.7913279132791327, "DNN": 0.7641196013289039}, "2 + 3": {"AB": 0.7878787878787878, "AC": 0.4855614973262032, "DS": 0.4207459207459208, "DT": 0.7272727272727273, "GM": 0.4855614973262032, "GN": 0.7771547629990502, "GB": 0.7878787878787878, "KNN": 0.6928904428904429, "KM": 0.4855614973262032, "LR": 0.5700466200466201, "LRR": 0.5700466200466201, "LRL": 0.5606060606060606, "LRE": 0.5700466200466201, "LOG_R": 0.5700466200466201, "RF": 0.7521885521885522, "SVM": 0.6233766233766234, "DNN": 0.5178451178451179}, "2 + 4": {"AB": 0.7932437932437932, "AC": 0.37362637362637363, "DS": 0.31918656056587086, "DT": 0.8712877981170664, "GM": 0.37362637362637363, "GN": 0.6572390572390572, "GB": 0.7940577940577941, "KNN": 0.8154364154364154, "KM": 0.3359858532272325, "LR": 0.466541588492808, "LRR": 0.466541588492808, "LRL": 0.495868945868946, "LRE": 0.466541588492808, "LOG_R": 0.5108936328448523, "RF": 0.8455433455433456, "SVM": 0.5606269699292955, "DNN": 0.7142005281540167}, "3 + 4": {"AB": 0.9490028490028489, "AC": 0.22142857142857145, "DS": 0.5121212121212122, "DT": 0.85, "GM": 0.3375, "GN": 0.7166666666666666, "GB": 0.8668954996186118, "KNN": 0.8062146892655366, "KM": 0.22142857142857145, "LR": 0.48749999999999993, "LRR": 0.48749999999999993, "LRL": 0.48749999999999993, "LRE": 0.48749999999999993, "LOG_R": 0.48749999999999993, "RF": 0.8952380952380953, "SVM": 0.5, "DNN": 0.7383088869715272}, "0 + 1 + 2": {"AB": 0.9804021922248524, "AC": 0.2367687074829932, "DS": 0.01889644746787604, "DT": 0.9785727024892353, "GM": 0.20408163265306126, "GN": 0.9621104255655751, "GB": 0.9591836734693877, "KNN": 0.9804021922248524, "KM": 0.2367687074829932, "LR": 0.8496818082071538, "LRR": 0.8496818082071538, "LRL": 0.8496818082071538, "LRE": 0.8496818082071538, "LOG_R": 0.9357181074677063, "RF": 0.9545351473922902, "SVM": 0.9785727024892353, "DNN": 0.8496818082071538}, "0 + 1 + 3": {"AB": 0.9453518854607785, "AC": 0.4531174089068826, "DS": 0.10964912280701755, "DT": 0.8020050125313283, "GM": 0.5537757437070938, "GN": 1.0, "GB": 0.899460188933873, "KNN": 0.751417004048583, "KM": 0.5789473684210527, "LR": 0.8850877192982456, "LRR": 0.8850877192982456, "LRL": 0.8850877192982456, "LRE": 0.8850877192982456, "LOG_R": 0.9453518854607785, "RF": 0.8850877192982456, "SVM": 0.9453518854607785, "DNN": 0.7324561403508772}, "0 + 1 + 4": {"AB": 1.0, "AC": 0.14515599343185548, "DS": 0.06666666666666668, "DT": 0.883916083916084, "GM": 0.3743589743589743, "GN": 0.8491228070175438, "GB": 0.9582655826558266, "KNN": 0.92, "KM": 0.47272727272727266, "LR": 0.6909090909090908,