{"0": {"AB": 0.24328532952147386, "AC": 0.24328532952147386, "DS": 0.24328532952147386, "DT": 0.24328532952147386, "GM": 0.24328532952147386, "GN": 0.24328532952147386, "GB": 0.24328532952147386, "KNN": 0.24328532952147386, "KM": 0.24328532952147386, "LR": 0.24328532952147386, "LRR": 0.24328532952147386, "LRL": 0.24328532952147386, "LRE": 0.24328532952147386, "LOG_R": 0.24328532952147386, "RF": 0.24328532952147386, "SVM": 0.24328532952147386, "DNN": 0.24328532952147386}, "1": {"AB": 0.22954151301340997, "AC": 0.22954151301340997, "DS": 0.22954151301340997, "DT": 0.22954151301340997, "GM": 0.22954151301340997, "GN": 0.22954151301340997, "GB": 0.22954151301340997, "KNN": 0.22954151301340997, "KM": 0.22954151301340997, "LR": 0.22954151301340997, "LRR": 0.22954151301340997, "LRL": 0.22954151301340997, "LRE": 0.22954151301340997, "LOG_R": 0.22954151301340997, "RF": 0.22954151301340997, "SVM": 0.22954151301340997, "DNN": 0.22954151301340997}, "2": {"AB": 0.20561256858733068, "AC": 0.20561256858733068, "DS": 0.20561256858733068, "DT": 0.20561256858733068, "GM": 0.20561256858733068, "GN": 0.20561256858733068, "GB": 0.20561256858733068, "KNN": 0.20561256858733068, "KM": 0.20561256858733068, "LR": 0.20561256858733068, "LRR": 0.20561256858733068, "LRL": 0.20561256858733068, "LRE": 0.20561256858733068, "LOG_R": 0.20561256858733068, "RF": 0.20561256858733068, "SVM": 0.20561256858733068, "DNN": 0.20561256858733068}, "3": {"AB": 0.18848555552512652, "AC": 0.18848555552512652, "DS": 0.18848555552512652, "DT": 0.18848555552512652, "GM": 0.18848555552512652, "GN": 0.18848555552512652, "GB": 0.18848555552512652, "KNN": 0.18848555552512652, "KM": 0.18848555552512652, "LR": 0.18848555552512652, "LRR": 0.18848555552512652, "LRL": 0.18848555552512652, "LRE": 0.18848555552512652, "LOG_R": 0.18848555552512652, "RF": 0.18848555552512652, "SVM": 0.18848555552512652, "DNN": 0.18848555552512652}, "4": {"AB": 0.16675420864171067, "AC": 0.16675420864171067, "DS": 0.16675420864171067, "DT": 0.16675420864171067, "GM": 0.16675420864171067, "GN": 0.16675420864171067, "GB": 0.16675420864171067, "KNN": 0.16675420864171067, "KM": 0.16675420864171067, "LR": 0.16675420864171067, "LRR": 0.16675420864171067, "LRL": 0.16675420864171067, "LRE": 0.16675420864171067, "LOG_R": 0.16675420864171067, "RF": 0.16675420864171067, "SVM": 0.16675420864171067, "DNN": 0.16675420864171067}, "0 + 1": {"AB": 0.3038823190315022, "AC": 0.3038823190315022, "DS": 0.3038823190315022, "DT": 0.3038823190315022, "GM": 0.3038823190315022, "GN": 0.3038823190315022, "GB": 0.3038823190315022, "KNN": 0.3038823190315022, "KM": 0.3038823190315022, "LR": 0.3038823190315022, "LRR": 0.3038823190315022, "LRL": 0.3038823190315022, "LRE": 0.3038823190315022, "LOG_R": 0.3038823190315022, "RF": 0.3038823190315022, "SVM": 0.3038823190315022, "DNN": 0.3038823190315022}, "0 + 2": {"AB": 0.2315633602132778, "AC": 0.2315633602132778, "DS": 0.2315633602132778, "DT": 0.2315633602132778, "GM": 0.2315633602132778, "GN": 0.2315633602132778, "GB": 0.2315633602132778, "KNN": 0.2315633602132778, "KM": 0.2315633602132778, "LR": 0.2315633602132778, "LRR": 0.2315633602132778, "LRL": 0.2315633602132778, "LRE": 0.2315633602132778, "LOG_R": 0.2315633602132778, "RF": 0.2315633602132778, "SVM": 0.2315633602132778, "DNN": 0.2315633602132778}, "0 + 3": {"AB": 0.21840231974891341, "AC": 0.21840231974891341, "DS": 0.21840231974891341, "DT": 0.21840231974891341, "GM": 0.21840231974891341, "GN": 0.21840231974891341, "GB": 0.21840231974891341, "KNN": 0.21840231974891341, "KM": 0.21840231974891341, "LR": 0.21840231974891341, "LRR": 0.21840231974891341, "LRL": 0.21840231974891341, "LRE": 0.21840231974891341, "LOG_R": 0.21840231974891341, "RF": 0.21840231974891341, "SVM": 0.21840231974891341, "DNN": 0.21840231974891341}, "0 + 4": {"AB": 0.22841529725258475, "AC": 0.22841529725258475, "DS": 0.22841529725258475, "DT": 0.22841529725258475, "GM": 0.22841529725258475, "GN": 0.22841529725258475, "GB": 0.22841529725258475, "KNN": 0.22841529725258475, "KM": 0.22841529725258475, "LR": 0.22841529725258475, "LRR": 0.22841529725258475, "LRL": 0.22841529725258475, "LRE": 0.22841529725258475, "LOG_R": 0.22841529725258475, "RF": 0.22841529725258475, "SVM": 0.22841529725258475, "DNN": 0.22841529725258475}, "1 + 2": {"AB": 0.23534911228659317, "AC": 0.23534911228659317, "DS": 0.23534911228659317, "DT": 0.23534911228659317, "GM": 0.23534911228659317, "GN": 0.23534911228659317, "GB": 0.23534911228659317, "KNN": 0.23534911228659317, "KM": 0.23534911228659317, "LR": 0.23534911228659317, "LRR": 0.23534911228659317, "LRL": 0.23534911228659317, "LRE": 0.23534911228659317, "LOG_R": 0.23534911228659317, "RF": 0.23534911228659317, "SVM": 0.23534911228659317, "DNN": 0.23534911228659317}, "1 + 3": {"AB": 0.22224237860370888, "AC": 0.22224237860370888, "DS": 0.22224237860370888, "DT": 0.22224237860370888, "GM": 0.22224237860370888, "GN": 0.22224237860370888, "GB": 0.22224237860370888, "KNN": 0.22224237860370888, "KM": 0.22224237860370888, "LR": 0.22224237860370888, "LRR": 0.22224237860370888, "LRL": 0.22224237860370888, "LRE": 0.22224237860370888, "LOG_R": 0.22224237860370888, "RF": 0.22224237860370888, "SVM": 0.22224237860370888, "DNN": 0.22224237860370888}, "1 + 4": {"AB": 0.23151184390843366, "AC": 0.23151184390843366, "DS": 0.23151184390843366, "DT": 0.23151184390843366, "GM": 0.23151184390843366, "GN": 0.23151184390843366, "GB": 0.23151184390843366, "KNN": 0.23151184390843366, "KM": 0.23151184390843366, "LR": 0.23151184390843366, "LRR": 0.23151184390843366, "LRL": 0.23151184390843366, "LRE": 0.23151184390843366, "LOG_R": 0.23151184390843366, "RF": 0.23151184390843366, "SVM": 0.23151184390843366, "DNN": 0.23151184390843366}, "2 + 3": {"AB": 0.26162538716904726, "AC": 0.26162538716904726, "DS": 0.26162538716904726, "DT": 0.26162538716904726, "GM": 0.26162538716904726, "GN": 0.26162538716904726, "GB": 0.26162538716904726, "KNN": 0.26162538716904726, "KM": 0.26162538716904726, "LR": 0.26162538716904726, "LRR": 0.26162538716904726, "LRL": 0.26162538716904726, "LRE": 0.26162538716904726, "LOG_R": 0.26162538716904726, "RF": 0.26162538716904726, "SVM": 0.26162538716904726, "DNN": 0.26162538716904726}, "2 + 4": {"AB": 0.22831192033985875, "AC": 0.22831192033985875, "DS": 0.22831192033985875, "DT": 0.22831192033985875, "GM": 0.22831192033985875, "GN": 0.22831192033985875, "GB": 0.22831192033985875, "KNN": 0.22831192033985875, "KM": 0.22831192033985875, "LR": 0.22831192033985875, "LRR": 0.22831192033985875, "LRL": 0.22831192033985875, "LRE": 0.22831192033985875, "LOG_R": 0.22831192033985875, "RF": 0.22831192033985875, "SVM": 0.22831192033985875, "DNN": 0.22831192033985875}, "3 + 4": {"AB": 0.21590529291894073, "AC": 0.21590529291894073, "DS": 0.21590529291894073, "DT": 0.21590529291894073, "GM": 0.21590529291894073, "GN": 0.21590529291894073, "GB": 0.21590529291894073, "KNN": 0.21590529291894073, "KM": 0.21590529291894073, "LR": 0.21590529291894073, "LRR": 0.21590529291894073, "LRL": 0.21590529291894073, "LRE": 0.21590529291894073, "LOG_R": 0.21590529291894073, "RF": 0.21590529291894073, "SVM": 0.21590529291894073, "DNN": 0.21590529291894073}, "0 + 1 + 2": {"AB": 0.2601889301673619, "AC": 0.2601889301673619, "DS": 0.2601889301673619, "DT": 0.2601889301673619, "GM": 0.2601889301673619, "GN": 0.2601889301673619, "GB": 0.2601889301673619, "KNN": 0.2601889301673619, "KM": 0.2601889301673619, "LR": 0.2601889301673619, "LRR": 0.2601889301673619, "LRL": 0.2601889301673619, "LRE": 0.2601889301673619, "LOG_R": 0.2601889301673619, "RF": 0.2601889301673619, "SVM": 0.2601889301673619, "DNN": 0.2601889301673619}, "0 + 1 + 3": {"AB": 0.24746088322791274, "AC": 0.24746088322791274, "DS": 0.24746088322791274, "DT": 0.24746088322791274, "GM": 0.24746088322791274, "GN": 0.24746088322791274, "GB": 0.24746088322791274, "KNN": 0.24746088322791274, "KM": 0.24746088322791274, "LR": 0.24746088322791274, "LRR": 0.24746088322791274, "LRL": 0.24746088322791274, "LRE": 0.24746088322791274, "LOG_R": 0.24746088322791274,