{"0": {"AB": 0.0, "AC": 0.0, "DS": 0.0, "DT": 0.0, "GM": 0.0, "GN": 0.0, "GB": 0.0, "KNN": 0.0, "KM": 0.0, "LR": 0.0, "LRR": 0.0, "LRL": 0.0, "LRE": 0.0, "LOG_R": 0.0, "RF": 0.0, "SVM": 0.0, "DNN": 0.0}, "1": {"AB": 0.0, "AC": 0.0, "DS": 0.0, "DT": 0.0, "GM": 0.0, "GN": 0.0, "GB": 0.0, "KNN": 0.0, "KM": 0.0, "LR": 0.0, "LRR": 0.0, "LRL": 0.0, "LRE": 0.0, "LOG_R": 0.0, "RF": 0.0, "SVM": 0.0, "DNN": 0.0}, "2": {"AB": 0.0, "AC": 0.0, "DS": 0.0, "DT": 0.0, "GM": 0.0, "GN": 0.0, "GB": 0.0, "KNN": 0.0, "KM": 0.0, "LR": 0.0, "LRR": 0.0, "LRL": 0.0, "LRE": 0.0, "LOG_R": 0.0, "RF": 0.0, "SVM": 0.0, "DNN": 0.0}, "3": {"AB": 0.0, "AC": 0.0, "DS": 0.0, "DT": 0.0, "GM": 0.0, "GN": 0.0, "GB": 0.0, "KNN": 0.0, "KM": 0.0, "LR": 0.0, "LRR": 0.0, "LRL": 0.0, "LRE": 0.0, "LOG_R": 0.0, "RF": 0.0, "SVM": 0.0, "DNN": 0.0}, "4": {"AB": 0.0, "AC": 0.0, "DS": 0.0, "DT": 0.0, "GM": 0.0, "GN": 0.0, "GB": 0.0, "KNN": 0.0, "KM": 0.0, "LR": 0.0, "LRR": 0.0, "LRL": 0.0, "LRE": 0.0, "LOG_R": 0.0, "RF": 0.0, "SVM": 0.0, "DNN": 0.0}, "0 + 1": {"AB": 0.05376333264705224, "AC": 0.05376333264705224, "DS": 0.05376333264705224, "DT": 0.05376333264705224, "GM": 0.05376333264705224, "GN": 0.05376333264705224, "GB": 0.05376333264705224, "KNN": 0.05376333264705224, "KM": 0.05376333264705224, "LR": 0.05376333264705224, "LRR": 0.05376333264705224, "LRL": 0.05376333264705224, "LRE": 0.05376333264705224, "LOG_R": 0.05376333264705224, "RF": 0.05376333264705224, "SVM": 0.05376333264705224, "DNN": 0.05376333264705224}, "0 + 2": {"AB": 0.36864003032158443, "AC": 0.36864003032158443, "DS": 0.36864003032158443, "DT": 0.36864003032158443, "GM": 0.36864003032158443, "GN": 0.36864003032158443, "GB": 0.36864003032158443, "KNN": 0.36864003032158443, "KM": 0.36864003032158443, "LR": 0.36864003032158443, "LRR": 0.36864003032158443, "LRL": 0.36864003032158443, "LRE": 0.36864003032158443, "LOG_R": 0.36864003032158443, "RF": 0.36864003032158443, "SVM": 0.36864003032158443, "DNN": 0.36864003032158443}, "0 + 3": {"AB": 0.3806514198556159, "AC": 0.3806514198556159, "DS": 0.3806514198556159, "DT": 0.3806514198556159, "GM": 0.3806514198556159, "GN": 0.3806514198556159, "GB": 0.3806514198556159, "KNN": 0.3806514198556159, "KM": 0.3806514198556159, "LR": 0.3806514198556159, "LRR": 0.3806514198556159, "LRL": 0.3806514198556159, "LRE": 0.3806514198556159, "LOG_R": 0.3806514198556159, "RF": 0.3806514198556159, "SVM": 0.3806514198556159, "DNN": 0.3806514198556159}, "0 + 4": {"AB": 0.22365520215827867, "AC": 0.22365520215827867, "DS": 0.22365520215827867, "DT": 0.22365520215827867, "GM": 0.22365520215827867, "GN": 0.22365520215827867, "GB": 0.22365520215827867, "KNN": 0.22365520215827867, "KM": 0.22365520215827867, "LR": 0.22365520215827867, "LRR": 0.22365520215827867, "LRL": 0.22365520215827867, "LRE": 0.22365520215827867, "LOG_R": 0.22365520215827867, "RF": 0.22365520215827867, "SVM": 0.22365520215827867, "DNN": 0.22365520215827867}, "1 + 2": {"AB": 0.3148766976745322, "AC": 0.3148766976745322, "DS": 0.3148766976745322, "DT": 0.3148766976745322, "GM": 0.3148766976745322, "GN": 0.3148766976745322, "GB": 0.3148766976745322, "KNN": 0.3148766976745322, "KM": 0.3148766976745322, "LR": 0.3148766976745322, "LRR": 0.3148766976745322, "LRL": 0.3148766976745322, "LRE": 0.3148766976745322, "LOG_R": 0.3148766976745322, "RF": 0.3148766976745322, "SVM": 0.3148766976745322, "DNN": 0.3148766976745322}, "1 + 3": {"AB": 0.32688808720856366, "AC": 0.32688808720856366, "DS": 0.32688808720856366, "DT": 0.32688808720856366, "GM": 0.32688808720856366, "GN": 0.32688808720856366, "GB": 0.32688808720856366, "KNN": 0.32688808720856366, "KM": 0.32688808720856366, "LR": 0.32688808720856366, "LRR": 0.32688808720856366, "LRL": 0.32688808720856366, "LRE": 0.32688808720856366, "LOG_R": 0.32688808720856366, "RF": 0.32688808720856366, "SVM": 0.32688808720856366, "DNN": 0.32688808720856366}, "1 + 4": {"AB": 0.16989186951122642, "AC": 0.16989186951122642, "DS": 0.16989186951122642, "DT": 0.16989186951122642, "GM": 0.16989186951122642, "GN": 0.16989186951122642, "GB": 0.16989186951122642, "KNN": 0.16989186951122642, "KM": 0.16989186951122642, "LR": 0.16989186951122642, "LRR": 0.16989186951122642, "LRL": 0.16989186951122642, "LRE": 0.16989186951122642, "LOG_R": 0.16989186951122642, "RF": 0.16989186951122642, "SVM": 0.16989186951122642, "DNN": 0.16989186951122642}, "2 + 3": {"AB": 0.012011389534031414, "AC": 0.012011389534031414, "DS": 0.012011389534031414, "DT": 0.012011389534031414, "GM": 0.012011389534031414, "GN": 0.012011389534031414, "GB": 0.012011389534031414, "KNN": 0.012011389534031414, "KM": 0.012011389534031414, "LR": 0.012011389534031414, "LRR": 0.012011389534031414, "LRL": 0.012011389534031414, "LRE": 0.012011389534031414, "LOG_R": 0.012011389534031414, "RF": 0.012011389534031414, "SVM": 0.012011389534031414, "DNN": 0.012011389534031414}, "2 + 4": {"AB": 0.14498482816330582, "AC": 0.14498482816330582, "DS": 0.14498482816330582, "DT": 0.14498482816330582, "GM": 0.14498482816330582, "GN": 0.14498482816330582, "GB": 0.14498482816330582, "KNN": 0.14498482816330582, "KM": 0.14498482816330582, "LR": 0.14498482816330582, "LRR": 0.14498482816330582, "LRL": 0.14498482816330582, "LRE": 0.14498482816330582, "LOG_R": 0.14498482816330582, "RF": 0.14498482816330582, "SVM": 0.14498482816330582, "DNN": 0.14498482816330582}, "3 + 4": {"AB": 0.15699621769733724, "AC": 0.15699621769733724, "DS": 0.15699621769733724, "DT": 0.15699621769733724, "GM": 0.15699621769733724, "GN": 0.15699621769733724, "GB": 0.15699621769733724, "KNN": 0.15699621769733724, "KM": 0.15699621769733724, "LR": 0.15699621769733724, "LRR": 0.15699621769733724, "LRL": 0.15699621769733724, "LRE": 0.15699621769733724, "LOG_R": 0.15699621769733724, "RF": 0.15699621769733724, "SVM": 0.15699621769733724, "DNN": 0.15699621769733724}, "0 + 1 + 2": {"AB": 0.281572586700196, "AC": 0.281572586700196, "DS": 0.281572586700196, "DT": 0.281572586700196, "GM": 0.281572586700196, "GN": 0.281572586700196, "GB": 0.281572586700196, "KNN": 0.281572586700196, "KM": 0.281572586700196, "LR": 0.281572586700196, "LRR": 0.281572586700196, "LRL": 0.281572586700196, "LRE": 0.281572586700196, "LOG_R": 0.281572586700196, "RF": 0.281572586700196, "SVM": 0.281572586700196, "DNN": 0.281572586700196}, "0 + 1 + 3": {"AB": 0.2991446353818217, "AC": 0.2991446353818217, "DS": 0.2991446353818217, "DT": 0.2991446353818217, "GM": 0.2991446353818217, "GN": 0.2991446353818217, "GB": 0.2991446353818217, "KNN": 0.2991446353818217, "KM": 0.2991446353818217, "LR": 0.2991446353818217, "LRR": 0.2991446353818217, "LRL": 0.2991446353818217, "LRE": 0.2991446353818217, "LOG_R": 0.2991446353818217, "RF": 0.2991446353818217, "SVM": 0.2991446353818217, "DNN": 0.2991446353818217}, "0 + 1 + 4": {"AB": 0.1922631455505267, "AC": 0.1922631455505267, "DS": 0.1922631455505267, "DT": 0.1922631455505267, "GM": 0.1922631455505267, "GN": 0.1922631455505267, "GB": 0.1922631455505267, "KNN": 0.1922631455505267, "KM": 0.1922631455505267, "LR": 0.1922631455505267, "LRR": 0.1922631455505267, "LRL": 0.1922631455505267, "LRE": 0.1922631455505267, "LOG_R": 0.1922631455505267, "RF": 0.1922631455505267, "SVM": 0.1922631455505267, "DNN": 0.1922631455505267}, "0 + 2 + 3": {"AB": 0.2752156909557424, "AC": 0.2752156909557424, "DS": 0.2752156909557424, "DT": 0.2752156909557424, "GM": 0.2752156909557424, "GN": 0.2752156909557424, "GB": 0.2752156909557424, "KNN": 0.2752156909557424, "KM": 0.2752156909557424, "LR": 0.2752156909557424, "LRR": 0.2752156909557424, "LRL": 0.2752156909557424, "LRE": 0.2752156909557424, "LOG_R": 0.2752156909557424, "RF": 0.2752156909557424, "SVM": 0.2752156909557424, "DNN": 0.2752156909557424}, "0 + 2 + 4": {"AB": 0.21878528232849676, "AC": 0.21878528232849676, "DS": 0.21878528232849676, "DT": 0.21878528232849676, "GM": 0.21878528232849676, "GN": 0.21878528232849676, "GB": 0.21878528232849676, "KNN": 0.21878528232849676, "KM": 0.21878528232849676, "LR": 0.21878528232849676, "LRR": 0.21878528232849676, "LRL": 0.21878528232849676,