{"0": {"AB": 0.9788728405550836, "AC": 0.22775757575757577, "DS": 0.002551834130781499, "DT": 0.9563485058630691, "GM": 0.5682983682983683, "GN": 0.9788728405550836, "GB": 0.9788728405550836, "KNN": 0.932093209320932, "KM": 0.585500575373993, "LR": 0.9457912457912458, "LRR": 0.9457912457912458, "LRL": 0.9457912457912458, "LRE": 0.9457912457912458, "LOG_R": 0.9366185216652507, "RF": 1.0, "SVM": 0.9457912457912458, "DNN": 0.9457912457912458}, "1": {"AB": 0.9622641509433962, "AC": 0.06037193667317285, "DS": 0.023025263831148068, "DT": 0.9622641509433962, "GM": 0.023025263831148068, "GN": 0.9622641509433962, "GB": 0.9622641509433962, "KNN": 0.9645493964607992, "KM": 0.7838534107402031, "LR": 0.8335849056603774, "LRR": 0.8335849056603774, "LRL": 0.8335849056603774, "LRE": 0.8335849056603774, "LOG_R": 0.8913959670621798, "RF": 0.9622641509433962, "SVM": 0.9411212422135956, "DNN": 0.948123574538669}, "2": {"AB": 0.9800571195430436, "AC": 0.49736842105263157, "DS": 0.42582278481012653, "DT": 0.96, "GM": 0.24845070422535212, "GN": 0.7040285204991088, "GB": 0.96, "KNN": 0.84, "KM": 0.7018065034122841, "LR": 0.7097916666666667, "LRR": 0.728, "LRL": 0.7040285204991088, "LRE": 0.728, "LOG_R": 0.7327498927498928, "RF": 0.96, "SVM": 0.9183701188455009, "DNN": 0.8972114972114972}, "3": {"AB": 0.9546850998463902, "AC": 0.5114155251141553, "DS": 0.5333333333333333, "DT": 0.9546850998463902, "GM": 0.2557471264367816, "GN": 0.907051282051282, "GB": 0.9546850998463902, "KNN": 0.907051282051282, "KM": 0.2557471264367816, "LR": 0.8708333333333333, "LRR": 0.8708333333333333, "LRL": 0.8448717948717948, "LRE": 0.8708333333333333, "LOG_R": 0.9312169312169313, "RF": 0.9546850998463902, "SVM": 0.9312169312169313, "DNN": 0.907051282051282}, "4": {"AB": 0.9430303030303031, "AC": 0.4767052767052767, "DS": 0.16666666666666666, "DT": 0.9174468085106382, "GM": 0.5333333333333334, "GN": 0.7777777777777778, "GB": 0.8888888888888888, "KNN": 0.9174468085106382, "KM": 0.5376845376845377, "LR": 0.5057471264367815, "LRR": 0.5057471264367815, "LRL": 0.5057471264367815, "LRE": 0.5057471264367815, "LOG_R": 0.5057471264367815, "RF": 0.8493876199933797, "SVM": 0.5333333333333334, "DNN": 0.8148148148148149}, "0 + 1": {"AB": 1.0, "AC": 0.9183673469387756, "DS": 0.0032012805122048813, "DT": 0.9815229317533465, "GM": 0.2828321180480649, "GN": 0.9762978875760832, "GB": 0.9762978875760832, "KNN": 1.0, "KM": 0.61281179138322, "LR": 0.9392006802721088, "LRR": 0.9392006802721088, "LRL": 0.9392006802721088, "LRE": 0.9392006802721088, "LOG_R": 1.0, "RF": 1.0, "SVM": 0.9815229317533465, "DNN": 0.9392006802721088}, "0 + 2": {"AB": 1.0, "AC": 0.17391304347826084, "DS": 0.01391304347826087, "DT": 0.9603393425238601, "GM": 0.8260869565217391, "GN": 0.9497809234917425, "GB": 1.0, "KNN": 0.9603393425238601, "KM": 0.6525621118012424, "LR": 0.8715415019762844, "LRR": 0.8715415019762844, "LRL": 0.8715415019762844, "LRE": 0.8715415019762844, "LOG_R": 1.0, "RF": 1.0, "SVM": 1.0, "DNN": 0.8715415019762844}, "0 + 3": {"AB": 0.9323213156230234, "AC": 0.40288957688338495, "DS": 0.024767801857585137, "DT": 0.8823529411764706, "GM": 0.0130718954248366, "GN": 0.8272058823529411, "GB": 0.8272058823529411, "KNN": 0.9460446247464503, "KM": 0.6108597285067874, "LR": 0.9323213156230234, "LRR": 0.9323213156230234, "LRL": 0.9323213156230234, "LRE": 0.9323213156230234, "LOG_R": 1.0, "RF": 1.0, "SVM": 1.0, "DNN": 1.0}, "0 + 4": {"AB": 0.955520669806384, "AC": 0.5983193277310924, "DS": 0.01098901098901099, "DT": 0.955520669806384, "GM": 0.01098901098901099, "GN": 0.9649754500818332, "GB": 0.8861538461538463, "KNN": 1.0, "KM": 0.7298747763864042, "LR": 0.8861538461538463, "LRR": 0.8861538461538463, "LRL": 0.8861538461538463, "LRE": 0.8861538461538463, "LOG_R": 0.8861538461538463, "RF": 0.955520669806384, "SVM": 0.9649754500818332, "DNN": 0.8861538461538463}, "1 + 2": {"AB": 1.0, "AC": 0.15404040404040403, "DS": 0.0808080808080808, "DT": 0.9617101245008222, "GM": 0.6619385342789598, "GN": 0.9259259259259259, "GB": 1.0, "KNN": 0.8957264957264957, "KM": 0.2828282828282828, "LR": 0.9293650793650795, "LRR": 0.9293650793650795, "LRL": 0.9293650793650795, "LRE": 0.9293650793650795, "LOG_R": 0.9639357932040858, "RF": 0.9639357932040858, "SVM": 0.9293650793650795, "DNN": 0.9639357932040858}, "1 + 3": {"AB": 0.950984499371596, "AC": 0.22115384615384615, "DS": 0.126984126984127, "DT": 0.8601743084501705, "GM": 0.5714285714285714, "GN": 0.9047619047619048, "GB": 0.950984499371596, "KNN": 0.953391436150057, "KM": 0.3174603174603175, "LR": 0.953391436150057, "LRR": 0.953391436150057, "LRL": 0.953391436150057, "LRE": 0.953391436150057, "LOG_R": 0.953391436150057, "RF": 1.0, "SVM": 0.953391436150057, "DNN": 0.953391436150057}, "1 + 4": {"AB": 0.96759410801964, "AC": 0.19366515837104076, "DS": 0.06666666666666667, "DT": 0.96759410801964, "GM": 0.4440489432703003, "GN": 1.0, "GB": 0.8862745098039215, "KNN": 0.9366459627329193, "KM": 0.26666666666666666, "LR": 0.7986324786324787, "LRR": 0.7986324786324787, "LRL": 0.8187290969899667, "LRE": 0.7986324786324787, "LOG_R": 0.8379705400981997, "RF": 0.9654916512059368, "SVM": 0.8379705400981997, "DNN": 0.9366459627329193}, "2 + 3": {"AB": 1.0, "AC": 0.88719967073108, "DS": 0.5236612702366127, "DT": 0.977439934146216, "GM": 0.5236612702366127, "GN": 1.0, "GB": 1.0, "KNN": 0.9297069051167411, "KM": 0.9297069051167411, "LR": 0.9536796536796537, "LRR": 0.9536796536796537, "LRL": 0.9536796536796537, "LRE": 0.9536796536796537, "LOG_R": 0.97707348174911, "RF": 1.0, "SVM": 0.9536796536796537, "DNN": 0.8795093795093795}, "2 + 4": {"AB": 0.9393939393939394, "AC": 0.18181818181818182, "DS": 0.19393939393939394, "DT": 0.9693905689861201, "GM": 0.5414585414585414, "GN": 0.851074851074851, "GB": 1.0, "KNN": 0.8810663021189337, "KM": 0.2413824800073536, "LR": 0.653968253968254, "LRR": 0.653968253968254, "LRL": 0.6798418972332015, "LRE": 0.653968253968254, "LOG_R": 0.653968253968254, "RF": 1.0, "SVM": 0.7010489510489512, "DNN": 0.9081717069583601}, "3 + 4": {"AB": 0.8888888888888888, "AC": 0.6608187134502925, "DS": 0.2735042735042735, "DT": 0.8888888888888888, "GM": 0.2222222222222222, "GN": 0.8888888888888888, "GB": 0.7783882783882783, "KNN": 0.8888888888888888, "KM": 0.20317460317460315, "LR": 0.7663817663817662, "LRR": 0.7663817663817662, "LRL": 0.7663817663817662, "LRE": 0.7663817663817662, "LOG_R": 0.8510378510378509, "RF": 0.7783882783882783, "SVM": 0.8510378510378509, "DNN": 0.8510378510378509}, "0 + 1 + 2": {"AB": 0.9253623188405797, "AC": 0.09749670619235835, "DS": 0.01391304347826087, "DT": 0.9253623188405797, "GM": 0.09749670619235835, "GN": 1.0, "GB": 0.9253623188405797, "KNN": 1.0, "KM": 0.8493427704752274, "LR": 0.9275362318840579, "LRR": 0.9275362318840579, "LRL": 0.9275362318840579, "LRE": 0.9275362318840579, "LOG_R": 1.0, "RF": 0.9603393425238601, "SVM": 1.0, "DNN": 1.0}, "0 + 1 + 3": {"AB": 1.0, "AC": 0.4010695187165775, "DS": 0.024767801857585137, "DT": 1.0, "GM": 0.9460446247464503, "GN": 1.0, "GB": 1.0, "KNN": 1.0, "KM": 0.6007130124777182, "LR": 0.9460446247464503, "LRR": 0.9460446247464503, "LRL": 0.9460446247464503, "LRE": 0.9460446247464503, "LOG_R": 0.9460446247464503, "RF": 1.0, "SVM": 0.9460446247464503, "DNN": 1.0}, "0 + 1 + 4": {"AB": 1.0, "AC": 0.47692307692307695, "DS": 0.01098901098901099, "DT": 0.9230769230769231, "GM": 0.8665620094191523, "GN": 0.955520669806384, "GB": 0.955520669806384, "KNN": 0.9649754500818332, "KM": 0.7032967032967034, "LR": 1.0, "LRR": 1.0, "LRL": 0.955520669806384, "LRE": 1.0, "LOG_R": 1.0, "RF": 0.955520669806384, "SVM": 1.0, "DNN": 1.0}, "0 + 2 + 3": {"AB": 1.0, "AC": 0.13643790849673204, "DS": 0.024767801857585137, "DT": 1.0, "GM": 0.13643790849673204, "GN": 1.0, "GB": 0.9460446247464503, "KNN": 0.9460446247464503, "KM": 0.5647058823529412, "LR": 0.9323213156230234, "LRR": 0.9323213156230234, "LRL": 0.8272058823529411, "LRE": 0.9323213156230234, "LOG_R": 0.9323213156230234, "RF": 1.0, "SVM": 1.0, "DNN": 1.0}, "0 + 2 + 4": {"AB": 1.0, "AC": 0.3087370600414079,