{"0": {"AB": 0.9563485058630691, "AC": 0.07272727272727272, "DS": 0.002551834130781499, "DT": 0.9177489177489179, "GM": 0.6653679653679654, "GN": 0.9457912457912458, "GB": 0.9177489177489179, "KNN": 0.9693473193473193, "KM": 0.7313796791443851, "LR": 0.9457912457912458, "LRR": 0.9457912457912458, "LRL": 0.9457912457912458, "LRE": 0.9457912457912458, "LOG_R": 0.9272727272727272, "RF": 0.9272727272727272, "SVM": 0.9457912457912458, "DNN": 0.9457912457912458}, "1": {"AB": 0.9645493964607992, "AC": 0.09622438846442252, "DS": 0.023025263831148068, "DT": 0.9645493964607992, "GM": 0.8335849056603774, "GN": 0.9622641509433962, "GB": 0.9245283018867926, "KNN": 0.948123574538669, "KM": 0.3493424814179531, "LR": 0.8144012321909896, "LRR": 0.8240899561654278, "LRL": 0.8240899561654278, "LRE": 0.8240899561654278, "LOG_R": 0.8766509433962265, "RF": 0.9645493964607992, "SVM": 0.872294270955257, "DNN": 0.948123574538669}, "2": {"AB": 0.96, "AC": 0.49736842105263157, "DS": 0.42582278481012653, "DT": 0.960194805194805, "GM": 0.42582278481012653, "GN": 0.6004870624048706, "GB": 0.9193333333333333, "KNN": 0.9800571195430436, "KM": 0.5201663201663201, "LR": 0.6706872370266478, "LRR": 0.6706872370266478, "LRL": 0.6706872370266478, "LRE": 0.6706872370266478, "LOG_R": 0.6706872370266478, "RF": 0.9800571195430436, "SVM": 0.5829333333333333, "DNN": 0.9183701188455009}, "3": {"AB": 0.9111111111111111, "AC": 0.5, "DS": 0.5333333333333333, "DT": 0.9111111111111111, "GM": 0.2966507177033493, "GN": 0.907051282051282, "GB": 0.9546850998463902, "KNN": 0.9312169312169313, "KM": 0.5, "LR": 0.8842018196856907, "LRR": 0.8842018196856907, "LRL": 0.8842018196856907, "LRE": 0.8842018196856907, "LOG_R": 0.9546850998463902, "RF": 0.9546850998463902, "SVM": 0.9546850998463902, "DNN": 0.907051282051282}, "4": {"AB": 0.8098765432098766, "AC": 0.6026831785345717, "DS": 0.16666666666666666, "DT": 0.8888888888888888, "GM": 0.5333333333333334, "GN": 0.7471162377994678, "GB": 0.9157054125998224, "KNN": 0.7835497835497836, "KM": 0.41593156909917134, "LR": 0.5333333333333334, "LRR": 0.5333333333333334, "LRL": 0.5333333333333334, "LRE": 0.5333333333333334, "LOG_R": 0.5333333333333334, "RF": 0.8624113475177305, "SVM": 0.5333333333333334, "DNN": 0.5333333333333334}, "0 + 1": {"AB": 0.9591836734693877, "AC": 0.08163265306122448, "DS": 0.0032012805122048813, "DT": 0.9591836734693877, "GM": 0.9183673469387756, "GN": 0.9392006802721088, "GB": 0.9591836734693877, "KNN": 0.9815229317533465, "KM": 0.9183673469387756, "LR": 0.9392006802721088, "LRR": 0.9392006802721088, "LRL": 0.9392006802721088, "LRE": 0.9392006802721088, "LOG_R": 0.9762978875760832, "RF": 0.9591836734693877, "SVM": 0.9762978875760832, "DNN": 0.9392006802721088}, "0 + 2": {"AB": 1.0, "AC": 0.1600790513833992, "DS": 0.01391304347826087, "DT": 0.9497809234917425, "GM": 0.2274120082815735, "GN": 0.8715415019762844, "GB": 0.9497809234917425, "KNN": 0.9497809234917425, "KM": 0.2274120082815735, "LR": 0.9497809234917425, "LRR": 0.9497809234917425, "LRL": 0.8715415019762844, "LRE": 0.9497809234917425, "LOG_R": 0.9253623188405797, "RF": 0.9497809234917425, "SVM": 0.9253623188405797, "DNN": 0.9497809234917425}, "0 + 3": {"AB": 1.0, "AC": 0.8823529411764706, "DS": 0.024767801857585137, "DT": 0.6614379084967321, "GM": 0.9323213156230234, "GN": 0.9323213156230234, "GB": 0.8272058823529411, "KNN": 0.9460446247464503, "KM": 0.8823529411764706, "LR": 0.9607843137254901, "LRR": 0.9607843137254901, "LRL": 0.9607843137254901, "LRE": 0.9607843137254901, "LOG_R": 0.9323213156230234, "RF": 1.0, "SVM": 1.0, "DNN": 0.9323213156230234}, "0 + 4": {"AB": 0.9342251950947603, "AC": 0.4315254637835283, "DS": 0.01098901098901099, "DT": 0.9054945054945054, "GM": 0.7298747763864042, "GN": 0.9230769230769231, "GB": 0.8684503901895206, "KNN": 0.9649754500818332, "KM": 0.47692307692307695, "LR": 0.8861538461538463, "LRR": 0.8861538461538463, "LRL": 0.8861538461538463, "LRE": 0.8861538461538463, "LOG_R": 0.9230769230769231, "RF": 0.9230769230769231, "SVM": 0.9230769230769231, "DNN": 0.8861538461538463}, "1 + 2": {"AB": 1.0, "AC": 0.15404040404040403, "DS": 0.0808080808080808, "DT": 1.0, "GM": 0.6619385342789598, "GN": 0.9617101245008222, "GB": 1.0, "KNN": 0.9259259259259259, "KM": 0.8957264957264957, "LR": 0.981029810298103, "LRR": 0.9427609427609427, "LRL": 0.981029810298103, "LRE": 0.9427609427609427, "LOG_R": 1.0, "RF": 1.0, "SVM": 1.0, "DNN": 1.0}, "1 + 3": {"AB": 1.0, "AC": 0.10989010989010987, "DS": 0.126984126984127, "DT": 1.0, "GM": 0.10989010989010987, "GN": 0.953391436150057, "GB": 1.0, "KNN": 1.0, "KM": 1.0, "LR": 1.0, "LRR": 1.0, "LRL": 1.0, "LRE": 1.0, "LOG_R": 1.0, "RF": 1.0, "SVM": 1.0, "DNN": 1.0}, "1 + 4": {"AB": 0.9027823240589198, "AC": 0.33684210526315794, "DS": 0.06666666666666667, "DT": 0.9366459627329193, "GM": 0.06666666666666667, "GN": 0.9654916512059368, "GB": 0.9366459627329193, "KNN": 1.0, "KM": 0.33684210526315794, "LR": 1.0, "LRR": 0.9654916512059368, "LRL": 0.9654916512059368, "LRE": 1.0, "LOG_R": 1.0, "RF": 0.9654916512059368, "SVM": 1.0, "DNN": 1.0}, "2 + 3": {"AB": 1.0, "AC": 0.5735479797979798, "DS": 0.5236612702366127, "DT": 1.0, "GM": 0.5126262626262628, "GN": 0.8575456801263251, "GB": 1.0, "KNN": 0.9536796536796537, "KM": 0.30620941558441556, "LR": 0.8415404040404041, "LRR": 0.8415404040404041, "LRL": 0.8529829545454546, "LRE": 0.8415404040404041, "LOG_R": 0.9050304534175502, "RF": 1.0, "SVM": 0.97707348174911, "DNN": 0.9050304534175502}, "2 + 4": {"AB": 0.851074851074851, "AC": 0.256198347107438, "DS": 0.19393939393939394, "DT": 0.9098004434589799, "GM": 0.4802744425385935, "GN": 0.7294013303769401, "GB": 0.9098004434589799, "KNN": 0.7918325849360333, "KM": 0.4843391902215432, "LR": 0.5408585347918007, "LRR": 0.5408585347918007, "LRL": 0.5408585347918007, "LRE": 0.5408585347918007, "LOG_R": 0.5408585347918007, "RF": 0.9098004434589799, "SVM": 0.5814685314685315, "DNN": 0.7010489510489512}, "3 + 4": {"AB": 0.9630651340996169, "AC": 0.24024024024024027, "DS": 0.2735042735042735, "DT": 0.8891954022988505, "GM": 0.5436507936507936, "GN": 0.8148148148148148, "GB": 0.9261294261294261, "KNN": 0.7305594514570672, "KM": 0.24024024024024027, "LR": 0.8493827160493829, "LRR": 0.8493827160493829, "LRL": 0.8862433862433863, "LRE": 0.8493827160493829, "LOG_R": 0.9261294261294261, "RF": 0.8891954022988505, "SVM": 0.9261294261294261, "DNN": 0.9261294261294261}, "0 + 1 + 2": {"AB": 1.0, "AC": 0.09749670619235835, "DS": 0.01391304347826087, "DT": 0.9603393425238601, "GM": 0.09749670619235835, "GN": 0.9497809234917425, "GB": 0.9603393425238601, "KNN": 0.9253623188405797, "KM": 0.8493427704752274, "LR": 0.9777306468716861, "LRR": 0.9777306468716861, "LRL": 0.9777306468716861, "LRE": 0.9777306468716861, "LOG_R": 1.0, "RF": 1.0, "SVM": 0.9603393425238601, "DNN": 1.0}, "0 + 1 + 3": {"AB": 1.0, "AC": 0.3361344537815126, "DS": 0.024767801857585137, "DT": 0.9323213156230234, "GM": 0.8272058823529411, "GN": 1.0, "GB": 0.9323213156230234, "KNN": 1.0, "KM": 0.8977591036414566, "LR": 1.0, "LRR": 1.0, "LRL": 0.9323213156230234, "LRE": 1.0, "LOG_R": 1.0, "RF": 1.0, "SVM": 1.0, "DNN": 1.0}, "0 + 1 + 4": {"AB": 1.0, "AC": 0.34615384615384615, "DS": 0.01098901098901099, "DT": 0.894926350245499, "GM": 0.15384615384615385, "GN": 1.0, "GB": 0.955520669806384, "KNN": 0.9054945054945054, "KM": 0.4747252747252747, "LR": 0.8861538461538463, "LRR": 0.8861538461538463, "LRL": 0.8861538461538463, "LRE": 0.8861538461538463, "LOG_R": 1.0, "RF": 0.9649754500818332, "SVM": 0.8776223776223776, "DNN": 0.9649754500818332}, "0 + 2 + 3": {"AB": 0.8272058823529411, "AC": 0.32352941176470595, "DS": 0.024767801857585137, "DT": 0.8272058823529411, "GM": 0.7302231237322516, "GN": 0.7969639468690702, "GB": 0.8272058823529411, "KNN": 0.9460446247464503, "KM": 0.6932773109243697, "LR": 0.8823529411764706, "LRR": 0.8823529411764706, "LRL": 0.9323213156230234, "LRE": 0.8823529411764706, "LOG_R": 0.838133874239351, "RF": 1.0, "SVM": 0.8977591036414566, "DNN": 0.9460446247464503},