{"0": {"AB": 1.0, "AC": 0.4, "DS": 0.7111111111111111, "DT": 1.0, "GM": 0.6588235294117648, "GN": 0.9066666666666666, "GB": 1.0, "KNN": 1.0, "KM": 0.6, "LR": 0.8333333333333334, "LRR": 0.6588235294117648, "LRL": 0.6588235294117648, "LRE": 0.8333333333333334, "LOG_R": 1.0, "RF": 1.0, "SVM": 1.0, "DNN": 0.7111111111111111}, "1": {"AB": 0.8, "AC": 0.7809523809523808, "DS": 0.4499999999999999, "DT": 0.7809523809523808, "GM": 0.4499999999999999, "GN": 0.8, "GB": 0.8, "KNN": 1.0, "KM": 0.7809523809523808, "LR": 1.0, "LRR": 1.0, "LRL": 1.0, "LRE": 1.0, "LOG_R": 1.0, "RF": 1.0, "SVM": 1.0, "DNN": 1.0}, "2": {"AB": 1.0, "AC": -1.0, "DS": 0.0, "DT": 1.0, "GM": -1.0, "GN": 1.0, "GB": 1.0, "KNN": 1.0, "KM": -1.0, "LR": 1.0, "LRR": 1.0, "LRL": 1.0, "LRE": 1.0, "LOG_R": 1.0, "RF": 1.0, "SVM": 1.0, "DNN": 1.0}, "3": {"AB": 1.0, "AC": 0.7142857142857143, "DS": 0.7912087912087912, "DT": 1.0, "GM": 0.7912087912087912, "GN": 0.7912087912087912, "GB": 1.0, "KNN": 0.7912087912087912, "KM": 0.7142857142857143, "LR": 0.7912087912087912, "LRR": 0.7912087912087912, "LRL": 0.7912087912087912, "LRE": 0.7912087912087912, "LOG_R": 0.7912087912087912, "RF": 0.7912087912087912, "SVM": 0.7912087912087912, "DNN": 1.0}, "4": {"AB": 1.0, "AC": -1.0, "DS": 0.0, "DT": 1.0, "GM": -1.0, "GN": 1.0, "GB": 1.0, "KNN": 1.0, "KM": -1.0, "LR": 0.0, "LRR": 1.0, "LRL": 1.0, "LRE": 1.0, "LOG_R": 1.0, "RF": 1.0, "SVM": 1.0, "DNN": 1.0}, "0 + 1": {"AB": 1.0, "AC": 0.2, "DS": 0.4499999999999999, "DT": 1.0, "GM": 0.2, "GN": 1.0, "GB": 1.0, "KNN": 0.4499999999999999, "KM": 0.2, "LR": 1.0, "LRR": 1.0, "LRL": 1.0, "LRE": 1.0, "LOG_R": 1.0, "RF": 1.0, "SVM": 1.0, "DNN": 1.0}, "0 + 2": {"AB": 1.0, "AC": -1.0, "DS": 0.0, "DT": 1.0, "GM": -1.0, "GN": 1.0, "GB": 1.0, "KNN": 1.0, "KM": -1.0, "LR": 0.0, "LRR": 1.0, "LRL": 1.0, "LRE": 1.0, "LOG_R": 1.0, "RF": 1.0, "SVM": 1.0, "DNN": 0.0}, "0 + 3": {"AB": 1.0, "AC": 0.6233766233766234, "DS": 0.7912087912087912, "DT": 1.0, "GM": 0.0, "GN": 0.7912087912087912, "GB": 0.7912087912087912, "KNN": 0.7912087912087912, "KM": 0.6233766233766234, "LR": 1.0, "LRR": 1.0, "LRL": 1.0, "LRE": 1.0, "LOG_R": 1.0, "RF": 0.7912087912087912, "SVM": 1.0, "DNN": 1.0}, "0 + 4": {"AB": 0.0, "AC": -1.0, "DS": 0.0, "DT": 1.0, "GM": -1.0, "GN": 1.0, "GB": 0.0, "KNN": 1.0, "KM": -1.0, "LR": 0.0, "LRR": 0.0, "LRL": 1.0, "LRE": 0.0, "LOG_R": 1.0, "RF": 1.0, "SVM": 0.0, "DNN": 1.0}, "1 + 2": {"AB": 1.0, "AC": -1.0, "DS": 0.0, "DT": 1.0, "GM": -1.0, "GN": 1.0, "GB": 1.0, "KNN": 1.0, "KM": -1.0, "LR": 1.0, "LRR": 1.0, "LRL": 1.0, "LRE": 1.0, "LOG_R": 1.0, "RF": 1.0, "SVM": 1.0, "DNN": 0.0}, "1 + 3": {"AB": 0.6428571428571428, "AC": 0.5, "DS": 0.0, "DT": 0.6428571428571428, "GM": 0.5, "GN": 0.6428571428571428, "GB": 0.6428571428571428, "KNN": 0.6428571428571428, "KM": 0.5, "LR": 0.6428571428571428, "LRR": 0.6428571428571428, "LRL": 0.6428571428571428, "LRE": 0.6428571428571428, "LOG_R": 0.6428571428571428, "RF": 0.6428571428571428, "SVM": 0.6428571428571428, "DNN": 0.6428571428571428}, "1 + 4": {"AB": 1.0, "AC": -1.0, "DS": 0.0, "DT": 1.0, "GM": -1.0, "GN": 1.0, "GB": 1.0, "KNN": 1.0, "KM": -1.0, "LR": 1.0, "LRR": 1.0, "LRL": 1.0, "LRE": 1.0, "LOG_R": 1.0, "RF": 1.0, "SVM": 1.0, "DNN": 1.0}, "2 + 3": {"AB": 1.0, "AC": -1.0, "DS": 0.0, "DT": 1.0, "GM": -1.0, "GN": 1.0, "GB": 1.0, "KNN": 1.0, "KM": -1.0, "LR": 1.0, "LRR": 1.0, "LRL": 1.0, "LRE": 1.0, "LOG_R": 1.0, "RF": 1.0, "SVM": 1.0, "DNN": 1.0}, "2 + 4": {"AB": 1.0, "AC": -1.0, "DS": 0.0, "DT": 1.0, "GM": -1.0, "GN": 1.0, "GB": 1.0, "KNN": 1.0, "KM": -1.0, "LR": 1.0, "LRR": 1.0, "LRL": 1.0, "LRE": 1.0, "LOG_R": 1.0, "RF": 1.0, "SVM": 1.0, "DNN": 1.0}, "3 + 4": {"AB": 0.0, "AC": -1.0, "DS": 0.0, "DT": 0.0, "GM": -1.0, "GN": 1.0, "GB": 1.0, "KNN": 1.0, "KM": -1.0, "LR": 0.0, "LRR": 0.0, "LRL": 0.0, "LRE": 0.0, "LOG_R": 0.0, "RF": 1.0, "SVM": 0.0, "DNN": 0.0}, "0 + 1 + 2": {"AB": 1.0, "AC": -1.0, "DS": 0.0, "DT": 1.0, "GM": -1.0, "GN": 1.0, "GB": 1.0, "KNN": 1.0, "KM": -1.0, "LR": 1.0, "LRR": 1.0, "LRL": 1.0, "LRE": 1.0, "LOG_R": 1.0, "RF": 1.0, "SVM": 1.0, "DNN": 0.0}, "0 + 1 + 3": {"AB": 1.0, "AC": 1.0, "DS": 0.0, "DT": 1.0, "GM": 0.30000000000000004, "GN": 0.6428571428571428, "GB": 0.6428571428571428, "KNN": 0.6428571428571428, "KM": 0.30000000000000004, "LR": 0.75, "LRR": 0.75, "LRL": 0.75, "LRE": 0.75, "LOG_R": 1.0, "RF": 0.6428571428571428, "SVM": 1.0, "DNN": 0.7666666666666667}, "0 + 1 + 4": {"AB": 1.0, "AC": -1.0, "DS": 0.0, "DT": 1.0, "GM": -1.0, "GN": 1.0, "GB": 1.0, "KNN": 1.0, "KM": -1.0, "LR": 1.0, "LRR": 1.0, "LRL": 1.0, "LRE": 1.0, "LOG_R": 1.0, "RF": 1.0, "SVM": 1.0, "DNN": 0.0}, "0 + 2 + 3": {"AB": 1.0, "AC": -1.0, "DS": 0.0, "DT": 1.0, "GM": -1.0, "GN": 1.0, "GB": 1.0, "KNN": 1.0, "KM": -1.0, "LR": 1.0, "LRR": 1.0, "LRL": 1.0, "LRE": 1.0, "LOG_R": 1.0, "RF": 1.0, "SVM": 1.0, "DNN": 1.0}, "0 + 2 + 4": {"AB": 1.0, "AC": -1.0, "DS": 0.0, "DT": 1.0, "GM": -1.0, "GN": 1.0, "GB": 1.0, "KNN": 1.0, "KM": -1.0, "LR": 1.0, "LRR": 1.0, "LRL": 1.0, "LRE": 1.0, "LOG_R": 1.0, "RF": 1.0, "SVM": 1.0, "DNN": 1.0}, "0 + 3 + 4": {"AB": 0.0, "AC": -1.0, "DS": 0.0, "DT": 0.0, "GM": -1.0, "GN": 1.0, "GB": 1.0, "KNN": 1.0, "KM": -1.0, "LR": 0.0, "LRR": 0.0, "LRL": 1.0, "LRE": 0.0, "LOG_R": 1.0, "RF": 1.0, "SVM": 0.0, "DNN": 1.0}, "1 + 2 + 3": {"AB": 1.0, "AC": -1.0, "DS": 0.0, "DT": 1.0, "GM": -1.0, "GN": 1.0, "GB": 1.0, "KNN": 1.0, "KM": -1.0, "LR": 1.0, "LRR": 1.0, "LRL": 1.0, "LRE": 1.0, "LOG_R": 1.0, "RF": 1.0, "SVM": 1.0, "DNN": 1.0}, "1 + 2 + 4": {"AB": 1.0, "AC": -1.0, "DS": 0.0, "DT": 1.0, "GM": -1.0, "GN": 1.0, "GB": 1.0, "KNN": 1.0, "KM": -1.0, "LR": 1.0, "LRR": 1.0, "LRL": 1.0, "LRE": 1.0, "LOG_R": 1.0, "RF": 1.0, "SVM": 1.0, "DNN": 0.0}, "1 + 3 + 4": {"AB": 1.0, "AC": -1.0, "DS": 0.0, "DT": 0.0, "GM": -1.0, "GN": 1.0, "GB": 1.0, "KNN": 1.0, "KM": -1.0, "LR": 1.0, "LRR": 1.0, "LRL": 1.0, "LRE": 1.0, "LOG_R": 1.0, "RF": 1.0, "SVM": 1.0, "DNN": 0.0}, "2 + 3 + 4": {"AB": 1.0, "AC": -1.0, "DS": 0.0, "DT": 1.0, "GM": -1.0, "GN": 1.0, "GB": 1.0, "KNN": 1.0, "KM": -1.0, "LR": 1.0, "LRR": 1.0, "LRL": 1.0, "LRE": 1.0, "LOG_R": 1.0, "RF": 1.0, "SVM": 1.0, "DNN": 1.0}, "0 + 1 + 2 + 3": {"AB": 1.0, "AC": -1.0, "DS": 0.0, "DT": 1.0, "GM": -1.0, "GN": 1.0, "GB": 1.0, "KNN": 1.0, "KM": -1.0, "LR": 1.0, "LRR": 1.0, "LRL": 1.0, "LRE": 1.0, "LOG_R": 1.0, "RF": 1.0, "SVM": 1.0, "DNN": 1.0}, "0 + 1 + 2 + 4": {"AB": 1.0, "AC": -1.0, "DS": 0.0, "DT": 1.0, "GM": -1.0, "GN": 1.0, "GB": 1.0, "KNN": 1.0, "KM": -1.0, "LR": 1.0, "LRR": 1.0, "LRL": 1.0, "LRE": 1.0, "LOG_R": 1.0, "RF": 1.0, "SVM": 1.0, "DNN": 0.0}, "0 + 1 + 3 + 4": {"AB": 0.0, "AC": -1.0, "DS": 0.0, "DT": 1.0, "GM": -1.0, "GN": 1.0, "GB": 1.0, "KNN": 1.0, "KM": -1.0, "LR": 1.0, "LRR": 1.0, "LRL": 1.0, "LRE": 1.0, "LOG_R": 1.0, "RF": 1.0, "SVM": 1.0, "DNN": 1.0}, "0 + 2 + 3 + 4": {"AB": 0.0, "AC": -1.0, "DS": 0.0, "DT": 1.0, "GM": -1.0, "GN": 1.0, "GB": 1.0, "KNN": 1.0, "KM": -1.0, "LR": 1.0, "LRR": 1.0, "LRL": 1.0, "LRE": 1.0, "LOG_R": 1.0, "RF": 1.0, "SVM": 1.0, "DNN": 1.0}, "1 + 2 + 3 + 4": {"AB": 1.0, "AC": -1.0, "DS": 0.0, "DT": 1.0, "GM": -1.0, "GN": 1.0, "GB": 1.0, "KNN": 1.0, "KM": -1.0, "LR": 1.0, "LRR": 1.0, "LRL": 1.0, "LRE": 1.0, "LOG_R": 1.0, "RF": 1.0, "SVM": 1.0, "DNN": 1.0}, "0 + 1 + 2 + 3 + 4": {"AB": 0.0, "AC": -1.0, "DS": 0.0, "DT": 1.0, "GM": -1.0, "GN": 1.0, "GB": 1.0, "KNN": 1.0, "KM": -1.0, "LR": 1.0, "LRR": 1.0, "LRL": 1.0, "LRE": 1.0, "LOG_R": 1.0, "RF": 1.0, "SVM": 1.0, "DNN": 1.0}}