{"0": {"AB": 0.8651003599869096, "AC": 0.21875, "DS": 0.266304347826087, "DT": 0.844346569215665, "GM": 0.6021978021978022, "GN": 0.6584987593052108, "GB": 0.8643887476511551, "KNN": 0.8125000000000001, "KM": 0.21875, "LR": 0.672157622739018, "LRR": 0.672157622739018, "LRL": 0.6674852959579528, "LRE": 0.672157622739018, "LOG_R": 0.7454627949183305, "RF": 0.853125, "SVM": 0.7650595510765003, "DNN": 0.7610655737704919}, "1": {"AB": 0.8591549295774648, "AC": 0.3660508505578928, "DS": 0.11298904538341155, "DT": 0.8437145394891875, "GM": 0.11298904538341155, "GN": 0.7131425871792599, "GB": 0.820920369236352, "KNN": 0.8484376434895292, "KM": 0.36619718309859156, "LR": 0.6598926894701543, "LRR": 0.6598926894701543, "LRL": 0.7116118935837247, "LRE": 0.6598926894701543, "LOG_R": 0.6886020040174324, "RF": 0.8401814395142786, "SVM": 0.6192602771098134, "DNN": 0.7957810948694916}, "2": {"AB": 0.8683953855984933, "AC": 0.4503374750728639, "DS": 0.40918390543305294, "DT": 0.9247993927564518, "GM": 0.2545911949685535, "GN": 0.590626902008521, "GB": 0.8849393530997304, "KNN": 0.7846688184621162, "KM": 0.6055610724925521, "LR": 0.590626902008521, "LRR": 0.590626902008521, "LRL": 0.590626902008521, "LRE": 0.590626902008521, "LOG_R": 0.6536881667362668, "RF": 0.8493791323980003, "SVM": 0.590626902008521, "DNN": 0.6028180486696899}, "3": {"AB": 0.8407738095238096, "AC": 0.05555555555555555, "DS": 0.06330749354005168, "DT": 0.8645224171539962, "GM": 0.05555555555555555, "GN": 0.7838218248054315, "GB": 0.8569462552513399, "KNN": 0.7505050505050506, "KM": 0.05555555555555555, "LR": 0.7188034188034188, "LRR": 0.7188034188034188, "LRL": 0.7188034188034188, "LRE": 0.7188034188034188, "LOG_R": 0.7188034188034188, "RF": 0.7838218248054315, "SVM": 0.7188034188034188, "DNN": 0.7786458333333334}, "4": {"AB": 0.7858851674641149, "AC": 0.3118908382066277, "DS": 0.3629764065335753, "DT": 0.7858851674641149, "GM": 0.3118908382066277, "GN": 0.4825910931174089, "GB": 0.7125506072874493, "KNN": 0.7769423558897243, "KM": 0.28340080971659914, "LR": 0.402834008097166, "LRR": 0.402834008097166, "LRL": 0.402834008097166, "LRE": 0.402834008097166, "LOG_R": 0.402834008097166, "RF": 0.6417004048582996, "SVM": 0.4706766917293233, "DNN": 0.402834008097166}, "0 + 1": {"AB": 0.942628517435852, "AC": 0.07737994230442899, "DS": 0.11298904538341155, "DT": 0.9139427761537781, "GM": 0.07179663345929232, "GN": 0.8401814395142786, "GB": 0.9098751600512165, "KNN": 0.9436619718309859, "KM": 0.8007247730414315, "LR": 0.8010541122843253, "LRR": 0.8082177274171344, "LRL": 0.820920369236352, "LRE": 0.8082177274171344, "LOG_R": 0.7991998110254821, "RF": 0.8763246143527833, "SVM": 0.8116211286410049, "DNN": 0.8241738009757895}, "0 + 2": {"AB": 0.9060657033419128, "AC": 0.3528546924773339, "DS": 0.40918390543305294, "DT": 0.8675396088943877, "GM": 0.362844702467344, "GN": 0.7630702727963081, "GB": 0.7929019044832584, "KNN": 0.780746291820943, "KM": 0.442883717398732, "LR": 0.6981132075471698, "LRR": 0.6981132075471698, "LRL": 0.6806233913625033, "LRE": 0.6981132075471698, "LOG_R": 0.6994070080862534, "RF": 0.8497035040431267, "SVM": 0.6994070080862534, "DNN": 0.7491946617579384}, "0 + 3": {"AB": 0.9444444444444444, "AC": 0.03888888888888889, "DS": 0.06330749354005168, "DT": 0.8888888888888888, "GM": 0.03888888888888889, "GN": 0.8814814814814815, "GB": 0.9141677531508042, "KNN": 0.8938492063492064, "KM": 0.8702508960573476, "LR": 0.8455870177181651, "LRR": 0.8455870177181651, "LRL": 0.8702508960573476, "LRE": 0.8455870177181651, "LOG_R": 0.8455870177181651, "RF": 0.9141677531508042, "SVM": 0.8702508960573476, "DNN": 0.8702508960573476}, "0 + 4": {"AB": 0.6842105263157895, "AC": 0.3118908382066277, "DS": 0.3629764065335753, "DT": 0.8941520467836256, "GM": 0.3118908382066277, "GN": 0.5839676113360323, "GB": 0.8394515701017248, "KNN": 0.5621123515860357, "KM": 0.5033738191632929, "LR": 0.8394515701017248, "LRR": 0.8394515701017248, "LRL": 0.8394515701017248, "LRE": 0.8394515701017248, "LOG_R": 0.7883040935672514, "RF": 0.8394515701017248, "SVM": 0.8421052631578947, "DNN": 0.8394515701017248}, "1 + 2": {"AB": 0.8328541307264713, "AC": 0.3533026113671275, "DS": 0.2818110850897736, "DT": 0.8806147529913838, "GM": 0.34113973458235747, "GN": 0.7830903790087466, "GB": 0.8312925170068026, "KNN": 0.8095238095238095, "KM": 0.42276114689907796, "LR": 0.7440118904704738, "LRR": 0.7440118904704738, "LRL": 0.7440118904704738, "LRE": 0.7440118904704738, "LOG_R": 0.753319597069597, "RF": 0.8561507936507935, "SVM": 0.7799847211611917, "DNN": 0.8095238095238095}, "1 + 3": {"AB": 0.9073522106308991, "AC": 0.05555555555555555, "DS": 0.06330749354005168, "DT": 0.8333333333333334, "GM": 0.05555555555555555, "GN": 0.9141677531508042, "GB": 0.7786458333333334, "KNN": 0.7942386831275721, "KM": 0.7786458333333334, "LR": 0.7629629629629628, "LRR": 0.7220566318926974, "LRL": 0.7048611111111112, "LRE": 0.7220566318926974, "LOG_R": 0.7997247573518761, "RF": 0.9073522106308991, "SVM": 0.7786458333333334, "DNN": 0.8814814814814815}, "1 + 4": {"AB": 0.6788277511961723, "AC": 0.42105263157894735, "DS": 0.3629764065335753, "DT": 0.4825910931174089, "GM": 0.3045112781954888, "GN": 0.5098398169336384, "GB": 0.4825910931174089, "KNN": 0.4825910931174089, "KM": 0.3468899521531101, "LR": 0.5538847117794485, "LRR": 0.5538847117794485, "LRL": 0.5538847117794485, "LRE": 0.5538847117794485, "LOG_R": 0.5098398169336384, "RF": 0.6187643020594965, "SVM": 0.6187643020594965, "DNN": 0.5098398169336384}, "2 + 3": {"AB": 0.8, "AC": 0.21600000000000003, "DS": 0.08828828828828827, "DT": 0.8370370370370371, "GM": 0.32615039281705954, "GN": 0.8, "GB": 0.7874999999999999, "KNN": 0.7222091656874265, "KM": 0.5111111111111111, "LR": 0.6654088050314467, "LRR": 0.6654088050314467, "LRL": 0.6654088050314467, "LRE": 0.6654088050314467, "LOG_R": 0.6654088050314467, "RF": 0.8972176759410802, "SVM": 0.6654088050314467, "DNN": 0.6654088050314467}, "2 + 4": {"AB": 0.9473684210526315, "AC": 0.4706766917293233, "DS": 0.3629764065335753, "DT": 0.8421052631578947, "GM": 0.5033738191632929, "GN": 0.8929425837320574, "GB": 0.6734449760765551, "KNN": 0.836613272311213, "KM": 0.12918660287081343, "LR": 0.8947368421052632, "LRR": 0.8947368421052632, "LRL": 0.8929425837320574, "LRE": 0.8947368421052632, "LOG_R": 0.8947368421052632, "RF": 0.7822966507177034, "SVM": 0.8412206988058383, "DNN": 0.8947368421052632}, "3 + 4": {"AB": 0.8132352941176471, "AC": 0.5840909090909092, "DS": 0.266304347826087, "DT": 0.75, "GM": 0.3068181818181819, "GN": 0.8102226720647774, "GB": 0.6125, "KNN": 0.6685222672064777, "KM": 0.6346618357487923, "LR": 0.35416666666666663, "LRR": 0.35416666666666663, "LRL": 0.400974025974026, "LRE": 0.35416666666666663, "LOG_R": 0.35416666666666663, "RF": 0.75, "SVM": 0.400974025974026, "DNN": 0.40499999999999997}, "0 + 1 + 2": {"AB": 0.8561507936507935, "AC": 0.23809523809523814, "DS": 0.2818110850897736, "DT": 0.8571428571428571, "GM": 0.23809523809523814, "GN": 0.7860805860805862, "GB": 0.9047619047619048, "KNN": 0.8806147529913838, "KM": 0.23809523809523814, "LR": 0.6779082985979538, "LRR": 0.6779082985979538, "LRL": 0.6779082985979538, "LRE": 0.6779082985979538, "LOG_R": 0.6973544973544973, "RF": 0.9276967930029153, "SVM": 0.6973544973544973, "DNN": 0.6887755102040816}, "0 + 1 + 3": {"AB": 0.8702508960573476, "AC": 0.05555555555555555, "DS": 0.06330749354005168, "DT": 0.8407738095238096, "GM": 0.7592592592592593, "GN": 0.7405017921146952, "GB": 0.8814814814814815, "KNN": 0.8645224171539962, "KM": 0.7013888888888888, "LR": 0.7786458333333334, "LRR": 0.7786458333333334, "LRL": 0.7786458333333334, "LRE": 0.7786458333333334, "LOG_R": 0.7786458333333334, "RF": 0.8455870177181651, "SVM": 0.7838218248054315, "DNN": 0.7786458333333334}, "0 + 1 + 4": {"AB": 0.8947368421052632, "AC": 0.3118908382066277, "DS": 0.3629764065335753, "DT": 0.8421052631578947, "GM": 0.3118908382066277, "GN": 0.6102212051868802, "GB": 0.8421052631578947, "KNN": 0.7858851674641149, "KM": 0.3118908382066277,