{"attack": {"2-39-139-28": {"cycles": {"best_k": 5, "best_silhouette_score": 0.995049504950495, "other_silhouette_scores": [[5, 0.995049504950495], [6, 0.995049504950495], [4, 0.9831683168316832], [3, 0.9752475247524752], [2, 0.9256050605060505]]}, "instructions": {"best_k": 3, "best_silhouette_score": 0.9893617021276596, "other_silhouette_scores": [[3, 0.9893617021276596], [4, 0.9858156028368794], [5, 0.9858156028368794], [6, 0.9858156028368794], [7, 0.9858156028368794], [8, 0.9858156028368794], [9, 0.9858156028368794], [10, 0.9858156028368794], [11, 0.9858156028368794], [12, 0.9858156028368794], [13, 0.9858156028368794], [14, 0.9858156028368794], [15, 0.9858156028368794], [16, 0.9858156028368794], [17, 0.9858156028368794], [18, 0.9858156028368794], [19, 0.9858156028368794], [20, 0.9858156028368794], [21, 0.9858156028368794], [22, 0.9858156028368794], [23, 0.9858156028368794], [24, 0.9858156028368794], [25, 0.9858156028368794], [26, 0.9858156028368794], [27, 0.9858156028368794], [28, 0.9858156028368794], [29, 0.9858156028368794], [30, 0.9858156028368794], [31, 0.9858156028368794], [32, 0.9858156028368794], [33, 0.9858156028368794], [2, 0.9711655562719391]]}, "branch": {"best_k": -1.0, "best_silhouette_score": -1.0, "other_silhouette_scores": []}}, "2-39-89-25": {"cycles": {"best_k": 6, "best_silhouette_score": 1.0, "other_silhouette_scores": [[6, 1.0], [7, 1.0], [8, 1.0], [9, 1.0], [10, 1.0], [11, 1.0], [12, 1.0], [13, 1.0], [14, 1.0], [15, 1.0], [16, 1.0], [17, 1.0], [18, 1.0], [19, 1.0], [5, 0.9659090909090909], [4, 0.8989499500638425], [3, 0.7743747730408307], [2, 0.7157014262046962]]}, "instructions": {"best_k": 4, "best_silhouette_score": 0.9929971988795517, "other_silhouette_scores": [[4, 0.9929971988795517], [5, 0.9831932773109243], [6, 0.9831932773109243], [3, 0.936967428557733], [2, 0.8777068519715578]]}, "branch": {"best_k": 5, "best_silhouette_score": 0.9818181818181818, "other_silhouette_scores": [[5, 0.9818181818181818], [4, 0.9393939393939393], [2, 0.8955415301209696], [3, 0.8163340724316336]]}}, "2-39-131-30": {"cycles": {"best_k": 8, "best_silhouette_score": 0.9939759036144579, "other_silhouette_scores": [[8, 0.9939759036144579], [9, 0.9939759036144579], [10, 0.9939759036144579], [11, 0.9939759036144579], [12, 0.9939759036144579], [7, 0.9819277108433735], [6, 0.9644585668682054], [5, 0.9354624348761043], [4, 0.9316543202002204], [2, 0.7703113994205161], [3, 0.7066208947599475]]}, "instructions": {"best_k": 5, "best_silhouette_score": 0.9811320754716981, "other_silhouette_scores": [[5, 0.9811320754716981], [6, 0.9811320754716981], [7, 0.9811320754716981], [8, 0.9811320754716981], [9, 0.9811320754716981], [10, 0.9811320754716981], [11, 0.9811320754716981], [4, 0.9654088050314467], [2, 0.9189394724772084], [3, 0.8506646655231561]]}, "branch": {"best_k": 4, "best_silhouette_score": 0.9569174026973839, "other_silhouette_scores": [[4, 0.9569174026973839], [2, 0.8586614918173809], [3, 0.7709408666677694]]}}}, "normal": {"2-39-89-25": {"cycles": {"best_k": 5, "best_silhouette_score": 0.9947643979057592, "other_silhouette_scores": [[5, 0.9947643979057592], [6, 0.9947643979057592], [7, 0.9947643979057592], [8, 0.9947643979057592], [9, 0.9947643979057592], [10, 0.9947643979057592], [11, 0.9947643979057592], [12, 0.9947643979057592], [13, 0.9947643979057592], [4, 0.9921465968586387], [3, 0.9655658477648007], [2, 0.8720534375537694]]}, "instructions": {"best_k": 4, "best_silhouette_score": 0.9927007299270073, "other_silhouette_scores": [[4, 0.9927007299270073], [5, 0.9927007299270073], [6, 0.9927007299270073], [7, 0.9927007299270073], [8, 0.9927007299270073], [9, 0.9927007299270073], [10, 0.9927007299270073], [11, 0.9927007299270073], [12, 0.9927007299270073], [13, 0.9927007299270073], [14, 0.9927007299270073], [15, 0.9927007299270073], [16, 0.9927007299270073], [3, 0.9722627737226277], [2, 0.9555200729927007]]}, "branch": {"best_k": 4, "best_silhouette_score": 0.9841269841269841, "other_silhouette_scores": [[4, 0.9841269841269841], [5, 0.9841269841269841], [6, 0.9841269841269841], [7, 0.9841269841269841], [8, 0.9841269841269841], [9, 0.9841269841269841], [10, 0.9841269841269841], [11, 0.9841269841269841], [12, 0.9841269841269841], [13, 0.9841269841269841], [14, 0.9841269841269841], [15, 0.9841269841269841], [3, 0.9801587301587301], [2, 0.9563985809377515]]}}, "2-39-131-30": {"cycles": {"best_k": 13, "best_silhouette_score": 0.9817073170731707, "other_silhouette_scores": [[13, 0.9817073170731707], [14, 0.9817073170731707], [12, 0.975609756097561], [11, 0.9676829268292683], [10, 0.9546747967479674], [9, 0.9540446934501813], [8, 0.9356963361841412], [7, 0.8853340592590438], [2, 0.7927370370463164], [6, 0.7679837470187285], [5, 0.7192373163379894], [4, 0.6889155003809346], [3, 0.6831832001983846]]}, "instructions": {"best_k": 2, "best_silhouette_score": 0.8981395991725449, "other_silhouette_scores": [[2, 0.8981395991725449], [5, 0.883291252671169], [4, 0.7158440201164389], [3, 0.7156595045241195]]}, "branch": {"best_k": 2, "best_silhouette_score": 0.9385105012251515, "other_silhouette_scores": [[2, 0.9385105012251515], [3, 0.8256090647405616], [4, 0.7087581210642999], [5, 0.7035129799914868]]}}, "2-39-139-28": {"cycles": {"best_k": 12, "best_silhouette_score": 0.9666666666666668, "other_silhouette_scores": [[12, 0.9666666666666668], [11, 0.9634473507712943], [13, 0.9577464788732394], [14, 0.9577464788732394], [15, 0.9577464788732394], [16, 0.9577464788732394], [17, 0.9577464788732394], [18, 0.9577464788732394], [9, 0.9461722086907408], [10, 0.9372149564050972], [8, 0.9180573366941578], [7, 0.7889493554735004], [6, 0.7612612388404314], [5, 0.7523643814385759], [4, 0.7405969301000417], [2, 0.7093480172927206], [3, 0.617509113847984]]}, "instructions": {"best_k": 6, "best_silhouette_score": 0.9754966887417219, "other_silhouette_scores": [[6, 0.9754966887417219], [2, 0.9263582904753228], [5, 0.9062276482083442], [4, 0.7669175195665263], [3, 0.700031224604505]]}, "branch": {"best_k": 2, "best_silhouette_score": 0.9418886511226087, "other_silhouette_scores": [[2, 0.9418886511226087], [7, 0.9169426831539359], [6, 0.854290078078541], [3, 0.7755660733572667], [4, 0.7085898931865089], [5, 0.6856600374731696]]}}}}