{"attack": {"1356948": {"cycles": {"best_k": 44, "best_silhouette_score": 0.9635124711962123, "other_silhouette_scores": [[44, 0.9635124711962123], [43, 0.9599861163335536], [42, 0.9581168831168829], [41, 0.9578437894696242], [38, 0.9565472018701418], [40, 0.9543990975616807], [39, 0.9529864345009107], [37, 0.9523356870795627], [36, 0.950635321125299], [35, 0.9491272078577202], [34, 0.9363543237262618], [33, 0.9357189095313037], [31, 0.9158433878740451], [32, 0.9108661638680883], [30, 0.9105346985052613], [2, 0.8814564978923703], [29, 0.8774791508865185], [27, 0.8716852306490745], [28, 0.8678225435568201], [26, 0.8222722561484496], [25, 0.8185863467693051], [23, 0.8136991243138711], [24, 0.8092036485482282], [3, 0.7747660018871791], [22, 0.7500388655304461], [21, 0.7083622743405816], [20, 0.6728105028425088], [4, 0.6682942693401207], [19, 0.6676340128786439], [18, 0.6432615191765773], [5, 0.6385743649067425], [17, 0.6371548504917406], [6, 0.6356070759140298], [16, 0.6339513696211063], [11, 0.6196920170081133], [13, 0.6179183508338306], [12, 0.6169090108736224], [10, 0.6161953157470638], [9, 0.6158325484863226], [7, 0.611693613633723], [8, 0.6110841613138426], [15, 0.6064730157579343], [14, 0.6012037675079405]]}, "instructions": {"best_k": 32, "best_silhouette_score": 0.9621712407089766, "other_silhouette_scores": [[32, 0.9621712407089766], [37, 0.9605345911949686], [35, 0.9602987421383642], [38, 0.9599056603773585], [34, 0.9598607367475288], [39, 0.9587264150943396], [33, 0.9586814914645099], [2, 0.9584706010243559], [31, 0.9583731781844991], [40, 0.9575471698113207], [41, 0.9575471698113207], [36, 0.9563679245283019], [30, 0.9498826121467632], [29, 0.9484501609501611], [28, 0.9471687762061396], [27, 0.9362197616324975], [26, 0.9189059225858616], [23, 0.909355198889352], [24, 0.9011100012406228], [25, 0.898628306369609], [22, 0.8970898752825761], [21, 0.8795234110536817], [20, 0.8778509059542233], [19, 0.875900299068605], [18, 0.8427232025050655], [3, 0.8179321559499253], [17, 0.7780819720510065], [16, 0.7775946044086347], [4, 0.7000048312340457], [14, 0.6716540365298961], [15, 0.6635262198832714], [13, 0.6503896074279281], [5, 0.6496572708487071], [6, 0.6322362681334456], [10, 0.6309069196724507], [9, 0.629733644806627], [12, 0.6291491683892958], [11, 0.6291286017003624], [8, 0.6180700150670888], [7, 0.6096064686577216]]}, "branch": {"best_k": 2, "best_silhouette_score": 0.9753083122351381, "other_silhouette_scores": [[2, 0.9753083122351381], [38, 0.965034965034965], [39, 0.965034965034965], [40, 0.965034965034965], [41, 0.965034965034965], [42, 0.965034965034965], [35, 0.9642579642579642], [36, 0.9639471639471638], [37, 0.9627039627039627], [33, 0.9587962542507997], [34, 0.958119658119658], [31, 0.9579440167675463], [29, 0.954683069455797], [32, 0.9542864542864542], [30, 0.9520562770562773], [27, 0.9447061183023754], [28, 0.9422972650245377], [24, 0.9283599177390026], [25, 0.9270582106544677], [26, 0.9267796003758569], [23, 0.9051758649496867], [22, 0.8938199225572455], [21, 0.8926885805546912], [19, 0.8693809127918112], [18, 0.8649481294707122], [17, 0.8647850235989611], [20, 0.8402461449890976], [3, 0.818891342773002], [4, 0.7939888252589786], [16, 0.7898438379275721], [5, 0.6956402504113932], [15, 0.6803188456323144], [6, 0.6782811649374256], [14, 0.6577638213168778], [13, 0.6556339688381517], [12, 0.6511349948808255], [11, 0.6405801883329953], [7, 0.6293970645540798], [8, 0.6285495457672938], [10, 0.6258502578360424], [9, 0.6034602801508179]]}}}, "normal": {"1474995": {"cycles": {"best_k": 2, "best_silhouette_score": 0.8724461179316713, "other_silhouette_scores": [[2, 0.8724461179316713], [26, 0.8112857103961528], [25, 0.7890093605097401], [3, 0.7435715429814796], [4, 0.7256131025025813], [5, 0.7167481374247782], [24, 0.7166205316733929], [23, 0.7088717573287885], [21, 0.6924379872791618], [20, 0.6891022624313863], [19, 0.6890277016317041], [22, 0.6874338708466117], [13, 0.6624571173456656], [15, 0.6580915648757936], [18, 0.6575666354958184], [14, 0.654896415927881], [17, 0.6540584436984914], [12, 0.629173573191054], [16, 0.6261246069944101], [8, 0.6154910102856737], [7, 0.6109880917988402], [9, 0.6086647084854104], [11, 0.6081863307511575], [6, 0.6045331397655879], [10, 0.5806924688555337]]}, "instructions": {"best_k": 21, "best_silhouette_score": 0.9338267057972727, "other_silhouette_scores": [[21, 0.9338267057972727], [2, 0.9239798794955003], [20, 0.9221286567590701], [19, 0.9214979149518577], [18, 0.9174254958473894], [17, 0.8861249591708203], [16, 0.882052540066352], [15, 0.8492998489012561], [3, 0.8440721166090014], [4, 0.8170579810630124], [14, 0.7518513145274733], [13, 0.7484700338396066], [12, 0.7428388088258957], [5, 0.6832502013911487], [8, 0.6766867418028635], [9, 0.6753098387525273], [10, 0.6738160720551304], [11, 0.6716931070042346], [6, 0.6127799317908929], [7, 0.6106088581171093]]}, "branch": {"best_k": 2, "best_silhouette_score": 0.9640302525406985, "other_silhouette_scores": [[2, 0.9640302525406985], [20, 0.8651996824349106], [19, 0.8631296779985925], [18, 0.8401863443603024], [16, 0.8397625647039617], [3, 0.8350608739986676], [4, 0.819865632654343], [17, 0.7927313945321063], [15, 0.7213623571176536], [6, 0.7063034664817184], [5, 0.7062073442455223], [14, 0.6848342994381817], [12, 0.6757743505413067], [13, 0.6651605193160577], [11, 0.6558741859192826], [10, 0.6540330878992571], [8, 0.647828337537354], [7, 0.5950457174290401], [9, 0.5893601389761246]]}}}}