{"attack": {"1356948": {"cycles": {"best_k": 41, "best_silhouette_score": 0.963968511073188, "other_silhouette_scores": [[41, 0.963968511073188], [44, 0.9633268735718613], [43, 0.9631598357099469], [42, 0.959633480847289], [40, 0.9572869965965733], [38, 0.9536581211414173], [39, 0.9529864345009107], [37, 0.9523356870795627], [35, 0.9502882467693163], [36, 0.9491247464560707], [34, 0.948674402442253], [33, 0.9357189095313037], [29, 0.9125326206347802], [32, 0.9124262897654066], [2, 0.8814564978923703], [31, 0.8813759251215045], [28, 0.8782585916810715], [30, 0.8750029494064755], [27, 0.8658004880928412], [25, 0.8570220721151689], [26, 0.8221422199014834], [24, 0.8023387654194112], [23, 0.8013987392986054], [3, 0.7699635816934772], [22, 0.7267703300638934], [20, 0.7100860281434315], [4, 0.6723067545857351], [19, 0.6567328854072119], [21, 0.6549907078204026], [5, 0.6538608986287678], [18, 0.6503642428374249], [7, 0.6456796082163357], [16, 0.6426007182916621], [17, 0.6395537481154092], [6, 0.6356070759140298], [15, 0.6320363575051411], [12, 0.6202633275632943], [11, 0.6196920170081133], [10, 0.6179091280009907], [9, 0.6167627709722726], [13, 0.6136417067368195], [14, 0.6069352024878178], [8, 0.5970845353899331]]}, "instructions": {"best_k": 37, "best_silhouette_score": 0.9626572327044027, "other_silhouette_scores": [[37, 0.9626572327044027], [35, 0.9626569774565066], [32, 0.9621712407089766], [38, 0.9599056603773585], [34, 0.9598607367475288], [36, 0.9593553459119492], [39, 0.9587264150943396], [2, 0.9584706010243559], [40, 0.9575471698113207], [41, 0.9575471698113207], [33, 0.9551437556154532], [31, 0.9536806746712407], [30, 0.9522482234746387], [29, 0.9484501609501611], [28, 0.936953599335675], [25, 0.9360490239322337], [27, 0.9351621845135996], [26, 0.9293895963834254], [23, 0.9016690508562762], [24, 0.9011100012406228], [19, 0.8998900721362063], [22, 0.8974526150809631], [21, 0.8860543244501825], [20, 0.881325430981675], [18, 0.8187818519617501], [3, 0.8179321559499253], [17, 0.772335579385959], [16, 0.7283909129008933], [4, 0.7123971706944214], [14, 0.6670785003000657], [15, 0.6666756614800387], [13, 0.6522461290359493], [5, 0.6496572708487071], [10, 0.6327113874110781], [11, 0.6306365961345195], [6, 0.6297520691344571], [9, 0.629733644806627], [12, 0.6273156971025069], [7, 0.6192953153749242], [8, 0.6191015729919868]]}, "branch": {"best_k": 2, "best_silhouette_score": 0.9753083122351381, "other_silhouette_scores": [[2, 0.9753083122351381], [37, 0.965034965034965], [38, 0.965034965034965], [39, 0.965034965034965], [40, 0.965034965034965], [41, 0.965034965034965], [42, 0.965034965034965], [35, 0.9643356643356644], [36, 0.9639471639471638], [34, 0.958119658119658], [28, 0.9566941302903872], [32, 0.955932955932956], [31, 0.9551850506395962], [29, 0.9540673378908675], [33, 0.9539756539756539], [30, 0.9520562770562773], [27, 0.9496545032507601], [25, 0.9450013785976354], [26, 0.9429682265644834], [24, 0.9275253230407715], [23, 0.9043398031870514], [22, 0.8938199225572455], [21, 0.8917987636246645], [19, 0.8674305799137696], [20, 0.8669316413324067], [17, 0.8666828826815667], [18, 0.8367381375705513], [3, 0.818891342773002], [4, 0.7939888252589786], [16, 0.7428115817945012], [15, 0.733168566426578], [5, 0.6956402504113932], [6, 0.6782811649374256], [13, 0.65311639487869], [12, 0.6531005208730886], [11, 0.6501931985736639], [14, 0.6469578484866547], [7, 0.6293970645540798], [9, 0.6276100022665944], [10, 0.6251418022459468], [8, 0.6223879302341715]]}}}, "normal": {"2-39-89-25": {"cycles": {"best_k": 15, "best_silhouette_score": 0.9770114942528736, "other_silhouette_scores": [[15, 0.9770114942528736], [16, 0.9770114942528736], [12, 0.9763729246487867], [14, 0.9741379310344828], [13, 0.9683908045977011], [11, 0.9642218573253059], [10, 0.9446694352283895], [9, 0.9234160857654531], [8, 0.864183509813086], [2, 0.7955710408399469], [7, 0.7651372882430203], [6, 0.7634912101656421], [5, 0.7166487489979806], [4, 0.6537000203959517], [3, 0.6443781402944676]]}, "instructions": {"best_k": 8, "best_silhouette_score": 0.9785714285714285, "other_silhouette_scores": [[8, 0.9785714285714285], [9, 0.9785714285714285], [10, 0.9785714285714285], [11, 0.9785714285714285], [12, 0.9785714285714285], [13, 0.9785714285714285], [7, 0.9464285714285714], [6, 0.9342032967032967], [2, 0.9319879180335152], [5, 0.7507495614407337], [3, 0.7026034965863726], [4, 0.6959488427568532]]}, "branch": {"best_k": 2, "best_silhouette_score": 0.9115472794945396, "other_silhouette_scores": [[2, 0.9115472794945396], [8, 0.8438622849012458], [9, 0.8363740155947946], [10, 0.836306572215663], [7, 0.7082163518868917], [3, 0.6698493669373644], [6, 0.6688268417248399], [5, 0.6527622624404031], [4, 0.6041597933877045]]}}, "2-39-139-28": {"cycles": {"best_k": 11, "best_silhouette_score": 0.9785140562248996, "other_silhouette_scores": [[11, 0.9785140562248996], [13, 0.9759036144578314], [14, 0.9759036144578314], [15, 0.9759036144578314], [16, 0.9759036144578314], [12, 0.9728915662650602], [10, 0.9538068357345465], [9, 0.9362174063902671], [2, 0.8497301927318808], [8, 0.8309923575953746], [7, 0.7380757523637905], [6, 0.7331090829351248], [4, 0.7140629566293143], [3, 0.7116830654241162], [5, 0.6966575697561197]]}, "instructions": {"best_k": 8, "best_silhouette_score": 0.993421052631579, "other_silhouette_scores": [[8, 0.993421052631579], [9, 0.993421052631579], [10, 0.993421052631579], [11, 0.993421052631579], [12, 0.993421052631579], [13, 0.993421052631579], [14, 0.993421052631579], [7, 0.9786184210526315], [6, 0.960679945054945], [5, 0.9298074839354025], [4, 0.8079742180603645], [2, 0.805291501605832], [3, 0.7160325423869991]]}, "branch": {"best_k": 11, "best_silhouette_score": 0.9855072463768116, "other_silhouette_scores": [[11, 0.9855072463768116], [12, 0.9855072463768116], [13, 0.9855072463768116], [10, 0.9818840579710145], [9, 0.9653985507246379], [2, 0.9454238415085858], [8, 0.9359299516908213], [7, 0.9032992398586691], [6, 0.8304887658161655], [3, 0.7341680786155669], [5, 0.7168195551864724], [4, 0.708610496167723]]}}, "2-39-131-30": {"cycles": {"best_k": 5, "best_silhouette_score": 0.9965034965034965, "other_silhouette_scores": [[5, 0.9965034965034965], [6, 0.9965034965034965], [7, 0.9965034965034965], [8, 0.9965034965034965], [9, 0.9965034965034965], [10, 0.9965034965034965], [11, 0.9965034965034965], [12, 0.9965034965034965], [13, 0.9965034965034965], [14, 0.9965034965034965], [15, 0.9965034965034965], [16, 0.9965034965034965], [17, 0.9965034965034965], [18, 0.9965034965034965], [19, 0.9965034965034965], [20, 0.9965034965034965], [21, 0.9965034965034965], [22, 0.9965034965034965], [23, 0.9965034965034965], [24, 0.9965034965034965], [25, 0.9965034965034965], [26, 0.9965034965034965], [27, 0.9965034965034965], [28, 0.9965034965034965], [4, 0.9947552447552448], [3, 0.9850149850149851], [2, 0.9558741258741257]]}, "instructions": {"best_k": 3, "best_silhouette_score": 0.995475113122172, "other_silhouette_scores": [[3, 0.995475113122172], [4, 0.995475113122172], [5, 0.995475113122172], [6, 0.995475113122172], [7, 0.995475113122172], [8, 0.995475113122172], [9, 0.995475113122172], [10, 0.995475113122172], [11, 0.995475113122172], [12, 0.995475113122172], [13, 0.995475113122172], [14, 0.995475113122172], [15, 0.995475113122172], [16, 0.995475113122172], [17, 0.995475113122172], [18, 0.995475113122172], [19, 0.995475113122172], [20, 0.995475113122172], [21, 0.995475113122172], [2, 0.9932126696832579]]}, "branch": {"best_k": 3, "best_silhouette_score": 0.9950248756218906,