{"attack": {"1356948": {"cycles": {"best_k": 33, "best_silhouette_score": 0.9377267083728423, "other_silhouette_scores": [[33, 0.9377267083728423], [31, 0.9306647863508781], [32, 0.9197624169601114], [30, 0.9094360848721892], [2, 0.8814564978923703], [28, 0.8780096501165695], [29, 0.8764840789070129], [25, 0.8532979214388922], [23, 0.8387009730186703], [27, 0.8336316718351899], [26, 0.8163397552323503], [24, 0.8144983641604346], [3, 0.7747660018871791], [22, 0.725793377808436], [20, 0.7134934117538211], [21, 0.7122686998845571], [18, 0.6910666881233407], [4, 0.6723067545857351], [19, 0.6629552747360634], [17, 0.6628875945222591], [5, 0.6538608986287678], [6, 0.6404870807624411], [15, 0.6358676972892714], [7, 0.6328869147998091], [16, 0.6317332033447535], [12, 0.6202633275632943], [10, 0.6179091280009907], [11, 0.6177709604491093], [9, 0.6167627709722726], [13, 0.6091906033627611], [8, 0.6038556573132909], [14, 0.5966844182515924]]}, "instructions": {"best_k": 2, "best_silhouette_score": 0.9584706010243559, "other_silhouette_scores": [[2, 0.9584706010243559], [31, 0.9536806746712407], [30, 0.9498826121467632], [29, 0.9484501609501611], [28, 0.947247372802312], [27, 0.9298538755996708], [26, 0.9293895963834254], [25, 0.9071128365205533], [24, 0.9011100012406228], [21, 0.9009990860802642], [20, 0.9001150494627171], [22, 0.8836870987339003], [23, 0.8821717344466166], [19, 0.8792902605674614], [3, 0.8179321559499253], [17, 0.776750516874473], [18, 0.7656937909693422], [15, 0.7365017496696368], [16, 0.7223021317081861], [4, 0.7123971706944214], [5, 0.6627711416431197], [13, 0.6436632153818795], [14, 0.6409026990174357], [11, 0.638099274408258], [12, 0.6334149557441707], [10, 0.6312342493215102], [6, 0.6310004734519634], [8, 0.6272864605252751], [7, 0.618905990720255], [9, 0.60433649107002]]}, "branch": {"best_k": 2, "best_silhouette_score": 0.9753083122351381, "other_silhouette_scores": [[2, 0.9753083122351381], [3, 0.8221709675482263], [4, 0.7939888252589786], [16, 0.7914805935962458], [17, 0.7863820282545017], [13, 0.7225795786435362], [5, 0.6956402504113932], [15, 0.6813054276611195], [6, 0.6782811649374256], [14, 0.6570480958705052], [12, 0.6530633572701844], [8, 0.6285495457672938], [9, 0.6281982400200367], [10, 0.6257300399993891], [7, 0.622760515436085], [11, 0.6175139642016856]]}}}, "normal": {"1474995": {"cycles": {"best_k": 2, "best_silhouette_score": 0.8724461179316713, "other_silhouette_scores": [[2, 0.8724461179316713], [3, 0.7435715429814796], [4, 0.7256131025025813], [5, 0.7167481374247782], [17, 0.6589872094433962], [15, 0.6580915648757936], [16, 0.6358528203604763], [14, 0.6273149759752392], [13, 0.6251505846853069], [11, 0.6176809407973175], [7, 0.6170317868057447], [8, 0.6154910102856737], [10, 0.6134860663976782], [9, 0.6086647084854104], [6, 0.5996454942029679], [12, 0.5883014929628078]]}, "instructions": {"best_k": 2, "best_silhouette_score": 0.9239798794955003, "other_silhouette_scores": [[2, 0.9239798794955003], [3, 0.8440721166090014], [4, 0.8170579810630124], [14, 0.7509542427926136], [13, 0.7125509968947153], [12, 0.7029981504193802], [11, 0.7003089883316536], [5, 0.6832502013911487], [9, 0.6753098387525273], [8, 0.6746913317015745], [10, 0.6738160720551304], [6, 0.6127799317908929], [7, 0.6106088581171093]]}, "branch": {"best_k": 2, "best_silhouette_score": 0.9640302525406985, "other_silhouette_scores": [[2, 0.9640302525406985], [3, 0.8350608739986676], [4, 0.819865632654343], [5, 0.7062073442455223], [6, 0.7047988855481706], [7, 0.6227260705726672]]}}}}