{"attack": {"2597167": {"cycles": {"best_k": 2, "best_silhouette_score": 0.8943129455350163, "other_silhouette_scores": [[2, 0.8943129455350163], [26, 0.8338892169966117], [25, 0.7958355424525133], [3, 0.7354848203932819], [24, 0.7310819292414618], [4, 0.6947825388015874], [5, 0.6913570710154983], [22, 0.6835471056994578], [23, 0.6766506619728492], [17, 0.6356703711791944], [16, 0.6343606651068178], [19, 0.6323716636406791], [20, 0.6275170312012069], [7, 0.6185724814431781], [21, 0.6183004057827926], [18, 0.6176985831551193], [14, 0.6140920624596178], [6, 0.6125098188306398], [8, 0.6065599523420385], [10, 0.6040591134801541], [11, 0.6022178633995519], [12, 0.5985069329210958], [9, 0.591925993687776], [13, 0.5902338101337928], [15, 0.5834944292072204]]}, "instructions": {"best_k": 2, "best_silhouette_score": 0.9669209232631448, "other_silhouette_scores": [[2, 0.9669209232631448], [3, 0.7986619709969992], [4, 0.726307788283065], [13, 0.6670846865097986], [5, 0.6535495308339605], [6, 0.651306038073121], [11, 0.6435087771415595], [12, 0.6397267097443826], [8, 0.6350420332679], [7, 0.632621781951528], [9, 0.6316991485886968], [10, 0.624384559317021]]}, "branch": {"best_k": 2, "best_silhouette_score": 0.9744786984378895, "other_silhouette_scores": [[2, 0.9744786984378895], [3, 0.8263397953873473], [4, 0.7692064069789823], [14, 0.6752977241574795], [5, 0.6633974302958331], [13, 0.6595085324610989], [6, 0.6580517510686514], [12, 0.655839238926674], [9, 0.6476864964614101], [11, 0.6445755665997459], [8, 0.6439936789640043], [10, 0.6395949262299288], [7, 0.6374571645887835]]}}}, "normal": {"2658893": {"cycles": {"best_k": 2, "best_silhouette_score": 0.8860102355987413, "other_silhouette_scores": [[2, 0.8860102355987413], [17, 0.7254136567892713], [3, 0.6868491909143667], [16, 0.6865167653252513], [4, 0.6706544883032755], [15, 0.6652575484426035], [5, 0.6649305915500173], [12, 0.6544713275423366], [11, 0.6511493535244048], [14, 0.6418488768807548], [13, 0.6292531218168451], [10, 0.6216857355871992], [6, 0.604879783244975], [7, 0.5970035514116339], [8, 0.5877930100132701], [9, 0.5855135662253883]]}, "instructions": {"best_k": 2, "best_silhouette_score": 0.9454002641565522, "other_silhouette_scores": [[2, 0.9454002641565522], [12, 0.8898955077010113], [13, 0.8888782144932978], [3, 0.8085785417133403], [4, 0.7778981455335002], [11, 0.7743113367536102], [10, 0.7298680309951716], [9, 0.6873138937312349], [7, 0.6765911159914159], [8, 0.6677893900619238], [6, 0.6380599006524883], [5, 0.6288038281535974]]}, "branch": {"best_k": 2, "best_silhouette_score": 0.9679757461789991, "other_silhouette_scores": [[2, 0.9679757461789991], [3, 0.888237747152905], [4, 0.7998907891004754], [5, 0.6619371776101359], [6, 0.6450947463865639]]}}}}