{"attack": {"cycles": {"best_k": 5, "best_silhouette_score": 0.9758064516129032, "other_silhouette_scores": [[5, 0.9758064516129032], [4, 0.9019361368682252], [3, 0.7520983080817835], [2, 0.7297718183143105]]}, "branch": {"best_k": 2, "best_silhouette_score": 0.8589429256095924, "other_silhouette_scores": [[2, 0.8589429256095924]]}, "instructions": {"best_k": -1.0, "best_silhouette_score": -1.0, "other_silhouette_scores": []}}, "normal": {"cycles": {"best_k": 7, "best_silhouette_score": 0.9655172413793104, "other_silhouette_scores": [[7, 0.9655172413793104], [6, 0.902736131934033], [5, 0.9026124437781109], [2, 0.7077206357586253], [4, 0.7045852554491984], [3, 0.6806011883987664]]}, "branch": {"best_k": -1.0, "best_silhouette_score": -1.0, "other_silhouette_scores": []}, "instructions": {"best_k": 2, "best_silhouette_score": 0.8750499952945603, "other_silhouette_scores": [[2, 0.8750499952945603]]}}}