{"attack": {"2-39-131-30": {"cycles": {"best_k": 9, "best_silhouette_score": 0.9925925925925926, "other_silhouette_scores": [[9, 0.9925925925925926], [10, 0.9925925925925926], [11, 0.9925925925925926], [12, 0.9925925925925926], [13, 0.9925925925925926], [8, 0.9777777777777777], [7, 0.9551214217880885], [6, 0.9292988420439401], [5, 0.8975168516835185], [4, 0.8423998153380002], [2, 0.7337650465481691], [3, 0.6985767413644898]]}, "instructions": {"best_k": 6, "best_silhouette_score": 0.9805825242718447, "other_silhouette_scores": [[6, 0.9805825242718447], [7, 0.9805825242718447], [8, 0.9805825242718447], [9, 0.9805825242718447], [5, 0.941747572815534], [2, 0.9182472534750818], [4, 0.8227803573941186], [3, 0.7431123228182789]]}, "branch": {"best_k": 6, "best_silhouette_score": 1.0, "other_silhouette_scores": [[6, 1.0], [7, 1.0], [8, 1.0], [9, 1.0], [10, 1.0], [11, 1.0], [5, 0.9367892976588629], [4, 0.7393825141236408], [3, 0.7295498414128725], [2, 0.729302460146791]]}}, "2-39-139-28": {"cycles": {"best_k": 4, "best_silhouette_score": 0.9951690821256038, "other_silhouette_scores": [[4, 0.9951690821256038], [5, 0.9951690821256038], [6, 0.9951690821256038], [7, 0.9951690821256038], [8, 0.9951690821256038], [9, 0.9951690821256038], [10, 0.9951690821256038], [11, 0.9951690821256038], [12, 0.9951690821256038], [13, 0.9951690821256038], [14, 0.9951690821256038], [15, 0.9951690821256038], [16, 0.9951690821256038], [17, 0.9951690821256038], [18, 0.9951690821256038], [19, 0.9951690821256038], [20, 0.9951690821256038], [3, 0.9927536231884058], [2, 0.9425262858766694]]}, "instructions": {"best_k": 4, "best_silhouette_score": 0.9934640522875817, "other_silhouette_scores": [[4, 0.9934640522875817], [5, 0.9934640522875817], [6, 0.9934640522875817], [7, 0.9934640522875817], [8, 0.9934640522875817], [9, 0.9934640522875817], [10, 0.9934640522875817], [11, 0.9934640522875817], [12, 0.9934640522875817], [13, 0.9934640522875817], [14, 0.9934640522875817], [3, 0.9901960784313726], [2, 0.957758412006778]]}, "branch": {"best_k": 5, "best_silhouette_score": 0.9885714285714285, "other_silhouette_scores": [[5, 0.9885714285714285], [6, 0.9885714285714285], [7, 0.9885714285714285], [8, 0.9885714285714285], [9, 0.9885714285714285], [10, 0.9885714285714285], [11, 0.9885714285714285], [12, 0.9885714285714285], [13, 0.9885714285714285], [14, 0.9885714285714285], [15, 0.9885714285714285], [16, 0.9885714285714285], [17, 0.9885714285714285], [4, 0.9857142857142858], [3, 0.9633211233211234], [2, 0.932374149659864]]}}, "2-39-89-25": {"cycles": {"best_k": 5, "best_silhouette_score": 0.9943502824858758, "other_silhouette_scores": [[5, 0.9943502824858758], [6, 0.9943502824858758], [7, 0.9943502824858758], [8, 0.9943502824858758], [9, 0.9943502824858758], [10, 0.9943502824858758], [11, 0.9943502824858758], [12, 0.9943502824858758], [13, 0.9943502824858758], [14, 0.9943502824858758], [15, 0.9943502824858758], [16, 0.9943502824858758], [17, 0.9943502824858758], [4, 0.9789419619928095], [3, 0.9612994350282487], [2, 0.8628153099387285]]}, "instructions": {"best_k": 2, "best_silhouette_score": 1.0, "other_silhouette_scores": [[2, 1.0], [3, 1.0], [4, 1.0], [5, 1.0], [6, 1.0], [7, 1.0], [8, 1.0], [9, 1.0], [10, 1.0], [11, 1.0]]}, "branch": {"best_k": 4, "best_silhouette_score": 0.991869918699187, "other_silhouette_scores": [[4, 0.991869918699187], [5, 0.991869918699187], [6, 0.991869918699187], [7, 0.991869918699187], [8, 0.991869918699187], [9, 0.991869918699187], [10, 0.991869918699187], [11, 0.991869918699187], [3, 0.9569105691056911], [2, 0.9200542005420055]]}}}, "normal": {"2-39-139-28": {"cycles": {"best_k": 3, "best_silhouette_score": 0.9955555555555555, "other_silhouette_scores": [[3, 0.9955555555555555], [4, 0.9955555555555555], [5, 0.9955555555555555], [6, 0.9955555555555555], [7, 0.9955555555555555], [8, 0.9955555555555555], [9, 0.9955555555555555], [10, 0.9955555555555555], [11, 0.9955555555555555], [12, 0.9955555555555555], [13, 0.9955555555555555], [14, 0.9955555555555555], [15, 0.9955555555555555], [16, 0.9955555555555555], [17, 0.9955555555555555], [18, 0.9955555555555555], [19, 0.9955555555555555], [20, 0.9955555555555555], [21, 0.9955555555555555], [2, 0.9933333333333333]]}, "instructions": {"best_k": 3, "best_silhouette_score": 0.9940119760479041, "other_silhouette_scores": [[3, 0.9940119760479041], [4, 0.9940119760479041], [5, 0.9940119760479041], [6, 0.9940119760479041], [7, 0.9940119760479041], [8, 0.9940119760479041], [9, 0.9940119760479041], [10, 0.9940119760479041], [11, 0.9940119760479041], [12, 0.9940119760479041], [13, 0.9940119760479041], [14, 0.9940119760479041], [15, 0.9940119760479041], [16, 0.9940119760479041], [2, 0.9910179640718563]]}, "branch": {"best_k": 3, "best_silhouette_score": 0.9941860465116279, "other_silhouette_scores": [[3, 0.9941860465116279], [4, 0.9941860465116279], [5, 0.9941860465116279], [6, 0.9941860465116279], [7, 0.9941860465116279], [8, 0.9941860465116279], [9, 0.9941860465116279], [10, 0.9941860465116279], [11, 0.9941860465116279], [12, 0.9941860465116279], [13, 0.9941860465116279], [14, 0.9941860465116279], [15, 0.9941860465116279], [16, 0.9941860465116279], [2, 0.9844961240310076]]}}, "2-39-131-30": {"cycles": {"best_k": 3, "best_silhouette_score": 0.9952830188679245, "other_silhouette_scores": [[3, 0.9952830188679245], [4, 0.9952830188679245], [5, 0.9952830188679245], [6, 0.9952830188679245], [7, 0.9952830188679245], [8, 0.9952830188679245], [9, 0.9952830188679245], [10, 0.9952830188679245], [11, 0.9952830188679245], [12, 0.9952830188679245], [13, 0.9952830188679245], [14, 0.9952830188679245], [15, 0.9952830188679245], [16, 0.9952830188679245], [17, 0.9952830188679245], [18, 0.9952830188679245], [19, 0.9952830188679245], [20, 0.9952830188679245], [2, 0.9874213836477986]]}, "instructions": {"best_k": 3, "best_silhouette_score": 0.993006993006993, "other_silhouette_scores": [[3, 0.993006993006993], [4, 0.993006993006993], [5, 0.993006993006993], [6, 0.993006993006993], [7, 0.993006993006993], [8, 0.993006993006993], [9, 0.993006993006993], [10, 0.993006993006993], [11, 0.993006993006993], [12, 0.993006993006993], [13, 0.993006993006993], [2, 0.9895104895104895]]}, "branch": {"best_k": 3, "best_silhouette_score": 0.9934640522875817, "other_silhouette_scores": [[3, 0.9934640522875817], [4, 0.9934640522875817], [5, 0.9934640522875817], [6, 0.9934640522875817], [7, 0.9934640522875817], [8, 0.9934640522875817], [9, 0.9934640522875817], [10, 0.9934640522875817], [11, 0.9934640522875817], [12, 0.9934640522875817], [13, 0.9934640522875817], [14, 0.9934640522875817], [2, 0.982570806100218]]}}, "2-39-89-25": {"cycles": {"best_k": 11, "best_silhouette_score": 0.9175162823446575, "other_silhouette_scores": [[11, 0.9175162823446575], [10, 0.8557440483674547], [8, 0.7913974833745766], [9, 0.7827076644615054], [7, 0.74318159290406], [6, 0.7126215538600327], [5, 0.7114744651149901], [2, 0.6974470813135447], [3, 0.6247402566178372], [4, 0.6221888838686697]]}, "instructions": {"best_k": 7, "best_silhouette_score": 0.9659956726826029, "other_silhouette_scores": [[7, 0.9659956726826029], [8, 0.9505494505494505], [6, 0.8883289158500085], [2, 0.876299277730358], [5, 0.7230636308558884], [4, 0.684145353494931], [3, 0.6747994181419203]]}, "branch": {"best_k": 2, "best_silhouette_score": 0.9381173941257258, "other_silhouette_scores": [[2, 0.9381173941257258], [9, 0.9365889212827989], [8, 0.8734204720849378], [7, 0.8238930725558008], [6, 0.7662480108322398], [4, 0.7124258738032774], [3, 0.6947556406616012], [5, 0.6889810839665335]]}}}}