{"attack": {"1792698": {"cycles": {"best_k": 2, "best_silhouette_score": 0.8905708357483184, "other_silhouette_scores": [[2, 0.8905708357483184], [30, 0.8665484685055815], [31, 0.8650207932592098], [28, 0.8630458731295578], [29, 0.8482867724972919], [25, 0.8142497631471983], [26, 0.8138594033587843], [23, 0.809002046985798], [27, 0.8034326922444638], [24, 0.80221886167519], [20, 0.7737065846832075], [3, 0.7465218335501668], [21, 0.7226907360559479], [22, 0.7185661995592462], [4, 0.6778147357429948], [5, 0.6466993612681076], [6, 0.6465668061567091], [7, 0.6453546713346736], [18, 0.6353611346891281], [19, 0.633525814998831], [16, 0.6191797562896629], [14, 0.6163890757269815], [17, 0.6144479648165128], [11, 0.6113547109945996], [9, 0.60850375107504], [13, 0.607662207761934], [12, 0.6072587368211432], [10, 0.6043887542474669], [8, 0.5876917597842475], [15, 0.5857082956039553]]}, "instructions": {"best_k": 2, "best_silhouette_score": 0.9636015791965649, "other_silhouette_scores": [[2, 0.9636015791965649], [25, 0.9360178867414185], [23, 0.9137058744324917], [24, 0.9053066832392619], [21, 0.8960963804561671], [22, 0.8947054266555048], [20, 0.8555105572422168], [19, 0.8532418589910087], [18, 0.8482421834680701], [17, 0.8235100895385932], [3, 0.8078604164332112], [16, 0.7552805508413872], [14, 0.7172161436179842], [4, 0.69636439430137], [15, 0.6906505248680047], [13, 0.6451731577669363], [12, 0.6437912735679738], [11, 0.6401092073036431], [8, 0.6394800706379082], [9, 0.6378196244932504], [6, 0.6345063713328816], [10, 0.6321315749808134], [7, 0.630796250769328], [5, 0.622907972948443]]}, "branch": {"best_k": 2, "best_silhouette_score": 0.9748242667219607, "other_silhouette_scores": [[2, 0.9748242667219607], [3, 0.8240780629187949], [4, 0.7848322209478817], [13, 0.6743682612410129], [14, 0.6707076324112096], [7, 0.6667711008293047], [6, 0.66588012557598], [5, 0.664488460145686], [12, 0.6471340832067619], [10, 0.6315552592128787], [11, 0.6265595305601565], [8, 0.6228977754072011], [9, 0.6200215564984307]]}}}, "normal": {"1910464": {"cycles": {"best_k": 2, "best_silhouette_score": 0.8758467524423519, "other_silhouette_scores": [[2, 0.8758467524423519], [21, 0.7711256500333485], [22, 0.7705946661713116], [3, 0.7692644995156359], [20, 0.707043511483571], [19, 0.6973313187783865], [5, 0.6927859271583667], [4, 0.688646238912604], [18, 0.6624671429477528], [15, 0.661221363479801], [17, 0.6610348471033103], [16, 0.6598641495647151], [14, 0.6574333703453813], [6, 0.6409188467860616], [11, 0.6367405030043817], [12, 0.619140612527031], [13, 0.6179273818583337], [8, 0.6143589951972959], [9, 0.6128314910080146], [7, 0.6116519767335495], [10, 0.6060300929154844]]}, "instructions": {"best_k": 2, "best_silhouette_score": 0.9203496743884882, "other_silhouette_scores": [[2, 0.9203496743884882], [4, 0.7656555347078066], [3, 0.7624554710506899], [5, 0.7116576378955484], [13, 0.6995053808504528], [12, 0.6730930122866828], [11, 0.6682610916467019], [10, 0.6676331191697432], [9, 0.6644355871724292], [8, 0.6559712606581115], [6, 0.6475456976538364], [7, 0.6225705344521221]]}, "branch": {"best_k": 2, "best_silhouette_score": 0.9426727731016544, "other_silhouette_scores": [[2, 0.9426727731016544], [3, 0.9070008025860335], [4, 0.7984672043347524], [5, 0.6762201873131231]]}}}}