{"attack": {"1792698": {"cycles": {"best_k": 45, "best_silhouette_score": 0.9498459690893892, "other_silhouette_scores": [[45, 0.9498459690893892], [44, 0.9489953577124621], [43, 0.9444144610263023], [42, 0.9383196786157305], [39, 0.9361594484949741], [40, 0.9304980411888301], [37, 0.930286794102584], [41, 0.9263468804587219], [38, 0.9260208744372427], [35, 0.9137890643211848], [36, 0.9136189128352445], [33, 0.9087116796479354], [34, 0.9086000227985028], [32, 0.8922502534490645], [2, 0.8905708357483184], [30, 0.8728686436386659], [28, 0.8607434201157319], [27, 0.8604065252805746], [31, 0.855072460236012], [25, 0.8495292650559085], [29, 0.8470343508511087], [26, 0.8056691876703935], [21, 0.7773983952632687], [24, 0.7675493665036661], [3, 0.7423797514784528], [22, 0.7342252434207475], [23, 0.7325877986683034], [18, 0.6944509066565575], [20, 0.6865140353608566], [4, 0.6797674098077158], [19, 0.678603875064284], [5, 0.6574622334377509], [6, 0.6465668061567091], [7, 0.6453546713346736], [15, 0.6233208137743584], [17, 0.6150927632105445], [16, 0.6144923302708295], [14, 0.6114461934715425], [12, 0.6101389800690282], [8, 0.6095108575779729], [9, 0.60850375107504], [10, 0.6074861835690005], [11, 0.6023130186382156], [13, 0.6011500607213094]]}, "instructions": {"best_k": 35, "best_silhouette_score": 0.9781644753802531, "other_silhouette_scores": [[35, 0.9781644753802531], [34, 0.9758442897654038], [36, 0.9725444702242849], [39, 0.9721577726218097], [40, 0.9721577726218097], [41, 0.9721577726218097], [42, 0.9721577726218097], [37, 0.9698375870069605], [38, 0.9698375870069605], [33, 0.9672774505721146], [32, 0.9641853570507868], [2, 0.9636015791965649], [31, 0.958448634376709], [30, 0.9541756258693616], [28, 0.9534507932129742], [29, 0.9503666544849843], [27, 0.949908546320545], [26, 0.9492813064738819], [25, 0.9351449970634245], [24, 0.9185613540521388], [22, 0.9156514200697075], [23, 0.9025648448719971], [21, 0.8955914077654042], [19, 0.8582102599077547], [20, 0.8527166876436859], [17, 0.8454328793793967], [18, 0.8256699523744155], [3, 0.8078604164332112], [15, 0.750227942793005], [16, 0.7497475003893089], [4, 0.7105780485825818], [14, 0.6680479254799189], [5, 0.6486523334091122], [13, 0.6453741664926385], [11, 0.6448697162471767], [12, 0.6440656679409377], [9, 0.6404842225417958], [8, 0.6394744198027487], [6, 0.6336612614310156], [10, 0.626432934899801], [7, 0.6260973482256017]]}, "branch": {"best_k": 2, "best_silhouette_score": 0.9748242667219607, "other_silhouette_scores": [[2, 0.9748242667219607], [31, 0.9726134585289518], [33, 0.9726134585289518], [32, 0.9692879499217526], [34, 0.9671361502347418], [30, 0.9667449139280127], [35, 0.965962441314554], [36, 0.9647887323943662], [37, 0.9647887323943662], [38, 0.9647887323943662], [39, 0.9647887323943662], [40, 0.9647887323943662], [41, 0.9647887323943662], [42, 0.9647887323943662], [28, 0.9631064162754306], [27, 0.9582035530979194], [29, 0.9566845517549742], [26, 0.9448749311817108], [25, 0.9429638749279315], [23, 0.9402276568337321], [24, 0.9170797299325675], [22, 0.8935242374847687], [21, 0.8910045887653414], [19, 0.8542577124197885], [18, 0.8502085174147341], [20, 0.8427141292916228], [16, 0.8315784942752429], [3, 0.8240780629187949], [4, 0.7848322209478817], [17, 0.7840654265889433], [15, 0.7425508627474378], [13, 0.6689702351483087], [7, 0.6667711008293047], [6, 0.66588012557598], [5, 0.664488460145686], [14, 0.6555188873354726], [12, 0.6376904843838578], [10, 0.6348102164086228], [11, 0.6303657334625873], [8, 0.6228977754072011], [9, 0.6200215564984307]]}}}, "normal": {"2-39-139-28": {"cycles": {"best_k": 14, "best_silhouette_score": 0.9705882352941176, "other_silhouette_scores": [[14, 0.9705882352941176], [15, 0.9705882352941176], [16, 0.9705882352941176], [12, 0.9678431372549021], [13, 0.964705882352941], [9, 0.9637695709862893], [11, 0.960637254901961], [10, 0.9585235816814764], [8, 0.9063479671621404], [7, 0.8647527078969377], [2, 0.805207702223172], [6, 0.7948878712113774], [5, 0.7827868042884979], [4, 0.7779040406883021], [3, 0.7339618669036414]]}, "instructions": {"best_k": 9, "best_silhouette_score": 0.9803921568627451, "other_silhouette_scores": [[9, 0.9803921568627451], [10, 0.9803921568627451], [11, 0.9803921568627451], [12, 0.9803921568627451], [13, 0.9803921568627451], [14, 0.9803921568627451], [8, 0.9771241830065359], [7, 0.9605664488017428], [6, 0.9377555277430121], [5, 0.9363254580792127], [2, 0.8260948419052944], [4, 0.8090962309730841], [3, 0.7837678981349451]]}, "branch": {"best_k": 11, "best_silhouette_score": 0.9735099337748344, "other_silhouette_scores": [[11, 0.9735099337748344], [12, 0.9735099337748344], [13, 0.9735099337748344], [14, 0.9735099337748344], [10, 0.9701986754966887], [2, 0.943373359708919], [9, 0.9331295635931397], [8, 0.9007542310522443], [7, 0.8434780048153259], [3, 0.7396996517735449], [6, 0.7369867686235428], [5, 0.7234218108978967], [4, 0.7149600744671497]]}}, "2-39-89-25": {"cycles": {"best_k": 13, "best_silhouette_score": 0.9812362030905079, "other_silhouette_scores": [[13, 0.9812362030905079], [12, 0.9779249448123621], [14, 0.9735099337748344], [11, 0.9567328918322298], [10, 0.9416353263433336], [9, 0.9355646861667332], [8, 0.9006914815008333], [2, 0.77592911097268], [6, 0.7738346214206726], [7, 0.769445731211233], [5, 0.7052291181027558], [3, 0.688451587846777], [4, 0.6431605019414666]]}, "instructions": {"best_k": 9, "best_silhouette_score": 0.9754098360655737, "other_silhouette_scores": [[9, 0.9754098360655737], [10, 0.9754098360655737], [11, 0.9754098360655737], [8, 0.9713114754098361], [7, 0.9710635745701719], [2, 0.9217972888252817], [6, 0.8796205468429912], [3, 0.7589269782609577], [5, 0.7339678652637229], [4, 0.703432959302679]]}, "branch": {"best_k": 12, "best_silhouette_score": 0.9707461932141276, "other_silhouette_scores": [[12, 0.9707461932141276], [11, 0.9503201280512206], [10, 0.9345550071453482], [2, 0.9236921560597925], [9, 0.8585841206267261], [8, 0.7621737398360395], [6, 0.7338143269512916], [7, 0.7236711670861915], [3, 0.6948224862660788], [5, 0.693584271177494], [4, 0.6879573295214871]]}}, "2-39-131-30": {"cycles": {"best_k": 14, "best_silhouette_score": 0.9759036144578314, "other_silhouette_scores": [[14, 0.9759036144578314], [15, 0.9759036144578314], [16, 0.9759036144578314], [10, 0.9734951711608337], [12, 0.9712349397590361], [13, 0.9698795180722891], [11, 0.9682228915662651], [9, 0.9361101796899334], [8, 0.887852936671035], [7, 0.8828337764062304], [6, 0.8792617466065636], [2, 0.7347746566896638], [3, 0.7151840020274388], [5, 0.7142509464892568], [4, 0.6848237551763908]]}, "instructions": {"best_k": 9, "best_silhouette_score": 0.9696969696969697, "other_silhouette_scores": [[9, 0.9696969696969697], [7, 0.9471992653810837], [8, 0.9421487603305786], [6, 0.8681257014590347], [5, 0.8601280874008147], [2, 0.82620119724246], [4, 0.7063599554715254], [3, 0.6998110800358356]]}, "branch": {"best_k": 2, "best_silhouette_score": 0.8929494700097995, "other_silhouette_scores": [[2, 0.8929494700097995], [8, 0.8393960126944001], [3, 0.7304432060330085], [4, 0.7232863201921409], [5, 0.7199800156947282], [7, 0.6793284560255514], [6, 0.6538491853360251]]}}}}