{"attack": {"1792698": {"cycles": {"best_k": 2, "best_silhouette_score": 0.8905708357483184, "other_silhouette_scores": [[2, 0.8905708357483184], [31, 0.8633006998957693], [30, 0.8606136805854467], [25, 0.850241966671832], [29, 0.8471044604229534], [27, 0.827776108585494], [28, 0.8275536199128205], [23, 0.8099883771181491], [24, 0.807100027010295], [26, 0.8052856091714875], [3, 0.7687531968780215], [19, 0.7301288359142786], [4, 0.6797674098077158], [22, 0.6786220802585843], [5, 0.6575859967823059], [21, 0.6507979839148257], [18, 0.6505349031562583], [6, 0.6467311453017525], [17, 0.6441827675382155], [20, 0.6409958102887479], [7, 0.6287562448132821], [16, 0.6249868808270719], [15, 0.6235584779459342], [12, 0.6124013518537006], [8, 0.6095108575779729], [11, 0.6095089264501747], [13, 0.604859764248511], [14, 0.603570729112495], [9, 0.5963886928723253], [10, 0.5953711253662859]]}, "instructions": {"best_k": 2, "best_silhouette_score": 0.9636015791965649, "other_silhouette_scores": [[2, 0.9636015791965649], [25, 0.9380469134094669], [24, 0.9357871866316659], [23, 0.9161589968976733], [22, 0.9120832669422919], [20, 0.8819375169612392], [21, 0.8792867431400823], [19, 0.8513198912266883], [18, 0.8175740396266001], [3, 0.8078604164332112], [17, 0.757756406360471], [16, 0.7572442313294153], [15, 0.7520714968525792], [4, 0.7105780485825818], [14, 0.6804684415800376], [12, 0.6456012469452289], [5, 0.6440818883266329], [11, 0.6401092073036431], [8, 0.6394800706379082], [13, 0.6393937765810676], [6, 0.6336612614310156], [9, 0.6316375703052113], [7, 0.6260973482256017], [10, 0.6254706332077941]]}, "branch": {"best_k": 2, "best_silhouette_score": 0.9748242667219607, "other_silhouette_scores": [[2, 0.9748242667219607], [3, 0.8263288700660405], [4, 0.7848322209478817], [6, 0.66588012557598], [5, 0.664488460145686], [14, 0.6615711098316747], [12, 0.6471340832067619], [7, 0.6372940306345689], [13, 0.6345586764079874], [11, 0.6320891912127499], [10, 0.6315552592128787], [8, 0.6228977754072011], [9, 0.6200215564984307]]}}}, "normal": {"1910464": {"cycles": {"best_k": 2, "best_silhouette_score": 0.8758467524423519, "other_silhouette_scores": [[2, 0.8758467524423519], [3, 0.7708382140659147], [21, 0.7353833025343018], [18, 0.7343703271827062], [22, 0.7320687224096485], [20, 0.7312208487857693], [19, 0.707521332041348], [4, 0.691971257658735], [5, 0.6891220264946764], [16, 0.6668031691409052], [17, 0.6587097762774803], [14, 0.6562082455446843], [15, 0.650668878229333], [6, 0.6435333208498445], [13, 0.6352569632684267], [8, 0.6143589951972959], [11, 0.6108213346142083], [7, 0.6090009056501181], [10, 0.6078500762802834], [12, 0.6051479634962125], [9, 0.5608620884181056]]}, "instructions": {"best_k": 2, "best_silhouette_score": 0.9203496743884882, "other_silhouette_scores": [[2, 0.9203496743884882], [3, 0.7624554710506899], [5, 0.7116576378955484], [4, 0.7095624068966515], [13, 0.6995053808504528], [10, 0.6768302898498889], [12, 0.6717534871619306], [11, 0.6692656864405719], [8, 0.6592712052863149], [9, 0.658646264987934], [6, 0.6475456976538364], [7, 0.6197635429530284]]}, "branch": {"best_k": 2, "best_silhouette_score": 0.9426727731016544, "other_silhouette_scores": [[2, 0.9426727731016544], [3, 0.9070008025860335], [4, 0.7984672043347524], [5, 0.6762201873131231]]}}}}