{"attack": {"1792698": {"cycles": {"best_k": 45, "best_silhouette_score": 0.9511883401686024, "other_silhouette_scores": [[45, 0.9511883401686024], [44, 0.9489953577124621], [43, 0.9444144610263023], [42, 0.9410988804080903], [39, 0.9332099004796367], [38, 0.9328816042631837], [40, 0.9307318169160278], [37, 0.930286794102584], [41, 0.9284512575630991], [36, 0.9185167299011697], [35, 0.9183588359739676], [32, 0.8934093687088368], [2, 0.8905708357483184], [34, 0.8903972315580699], [33, 0.8846292175597096], [31, 0.8710691742812604], [29, 0.8644593382991171], [30, 0.8643939007460009], [27, 0.8520287505034939], [28, 0.8498928629605502], [26, 0.8471828219617341], [23, 0.8083740928959907], [24, 0.8079753584465954], [21, 0.8024735394964994], [25, 0.775771554675962], [22, 0.7738299226650694], [3, 0.7465218335501668], [4, 0.6797674098077158], [5, 0.6656997577880174], [6, 0.6574580868348955], [20, 0.6541865094890793], [7, 0.6453546713346736], [19, 0.6445998345788938], [18, 0.6415522212767631], [16, 0.6249129647913706], [17, 0.6198251453401783], [12, 0.6182378675071534], [13, 0.6165968641119772], [15, 0.6135941262271587], [14, 0.6103513590270575], [9, 0.6102080012963981], [8, 0.6095108575779729], [10, 0.6074861835690005], [11, 0.6025598506465628]]}, "instructions": {"best_k": 34, "best_silhouette_score": 0.9758442897654038, "other_silhouette_scores": [[34, 0.9758442897654038], [35, 0.975483372003094], [36, 0.9725444702242849], [39, 0.9721577726218097], [40, 0.9721577726218097], [41, 0.9721577726218097], [42, 0.9721577726218097], [38, 0.9698375870069605], [37, 0.96983758700696], [33, 0.9688837329208562], [32, 0.9668729053879868], [2, 0.9636015791965649], [31, 0.9523619716195126], [27, 0.9519005549748007], [28, 0.9509338109686137], [29, 0.9503666544849843], [30, 0.9503511440866433], [26, 0.9501541961518759], [25, 0.9369116856824993], [24, 0.9172834959485064], [23, 0.9166766557392304], [22, 0.9121996602160234], [21, 0.8966008457134332], [20, 0.8762330736241828], [19, 0.8564902998059207], [17, 0.8473965598674248], [18, 0.8237180342636256], [3, 0.8078604164332112], [15, 0.7528970916228943], [16, 0.7519793271458511], [4, 0.7133265341558782], [14, 0.6742491298156624], [11, 0.6570807878900097], [12, 0.6474398390979659], [13, 0.6470610625940648], [10, 0.6444183385457043], [8, 0.6388721983753167], [9, 0.6378892891307257], [6, 0.6348796618607058], [7, 0.630796250769328], [5, 0.6280222547209787]]}, "branch": {"best_k": 30, "best_silhouette_score": 0.9760172143974963, "other_silhouette_scores": [[30, 0.9760172143974963], [2, 0.9748242667219607], [31, 0.9726134585289518], [33, 0.9704616588419405], [29, 0.9701486697965572], [32, 0.9692879499217526], [34, 0.9671361502347418], [35, 0.965962441314554], [36, 0.9647887323943662], [37, 0.9647887323943662], [38, 0.9647887323943662], [39, 0.9647887323943662], [40, 0.9647887323943662], [41, 0.9647887323943662], [42, 0.9647887323943662], [28, 0.9595852895148672], [27, 0.9582035530979194], [26, 0.9448749311817108], [25, 0.9429638749279315], [24, 0.9170797299325675], [23, 0.9170308253942262], [22, 0.914343511838368], [21, 0.8628979845629593], [20, 0.861718498721164], [19, 0.8539262754322123], [18, 0.8480470496723285], [3, 0.8240780629187949], [16, 0.7991933181904604], [4, 0.7848322209478817], [17, 0.7848193459442978], [15, 0.783795461361348], [14, 0.6707076324112096], [7, 0.6667711008293047], [6, 0.66588012557598], [5, 0.664488460145686], [11, 0.6481693130438752], [12, 0.6475060648995176], [10, 0.6315552592128787], [8, 0.6228977754072011], [13, 0.6203908996873779], [9, 0.613391944178345]]}}}, "normal": {"1910464": {"cycles": {"best_k": 2, "best_silhouette_score": 0.8758467524423519, "other_silhouette_scores": [[2, 0.8758467524423519], [25, 0.8517514804189072], [24, 0.8094692024723183], [26, 0.8015399531311739], [22, 0.7697298776518063], [3, 0.7692644995156359], [23, 0.756653851964451], [18, 0.7343703271827062], [21, 0.7293137866941087], [20, 0.7237272035027018], [19, 0.7125205976788737], [4, 0.688646238912604], [5, 0.6866132046488174], [16, 0.6588273792947441], [17, 0.6556457263888265], [14, 0.654814083683039], [15, 0.6502050487136235], [6, 0.6409188467860616], [12, 0.6337517076044562], [13, 0.6215377053762798], [11, 0.6174600151725648], [8, 0.6143589951972959], [7, 0.6116519767335495], [10, 0.6047918936670171], [9, 0.6004889981092575]]}, "instructions": {"best_k": 2, "best_silhouette_score": 0.9203496743884882, "other_silhouette_scores": [[2, 0.9203496743884882], [20, 0.9037511090142667], [21, 0.8752951145808285], [19, 0.8649719372545458], [18, 0.8505601994297647], [16, 0.8432681413237517], [17, 0.8302586277754274], [3, 0.764896680669216], [15, 0.7176251787919118], [5, 0.7116576378955484], [4, 0.7095624068966515], [14, 0.7080460336457218], [10, 0.6755987840107829], [13, 0.6743213046146445], [12, 0.6717534871619306], [11, 0.6692656864405719], [9, 0.6644355871724292], [8, 0.6592712052863149], [6, 0.6475456976538364], [7, 0.5744121878422525]]}, "branch": {"best_k": 2, "best_silhouette_score": 0.9590809647230887, "other_silhouette_scores": [[2, 0.9590809647230887], [20, 0.9175272531086484], [21, 0.9090943778443777], [3, 0.9070008025860335], [18, 0.8839248336945709], [19, 0.8808492895992897], [15, 0.8691309294193688], [17, 0.8649705716853402], [16, 0.8477538951534724], [14, 0.8017127964770421], [4, 0.7984672043347524], [13, 0.7043066634860234], [12, 0.6754344125634275], [5, 0.6687029919863537], [11, 0.6648945257396721], [10, 0.6569189397046608], [6, 0.6523111272248622], [9, 0.6466521486064346], [7, 0.6010484153737354], [8, 0.5966667838720813]]}}}}