{"attack": {"cycles": {"best_k": 7, "best_silhouette_score": 0.9968652037617555, "other_silhouette_scores": [[7, 0.9968652037617555], [8, 0.9968652037617555], [9, 0.9968652037617555], [10, 0.9968652037617555], [11, 0.9968652037617555], [12, 0.9968652037617555], [13, 0.9968652037617555], [14, 0.9968652037617555], [15, 0.9968652037617555], [16, 0.9968652037617555], [17, 0.9968652037617555], [18, 0.9968652037617555], [19, 0.9968652037617555], [20, 0.9968652037617555], [21, 0.9968652037617555], [22, 0.9968652037617555], [23, 0.9968652037617555], [24, 0.9968652037617555], [25, 0.9968652037617555], [26, 0.9968652037617555], [27, 0.9968652037617555], [28, 0.9968652037617555], [29, 0.9968652037617555], [30, 0.9968652037617555], [31, 0.9968652037617555], [6, 0.9862852664576802], [5, 0.9640402700747529], [4, 0.9637276088714085], [3, 0.9370145526739363], [2, 0.7917560683351812]]}, "branch": {"best_k": 5, "best_silhouette_score": 0.9906103286384976, "other_silhouette_scores": [[5, 0.9906103286384976], [6, 0.9906103286384976], [7, 0.9906103286384976], [8, 0.9906103286384976], [9, 0.9906103286384976], [10, 0.9906103286384976], [11, 0.9906103286384976], [12, 0.9906103286384976], [13, 0.9906103286384976], [14, 0.9906103286384976], [15, 0.9906103286384976], [16, 0.9906103286384976], [17, 0.9906103286384976], [18, 0.9906103286384976], [19, 0.9906103286384976], [20, 0.9906103286384976], [4, 0.9882629107981221], [3, 0.963121167808307], [2, 0.9399215196391618]]}, "instructions": {"best_k": 3, "best_silhouette_score": 0.9953271028037384, "other_silhouette_scores": [[3, 0.9953271028037384], [4, 0.9953271028037384], [5, 0.9953271028037384], [6, 0.9953271028037384], [7, 0.9953271028037384], [8, 0.9953271028037384], [9, 0.9953271028037384], [10, 0.9953271028037384], [11, 0.9953271028037384], [12, 0.9953271028037384], [13, 0.9953271028037384], [14, 0.9953271028037384], [15, 0.9953271028037384], [16, 0.9953271028037384], [17, 0.9953271028037384], [18, 0.9953271028037384], [19, 0.9953271028037384], [20, 0.9953271028037384], [2, 0.9824766355140186]]}}, "normal": {"cycles": {"best_k": 10, "best_silhouette_score": 0.9568965517241379, "other_silhouette_scores": [[10, 0.9568965517241379], [11, 0.9568965517241379], [8, 0.9565654672663668], [7, 0.9555984962700722], [9, 0.9533045977011494], [6, 0.8579544877286632], [5, 0.7891030959625126], [4, 0.7322482198910476], [3, 0.7285714387925339], [2, 0.7166249103138453]]}, "branch": {"best_k": 8, "best_silhouette_score": 0.9777777777777777, "other_silhouette_scores": [[8, 0.9777777777777777], [7, 0.9722222222222222], [2, 0.9476321281599058], [6, 0.8944444444444445], [5, 0.8301859654102968], [3, 0.8124419189664205], [4, 0.7944103750154387]]}, "instructions": {"best_k": 6, "best_silhouette_score": 0.9894736842105263, "other_silhouette_scores": [[6, 0.9894736842105263], [7, 0.9894736842105263], [8, 0.9894736842105263], [9, 0.9894736842105263], [5, 0.9421052631578948], [4, 0.9160137834160045], [2, 0.8041699900853024], [3, 0.7726652573638167]]}}}