{"attack": {"2-39-139-28": {"cycles": {"best_k": 8, "best_silhouette_score": 0.9953596287703016, "other_silhouette_scores": [[8, 0.9953596287703016], [9, 0.9953596287703016], [10, 0.9953596287703016], [11, 0.9953596287703016], [12, 0.9953596287703016], [13, 0.9953596287703016], [14, 0.9953596287703016], [15, 0.9953596287703016], [16, 0.9953596287703016], [17, 0.9953596287703016], [18, 0.9953596287703016], [19, 0.9953596287703016], [20, 0.9953596287703016], [21, 0.9953596287703016], [22, 0.9953596287703016], [23, 0.9953596287703016], [24, 0.9953596287703016], [25, 0.9953596287703016], [26, 0.9953596287703016], [27, 0.9953596287703016], [28, 0.9953596287703016], [29, 0.9953596287703016], [30, 0.9953596287703016], [31, 0.9953596287703016], [32, 0.9953596287703016], [33, 0.9953596287703016], [34, 0.9953596287703016], [35, 0.9953596287703016], [36, 0.9953596287703016], [37, 0.9953596287703016], [38, 0.9953596287703016], [39, 0.9953596287703016], [40, 0.9953596287703016], [41, 0.9953596287703016], [42, 0.9953596287703016], [6, 0.9909070820903768], [7, 0.990139211136891], [5, 0.9684651896334714], [4, 0.9183071665843499], [3, 0.9156984027932558], [2, 0.831369006121254]]}, "instructions": {"best_k": 4, "best_silhouette_score": 0.9966777408637874, "other_silhouette_scores": [[4, 0.9966777408637874], [5, 0.9966777408637874], [6, 0.9966777408637874], [7, 0.9966777408637874], [8, 0.9966777408637874], [9, 0.9966777408637874], [10, 0.9966777408637874], [11, 0.9966777408637874], [12, 0.9966777408637874], [13, 0.9966777408637874], [14, 0.9966777408637874], [15, 0.9966777408637874], [16, 0.9966777408637874], [17, 0.9966777408637874], [18, 0.9966777408637874], [19, 0.9966777408637874], [20, 0.9966777408637874], [21, 0.9966777408637874], [22, 0.9966777408637874], [23, 0.9966777408637874], [24, 0.9966777408637874], [25, 0.9966777408637874], [26, 0.9966777408637874], [27, 0.9966777408637874], [28, 0.9966777408637874], [29, 0.9966777408637874], [3, 0.9869878183831672], [2, 0.9684449518336561]]}, "branch": {"best_k": 5, "best_silhouette_score": 0.9934640522875817, "other_silhouette_scores": [[5, 0.9934640522875817], [6, 0.9934640522875817], [7, 0.9934640522875817], [8, 0.9934640522875817], [9, 0.9934640522875817], [10, 0.9934640522875817], [11, 0.9934640522875817], [12, 0.9934640522875817], [13, 0.9934640522875817], [14, 0.9934640522875817], [15, 0.9934640522875817], [16, 0.9934640522875817], [17, 0.9934640522875817], [18, 0.9934640522875817], [19, 0.9934640522875817], [20, 0.9934640522875817], [21, 0.9934640522875817], [22, 0.9934640522875817], [23, 0.9934640522875817], [24, 0.9934640522875817], [25, 0.9934640522875817], [26, 0.9934640522875817], [27, 0.9934640522875817], [28, 0.9934640522875817], [29, 0.9934640522875817], [30, 0.9934640522875817], [4, 0.9918300653594772], [2, 0.9781103837303754], [3, 0.9634333531392353]]}}, "2-39-131-30": {"cycles": {"best_k": 7, "best_silhouette_score": 0.9977528089887641, "other_silhouette_scores": [[7, 0.9977528089887641], [8, 0.9977528089887641], [9, 0.9977528089887641], [10, 0.9977528089887641], [11, 0.9977528089887641], [12, 0.9977528089887641], [13, 0.9977528089887641], [14, 0.9977528089887641], [15, 0.9977528089887641], [16, 0.9977528089887641], [17, 0.9977528089887641], [18, 0.9977528089887641], [19, 0.9977528089887641], [20, 0.9977528089887641], [21, 0.9977528089887641], [22, 0.9977528089887641], [23, 0.9977528089887641], [24, 0.9977528089887641], [25, 0.9977528089887641], [26, 0.9977528089887641], [27, 0.9977528089887641], [28, 0.9977528089887641], [29, 0.9977528089887641], [30, 0.9977528089887641], [31, 0.9977528089887641], [32, 0.9977528089887641], [33, 0.9977528089887641], [34, 0.9977528089887641], [35, 0.9977528089887641], [36, 0.9977528089887641], [37, 0.9977528089887641], [38, 0.9977528089887641], [39, 0.9977528089887641], [40, 0.9977528089887641], [41, 0.9977528089887641], [42, 0.9977528089887641], [43, 0.9977528089887641], [6, 0.996629213483146], [5, 0.9867449342168443], [4, 0.9763226514569945], [3, 0.9350344777025393], [2, 0.8342758043635622]]}, "instructions": {"best_k": 3, "best_silhouette_score": 1.0, "other_silhouette_scores": [[3, 1.0], [4, 1.0], [5, 1.0], [6, 1.0], [7, 1.0], [8, 1.0], [9, 1.0], [10, 1.0], [11, 1.0], [12, 1.0], [13, 1.0], [14, 1.0], [15, 1.0], [16, 1.0], [17, 1.0], [18, 1.0], [19, 1.0], [20, 1.0], [21, 1.0], [22, 1.0], [23, 1.0], [24, 1.0], [25, 1.0], [26, 1.0], [27, 1.0], [28, 1.0], [29, 1.0], [30, 1.0], [31, 1.0], [2, 0.9867088607594935]]}, "branch": {"best_k": 3, "best_silhouette_score": 1.0, "other_silhouette_scores": [[3, 1.0], [4, 1.0], [5, 1.0], [6, 1.0], [7, 1.0], [8, 1.0], [9, 1.0], [10, 1.0], [11, 1.0], [12, 1.0], [13, 1.0], [14, 1.0], [15, 1.0], [16, 1.0], [17, 1.0], [18, 1.0], [19, 1.0], [20, 1.0], [21, 1.0], [22, 1.0], [23, 1.0], [24, 1.0], [25, 1.0], [26, 1.0], [27, 1.0], [28, 1.0], [29, 1.0], [30, 1.0], [2, 0.9739553924336533]]}}}, "normal": {"2-39-131-30": {"cycles": {"best_k": 2, "best_silhouette_score": 1.0, "other_silhouette_scores": [[2, 1.0], [3, 1.0], [4, 1.0], [5, 1.0], [6, 1.0], [7, 1.0], [8, 1.0], [9, 1.0], [10, 1.0], [11, 1.0], [12, 1.0], [13, 1.0], [14, 1.0], [15, 1.0], [16, 1.0], [17, 1.0], [18, 1.0], [19, 1.0], [20, 1.0], [21, 1.0], [22, 1.0], [23, 1.0], [24, 1.0], [25, 1.0], [26, 1.0], [27, 1.0]]}, "instructions": {"best_k": 2, "best_silhouette_score": 0.9947643979057592, "other_silhouette_scores": [[2, 0.9947643979057592], [3, 0.9947643979057592], [4, 0.9947643979057592], [5, 0.9947643979057592], [6, 0.9947643979057592], [7, 0.9947643979057592], [8, 0.9947643979057592], [9, 0.9947643979057592], [10, 0.9947643979057592], [11, 0.9947643979057592], [12, 0.9947643979057592], [13, 0.9947643979057592], [14, 0.9947643979057592], [15, 0.9947643979057592], [16, 0.9947643979057592], [17, 0.9947643979057592], [18, 0.9947643979057592]]}, "branch": {"best_k": 2, "best_silhouette_score": 0.9947643979057592, "other_silhouette_scores": [[2, 0.9947643979057592], [3, 0.9947643979057592], [4, 0.9947643979057592], [5, 0.9947643979057592], [6, 0.9947643979057592], [7, 0.9947643979057592], [8, 0.9947643979057592], [9, 0.9947643979057592], [10, 0.9947643979057592], [11, 0.9947643979057592], [12, 0.9947643979057592], [13, 0.9947643979057592], [14, 0.9947643979057592], [15, 0.9947643979057592], [16, 0.9947643979057592], [17, 0.9947643979057592], [18, 0.9947643979057592]]}}, "2-39-139-28": {"cycles": {"best_k": 15, "best_silhouette_score": 0.9766081871345029, "other_silhouette_scores": [[15, 0.9766081871345029], [14, 0.9736842105263156], [16, 0.9707602339181286], [13, 0.952959321380374], [11, 0.9337793596970952], [12, 0.9162156765540224], [9, 0.878514647286915], [10, 0.8767547870475225], [8, 0.7615555829594294], [2, 0.7096400296641441], [7, 0.7031166290281322], [6, 0.6799570307984013], [5, 0.6734765850735848], [4, 0.6454815272946122], [3, 0.6366994428413906]]}, "instructions": {"best_k": 9, "best_silhouette_score": 0.9878587196467993, "other_silhouette_scores": [[9, 0.9878587196467993], [10, 0.9867549668874173], [11, 0.9867549668874173], [12, 0.9867549668874173], [13, 0.9867549668874173], [14, 0.9867549668874173], [8, 0.9709555345316934], [7, 0.9488555558946502], [6, 0.8755343961323704], [5, 0.8462497998529864], [2, 0.7893242711057218], [3, 0.7378792689909976], [4, 0.7031764241679999]]}, "branch": {"best_k": 13, "best_silhouette_score": 0.9633333333333334, "other_silhouette_scores": [[13, 0.9633333333333334], [11, 0.9602460317460316], [14, 0.96], [10, 0.9580238095238095], [2, 0.9566776574694722], [12, 0.9566666666666667], [9, 0.9252719780219778], [8, 0.9240198135198137], [7, 0.8342695761029093], [3, 0.7312910603439019], [6, 0.712168340624392], [5, 0.7032123952102198], [4, 0.7006157088517144]]}}}}