{"attack": {"1982419": {"cycles": {"best_k": 2, "best_silhouette_score": 0.8670043524553523, "other_silhouette_scores": [[2, 0.8670043524553523], [24, 0.846886608139351], [25, 0.8337588840870468], [23, 0.8306435193698877], [22, 0.8241756192705246], [4, 0.744797081752393], [3, 0.7440432133093873], [20, 0.7031927636484858], [21, 0.702438510917188], [5, 0.6909542736699641], [19, 0.6740364116214156], [18, 0.6482101764555753], [17, 0.6368452969493804], [6, 0.636802807643427], [16, 0.6357446622209826], [7, 0.6347523120192284], [15, 0.6326404301551022], [8, 0.6109572139239683], [9, 0.6058005285866856], [11, 0.6038881881905004], [13, 0.6023816240127], [12, 0.6021578138537744], [14, 0.5937851019934646], [10, 0.5933431609658593]]}, "instructions": {"best_k": 2, "best_silhouette_score": 0.9636890249371105, "other_silhouette_scores": [[2, 0.9636890249371105], [20, 0.9032715873797821], [21, 0.8999915528725795], [19, 0.8962554867857211], [17, 0.8857523838487463], [18, 0.8816256542242382], [15, 0.8543230865877901], [16, 0.850930024839319], [3, 0.8042276122153881], [4, 0.756886389677602], [14, 0.735209532030841], [5, 0.6736515425302917], [11, 0.6634609906831369], [12, 0.6633082039063639], [10, 0.6580142089551739], [13, 0.6575454262952355], [7, 0.6438470707632816], [6, 0.642842617008461], [9, 0.6255318956058845], [8, 0.6213438829331409]]}, "branch": {"best_k": 2, "best_silhouette_score": 0.9735301950383918, "other_silhouette_scores": [[2, 0.9735301950383918], [3, 0.9141825762611311], [4, 0.7863198782195812], [13, 0.6543407339668986], [6, 0.6509902889954972], [5, 0.6499635825380264], [7, 0.6468271753085223], [8, 0.6461759486661438], [12, 0.6428103691105581], [10, 0.635041752688817], [11, 0.6235466680314043], [9, 0.6186289501769779]]}}}, "normal": {"2046155": {"cycles": {"best_k": 20, "best_silhouette_score": 0.8797639154366046, "other_silhouette_scores": [[20, 0.8797639154366046], [21, 0.8741533730623092], [2, 0.8352423302950005], [19, 0.8341758916261732], [17, 0.7983639508907543], [18, 0.7948721188337434], [15, 0.7884917221609216], [16, 0.7848853695124097], [3, 0.7632692962744937], [5, 0.6996722733807118], [4, 0.694370890566403], [14, 0.6906306847047373], [11, 0.6626590610723587], [12, 0.6602264307993712], [13, 0.6564896292416881], [6, 0.6511270761774013], [10, 0.6072149436812506], [9, 0.6070498526344599], [8, 0.6026314722481717], [7, 0.5984632122684745]]}, "instructions": {"best_k": 2, "best_silhouette_score": 0.922578950812654, "other_silhouette_scores": [[2, 0.922578950812654], [3, 0.7462363961871471], [11, 0.7046447145729776], [12, 0.6860728747479592], [8, 0.677803953338815], [10, 0.6744644983473705], [9, 0.6712047933946229], [7, 0.661749409171242], [5, 0.6505177816655421], [4, 0.6498289298004017], [6, 0.6104736048550946]]}, "branch": {"best_k": 2, "best_silhouette_score": 0.9614038895957825, "other_silhouette_scores": [[2, 0.9614038895957825], [3, 0.85581936815355], [4, 0.7934573567836912], [5, 0.6508381342387977], [6, 0.6302249970548893], [7, 0.5943394600905838], [8, 0.5896751123163664]]}}}}