{"attack": {"1958220": {"cycles": {"best_k": 2, "best_silhouette_score": 0.7797401838018189, "other_silhouette_scores": [[2, 0.7797401838018189], [16, 0.779699971125883], [15, 0.7526830482727372], [14, 0.7407879901488713], [13, 0.7211751758851049], [11, 0.715949557180454], [12, 0.7119262111102593], [7, 0.6843096586035001], [9, 0.6823776092026704], [3, 0.6792030430798317], [10, 0.6776134631063749], [6, 0.6761991999437552], [8, 0.6715831383001334], [5, 0.6410937819933994], [4, 0.5881406301871615]]}, "instructions": {"best_k": 13, "best_silhouette_score": 0.8935753256405432, "other_silhouette_scores": [[13, 0.8935753256405432], [12, 0.8900552879858902], [2, 0.811445614337971], [10, 0.808195668602374], [11, 0.802251612658318], [9, 0.7929762482638907], [5, 0.7065785727641114], [4, 0.7057568235826003], [6, 0.6970425201391792], [7, 0.6936607787895236], [8, 0.683899943121166], [3, 0.6455139595852354]]}, "branch": {"best_k": 16, "best_silhouette_score": 0.9761904761904762, "other_silhouette_scores": [[16, 0.9761904761904762], [15, 0.9732142857142857], [13, 0.9480655200482788], [14, 0.9456919357781428], [2, 0.9409436141197928], [12, 0.9083829803657392], [11, 0.859745690400698], [10, 0.8168347658124565], [9, 0.7384156523891316], [4, 0.736442783691539], [8, 0.7138112199660347], [6, 0.7093421661724483], [5, 0.7056549931774659], [3, 0.6876597916402744], [7, 0.6763292656571205]]}}}, "normal": {"2-39-89-25": {"cycles": {"best_k": 5, "best_silhouette_score": 0.9947643979057592, "other_silhouette_scores": [[5, 0.9947643979057592], [6, 0.9947643979057592], [7, 0.9947643979057592], [8, 0.9947643979057592], [9, 0.9947643979057592], [10, 0.9947643979057592], [11, 0.9947643979057592], [12, 0.9947643979057592], [13, 0.9947643979057592], [14, 0.9947643979057592], [15, 0.9947643979057592], [16, 0.9947643979057592], [17, 0.9947643979057592], [18, 0.9947643979057592], [4, 0.9921465968586387], [3, 0.9655658477648007], [2, 0.8720534375537694]]}, "instructions": {"best_k": 4, "best_silhouette_score": 0.9927007299270073, "other_silhouette_scores": [[4, 0.9927007299270073], [5, 0.9927007299270073], [6, 0.9927007299270073], [7, 0.9927007299270073], [8, 0.9927007299270073], [9, 0.9927007299270073], [10, 0.9927007299270073], [11, 0.9927007299270073], [12, 0.9927007299270073], [13, 0.9927007299270073], [3, 0.9722627737226277], [2, 0.9555200729927007]]}, "branch": {"best_k": 4, "best_silhouette_score": 0.9841269841269841, "other_silhouette_scores": [[4, 0.9841269841269841], [5, 0.9841269841269841], [6, 0.9841269841269841], [7, 0.9841269841269841], [8, 0.9841269841269841], [9, 0.9841269841269841], [10, 0.9841269841269841], [11, 0.9841269841269841], [12, 0.9841269841269841], [3, 0.9801587301587301], [2, 0.9563985809377515]]}}, "2-39-131-30": {"cycles": {"best_k": 13, "best_silhouette_score": 0.9817073170731707, "other_silhouette_scores": [[13, 0.9817073170731707], [14, 0.9817073170731707], [15, 0.9817073170731707], [12, 0.975609756097561], [11, 0.9676829268292683], [10, 0.9546747967479674], [9, 0.9540446934501813], [8, 0.9356963361841412], [7, 0.8853340592590438], [2, 0.7927370370463164], [6, 0.77156249471413], [5, 0.7192373163379894], [3, 0.6831832001983846], [4, 0.6779857824984572]]}, "instructions": {"best_k": 8, "best_silhouette_score": 0.9728682170542635, "other_silhouette_scores": [[8, 0.9728682170542635], [9, 0.9689922480620154], [10, 0.9689922480620154], [11, 0.9689922480620154], [12, 0.9689922480620154], [7, 0.9544522373979738], [2, 0.9227166686194478], [6, 0.8990393179910708], [5, 0.883291252671169], [4, 0.7173022699892306], [3, 0.7156595045241195]]}, "branch": {"best_k": 10, "best_silhouette_score": 0.9781021897810219, "other_silhouette_scores": [[10, 0.9781021897810219], [11, 0.9781021897810219], [12, 0.9781021897810219], [13, 0.9781021897810219], [9, 0.9583941605839417], [8, 0.9541595538026844], [2, 0.9385105012251515], [7, 0.8474481849611055], [3, 0.8256090647405616], [6, 0.7252060467752701], [4, 0.7087581210642999], [5, 0.7035129799914868]]}}, "2-39-139-28": {"cycles": {"best_k": 12, "best_silhouette_score": 0.9666666666666668, "other_silhouette_scores": [[12, 0.9666666666666668], [11, 0.9634473507712943], [13, 0.9577464788732394], [9, 0.9461722086907408], [10, 0.9372149564050972], [8, 0.9180573366941578], [7, 0.7889493554735004], [6, 0.7612612388404314], [5, 0.7523643814385759], [4, 0.7405969301000417], [2, 0.7093480172927206], [3, 0.6215559684572188]]}, "instructions": {"best_k": 7, "best_silhouette_score": 0.9933774834437086, "other_silhouette_scores": [[7, 0.9933774834437086], [8, 0.9933774834437086], [9, 0.9933774834437086], [10, 0.9933774834437086], [11, 0.9933774834437086], [12, 0.9933774834437086], [13, 0.9933774834437086], [14, 0.9933774834437086], [6, 0.9754966887417219], [2, 0.9263582904753228], [5, 0.9062276482083442], [4, 0.7669175195665263], [3, 0.700031224604505]]}, "branch": {"best_k": 11, "best_silhouette_score": 0.9701986754966887, "other_silhouette_scores": [[11, 0.9701986754966887], [12, 0.9668874172185431], [13, 0.9668874172185431], [14, 0.9668874172185431], [10, 0.9532008830022075], [2, 0.9418886511226087], [9, 0.9413342865743529], [7, 0.9169426831539359], [8, 0.9116860350401448], [3, 0.746907736343362], [6, 0.7391537675553915], [4, 0.7085898931865089], [5, 0.6878514685148865]]}}}}