{"attack": {"1958220": {"cycles": {"best_k": 2, "best_silhouette_score": 0.7797401838018189, "other_silhouette_scores": [[2, 0.7797401838018189], [13, 0.7216848449896625], [14, 0.7168928808271005], [11, 0.7144843777298334], [12, 0.7119262111102593], [10, 0.709313981169405], [7, 0.6843096586035001], [8, 0.681846566632561], [9, 0.6759576297795044], [6, 0.675698090792408], [3, 0.6710457868379723], [5, 0.6406328950630723], [4, 0.6221530537398742]]}, "instructions": {"best_k": 2, "best_silhouette_score": 0.811445614337971, "other_silhouette_scores": [[2, 0.811445614337971], [10, 0.8092779196846251], [9, 0.7930206483082907], [4, 0.7057568235826003], [8, 0.7008489166217992], [6, 0.6970425201391792], [5, 0.6934223522133303], [7, 0.6929753578257848], [3, 0.6455139595852354]]}, "branch": {"best_k": 2, "best_silhouette_score": 0.9409436141197928, "other_silhouette_scores": [[2, 0.9409436141197928], [4, 0.736442783691539], [5, 0.7056549931774659], [3, 0.6876597916402744]]}}}, "normal": {"1970675": {"cycles": {"best_k": 18, "best_silhouette_score": 0.8561812811625608, "other_silhouette_scores": [[18, 0.8561812811625608], [17, 0.8051768515071411], [16, 0.789411756387207], [2, 0.7788779313817775], [15, 0.7406308703857756], [13, 0.7390277592199579], [14, 0.734414039096155], [11, 0.7115363330405035], [12, 0.7040988690559532], [9, 0.692595963694005], [10, 0.6837806056193223], [7, 0.6539895381612894], [6, 0.6494331191812402], [8, 0.6457276869319377], [3, 0.6457248546287255], [4, 0.6408446294797482], [5, 0.5754082569570272]]}, "instructions": {"best_k": 2, "best_silhouette_score": 0.880572108798094, "other_silhouette_scores": [[2, 0.880572108798094], [9, 0.7425998786715337], [3, 0.7204624144034659], [8, 0.6853973868369675], [6, 0.6842180524927783], [4, 0.6804688597944244], [5, 0.6802727243632986], [7, 0.6547151392949684]]}, "branch": {"best_k": 2, "best_silhouette_score": 0.9581751097205091, "other_silhouette_scores": [[2, 0.9581751097205091], [3, 0.7611743064455431], [4, 0.7009114426097988]]}}}}