{"attack": {"2407379": {"cycles": {"best_k": 2, "best_silhouette_score": 0.7607252403654342, "other_silhouette_scores": [[2, 0.7607252403654342], [13, 0.6759161879942084], [12, 0.670208111800021], [10, 0.6692578069121834], [14, 0.6690857681966202], [9, 0.6688653013740011], [11, 0.6655655988170528], [3, 0.6637766004784883], [8, 0.6510443449959562], [7, 0.6506975624976771], [6, 0.6505393469821441], [5, 0.649606099514086], [4, 0.6018657502181035]]}, "instructions": {"best_k": 2, "best_silhouette_score": 0.9073848641954391, "other_silhouette_scores": [[2, 0.9073848641954391], [9, 0.8107010897675108], [4, 0.7558803017399547], [5, 0.7464040239099742], [3, 0.7371211891942561], [8, 0.731137389851169], [6, 0.7096520996359085], [7, 0.6898716804245906]]}, "branch": {"best_k": -1.0, "best_silhouette_score": -1.0, "other_silhouette_scores": []}}}, "normal": {"2407379": {"cycles": {"best_k": 2, "best_silhouette_score": 0.7607252403654342, "other_silhouette_scores": [[2, 0.7607252403654342], [12, 0.670208111800021], [10, 0.6692578069121834], [9, 0.6688653013740011], [11, 0.6655655988170528], [14, 0.6646034294330126], [3, 0.6637766004784883], [13, 0.6596946919648048], [6, 0.6520993197935988], [7, 0.6508517353441112], [8, 0.649629804270357], [5, 0.6491608246523375], [4, 0.6018657502181035]]}, "instructions": {"best_k": 2, "best_silhouette_score": 0.9073848641954391, "other_silhouette_scores": [[2, 0.9073848641954391], [8, 0.8144716173103077], [9, 0.8122603653521111], [4, 0.7558803017399547], [5, 0.7464040239099742], [3, 0.7371211891942561], [6, 0.6998004667569963], [7, 0.6898716804245906]]}, "branch": {"best_k": -1.0, "best_silhouette_score": -1.0, "other_silhouette_scores": []}}}}