{"0": {"AB": 0.4586918253261346, "AC": 0.4586918253261346, "DS": 0.4586918253261346, "DT": 0.4586918253261346, "GM": 0.4586918253261346, "GN": 0.4586918253261346, "GB": 0.4586918253261346, "KNN": 0.4586918253261346, "KM": 0.4586918253261346, "LR": 0.4586918253261346, "LRR": 0.4586918253261346, "LRL": 0.4586918253261346, "LRE": 0.4586918253261346, "LOG_R": 0.4586918253261346, "RF": 0.4586918253261346, "SVM": 0.4586918253261346, "DNN": 0.4586918253261346}, "1": {"AB": 0.4451692658108861, "AC": 0.4451692658108861, "DS": 0.4451692658108861, "DT": 0.4451692658108861, "GM": 0.4451692658108861, "GN": 0.4451692658108861, "GB": 0.4451692658108861, "KNN": 0.4451692658108861, "KM": 0.4451692658108861, "LR": 0.4451692658108861, "LRR": 0.4451692658108861, "LRL": 0.4451692658108861, "LRE": 0.4451692658108861, "LOG_R": 0.4451692658108861, "RF": 0.4451692658108861, "SVM": 0.4451692658108861, "DNN": 0.4451692658108861}, "2": {"AB": 0.42390419229233434, "AC": 0.42390419229233434, "DS": 0.42390419229233434, "DT": 0.42390419229233434, "GM": 0.42390419229233434, "GN": 0.42390419229233434, "GB": 0.42390419229233434, "KNN": 0.42390419229233434, "KM": 0.42390419229233434, "LR": 0.42390419229233434, "LRR": 0.42390419229233434, "LRL": 0.42390419229233434, "LRE": 0.42390419229233434, "LOG_R": 0.42390419229233434, "RF": 0.42390419229233434, "SVM": 0.42390419229233434, "DNN": 0.42390419229233434}, "3": {"AB": 0.32689595148077677, "AC": 0.32689595148077677, "DS": 0.32689595148077677, "DT": 0.32689595148077677, "GM": 0.32689595148077677, "GN": 0.32689595148077677, "GB": 0.32689595148077677, "KNN": 0.32689595148077677, "KM": 0.32689595148077677, "LR": 0.32689595148077677, "LRR": 0.32689595148077677, "LRL": 0.32689595148077677, "LRE": 0.32689595148077677, "LOG_R": 0.32689595148077677, "RF": 0.32689595148077677, "SVM": 0.32689595148077677, "DNN": 0.32689595148077677}, "4": {"AB": 0.2715331877462539, "AC": 0.2715331877462539, "DS": 0.2715331877462539, "DT": 0.2715331877462539, "GM": 0.2715331877462539, "GN": 0.2715331877462539, "GB": 0.2715331877462539, "KNN": 0.2715331877462539, "KM": 0.2715331877462539, "LR": 0.2715331877462539, "LRR": 0.2715331877462539, "LRL": 0.2715331877462539, "LRE": 0.2715331877462539, "LOG_R": 0.2715331877462539, "RF": 0.2715331877462539, "SVM": 0.2715331877462539, "DNN": 0.2715331877462539}, "0 + 1": {"AB": 0.5943497590160345, "AC": 0.5943497590160345, "DS": 0.5943497590160345, "DT": 0.5943497590160345, "GM": 0.5943497590160345, "GN": 0.5943497590160345, "GB": 0.5943497590160345, "KNN": 0.5943497590160345, "KM": 0.5943497590160345, "LR": 0.5943497590160345, "LRR": 0.5943497590160345, "LRL": 0.5943497590160345, "LRE": 0.5943497590160345, "LOG_R": 0.5943497590160345, "RF": 0.5943497590160345, "SVM": 0.5943497590160345, "DNN": 0.5943497590160345}, "0 + 2": {"AB": 0.5677732628634762, "AC": 0.5677732628634762, "DS": 0.5677732628634762, "DT": 0.5677732628634762, "GM": 0.5677732628634762, "GN": 0.5677732628634762, "GB": 0.5677732628634762, "KNN": 0.5677732628634762, "KM": 0.5677732628634762, "LR": 0.5677732628634762, "LRR": 0.5677732628634762, "LRL": 0.5677732628634762, "LRE": 0.5677732628634762, "LOG_R": 0.5677732628634762, "RF": 0.5677732628634762, "SVM": 0.5677732628634762, "DNN": 0.5677732628634762}, "0 + 3": {"AB": 0.4528133949674311, "AC": 0.4528133949674311, "DS": 0.4528133949674311, "DT": 0.4528133949674311, "GM": 0.4528133949674311, "GN": 0.4528133949674311, "GB": 0.4528133949674311, "KNN": 0.4528133949674311, "KM": 0.4528133949674311, "LR": 0.4528133949674311, "LRR": 0.4528133949674311, "LRL": 0.4528133949674311, "LRE": 0.4528133949674311, "LOG_R": 0.4528133949674311, "RF": 0.4528133949674311, "SVM": 0.4528133949674311, "DNN": 0.4528133949674311}, "0 + 4": {"AB": 0.39143196309044814, "AC": 0.39143196309044814, "DS": 0.39143196309044814, "DT": 0.39143196309044814, "GM": 0.39143196309044814, "GN": 0.39143196309044814, "GB": 0.39143196309044814, "KNN": 0.39143196309044814, "KM": 0.39143196309044814, "LR": 0.39143196309044814, "LRR": 0.39143196309044814, "LRL": 0.39143196309044814, "LRE": 0.39143196309044814, "LOG_R": 0.39143196309044814, "RF": 0.39143196309044814, "SVM": 0.39143196309044814, "DNN": 0.39143196309044814}, "1 + 2": {"AB": 0.5670199677995806, "AC": 0.5670199677995806, "DS": 0.5670199677995806, "DT": 0.5670199677995806, "GM": 0.5670199677995806, "GN": 0.5670199677995806, "GB": 0.5670199677995806, "KNN": 0.5670199677995806, "KM": 0.5670199677995806, "LR": 0.5670199677995806, "LRR": 0.5670199677995806, "LRL": 0.5670199677995806, "LRE": 0.5670199677995806, "LOG_R": 0.5670199677995806, "RF": 0.5670199677995806, "SVM": 0.5670199677995806, "DNN": 0.5670199677995806}, "1 + 3": {"AB": 0.4521895233647562, "AC": 0.4521895233647562, "DS": 0.4521895233647562, "DT": 0.4521895233647562, "GM": 0.4521895233647562, "GN": 0.4521895233647562, "GB": 0.4521895233647562, "KNN": 0.4521895233647562, "KM": 0.4521895233647562, "LR": 0.4521895233647562, "LRR": 0.4521895233647562, "LRL": 0.4521895233647562, "LRE": 0.4521895233647562, "LOG_R": 0.4521895233647562, "RF": 0.4521895233647562, "SVM": 0.4521895233647562, "DNN": 0.4521895233647562}, "1 + 4": {"AB": 0.3908810866607797, "AC": 0.3908810866607797, "DS": 0.3908810866607797, "DT": 0.3908810866607797, "GM": 0.3908810866607797, "GN": 0.3908810866607797, "GB": 0.3908810866607797, "KNN": 0.3908810866607797, "KM": 0.3908810866607797, "LR": 0.3908810866607797, "LRR": 0.3908810866607797, "LRL": 0.3908810866607797, "LRE": 0.3908810866607797, "LOG_R": 0.3908810866607797, "RF": 0.3908810866607797, "SVM": 0.3908810866607797, "DNN": 0.3908810866607797}, "2 + 3": {"AB": 0.45068167483580823, "AC": 0.45068167483580823, "DS": 0.45068167483580823, "DT": 0.45068167483580823, "GM": 0.45068167483580823, "GN": 0.45068167483580823, "GB": 0.45068167483580823, "KNN": 0.45068167483580823, "KM": 0.45068167483580823, "LR": 0.45068167483580823, "LRR": 0.45068167483580823, "LRL": 0.45068167483580823, "LRE": 0.45068167483580823, "LOG_R": 0.45068167483580823, "RF": 0.45068167483580823, "SVM": 0.45068167483580823, "DNN": 0.45068167483580823}, "2 + 4": {"AB": 0.3895617632518943, "AC": 0.3895617632518943, "DS": 0.3895617632518943, "DT": 0.3895617632518943, "GM": 0.3895617632518943, "GN": 0.3895617632518943, "GB": 0.3895617632518943, "KNN": 0.3895617632518943, "KM": 0.3895617632518943, "LR": 0.3895617632518943, "LRR": 0.3895617632518943, "LRL": 0.3895617632518943, "LRE": 0.3895617632518943, "LOG_R": 0.3895617632518943, "RF": 0.3895617632518943, "SVM": 0.3895617632518943, "DNN": 0.3895617632518943}, "3 + 4": {"AB": 0.37622354282973913, "AC": 0.37622354282973913, "DS": 0.37622354282973913, "DT": 0.37622354282973913, "GM": 0.37622354282973913, "GN": 0.37622354282973913, "GB": 0.37622354282973913, "KNN": 0.37622354282973913, "KM": 0.37622354282973913, "LR": 0.37622354282973913, "LRR": 0.37622354282973913, "LRL": 0.37622354282973913, "LRE": 0.37622354282973913, "LOG_R": 0.37622354282973913, "RF": 0.37622354282973913, "SVM": 0.37622354282973913, "DNN": 0.37622354282973913}, "0 + 1 + 2": {"AB": 0.6391428268511254, "AC": 0.6391428268511254, "DS": 0.6391428268511254, "DT": 0.6391428268511254, "GM": 0.6391428268511254, "GN": 0.6391428268511254, "GB": 0.6391428268511254, "KNN": 0.6391428268511254, "KM": 0.6391428268511254, "LR": 0.6391428268511254, "LRR": 0.6391428268511254, "LRL": 0.6391428268511254, "LRE": 0.6391428268511254, "LOG_R": 0.6391428268511254, "RF": 0.6391428268511254, "SVM": 0.6391428268511254, "DNN": 0.6391428268511254}, "0 + 1 + 3": {"AB": 0.5153042130087522, "AC": 0.5153042130087522, "DS": 0.5153042130087522, "DT": 0.5153042130087522, "GM": 0.5153042130087522, "GN": 0.5153042130087522, "GB": 0.5153042130087522, "KNN": 0.5153042130087522, "KM": 0.5153042130087522, "LR": 0.5153042130087522, "LRR": 0.5153042130087522, "LRL": 0.5153042130087522, "LRE": 0.5153042130087522, "LOG_R": 0.5153042130087522, "RF": 0.5153042130087522, "SVM": 0.5153042130087522, "DNN": 0.5153042130087522}, "0 + 1 + 4": {"AB": 0.4509681934402939, "AC": 0.4509681934402939,