{"0": {"AB": 0.0, "AC": 0.0, "DS": 0.0, "DT": 0.0, "GM": 0.0, "GN": 0.0, "GB": 0.0, "KNN": 0.0, "KM": 0.0, "LR": 0.0, "LRR": 0.0, "LRL": 0.0, "LRE": 0.0, "LOG_R": 0.0, "RF": 0.0, "SVM": 0.0, "DNN": 0.0}, "1": {"AB": 0.0, "AC": 0.0, "DS": 0.0, "DT": 0.0, "GM": 0.0, "GN": 0.0, "GB": 0.0, "KNN": 0.0, "KM": 0.0, "LR": 0.0, "LRR": 0.0, "LRL": 0.0, "LRE": 0.0, "LOG_R": 0.0, "RF": 0.0, "SVM": 0.0, "DNN": 0.0}, "2": {"AB": 0.0, "AC": 0.0, "DS": 0.0, "DT": 0.0, "GM": 0.0, "GN": 0.0, "GB": 0.0, "KNN": 0.0, "KM": 0.0, "LR": 0.0, "LRR": 0.0, "LRL": 0.0, "LRE": 0.0, "LOG_R": 0.0, "RF": 0.0, "SVM": 0.0, "DNN": 0.0}, "3": {"AB": 0.0, "AC": 0.0, "DS": 0.0, "DT": 0.0, "GM": 0.0, "GN": 0.0, "GB": 0.0, "KNN": 0.0, "KM": 0.0, "LR": 0.0, "LRR": 0.0, "LRL": 0.0, "LRE": 0.0, "LOG_R": 0.0, "RF": 0.0, "SVM": 0.0, "DNN": 0.0}, "4": {"AB": 0.0, "AC": 0.0, "DS": 0.0, "DT": 0.0, "GM": 0.0, "GN": 0.0, "GB": 0.0, "KNN": 0.0, "KM": 0.0, "LR": 0.0, "LRR": 0.0, "LRL": 0.0, "LRE": 0.0, "LOG_R": 0.0, "RF": 0.0, "SVM": 0.0, "DNN": 0.0}, "0 + 1": {"AB": 0.017101001903238905, "AC": 0.017101001903238905, "DS": 0.017101001903238905, "DT": 0.017101001903238905, "GM": 0.017101001903238905, "GN": 0.017101001903238905, "GB": 0.017101001903238905, "KNN": 0.017101001903238905, "KM": 0.017101001903238905, "LR": 0.017101001903238905, "LRR": 0.017101001903238905, "LRL": 0.017101001903238905, "LRE": 0.017101001903238905, "LOG_R": 0.017101001903238905, "RF": 0.017101001903238905, "SVM": 0.017101001903238905, "DNN": 0.017101001903238905}, "0 + 2": {"AB": 0.052995609199550986, "AC": 0.052995609199550986, "DS": 0.052995609199550986, "DT": 0.052995609199550986, "GM": 0.052995609199550986, "GN": 0.052995609199550986, "GB": 0.052995609199550986, "KNN": 0.052995609199550986, "KM": 0.052995609199550986, "LR": 0.052995609199550986, "LRR": 0.052995609199550986, "LRL": 0.052995609199550986, "LRE": 0.052995609199550986, "LOG_R": 0.052995609199550986, "RF": 0.052995609199550986, "SVM": 0.052995609199550986, "DNN": 0.052995609199550986}, "0 + 3": {"AB": 0.07348181808245838, "AC": 0.07348181808245838, "DS": 0.07348181808245838, "DT": 0.07348181808245838, "GM": 0.07348181808245838, "GN": 0.07348181808245838, "GB": 0.07348181808245838, "KNN": 0.07348181808245838, "KM": 0.07348181808245838, "LR": 0.07348181808245838, "LRR": 0.07348181808245838, "LRL": 0.07348181808245838, "LRE": 0.07348181808245838, "LOG_R": 0.07348181808245838, "RF": 0.07348181808245838, "SVM": 0.07348181808245838, "DNN": 0.07348181808245838}, "0 + 4": {"AB": 0.10599121839910192, "AC": 0.10599121839910192, "DS": 0.10599121839910192, "DT": 0.10599121839910192, "GM": 0.10599121839910192, "GN": 0.10599121839910192, "GB": 0.10599121839910192, "KNN": 0.10599121839910192, "KM": 0.10599121839910192, "LR": 0.10599121839910192, "LRR": 0.10599121839910192, "LRL": 0.10599121839910192, "LRE": 0.10599121839910192, "LOG_R": 0.10599121839910192, "RF": 0.10599121839910192, "SVM": 0.10599121839910192, "DNN": 0.10599121839910192}, "1 + 2": {"AB": 0.03589460729631208, "AC": 0.03589460729631208, "DS": 0.03589460729631208, "DT": 0.03589460729631208, "GM": 0.03589460729631208, "GN": 0.03589460729631208, "GB": 0.03589460729631208, "KNN": 0.03589460729631208, "KM": 0.03589460729631208, "LR": 0.03589460729631208, "LRR": 0.03589460729631208, "LRL": 0.03589460729631208, "LRE": 0.03589460729631208, "LOG_R": 0.03589460729631208, "RF": 0.03589460729631208, "SVM": 0.03589460729631208, "DNN": 0.03589460729631208}, "1 + 3": {"AB": 0.05638081617921947, "AC": 0.05638081617921947, "DS": 0.05638081617921947, "DT": 0.05638081617921947, "GM": 0.05638081617921947, "GN": 0.05638081617921947, "GB": 0.05638081617921947, "KNN": 0.05638081617921947, "KM": 0.05638081617921947, "LR": 0.05638081617921947, "LRR": 0.05638081617921947, "LRL": 0.05638081617921947, "LRE": 0.05638081617921947, "LOG_R": 0.05638081617921947, "RF": 0.05638081617921947, "SVM": 0.05638081617921947, "DNN": 0.05638081617921947}, "1 + 4": {"AB": 0.08889021649586301, "AC": 0.08889021649586301, "DS": 0.08889021649586301, "DT": 0.08889021649586301, "GM": 0.08889021649586301, "GN": 0.08889021649586301, "GB": 0.08889021649586301, "KNN": 0.08889021649586301, "KM": 0.08889021649586301, "LR": 0.08889021649586301, "LRR": 0.08889021649586301, "LRL": 0.08889021649586301, "LRE": 0.08889021649586301, "LOG_R": 0.08889021649586301, "RF": 0.08889021649586301, "SVM": 0.08889021649586301, "DNN": 0.08889021649586301}, "2 + 3": {"AB": 0.0546882126893852, "AC": 0.0546882126893852, "DS": 0.0546882126893852, "DT": 0.0546882126893852, "GM": 0.0546882126893852, "GN": 0.0546882126893852, "GB": 0.0546882126893852, "KNN": 0.0546882126893852, "KM": 0.0546882126893852, "LR": 0.0546882126893852, "LRR": 0.0546882126893852, "LRL": 0.0546882126893852, "LRE": 0.0546882126893852, "LOG_R": 0.0546882126893852, "RF": 0.0546882126893852, "SVM": 0.0546882126893852, "DNN": 0.0546882126893852}, "2 + 4": {"AB": 0.05299560919955093, "AC": 0.05299560919955093, "DS": 0.05299560919955093, "DT": 0.05299560919955093, "GM": 0.05299560919955093, "GN": 0.05299560919955093, "GB": 0.05299560919955093, "KNN": 0.05299560919955093, "KM": 0.05299560919955093, "LR": 0.05299560919955093, "LRR": 0.05299560919955093, "LRL": 0.05299560919955093, "LRE": 0.05299560919955093, "LOG_R": 0.05299560919955093, "RF": 0.05299560919955093, "SVM": 0.05299560919955093, "DNN": 0.05299560919955093}, "3 + 4": {"AB": 0.07009661110278989, "AC": 0.07009661110278989, "DS": 0.07009661110278989, "DT": 0.07009661110278989, "GM": 0.07009661110278989, "GN": 0.07009661110278989, "GB": 0.07009661110278989, "KNN": 0.07009661110278989, "KM": 0.07009661110278989, "LR": 0.07009661110278989, "LRR": 0.07009661110278989, "LRL": 0.07009661110278989, "LRE": 0.07009661110278989, "LOG_R": 0.07009661110278989, "RF": 0.07009661110278989, "SVM": 0.07009661110278989, "DNN": 0.07009661110278989}, "0 + 1 + 2": {"AB": 0.044445108247931533, "AC": 0.044445108247931533, "DS": 0.044445108247931533, "DT": 0.044445108247931533, "GM": 0.044445108247931533, "GN": 0.044445108247931533, "GB": 0.044445108247931533, "KNN": 0.044445108247931533, "KM": 0.044445108247931533, "LR": 0.044445108247931533, "LRR": 0.044445108247931533, "LRL": 0.044445108247931533, "LRE": 0.044445108247931533, "LOG_R": 0.044445108247931533, "RF": 0.044445108247931533, "SVM": 0.044445108247931533, "DNN": 0.044445108247931533}, "0 + 1 + 3": {"AB": 0.06493131713083893, "AC": 0.06493131713083893, "DS": 0.06493131713083893, "DT": 0.06493131713083893, "GM": 0.06493131713083893, "GN": 0.06493131713083893, "GB": 0.06493131713083893, "KNN": 0.06493131713083893, "KM": 0.06493131713083893, "LR": 0.06493131713083893, "LRR": 0.06493131713083893, "LRL": 0.06493131713083893, "LRE": 0.06493131713083893, "LOG_R": 0.06493131713083893, "RF": 0.06493131713083893, "SVM": 0.06493131713083893, "DNN": 0.06493131713083893}, "0 + 1 + 4": {"AB": 0.09744071744748246, "AC": 0.09744071744748246, "DS": 0.09744071744748246, "DT": 0.09744071744748246, "GM": 0.09744071744748246, "GN": 0.09744071744748246, "GB": 0.09744071744748246, "KNN": 0.09744071744748246, "KM": 0.09744071744748246, "LR": 0.09744071744748246, "LRR": 0.09744071744748246, "LRL": 0.09744071744748246, "LRE": 0.09744071744748246, "LOG_R": 0.09744071744748246, "RF": 0.09744071744748246, "SVM": 0.09744071744748246, "DNN": 0.09744071744748246}, "0 + 2 + 3": {"AB": 0.07263551633754124, "AC": 0.07263551633754124, "DS": 0.07263551633754124, "DT": 0.07263551633754124, "GM": 0.07263551633754124, "GN": 0.07263551633754124, "GB": 0.07263551633754124, "KNN": 0.07263551633754124, "KM": 0.07263551633754124, "LR": 0.07263551633754124, "LRR": 0.07263551633754124, "LRL": 0.07263551633754124, "LRE": 0.07263551633754124, "LOG_R": 0.07263551633754124, "RF": 0.07263551633754124, "SVM": 0.07263551633754124, "DNN": 0.07263551633754124}, "0 + 2 + 4": {"AB": 0.07949341379932642, "AC": 0.07949341379932642, "DS": 0.07949341379932642, "DT": 0.07949341379932642, "GM": 0.07949341379932642, "GN": 0.07949341379932642, "GB": 0.07949341379932642,