{"0": {"AB": 0.0, "AC": 0.0, "DS": 0.0, "DT": 0.0, "GM": 0.0, "GN": 0.0, "GB": 0.0, "KNN": 0.0, "KM": 0.0, "LR": 0.0, "LRR": 0.0, "LRL": 0.0, "LRE": 0.0, "LOG_R": 0.0, "RF": 0.0, "SVM": 0.0, "DNN": 0.0}, "1": {"AB": 0.0, "AC": 0.0, "DS": 0.0, "DT": 0.0, "GM": 0.0, "GN": 0.0, "GB": 0.0, "KNN": 0.0, "KM": 0.0, "LR": 0.0, "LRR": 0.0, "LRL": 0.0, "LRE": 0.0, "LOG_R": 0.0, "RF": 0.0, "SVM": 0.0, "DNN": 0.0}, "2": {"AB": 0.0, "AC": 0.0, "DS": 0.0, "DT": 0.0, "GM": 0.0, "GN": 0.0, "GB": 0.0, "KNN": 0.0, "KM": 0.0, "LR": 0.0, "LRR": 0.0, "LRL": 0.0, "LRE": 0.0, "LOG_R": 0.0, "RF": 0.0, "SVM": 0.0, "DNN": 0.0}, "3": {"AB": 0.0, "AC": 0.0, "DS": 0.0, "DT": 0.0, "GM": 0.0, "GN": 0.0, "GB": 0.0, "KNN": 0.0, "KM": 0.0, "LR": 0.0, "LRR": 0.0, "LRL": 0.0, "LRE": 0.0, "LOG_R": 0.0, "RF": 0.0, "SVM": 0.0, "DNN": 0.0}, "4": {"AB": 0.0, "AC": 0.0, "DS": 0.0, "DT": 0.0, "GM": 0.0, "GN": 0.0, "GB": 0.0, "KNN": 0.0, "KM": 0.0, "LR": 0.0, "LRR": 0.0, "LRL": 0.0, "LRE": 0.0, "LOG_R": 0.0, "RF": 0.0, "SVM": 0.0, "DNN": 0.0}, "0 + 1": {"AB": 0.046704065368724526, "AC": 0.046704065368724526, "DS": 0.046704065368724526, "DT": 0.046704065368724526, "GM": 0.046704065368724526, "GN": 0.046704065368724526, "GB": 0.046704065368724526, "KNN": 0.046704065368724526, "KM": 0.046704065368724526, "LR": 0.046704065368724526, "LRR": 0.046704065368724526, "LRL": 0.046704065368724526, "LRE": 0.046704065368724526, "LOG_R": 0.046704065368724526, "RF": 0.046704065368724526, "SVM": 0.046704065368724526, "DNN": 0.046704065368724526}, "0 + 2": {"AB": 0.16460122845271657, "AC": 0.16460122845271657, "DS": 0.16460122845271657, "DT": 0.16460122845271657, "GM": 0.16460122845271657, "GN": 0.16460122845271657, "GB": 0.16460122845271657, "KNN": 0.16460122845271657, "KM": 0.16460122845271657, "LR": 0.16460122845271657, "LRR": 0.16460122845271657, "LRL": 0.16460122845271657, "LRE": 0.16460122845271657, "LOG_R": 0.16460122845271657, "RF": 0.16460122845271657, "SVM": 0.16460122845271657, "DNN": 0.16460122845271657}, "0 + 3": {"AB": 0.17196249277499093, "AC": 0.17196249277499093, "DS": 0.17196249277499093, "DT": 0.17196249277499093, "GM": 0.17196249277499093, "GN": 0.17196249277499093, "GB": 0.17196249277499093, "KNN": 0.17196249277499093, "KM": 0.17196249277499093, "LR": 0.17196249277499093, "LRR": 0.17196249277499093, "LRL": 0.17196249277499093, "LRE": 0.17196249277499093, "LOG_R": 0.17196249277499093, "RF": 0.17196249277499093, "SVM": 0.17196249277499093, "DNN": 0.17196249277499093}, "0 + 4": {"AB": 0.18159775642162684, "AC": 0.18159775642162684, "DS": 0.18159775642162684, "DT": 0.18159775642162684, "GM": 0.18159775642162684, "GN": 0.18159775642162684, "GB": 0.18159775642162684, "KNN": 0.18159775642162684, "KM": 0.18159775642162684, "LR": 0.18159775642162684, "LRR": 0.18159775642162684, "LRL": 0.18159775642162684, "LRE": 0.18159775642162684, "LOG_R": 0.18159775642162684, "RF": 0.18159775642162684, "SVM": 0.18159775642162684, "DNN": 0.18159775642162684}, "1 + 2": {"AB": 0.11789716308399206, "AC": 0.11789716308399206, "DS": 0.11789716308399206, "DT": 0.11789716308399206, "GM": 0.11789716308399206, "GN": 0.11789716308399206, "GB": 0.11789716308399206, "KNN": 0.11789716308399206, "KM": 0.11789716308399206, "LR": 0.11789716308399206, "LRR": 0.11789716308399206, "LRL": 0.11789716308399206, "LRE": 0.11789716308399206, "LOG_R": 0.11789716308399206, "RF": 0.11789716308399206, "SVM": 0.11789716308399206, "DNN": 0.11789716308399206}, "1 + 3": {"AB": 0.12525842740626641, "AC": 0.12525842740626641, "DS": 0.12525842740626641, "DT": 0.12525842740626641, "GM": 0.12525842740626641, "GN": 0.12525842740626641, "GB": 0.12525842740626641, "KNN": 0.12525842740626641, "KM": 0.12525842740626641, "LR": 0.12525842740626641, "LRR": 0.12525842740626641, "LRL": 0.12525842740626641, "LRE": 0.12525842740626641, "LOG_R": 0.12525842740626641, "RF": 0.12525842740626641, "SVM": 0.12525842740626641, "DNN": 0.12525842740626641}, "1 + 4": {"AB": 0.1348936910529023, "AC": 0.1348936910529023, "DS": 0.1348936910529023, "DT": 0.1348936910529023, "GM": 0.1348936910529023, "GN": 0.1348936910529023, "GB": 0.1348936910529023, "KNN": 0.1348936910529023, "KM": 0.1348936910529023, "LR": 0.1348936910529023, "LRR": 0.1348936910529023, "LRL": 0.1348936910529023, "LRE": 0.1348936910529023, "LOG_R": 0.1348936910529023, "RF": 0.1348936910529023, "SVM": 0.1348936910529023, "DNN": 0.1348936910529023}, "2 + 3": {"AB": 0.1853440086104432, "AC": 0.1853440086104432, "DS": 0.1853440086104432, "DT": 0.1853440086104432, "GM": 0.1853440086104432, "GN": 0.1853440086104432, "GB": 0.1853440086104432, "KNN": 0.1853440086104432, "KM": 0.1853440086104432, "LR": 0.1853440086104432, "LRR": 0.1853440086104432, "LRL": 0.1853440086104432, "LRE": 0.1853440086104432, "LOG_R": 0.1853440086104432, "RF": 0.1853440086104432, "SVM": 0.1853440086104432, "DNN": 0.1853440086104432}, "2 + 4": {"AB": 0.1949792722570791, "AC": 0.1949792722570791, "DS": 0.1949792722570791, "DT": 0.1949792722570791, "GM": 0.1949792722570791, "GN": 0.1949792722570791, "GB": 0.1949792722570791, "KNN": 0.1949792722570791, "KM": 0.1949792722570791, "LR": 0.1949792722570791, "LRR": 0.1949792722570791, "LRL": 0.1949792722570791, "LRE": 0.1949792722570791, "LOG_R": 0.1949792722570791, "RF": 0.1949792722570791, "SVM": 0.1949792722570791, "DNN": 0.1949792722570791}, "3 + 4": {"AB": 0.009635263646635889, "AC": 0.009635263646635889, "DS": 0.009635263646635889, "DT": 0.009635263646635889, "GM": 0.009635263646635889, "GN": 0.009635263646635889, "GB": 0.009635263646635889, "KNN": 0.009635263646635889, "KM": 0.009635263646635889, "LR": 0.009635263646635889, "LRR": 0.009635263646635889, "LRL": 0.009635263646635889, "LRE": 0.009635263646635889, "LOG_R": 0.009635263646635889, "RF": 0.009635263646635889, "SVM": 0.009635263646635889, "DNN": 0.009635263646635889}, "0 + 1 + 2": {"AB": 0.14124919576835432, "AC": 0.14124919576835432, "DS": 0.14124919576835432, "DT": 0.14124919576835432, "GM": 0.14124919576835432, "GN": 0.14124919576835432, "GB": 0.14124919576835432, "KNN": 0.14124919576835432, "KM": 0.14124919576835432, "LR": 0.14124919576835432, "LRR": 0.14124919576835432, "LRL": 0.14124919576835432, "LRE": 0.14124919576835432, "LOG_R": 0.14124919576835432, "RF": 0.14124919576835432, "SVM": 0.14124919576835432, "DNN": 0.14124919576835432}, "0 + 1 + 3": {"AB": 0.14861046009062867, "AC": 0.14861046009062867, "DS": 0.14861046009062867, "DT": 0.14861046009062867, "GM": 0.14861046009062867, "GN": 0.14861046009062867, "GB": 0.14861046009062867, "KNN": 0.14861046009062867, "KM": 0.14861046009062867, "LR": 0.14861046009062867, "LRR": 0.14861046009062867, "LRL": 0.14861046009062867, "LRE": 0.14861046009062867, "LOG_R": 0.14861046009062867, "RF": 0.14861046009062867, "SVM": 0.14861046009062867, "DNN": 0.14861046009062867}, "0 + 1 + 4": {"AB": 0.15824572373726456, "AC": 0.15824572373726456, "DS": 0.15824572373726456, "DT": 0.15824572373726456, "GM": 0.15824572373726456, "GN": 0.15824572373726456, "GB": 0.15824572373726456, "KNN": 0.15824572373726456, "KM": 0.15824572373726456, "LR": 0.15824572373726456, "LRR": 0.15824572373726456, "LRL": 0.15824572373726456, "LRE": 0.15824572373726456, "LOG_R": 0.15824572373726456, "RF": 0.15824572373726456, "SVM": 0.15824572373726456, "DNN": 0.15824572373726456}, "0 + 2 + 3": {"AB": 0.22314893676475928, "AC": 0.22314893676475928, "DS": 0.22314893676475928, "DT": 0.22314893676475928, "GM": 0.22314893676475928, "GN": 0.22314893676475928, "GB": 0.22314893676475928, "KNN": 0.22314893676475928, "KM": 0.22314893676475928, "LR": 0.22314893676475928, "LRR": 0.22314893676475928, "LRL": 0.22314893676475928, "LRE": 0.22314893676475928, "LOG_R": 0.22314893676475928, "RF": 0.22314893676475928, "SVM": 0.22314893676475928, "DNN": 0.22314893676475928}, "0 + 2 + 4": {"AB": 0.23278420041139516, "AC": 0.23278420041139516, "DS": 0.23278420041139516, "DT": 0.23278420041139516, "GM": 0.23278420041139516, "GN": 0.23278420041139516, "GB": 0.23278420041139516, "KNN": 0.23278420041139516, "KM": 0.23278420041139516,