{"0": {"AB": 0.6293706293706294, "AC": 0.6327356853672642, "DS": 0.6688963210702342, "DT": 0.6293706293706294, "GM": 0.6688963210702342, "GN": 0.6688963210702342, "GB": 0.6688963210702342, "KNN": 0.6293706293706294, "KM": 0.40659340659340654, "LR": 0.6688963210702342, "LRR": 0.6688963210702342, "LRL": 0.6688963210702342, "LRE": 0.6688963210702342, "LOG_R": 0.6688963210702342, "RF": 0.6688963210702342, "SVM": 0.6688963210702342, "DNN": 0.6688963210702342}, "1": {"AB": 0.8568376068376069, "AC": 0.28846153846153844, "DS": 0.6688963210702342, "DT": 0.8568376068376069, "GM": 0.6688963210702342, "GN": 0.9265471370734529, "GB": 0.8568376068376069, "KNN": 0.8568376068376069, "KM": 0.28846153846153844, "LR": 0.9265471370734529, "LRR": 0.9265471370734529, "LRL": 0.9265471370734529, "LRE": 0.9265471370734529, "LOG_R": 0.9265471370734529, "RF": 0.8568376068376069, "SVM": 0.9265471370734529, "DNN": 0.8568376068376069}, "2": {"AB": 0.5860805860805861, "AC": 0.7516483516483518, "DS": 0.6688963210702342, "DT": 0.5860805860805861, "GM": 0.6688963210702342, "GN": 0.6923076923076924, "GB": 0.6293706293706294, "KNN": 0.6293706293706294, "KM": 0.7516483516483518, "LR": 0.7516483516483518, "LRR": 0.7516483516483518, "LRL": 0.7516483516483518, "LRE": 0.7516483516483518, "LOG_R": 0.7516483516483518, "RF": 0.6293706293706294, "SVM": 0.6688963210702342, "DNN": 0.6688963210702342}, "3": {"AB": 0.5526315789473683, "AC": 0.6, "DS": 0.6428571428571428, "DT": 0.5526315789473683, "GM": 0.6428571428571428, "GN": 0.6, "GB": 0.6, "KNN": 0.5526315789473683, "KM": 0.4411764705882353, "LR": 0.6428571428571428, "LRR": 0.6428571428571428, "LRL": 0.6428571428571428, "LRE": 0.6428571428571428, "LOG_R": 0.6428571428571428, "RF": 0.6, "SVM": 0.6428571428571428, "DNN": 0.6428571428571428}, "4": {"AB": 0.7666666666666666, "AC": 0.375, "DS": 0.6428571428571428, "DT": 0.7666666666666666, "GM": 0.6428571428571428, "GN": 0.6428571428571428, "GB": 0.8333333333333334, "KNN": 0.8333333333333334, "KM": 0.37142857142857144, "LR": 0.6428571428571428, "LRR": 0.6428571428571428, "LRL": 0.6428571428571428, "LRE": 0.6428571428571428, "LOG_R": 0.6428571428571428, "RF": 0.8333333333333334, "SVM": 0.6428571428571428, "DNN": 0.6428571428571428}, "0 + 1": {"AB": 0.9172161172161173, "AC": 0.9172161172161173, "DS": 0.6688963210702342, "DT": 0.8146853146853146, "GM": 0.6688963210702342, "GN": 0.6688963210702342, "GB": 0.8146853146853146, "KNN": 0.8146853146853146, "KM": 0.03296703296703297, "LR": 0.8146853146853146, "LRR": 0.8146853146853146, "LRL": 0.8146853146853146, "LRE": 0.8146853146853146, "LOG_R": 0.6688963210702342, "RF": 0.8146853146853146, "SVM": 0.8146853146853146, "DNN": 0.9172161172161173}, "0 + 2": {"AB": 0.6293706293706294, "AC": 0.6293706293706294, "DS": 0.6688963210702342, "DT": 0.4858299595141701, "GM": 0.6688963210702342, "GN": 0.6688963210702342, "GB": 0.6688963210702342, "KNN": 0.6688963210702342, "KM": 0.6293706293706294, "LR": 0.6688963210702342, "LRR": 0.6688963210702342, "LRL": 0.6688963210702342, "LRE": 0.6688963210702342, "LOG_R": 0.6688963210702342, "RF": 0.6293706293706294, "SVM": 0.6688963210702342, "DNN": 0.6293706293706294}, "0 + 3": {"AB": 0.6, "AC": 0.6, "DS": 0.6428571428571428, "DT": 0.6, "GM": 0.10000000000000002, "GN": 0.6008403361344539, "GB": 0.6428571428571428, "KNN": 0.5526315789473683, "KM": 0.2571428571428571, "LR": 0.6428571428571428, "LRR": 0.6428571428571428, "LRL": 0.6428571428571428, "LRE": 0.6428571428571428, "LOG_R": 0.6428571428571428, "RF": 0.6428571428571428, "SVM": 0.6428571428571428, "DNN": 0.6428571428571428}, "0 + 4": {"AB": 0.6666666666666666, "AC": 0.5312500000000001, "DS": 0.6428571428571428, "DT": 0.7315789473684212, "GM": 0.6428571428571428, "GN": 0.8333333333333334, "GB": 0.6, "KNN": 0.6428571428571428, "KM": 0.5285714285714286, "LR": 0.8333333333333334, "LRR": 0.8333333333333334, "LRL": 0.8333333333333334, "LRE": 0.8333333333333334, "LOG_R": 0.8333333333333334, "RF": 0.6, "SVM": 0.6428571428571428, "DNN": 0.6428571428571428}, "1 + 2": {"AB": 0.8146853146853146, "AC": 0.9172161172161173, "DS": 0.6688963210702342, "DT": 0.8146853146853146, "GM": 0.6688963210702342, "GN": 0.8146853146853146, "GB": 0.6688963210702342, "KNN": 0.8146853146853146, "KM": 0.9172161172161173, "LR": 0.9172161172161173, "LRR": 0.9172161172161173, "LRL": 0.9172161172161173, "LRE": 0.9172161172161173, "LOG_R": 0.9172161172161173, "RF": 0.6688963210702342, "SVM": 0.9172161172161173, "DNN": 0.9172161172161173}, "1 + 3": {"AB": 0.9201680672268907, "AC": 0.3, "DS": 0.6428571428571428, "DT": 0.8333333333333334, "GM": 0.10000000000000002, "GN": 0.9201680672268907, "GB": 0.8333333333333334, "KNN": 0.9201680672268907, "KM": 0.84375, "LR": 0.8333333333333334, "LRR": 0.8333333333333334, "LRL": 0.8333333333333334, "LRE": 0.8333333333333334, "LOG_R": 0.8333333333333334, "RF": 0.8333333333333334, "SVM": 0.8333333333333334, "DNN": 0.84375}, "1 + 4": {"AB": 0.84375, "AC": 0.9201680672268907, "DS": 0.6428571428571428, "DT": 0.8333333333333334, "GM": 0.6428571428571428, "GN": 0.9201680672268907, "GB": 0.8333333333333334, "KNN": 0.7315789473684212, "KM": 0.84375, "LR": 0.9201680672268907, "LRR": 0.9201680672268907, "LRL": 0.7315789473684212, "LRE": 0.9201680672268907, "LOG_R": 0.9201680672268907, "RF": 0.9201680672268907, "SVM": 0.9201680672268907, "DNN": 0.8333333333333334}, "2 + 3": {"AB": 0.5526315789473683, "AC": 0.6857142857142856, "DS": 0.6428571428571428, "DT": 0.6428571428571428, "GM": 0.6428571428571428, "GN": 0.6428571428571428, "GB": 0.6428571428571428, "KNN": 0.6428571428571428, "KM": 0.5979020979020978, "LR": 0.6428571428571428, "LRR": 0.6428571428571428, "LRL": 0.6428571428571428, "LRE": 0.6428571428571428, "LOG_R": 0.6428571428571428, "RF": 0.6, "SVM": 0.6428571428571428, "DNN": 0.6428571428571428}, "2 + 4": {"AB": 0.7605042016806722, "AC": 0.3333333333333333, "DS": 0.6428571428571428, "DT": 0.6428571428571428, "GM": 0.6428571428571428, "GN": 0.6428571428571428, "GB": 0.6428571428571428, "KNN": 0.6, "KM": 0.45555555555555555, "LR": 0.6428571428571428, "LRR": 0.6428571428571428, "LRL": 0.6428571428571428, "LRE": 0.6428571428571428, "LOG_R": 0.6428571428571428, "RF": 0.6428571428571428, "SVM": 0.6428571428571428, "DNN": 0.6428571428571428}, "3 + 4": {"AB": 0.7999999999999999, "AC": 0.6, "DS": 0.6428571428571428, "DT": 0.9105263157894737, "GM": 0.6428571428571428, "GN": 0.6008403361344539, "GB": 0.6428571428571428, "KNN": 0.6428571428571428, "KM": 0.6, "LR": 0.6428571428571428, "LRR": 0.6428571428571428, "LRL": 0.6428571428571428, "LRE": 0.6428571428571428, "LOG_R": 0.6428571428571428, "RF": 0.7999999999999999, "SVM": 0.6428571428571428, "DNN": 0.6428571428571428}, "0 + 1 + 2": {"AB": 0.9265471370734529, "AC": 0.9265471370734529, "DS": 0.6688963210702342, "DT": 0.9265471370734529, "GM": 0.08653846153846154, "GN": 0.8461538461538461, "GB": 0.9265471370734529, "KNN": 0.9265471370734529, "KM": 0.10989010989010992, "LR": 0.8461538461538461, "LRR": 0.8461538461538461, "LRL": 0.8461538461538461, "LRE": 0.8461538461538461, "LOG_R": 0.7516483516483518, "RF": 0.9265471370734529, "SVM": 0.7516483516483518, "DNN": 0.7516483516483518}, "0 + 1 + 3": {"AB": 0.7999999999999999, "AC": 0.21428571428571427, "DS": 0.6428571428571428, "DT": 0.7315789473684212, "GM": 0.6428571428571428, "GN": 0.8333333333333334, "GB": 0.7315789473684212, "KNN": 0.7315789473684212, "KM": 0.9201680672268907, "LR": 0.8333333333333334, "LRR": 0.8333333333333334, "LRL": 0.7315789473684212, "LRE": 0.8333333333333334, "LOG_R": 0.8333333333333334, "RF": 0.7315789473684212, "SVM": 0.7605042016806722, "DNN": 0.84375}, "0 + 1 + 4": {"AB": 0.7999999999999999, "AC": 1.0, "DS": 0.6428571428571428, "DT": 1.0, "GM": 0.6428571428571428, "GN": 0.7999999999999999, "GB": 1.0, "KNN": 0.7999999999999999, "KM": 0.84375, "LR": 0.7999999999999999, "LRR": 0.7999999999999999, "LRL": 0.7999999999999999, "LRE": 0.7999999999999999, "LOG_R": 0.7999999999999999, "RF": 1.0, "SVM": 1.0, "DNN": 1.0}, "0 + 2 + 3": {"AB": 0.8333333333333334,