{"0": {"AB": 0.6966231496495832, "AC": 0.4161895520841152, "DS": 0.28304367476067216, "DT": 0.6564594504227121, "GM": 0.39306138009912317, "GN": 0.6661128913176272, "GB": 0.6966231496495832, "KNN": 0.6291071212560642, "KM": 0.2988565566293096, "LR": 0.6691378427039683, "LRR": 0.6691378427039683, "LRL": 0.6691378427039683, "LRE": 0.6691378427039683, "LOG_R": 0.6890022262699859, "RF": 0.6966231496495832, "SVM": 0.6669250345567054, "DNN": 0.4161895520841152}, "1": {"AB": 0.8539325842696629, "AC": 0.8114947094917784, "DS": 0.37792175838595915, "DT": 0.779867993801398, "GM": 0.2905790838375108, "GN": 0.8594840674136024, "GB": 0.8594840674136024, "KNN": 0.7764087177349608, "KM": 0.15799134576924473, "LR": 0.8594840674136024, "LRR": 0.8594840674136024, "LRL": 0.8594840674136024, "LRE": 0.8594840674136024, "LOG_R": 0.8373310033865918, "RF": 0.8594840674136024, "SVM": 0.8596081902640162, "DNN": 0.8594840674136024}, "2": {"AB": 0.6734364481720805, "AC": 0.35958747269780883, "DS": 0.23780058722185823, "DT": 0.737618900538763, "GM": 0.43863949088407295, "GN": 0.6565362354836038, "GB": 0.6713017294818244, "KNN": 0.6523480418217261, "KM": 0.6041086194859181, "LR": 0.4615704867914043, "LRR": 0.4615704867914043, "LRL": 0.4517892621476251, "LRE": 0.4646307125839289, "LOG_R": 0.473969649146397, "RF": 0.6513473316751148, "SVM": 0.43863949088407295, "DNN": 0.6749025341130604}, "3": {"AB": 0.8235156086179409, "AC": 0.42882575476596696, "DS": 0.414495028780743, "DT": 0.7798193443354732, "GM": 0.42882575476596696, "GN": 0.7939701324316709, "GB": 0.8303997699165947, "KNN": 0.7860073260073259, "KM": 0.6061045498885174, "LR": 0.7891813481508791, "LRR": 0.7891813481508791, "LRL": 0.7891813481508791, "LRE": 0.7891813481508791, "LOG_R": 0.7934085841694537, "RF": 0.8150025516889422, "SVM": 0.801456693547089, "DNN": 0.8019844684501398}, "4": {"AB": 0.6335994889811563, "AC": 0.24887317719840923, "DS": 0.2543278353525033, "DT": 0.6071397204865099, "GM": 0.24887317719840923, "GN": 0.6405920333511274, "GB": 0.6352051170687409, "KNN": 0.6036324207102195, "KM": 0.5715624197826644, "LR": 0.645993756503642, "LRR": 0.645993756503642, "LRL": 0.6276449136369596, "LRE": 0.645993756503642, "LOG_R": 0.6476958201137454, "RF": 0.6352051170687409, "SVM": 0.6042902002365319, "DNN": 0.6276449136369596}, "0 + 1": {"AB": 0.799852989819545, "AC": 0.33399582873267086, "DS": 0.33670576735092866, "DT": 0.6847790070012292, "GM": 0.33399582873267086, "GN": 0.8592001815777263, "GB": 0.8287946127946129, "KNN": 0.6987899094508903, "KM": 0.2642949967511371, "LR": 0.8489161632018773, "LRR": 0.8489161632018773, "LRL": 0.8489161632018773, "LRE": 0.8489161632018773, "LOG_R": 0.8357000418935903, "RF": 0.8350922746275885, "SVM": 0.8350922746275885, "DNN": 0.841901776384535}, "0 + 2": {"AB": 0.7229267698800803, "AC": 0.25284930658953175, "DS": 0.24019607843137256, "DT": 0.775957391135533, "GM": 0.25284930658953175, "GN": 0.726643598615917, "GB": 0.7006096556269567, "KNN": 0.7138579397150292, "KM": 0.5824142156862745, "LR": 0.6314014967689203, "LRR": 0.6314014967689203, "LRL": 0.6362135727619136, "LRE": 0.6314014967689203, "LOG_R": 0.6584313725490195, "RF": 0.7079858763428742, "SVM": 0.6615587411435163, "DNN": 0.6877287195011171}, "0 + 3": {"AB": 0.8666666666666667, "AC": 0.4090567951318458, "DS": 0.3942203147353362, "DT": 0.8530952380952381, "GM": 0.4090567951318458, "GN": 0.7073490460157128, "GB": 0.8598928458871732, "KNN": 0.7920592705167174, "KM": 0.37285591601381074, "LR": 0.8329969861362265, "LRR": 0.8329969861362265, "LRL": 0.8396223398639578, "LRE": 0.8329969861362265, "LOG_R": 0.8130303030303031, "RF": 0.8390406976744186, "SVM": 0.8201212121212123, "DNN": 0.8201212121212123}, "0 + 4": {"AB": 0.7573864606122671, "AC": 0.25161290322580643, "DS": 0.2543278353525033, "DT": 0.7475465551470741, "GM": 0.4473881474743989, "GN": 0.6422470738864906, "GB": 0.7828737712480927, "KNN": 0.6694876518079914, "KM": 0.7284335224693946, "LR": 0.6867802230931566, "LRR": 0.6867802230931566, "LRL": 0.6659366676531518, "LRE": 0.6867802230931566, "LOG_R": 0.7344864713945625, "RF": 0.7753347065646297, "SVM": 0.6867802230931566, "DNN": 0.7037561951134683}, "1 + 2": {"AB": 0.868421052631579, "AC": 0.8221705216820482, "DS": 0.2904220009483167, "DT": 0.8357760047483707, "GM": 0.2904220009483167, "GN": 0.9007386888273317, "GB": 0.9074580657086088, "KNN": 0.8020844731371048, "KM": 0.865221060216746, "LR": 0.8680423567743687, "LRR": 0.8680423567743687, "LRL": 0.8819869441044471, "LRE": 0.8680423567743687, "LOG_R": 0.9011216905413145, "RF": 0.9206783420359502, "SVM": 0.9141550457339931, "DNN": 0.9011216905413145}, "1 + 3": {"AB": 0.8979446479446478, "AC": 0.42882575476596696, "DS": 0.414495028780743, "DT": 0.884808206499383, "GM": 0.414495028780743, "GN": 0.8468637493027737, "GB": 0.8978447908680468, "KNN": 0.8841081994928148, "KM": 0.7860282574568288, "LR": 0.8491829034334626, "LRR": 0.8491829034334626, "LRL": 0.8428514640171082, "LRE": 0.8491829034334626, "LOG_R": 0.8405443754401012, "RF": 0.8978447908680468, "SVM": 0.8405443754401012, "DNN": 0.8660339660339661}, "1 + 4": {"AB": 0.86436212998713, "AC": 0.26629947483028055, "DS": 0.2750694619853498, "DT": 0.7843770238136437, "GM": 0.26629947483028055, "GN": 0.821529484029484, "GB": 0.8566077708894572, "KNN": 0.7636754683734548, "KM": 0.673062073062073, "LR": 0.8318639261073073, "LRR": 0.8318639261073073, "LRL": 0.8253426809219138, "LRE": 0.8318639261073073, "LOG_R": 0.8287118287118287, "RF": 0.834595212237566, "SVM": 0.8280576545780933, "DNN": 0.8363780134222745}, "2 + 3": {"AB": 0.8538745272594275, "AC": 0.35105270434588404, "DS": 0.34556930780351913, "DT": 0.7883211678832117, "GM": 0.3616306844472605, "GN": 0.7715357860187135, "GB": 0.831326960861786, "KNN": 0.7564177628582952, "KM": 0.566574985013576, "LR": 0.7680909074446886, "LRR": 0.7680909074446886, "LRL": 0.7604482182167271, "LRE": 0.7680909074446886, "LOG_R": 0.7574467685804134, "RF": 0.7951842886560684, "SVM": 0.764494421428728, "DNN": 0.7503905859414057}, "2 + 4": {"AB": 0.7099487373436325, "AC": 0.25161290322580643, "DS": 0.2543278353525033, "DT": 0.7093802748311709, "GM": 0.43331332188123506, "GN": 0.6866540643877631, "GB": 0.6727275783605525, "KNN": 0.6664293659621803, "KM": 0.24470667146956163, "LR": 0.6255035761202744, "LRR": 0.6255035761202744, "LRL": 0.6155939101597829, "LRE": 0.6255035761202744, "LOG_R": 0.6527900010544277, "RF": 0.6800221578344726, "SVM": 0.5689968374446552, "DNN": 0.7008738806775273}, "3 + 4": {"AB": 0.7967627437291243, "AC": 0.32581453634085217, "DS": 0.32916462009294584, "DT": 0.8420516941207982, "GM": 0.32581453634085217, "GN": 0.595856600292452, "GB": 0.7894498797876646, "KNN": 0.7375134264232007, "KM": 0.3007336890613631, "LR": 0.7808391864874535, "LRR": 0.7808391864874535, "LRL": 0.773023747894326, "LRE": 0.7808391864874535, "LOG_R": 0.7667590296399631, "RF": 0.7967627437291243, "SVM": 0.7593168441465656, "DNN": 0.7812620913987095}, "0 + 1 + 2": {"AB": 0.848386592163349, "AC": 0.4400543810467297, "DS": 0.2904220009483167, "DT": 0.8224534381247466, "GM": 0.29868244341716504, "GN": 0.8671413281213645, "GB": 0.8534128289473685, "KNN": 0.8017075374407928, "KM": 0.5817842478536767, "LR": 0.8307000057228973, "LRR": 0.8307000057228973, "LRL": 0.8485866351271438, "LRE": 0.8307000057228973, "LOG_R": 0.8810175130539255, "RF": 0.8602937576499388, "SVM": 0.8739575519569343, "DNN": 0.894237789381267}, "0 + 1 + 3": {"AB": 0.8936190476190476, "AC": 0.4235271974402409, "DS": 0.3942203147353362, "DT": 0.8535174557627928, "GM": 0.4235271974402409, "GN": 0.8603426028921024, "GB": 0.9066666666666666, "KNN": 0.8798051948051947, "KM": 0.39540077262050355, "LR": 0.8515385083713851, "LRR": 0.8515385083713851, "LRL": 0.8515385083713851, "LRE": 0.8515385083713851, "LOG_R": 0.8603928555520912, "RF": 0.8934672405547583, "SVM": 0.8603928555520912, "DNN": 0.8803423070065965}, "0 + 1 + 4": {"AB": 0.885044794968459, "AC": 0.30104084667191466, "DS": 0.2750694619853498, "DT": 0.877925916988417, "GM": 0.43537772918303885,