{"0": {"AB": 0.6364532019704434, "AC": 0.2911250144826787, "DS": 0.2793103448275862, "DT": 0.64, "GM": 0.3857142857142857, "GN": 0.397416744475568, "GB": 0.6364532019704434, "KNN": 0.5394776799271181, "KM": 0.5329780564263323, "LR": 0.5495039682539682, "LRR": 0.5495039682539682, "LRL": 0.5159817351598174, "LRE": 0.5495039682539682, "LOG_R": 0.5952314165497896, "RF": 0.6486115349404943, "SVM": 0.6775999999999999, "DNN": 0.6580579355365157}, "1": {"AB": 0.7872023809523809, "AC": 0.6027622021154582, "DS": 0.3104460093896714, "DT": 0.69775275818412, "GM": 0.3104460093896714, "GN": 0.8315696649029983, "GB": 0.8424271577789995, "KNN": 0.6631701631701632, "KM": 0.2339238845144357, "LR": 0.8236765806210252, "LRR": 0.8236765806210252, "LRL": 0.8236765806210252, "LRE": 0.8236765806210252, "LOG_R": 0.8429802955665026, "RF": 0.8424271577789995, "SVM": 0.8322363609770367, "DNN": 0.8424271577789995}, "2": {"AB": 0.6799806576402321, "AC": 0.3404255319148936, "DS": 0.3452202577165118, "DT": 0.7659574468085106, "GM": 0.3404255319148936, "GN": 0.6737394345671815, "GB": 0.7106990534284361, "KNN": 0.7535584529205196, "KM": 0.6338570913399618, "LR": 0.6954759080466674, "LRR": 0.6954759080466674, "LRL": 0.7076687514339008, "LRE": 0.6954759080466674, "LOG_R": 0.7310351531647569, "RF": 0.7106990534284361, "SVM": 0.7180581801803565, "DNN": 0.7321357227432208}, "3": {"AB": 0.7565601931958224, "AC": 0.21906035141329253, "DS": 0.24890909090909094, "DT": 0.6136363636363636, "GM": 0.24890909090909094, "GN": 0.6740492355246454, "GB": 0.75829300727716, "KNN": 0.5311785899962519, "KM": 0.2029780564263323, "LR": 0.6451105137831796, "LRR": 0.6451105137831796, "LRL": 0.6545336174242423, "LRE": 0.6451105137831796, "LOG_R": 0.6595026831730514, "RF": 0.7489316239316239, "SVM": 0.6451105137831796, "DNN": 0.6451105137831796}, "4": {"AB": 0.6450390655622045, "AC": 0.25216082821716623, "DS": 0.196311891970379, "DT": 0.6266451166012467, "GM": 0.4917435648372997, "GN": 0.6386317907444667, "GB": 0.6311516155758079, "KNN": 0.6264421974887299, "KM": 0.5772102730366073, "LR": 0.6349074841204089, "LRR": 0.6349074841204089, "LRL": 0.5600353080550373, "LRE": 0.6464623201652429, "LOG_R": 0.6386317907444667, "RF": 0.6311516155758079, "SVM": 0.6425087743288208, "DNN": 0.6386317907444667}, "0 + 1": {"AB": 0.8091218612569158, "AC": 0.5783821696821948, "DS": 0.30451127819548873, "DT": 0.7790455158876213, "GM": 0.3629764065335753, "GN": 0.8398519233864477, "GB": 0.8264081255771005, "KNN": 0.7264371033967899, "KM": 0.632796249105417, "LR": 0.7867513611615244, "LRR": 0.7867513611615244, "LRL": 0.7950426372970687, "LRE": 0.7867513611615244, "LOG_R": 0.8398519233864477, "RF": 0.8389362046923673, "SVM": 0.8398519233864477, "DNN": 0.8296011030285741}, "0 + 2": {"AB": 0.8351250054765822, "AC": 0.38410713668908547, "DS": 0.3272462831286361, "DT": 0.7471916750640927, "GM": 0.345812148050954, "GN": 0.7293887840064602, "GB": 0.7690634845401064, "KNN": 0.6854043392504929, "KM": 0.6488109413806008, "LR": 0.788911858218789, "LRR": 0.788911858218789, "LRL": 0.7654871857895086, "LRE": 0.788911858218789, "LOG_R": 0.7666920538207667, "RF": 0.7893792954033918, "SVM": 0.775993237531699, "DNN": 0.7904490900245903}, "0 + 3": {"AB": 0.6879049111807732, "AC": 0.24413489736070382, "DS": 0.24890909090909094, "DT": 0.6242518951988297, "GM": 0.45048887039733715, "GN": 0.6239029640668985, "GB": 0.6279592803030302, "KNN": 0.6590909090909091, "KM": 0.23928307464892837, "LR": 0.6048787580529706, "LRR": 0.6048787580529706, "LRL": 0.5868479509187621, "LRE": 0.5868479509187621, "LOG_R": 0.6332991674685186, "RF": 0.6792207792207793, "SVM": 0.6172174599593955, "DNN": 0.6682551319648092}, "0 + 4": {"AB": 0.7087415799142682, "AC": 0.22591345172484179, "DS": 0.196311891970379, "DT": 0.7378674219228414, "GM": 0.22591345172484179, "GN": 0.6672190002761669, "GB": 0.766853548475318, "KNN": 0.6264421974887299, "KM": 0.48499693815064293, "LR": 0.6672190002761669, "LRR": 0.6672190002761669, "LRL": 0.6672190002761669, "LRE": 0.6672190002761669, "LOG_R": 0.6558904830854284, "RF": 0.7289738430583501, "SVM": 0.6672190002761669, "DNN": 0.6672190002761669}, "1 + 2": {"AB": 0.836937256292095, "AC": 0.3284671532846716, "DS": 0.3333333333333333, "DT": 0.8146699845953311, "GM": 0.3284671532846716, "GN": 0.9346590909090908, "GB": 0.9347826086956522, "KNN": 0.823076923076923, "KM": 0.2702273929138022, "LR": 0.895021645021645, "LRR": 0.895021645021645, "LRL": 0.895021645021645, "LRE": 0.895021645021645, "LOG_R": 0.9347826086956522, "RF": 0.8800805782675674, "SVM": 0.9239040529363112, "DNN": 0.9238320520402131}, "1 + 3": {"AB": 0.8727333311328749, "AC": 0.23900446470979386, "DS": 0.25380051909529106, "DT": 0.8967189132706375, "GM": 0.4693322854242395, "GN": 0.8823483880955146, "GB": 0.8719925751410008, "KNN": 0.7696896794731599, "KM": 0.5366472607851918, "LR": 0.7981973925318043, "LRR": 0.7981973925318043, "LRL": 0.8077168312395526, "LRE": 0.7981973925318043, "LOG_R": 0.8710940944648333, "RF": 0.8839838322596942, "SVM": 0.8588180657146175, "DNN": 0.8575626959247649}, "1 + 4": {"AB": 0.9285575202366272, "AC": 0.12062966031483015, "DS": 0.196311891970379, "DT": 0.8456616314379813, "GM": 0.196311891970379, "GN": 0.9137698531615223, "GB": 0.927684809867041, "KNN": 0.8336918060084645, "KM": 0.12024138353700424, "LR": 0.8739436619718308, "LRR": 0.8739436619718308, "LRL": 0.8739436619718308, "LRE": 0.8739436619718308, "LOG_R": 0.9137698531615223, "RF": 0.927684809867041, "SVM": 0.8987587338138573, "DNN": 0.8834966319657072}, "2 + 3": {"AB": 0.7582528696345667, "AC": 0.7974691217700994, "DS": 0.2748995983935743, "DT": 0.7957767341737092, "GM": 0.2748995983935743, "GN": 0.7436489252027266, "GB": 0.8148175336532727, "KNN": 0.681617698865638, "KM": 0.2044466525897404, "LR": 0.7436489252027266, "LRR": 0.7436489252027266, "LRL": 0.7436489252027266, "LRE": 0.7436489252027266, "LOG_R": 0.7786637458926616, "RF": 0.8046254646436887, "SVM": 0.7654355426274786, "DNN": 0.8046254646436887}, "2 + 4": {"AB": 0.8010165339865277, "AC": 0.6886628180296734, "DS": 0.196311891970379, "DT": 0.798796324043552, "GM": 0.4917435648372997, "GN": 0.7337792991716533, "GB": 0.6988598256203891, "KNN": 0.736260701463684, "KM": 0.14812470327583477, "LR": 0.7168415350402007, "LRR": 0.7168415350402007, "LRL": 0.7168415350402007, "LRE": 0.7168415350402007, "LOG_R": 0.7289738430583501, "RF": 0.6988598256203891, "SVM": 0.7289738430583501, "DNN": 0.6988598256203891}, "3 + 4": {"AB": 0.832195191350121, "AC": 0.20048989589712182, "DS": 0.196311891970379, "DT": 0.8059737736765419, "GM": 0.4917435648372997, "GN": 0.8060625911919721, "GB": 0.8063437535783808, "KNN": 0.8063437535783808, "KM": 0.6214788732394367, "LR": 0.8023101176486593, "LRR": 0.8023101176486593, "LRL": 0.8023101176486593, "LRE": 0.8023101176486593, "LOG_R": 0.7762260667599677, "RF": 0.8063437535783808, "SVM": 0.8023101176486593, "DNN": 0.8023101176486593}, "0 + 1 + 2": {"AB": 0.868036219100049, "AC": 0.32234432234432236, "DS": 0.3272462831286361, "DT": 0.7901452095509099, "GM": 0.32234432234432236, "GN": 0.879091670682827, "GB": 0.879091670682827, "KNN": 0.766127894840766, "KM": 0.7322765729845376, "LR": 0.8590514748409486, "LRR": 0.8590514748409486, "LRL": 0.8767006802721088, "LRE": 0.8590514748409486, "LOG_R": 0.8681318681318682, "RF": 0.879091670682827, "SVM": 0.8681318681318682, "DNN": 0.879091670682827}, "0 + 1 + 3": {"AB": 0.8963552944807944, "AC": 0.2784016886822012, "DS": 0.25380051909529106, "DT": 0.8628003071634915, "GM": 0.2784016886822012, "GN": 0.824219219724773, "GB": 0.8620689655172413, "KNN": 0.7466586474204757, "KM": 0.31902937420178795, "LR": 0.8066538578218223, "LRR": 0.8066538578218223, "LRL": 0.8125845534076902, "LRE": 0.8066538578218223, "LOG_R": 0.8620689655172413, "RF": 0.9190121198118293, "SVM": 0.8620689655172413, "DNN": 0.8449336035542933}, "0 + 1 + 4": {"AB": 0.8428265445205797, "AC": 0.24760263709919086, "DS": 0.196311891970379, "DT": 0.8591549295774648, "GM": 0.219705692159677, "GN": 0.854370789957134,