{"0": {"AB": 0.0, "AC": 0.0, "DS": 0.0, "DT": 0.0, "GM": 0.0, "GN": 0.0, "GB": 0.0, "KNN": 0.0, "KM": 0.0, "LR": 0.0, "LRR": 0.0, "LRL": 0.0, "LRE": 0.0, "LOG_R": 0.0, "RF": 0.0, "SVM": 0.0, "DNN": 0.0}, "1": {"AB": 0.0, "AC": 0.0, "DS": 0.0, "DT": 0.0, "GM": 0.0, "GN": 0.0, "GB": 0.0, "KNN": 0.0, "KM": 0.0, "LR": 0.0, "LRR": 0.0, "LRL": 0.0, "LRE": 0.0, "LOG_R": 0.0, "RF": 0.0, "SVM": 0.0, "DNN": 0.0}, "2": {"AB": 0.0, "AC": 0.0, "DS": 0.0, "DT": 0.0, "GM": 0.0, "GN": 0.0, "GB": 0.0, "KNN": 0.0, "KM": 0.0, "LR": 0.0, "LRR": 0.0, "LRL": 0.0, "LRE": 0.0, "LOG_R": 0.0, "RF": 0.0, "SVM": 0.0, "DNN": 0.0}, "3": {"AB": 0.0, "AC": 0.0, "DS": 0.0, "DT": 0.0, "GM": 0.0, "GN": 0.0, "GB": 0.0, "KNN": 0.0, "KM": 0.0, "LR": 0.0, "LRR": 0.0, "LRL": 0.0, "LRE": 0.0, "LOG_R": 0.0, "RF": 0.0, "SVM": 0.0, "DNN": 0.0}, "4": {"AB": 0.0, "AC": 0.0, "DS": 0.0, "DT": 0.0, "GM": 0.0, "GN": 0.0, "GB": 0.0, "KNN": 0.0, "KM": 0.0, "LR": 0.0, "LRR": 0.0, "LRL": 0.0, "LRE": 0.0, "LOG_R": 0.0, "RF": 0.0, "SVM": 0.0, "DNN": 0.0}, "0 + 1": {"AB": 0.03706880172208868, "AC": 0.03706880172208868, "DS": 0.03706880172208868, "DT": 0.03706880172208868, "GM": 0.03706880172208868, "GN": 0.03706880172208868, "GB": 0.03706880172208868, "KNN": 0.03706880172208868, "KM": 0.03706880172208868, "LR": 0.03706880172208868, "LRR": 0.03706880172208868, "LRL": 0.03706880172208868, "LRE": 0.03706880172208868, "LOG_R": 0.03706880172208868, "RF": 0.03706880172208868, "SVM": 0.03706880172208868, "DNN": 0.03706880172208868}, "0 + 2": {"AB": 0.019270527293271777, "AC": 0.019270527293271777, "DS": 0.019270527293271777, "DT": 0.019270527293271777, "GM": 0.019270527293271777, "GN": 0.019270527293271777, "GB": 0.019270527293271777, "KNN": 0.019270527293271777, "KM": 0.019270527293271777, "LR": 0.019270527293271777, "LRR": 0.019270527293271777, "LRL": 0.019270527293271777, "LRE": 0.019270527293271777, "LOG_R": 0.019270527293271777, "RF": 0.019270527293271777, "SVM": 0.019270527293271777, "DNN": 0.019270527293271777}, "0 + 3": {"AB": 0.02890579093990764, "AC": 0.02890579093990764, "DS": 0.02890579093990764, "DT": 0.02890579093990764, "GM": 0.02890579093990764, "GN": 0.02890579093990764, "GB": 0.02890579093990764, "KNN": 0.02890579093990764, "KM": 0.02890579093990764, "LR": 0.02890579093990764, "LRR": 0.02890579093990764, "LRL": 0.02890579093990764, "LRE": 0.02890579093990764, "LOG_R": 0.02890579093990764, "RF": 0.02890579093990764, "SVM": 0.02890579093990764, "DNN": 0.02890579093990764}, "0 + 4": {"AB": 0.038541054586543555, "AC": 0.038541054586543555, "DS": 0.038541054586543555, "DT": 0.038541054586543555, "GM": 0.038541054586543555, "GN": 0.038541054586543555, "GB": 0.038541054586543555, "KNN": 0.038541054586543555, "KM": 0.038541054586543555, "LR": 0.038541054586543555, "LRR": 0.038541054586543555, "LRL": 0.038541054586543555, "LRE": 0.038541054586543555, "LOG_R": 0.038541054586543555, "RF": 0.038541054586543555, "SVM": 0.038541054586543555, "DNN": 0.038541054586543555}, "1 + 2": {"AB": 0.0177982744288169, "AC": 0.0177982744288169, "DS": 0.0177982744288169, "DT": 0.0177982744288169, "GM": 0.0177982744288169, "GN": 0.0177982744288169, "GB": 0.0177982744288169, "KNN": 0.0177982744288169, "KM": 0.0177982744288169, "LR": 0.0177982744288169, "LRR": 0.0177982744288169, "LRL": 0.0177982744288169, "LRE": 0.0177982744288169, "LOG_R": 0.0177982744288169, "RF": 0.0177982744288169, "SVM": 0.0177982744288169, "DNN": 0.0177982744288169}, "1 + 3": {"AB": 0.027433538075452762, "AC": 0.027433538075452762, "DS": 0.027433538075452762, "DT": 0.027433538075452762, "GM": 0.027433538075452762, "GN": 0.027433538075452762, "GB": 0.027433538075452762, "KNN": 0.027433538075452762, "KM": 0.027433538075452762, "LR": 0.027433538075452762, "LRR": 0.027433538075452762, "LRL": 0.027433538075452762, "LRE": 0.027433538075452762, "LOG_R": 0.027433538075452762, "RF": 0.027433538075452762, "SVM": 0.027433538075452762, "DNN": 0.027433538075452762}, "1 + 4": {"AB": 0.03706880172208868, "AC": 0.03706880172208868, "DS": 0.03706880172208868, "DT": 0.03706880172208868, "GM": 0.03706880172208868, "GN": 0.03706880172208868, "GB": 0.03706880172208868, "KNN": 0.03706880172208868, "KM": 0.03706880172208868, "LR": 0.03706880172208868, "LRR": 0.03706880172208868, "LRL": 0.03706880172208868, "LRE": 0.03706880172208868, "LOG_R": 0.03706880172208868, "RF": 0.03706880172208868, "SVM": 0.03706880172208868, "DNN": 0.03706880172208868}, "2 + 3": {"AB": 0.009635263646635861, "AC": 0.009635263646635861, "DS": 0.009635263646635861, "DT": 0.009635263646635861, "GM": 0.009635263646635861, "GN": 0.009635263646635861, "GB": 0.009635263646635861, "KNN": 0.009635263646635861, "KM": 0.009635263646635861, "LR": 0.009635263646635861, "LRR": 0.009635263646635861, "LRL": 0.009635263646635861, "LRE": 0.009635263646635861, "LOG_R": 0.009635263646635861, "RF": 0.009635263646635861, "SVM": 0.009635263646635861, "DNN": 0.009635263646635861}, "2 + 4": {"AB": 0.019270527293271777, "AC": 0.019270527293271777, "DS": 0.019270527293271777, "DT": 0.019270527293271777, "GM": 0.019270527293271777, "GN": 0.019270527293271777, "GB": 0.019270527293271777, "KNN": 0.019270527293271777, "KM": 0.019270527293271777, "LR": 0.019270527293271777, "LRR": 0.019270527293271777, "LRL": 0.019270527293271777, "LRE": 0.019270527293271777, "LOG_R": 0.019270527293271777, "RF": 0.019270527293271777, "SVM": 0.019270527293271777, "DNN": 0.019270527293271777}, "3 + 4": {"AB": 0.009635263646635917, "AC": 0.009635263646635917, "DS": 0.009635263646635917, "DT": 0.009635263646635917, "GM": 0.009635263646635917, "GN": 0.009635263646635917, "GB": 0.009635263646635917, "KNN": 0.009635263646635917, "KM": 0.009635263646635917, "LR": 0.009635263646635917, "LRR": 0.009635263646635917, "LRL": 0.009635263646635917, "LRE": 0.009635263646635917, "LOG_R": 0.009635263646635917, "RF": 0.009635263646635917, "SVM": 0.009635263646635917, "DNN": 0.009635263646635917}, "0 + 1 + 2": {"AB": 0.01853440086104434, "AC": 0.01853440086104434, "DS": 0.01853440086104434, "DT": 0.01853440086104434, "GM": 0.01853440086104434, "GN": 0.01853440086104434, "GB": 0.01853440086104434, "KNN": 0.01853440086104434, "KM": 0.01853440086104434, "LR": 0.01853440086104434, "LRR": 0.01853440086104434, "LRL": 0.01853440086104434, "LRE": 0.01853440086104434, "LOG_R": 0.01853440086104434, "RF": 0.01853440086104434, "SVM": 0.01853440086104434, "DNN": 0.01853440086104434}, "0 + 1 + 3": {"AB": 0.0281696645076802, "AC": 0.0281696645076802, "DS": 0.0281696645076802, "DT": 0.0281696645076802, "GM": 0.0281696645076802, "GN": 0.0281696645076802, "GB": 0.0281696645076802, "KNN": 0.0281696645076802, "KM": 0.0281696645076802, "LR": 0.0281696645076802, "LRR": 0.0281696645076802, "LRL": 0.0281696645076802, "LRE": 0.0281696645076802, "LOG_R": 0.0281696645076802, "RF": 0.0281696645076802, "SVM": 0.0281696645076802, "DNN": 0.0281696645076802}, "0 + 1 + 4": {"AB": 0.03780492815431612, "AC": 0.03780492815431612, "DS": 0.03780492815431612, "DT": 0.03780492815431612, "GM": 0.03780492815431612, "GN": 0.03780492815431612, "GB": 0.03780492815431612, "KNN": 0.03780492815431612, "KM": 0.03780492815431612, "LR": 0.03780492815431612, "LRR": 0.03780492815431612, "LRL": 0.03780492815431612, "LRE": 0.03780492815431612, "LOG_R": 0.03780492815431612, "RF": 0.03780492815431612, "SVM": 0.03780492815431612, "DNN": 0.03780492815431612}, "0 + 2 + 3": {"AB": 0.01927052729327175, "AC": 0.01927052729327175, "DS": 0.01927052729327175, "DT": 0.01927052729327175, "GM": 0.01927052729327175, "GN": 0.01927052729327175, "GB": 0.01927052729327175, "KNN": 0.01927052729327175, "KM": 0.01927052729327175, "LR": 0.01927052729327175, "LRR": 0.01927052729327175, "LRL": 0.01927052729327175, "LRE": 0.01927052729327175, "LOG_R": 0.01927052729327175, "RF": 0.01927052729327175, "SVM": 0.01927052729327175, "DNN": 0.01927052729327175}, "0 + 2 + 4": {"AB": 0.028905790939907666, "AC": 0.028905790939907666, "DS": 0.028905790939907666, "DT": 0.028905790939907666, "GM": 0.028905790939907666, "GN": 0.028905790939907666,