{"0": {"AB": 0.7868131868131869, "AC": 0.7357859531772575, "DS": 0.7756410256410255, "DT": 0.7868131868131869, "GM": 0.7357859531772575, "GN": 0.8461538461538461, "GB": 0.7756410256410255, "KNN": 0.7756410256410255, "KM": 0.18498168498168502, "LR": 0.7357859531772575, "LRR": 0.7357859531772575, "LRL": 0.7357859531772575, "LRE": 0.7357859531772575, "LOG_R": 0.7357859531772575, "RF": 0.8461538461538461, "SVM": 0.7756410256410255, "DNN": 0.7756410256410255}, "1": {"AB": 0.6923076923076923, "AC": 0.7357859531772575, "DS": 0.7756410256410255, "DT": 0.6923076923076923, "GM": 0.7756410256410255, "GN": 0.7756410256410255, "GB": 0.7756410256410255, "KNN": 0.7756410256410255, "KM": 0.26739926739926745, "LR": 0.7756410256410255, "LRR": 0.7756410256410255, "LRL": 0.7756410256410255, "LRE": 0.7756410256410255, "LOG_R": 0.7756410256410255, "RF": 0.7756410256410255, "SVM": 0.7756410256410255, "DNN": 0.7756410256410255}, "2": {"AB": 1.0, "AC": 0.888888888888889, "DS": 1.0, "DT": 1.0, "GM": 1.0, "GN": 1.0, "GB": 1.0, "KNN": 1.0, "KM": 0.33333333333333337, "LR": 1.0, "LRR": 1.0, "LRL": 1.0, "LRE": 1.0, "LOG_R": 1.0, "RF": 1.0, "SVM": 1.0, "DNN": 1.0}, "3": {"AB": 0.8957264957264957, "AC": 1.0, "DS": 0.6805555555555557, "DT": 0.8957264957264957, "GM": 0.6805555555555557, "GN": 1.0, "GB": 1.0, "KNN": 1.0, "KM": 1.0, "LR": 1.0, "LRR": 1.0, "LRL": 1.0, "LRE": 1.0, "LOG_R": 1.0, "RF": 0.8957264957264957, "SVM": 1.0, "DNN": 0.6805555555555557}, "4": {"AB": 0.40909090909090906, "AC": 0.40476190476190477, "DS": 0.6428571428571428, "DT": 0.40909090909090906, "GM": 0.6428571428571428, "GN": 0.6428571428571428, "GB": 0.6428571428571428, "KNN": 0.6428571428571428, "KM": 0.25, "LR": 0.6428571428571428, "LRR": 0.6428571428571428, "LRL": 0.6428571428571428, "LRE": 0.6428571428571428, "LOG_R": 0.6428571428571428, "RF": 0.6428571428571428, "SVM": 0.6428571428571428, "DNN": 0.6428571428571428}, "0 + 1": {"AB": 0.9119286510590859, "AC": 0.7357859531772575, "DS": 0.7756410256410255, "DT": 0.7756410256410255, "GM": 0.7357859531772575, "GN": 0.7756410256410255, "GB": 0.7756410256410255, "KNN": 0.7756410256410255, "KM": 0.18498168498168502, "LR": 0.7756410256410255, "LRR": 0.7756410256410255, "LRL": 0.7756410256410255, "LRE": 0.7756410256410255, "LOG_R": 0.7756410256410255, "RF": 0.7756410256410255, "SVM": 0.7756410256410255, "DNN": 0.7756410256410255}, "0 + 2": {"AB": 1.0, "AC": 0.9473684210526316, "DS": 1.0, "DT": 1.0, "GM": 0.0, "GN": 1.0, "GB": 1.0, "KNN": 1.0, "KM": 0.18181818181818182, "LR": 1.0, "LRR": 1.0, "LRL": 1.0, "LRE": 1.0, "LOG_R": 1.0, "RF": 1.0, "SVM": 1.0, "DNN": 1.0}, "0 + 3": {"AB": 0.8957264957264957, "AC": 0.2828282828282828, "DS": 0.6805555555555557, "DT": 0.8957264957264957, "GM": 0.0808080808080808, "GN": 0.6926406926406927, "GB": 0.8957264957264957, "KNN": 1.0, "KM": 0.7962962962962963, "LR": 1.0, "LRR": 1.0, "LRL": 1.0, "LRE": 1.0, "LOG_R": 1.0, "RF": 1.0, "SVM": 0.8957264957264957, "DNN": 0.8957264957264957}, "0 + 4": {"AB": 0.8589743589743589, "AC": 0.75, "DS": 0.6428571428571428, "DT": 1.0, "GM": 0.1, "GN": 1.0, "GB": 0.8589743589743589, "KNN": 0.8589743589743589, "KM": 0.75, "LR": 0.8589743589743589, "LRR": 0.8589743589743589, "LRL": 0.8589743589743589, "LRE": 0.8589743589743589, "LOG_R": 0.8589743589743589, "RF": 0.6428571428571428, "SVM": 0.6428571428571428, "DNN": 0.75}, "1 + 2": {"AB": 1.0, "AC": 0.9473684210526316, "DS": 1.0, "DT": 1.0, "GM": 1.0, "GN": 1.0, "GB": 1.0, "KNN": 1.0, "KM": 0.9473684210526316, "LR": 1.0, "LRR": 1.0, "LRL": 1.0, "LRE": 1.0, "LOG_R": 1.0, "RF": 1.0, "SVM": 1.0, "DNN": 1.0}, "1 + 3": {"AB": 0.7777777777777778, "AC": 0.7777777777777778, "DS": 0.6805555555555557, "DT": 0.7777777777777778, "GM": 0.6805555555555557, "GN": 0.7777777777777778, "GB": 0.7777777777777778, "KNN": 0.7777777777777778, "KM": 0.7777777777777778, "LR": 0.6666666666666666, "LRR": 0.6666666666666666, "LRL": 0.6666666666666666, "LRE": 0.6666666666666666, "LOG_R": 0.7777777777777778, "RF": 0.7777777777777778, "SVM": 0.7777777777777778, "DNN": 0.7777777777777778}, "1 + 4": {"AB": 0.40909090909090906, "AC": 0.40476190476190477, "DS": 0.6428571428571428, "DT": 0.6428571428571428, "GM": 0.1, "GN": 0.8589743589743589, "GB": 0.6428571428571428, "KNN": 0.6428571428571428, "KM": 0.6454545454545454, "LR": 0.6428571428571428, "LRR": 0.6428571428571428, "LRL": 0.6428571428571428, "LRE": 0.6428571428571428, "LOG_R": 0.6428571428571428, "RF": 0.6428571428571428, "SVM": 0.6428571428571428, "DNN": 0.6428571428571428}, "2 + 3": {"AB": 0.923076923076923, "AC": 0.8333333333333333, "DS": 1.0, "DT": 1.0, "GM": 0.0, "GN": 1.0, "GB": 1.0, "KNN": 1.0, "KM": 0.4444444444444445, "LR": 1.0, "LRR": 1.0, "LRL": 1.0, "LRE": 1.0, "LOG_R": 1.0, "RF": 1.0, "SVM": 1.0, "DNN": 1.0}, "2 + 4": {"AB": 1.0, "AC": 0.8000000000000002, "DS": 1.0, "DT": 1.0, "GM": 0.0, "GN": 1.0, "GB": 1.0, "KNN": 1.0, "KM": 0.8000000000000002, "LR": 1.0, "LRR": 1.0, "LRL": 1.0, "LRE": 1.0, "LOG_R": 1.0, "RF": 1.0, "SVM": 1.0, "DNN": 1.0}, "3 + 4": {"AB": 1.0, "AC": 0.0, "DS": 0.6428571428571428, "DT": 1.0, "GM": 0.6428571428571428, "GN": 1.0, "GB": 1.0, "KNN": 1.0, "KM": 0.0, "LR": 0.9166666666666666, "LRR": 0.9166666666666666, "LRL": 0.9166666666666666, "LRE": 0.9166666666666666, "LOG_R": 1.0, "RF": 1.0, "SVM": 1.0, "DNN": 1.0}, "0 + 1 + 2": {"AB": 0.888888888888889, "AC": 0.33333333333333337, "DS": 1.0, "DT": 0.888888888888889, "GM": 1.0, "GN": 1.0, "GB": 0.888888888888889, "KNN": 1.0, "KM": 0.888888888888889, "LR": 1.0, "LRR": 1.0, "LRL": 1.0, "LRE": 1.0, "LOG_R": 1.0, "RF": 1.0, "SVM": 1.0, "DNN": 1.0}, "0 + 1 + 3": {"AB": 0.8957264957264957, "AC": 0.6222222222222222, "DS": 0.6805555555555557, "DT": 0.8957264957264957, "GM": 0.2833333333333333, "GN": 0.7962962962962963, "GB": 0.8957264957264957, "KNN": 1.0, "KM": 0.2833333333333333, "LR": 0.7370370370370369, "LRR": 0.7962962962962963, "LRL": 0.7962962962962963, "LRE": 0.7370370370370369, "LOG_R": 0.8957264957264957, "RF": 0.7777777777777778, "SVM": 0.7962962962962963, "DNN": 0.3666666666666667}, "0 + 1 + 4": {"AB": 0.75, "AC": 0.8589743589743589, "DS": 0.6428571428571428, "DT": 0.75, "GM": 0.05555555555555556, "GN": 0.40476190476190477, "GB": 0.6428571428571428, "KNN": 0.6428571428571428, "KM": 0.8589743589743589, "LR": 0.8068181818181818, "LRR": 0.75, "LRL": 0.75, "LRE": 0.8068181818181818, "LOG_R": 0.75, "RF": 0.6428571428571428, "SVM": 0.75, "DNN": 0.6428571428571428}, "0 + 2 + 3": {"AB": 1.0, "AC": 0.923076923076923, "DS": 1.0, "DT": 0.923076923076923, "GM": 0.0, "GN": 1.0, "GB": 1.0, "KNN": 1.0, "KM": 0.923076923076923, "LR": 0.923076923076923, "LRR": 0.923076923076923, "LRL": 0.923076923076923, "LRE": 0.923076923076923, "LOG_R": 1.0, "RF": 1.0, "SVM": 1.0, "DNN": 1.0}, "0 + 2 + 4": {"AB": 1.0, "AC": 0.9090909090909091, "DS": 1.0, "DT": 1.0, "GM": 1.0, "GN": 1.0, "GB": 1.0, "KNN": 1.0, "KM": 0.2857142857142857, "LR": 1.0, "LRR": 1.0, "LRL": 1.0, "LRE": 1.0, "LOG_R": 1.0, "RF": 1.0, "SVM": 1.0, "DNN": 1.0}, "0 + 3 + 4": {"AB": 0.8589743589743589, "AC": 1.0, "DS": 0.6428571428571428, "DT": 0.8589743589743589, "GM": 0.6428571428571428, "GN": 0.8589743589743589, "GB": 0.8589743589743589, "KNN": 0.8589743589743589, "KM": 1.0, "LR": 0.8589743589743589, "LRR": 0.8589743589743589, "LRL": 0.8589743589743589, "LRE": 0.8589743589743589, "LOG_R": 0.6428571428571428, "RF": 0.6428571428571428, "SVM": 0.8589743589743589, "DNN": 0.6428571428571428}, "1 + 2 + 3": {"AB": 1.0, "AC": 0.4444444444444445, "DS": 1.0, "DT": 1.0, "GM": 0.0, "GN": 1.0, "GB": 1.0, "KNN": 1.0, "KM": 0.8333333333333333, "LR": 1.0, "LRR": 1.0, "LRL": 1.0, "LRE": 1.0, "LOG_R": 1.0, "RF": 1.0, "SVM": 1.0, "DNN": 1.0}, "1 + 2 + 4": {"AB": 1.0, "AC": 0.9090909090909091, "DS": 1.0, "DT": 0.9090909090909091, "GM": 0.0, "GN": 1.0, "GB": 1.0, "KNN": 1.0, "KM": 0.2857142857142857, "LR": 1.0, "LRR": 1.0, "LRL": 1.0, "LRE": 1.0, "LOG_R": 1.0, "RF": 1.0, "SVM": 1.0, "DNN": 1.0}, "1 + 3 + 4": {"AB": 0.8589743589743589, "AC": 1.0, "DS": 0.6428571428571428, "DT": 0.8589743589743589, "GM": 0.6428571428571428,