{"0": {"AB": 3.2644237930239, "AC": 3.2644237930239, "DS": 3.2644237930239, "DT": 3.2644237930239, "GM": 3.2644237930239, "GN": 3.2644237930239, "GB": 3.2644237930239, "KNN": 3.2644237930239, "KM": 3.2644237930239, "LR": 3.2644237930239, "LRR": 3.2644237930239, "LRL": 3.2644237930239, "LRE": 3.2644237930239, "LOG_R": 3.2644237930239, "RF": 3.2644237930239, "SVM": 3.2644237930239, "DNN": 3.2644237930239}, "1": {"AB": 3.2131207873141836, "AC": 3.2131207873141836, "DS": 3.2131207873141836, "DT": 3.2131207873141836, "GM": 3.2131207873141836, "GN": 3.2131207873141836, "GB": 3.2131207873141836, "KNN": 3.2131207873141836, "KM": 3.2131207873141836, "LR": 3.2131207873141836, "LRR": 3.2131207873141836, "LRL": 3.2131207873141836, "LRE": 3.2131207873141836, "LOG_R": 3.2131207873141836, "RF": 3.2131207873141836, "SVM": 3.2131207873141836, "DNN": 3.2131207873141836}, "2": {"AB": 3.1079758706599985, "AC": 3.1079758706599985, "DS": 3.1079758706599985, "DT": 3.1079758706599985, "GM": 3.1079758706599985, "GN": 3.1079758706599985, "GB": 3.1079758706599985, "KNN": 3.1079758706599985, "KM": 3.1079758706599985, "LR": 3.1079758706599985, "LRR": 3.1079758706599985, "LRL": 3.1079758706599985, "LRE": 3.1079758706599985, "LOG_R": 3.1079758706599985, "RF": 3.1079758706599985, "SVM": 3.1079758706599985, "DNN": 3.1079758706599985}, "3": {"AB": 2.325648775338043, "AC": 2.325648775338043, "DS": 2.325648775338043, "DT": 2.325648775338043, "GM": 2.325648775338043, "GN": 2.325648775338043, "GB": 2.325648775338043, "KNN": 2.325648775338043, "KM": 2.325648775338043, "LR": 2.325648775338043, "LRR": 2.325648775338043, "LRL": 2.325648775338043, "LRE": 2.325648775338043, "LOG_R": 2.325648775338043, "RF": 2.325648775338043, "SVM": 2.325648775338043, "DNN": 2.325648775338043}, "4": {"AB": 2.1212830542440932, "AC": 2.1212830542440932, "DS": 2.1212830542440932, "DT": 2.1212830542440932, "GM": 2.1212830542440932, "GN": 2.1212830542440932, "GB": 2.1212830542440932, "KNN": 2.1212830542440932, "KM": 2.1212830542440932, "LR": 2.1212830542440932, "LRR": 2.1212830542440932, "LRL": 2.1212830542440932, "LRE": 2.1212830542440932, "LOG_R": 2.1212830542440932, "RF": 2.1212830542440932, "SVM": 2.1212830542440932, "DNN": 2.1212830542440932}, "0 + 1": {"AB": 3.935527536319431, "AC": 3.935527536319431, "DS": 3.935527536319431, "DT": 3.935527536319431, "GM": 3.935527536319431, "GN": 3.935527536319431, "GB": 3.935527536319431, "KNN": 3.935527536319431, "KM": 3.935527536319431, "LR": 3.935527536319431, "LRR": 3.935527536319431, "LRL": 3.935527536319431, "LRE": 3.935527536319431, "LOG_R": 3.935527536319431, "RF": 3.935527536319431, "SVM": 3.935527536319431, "DNN": 3.935527536319431}, "0 + 2": {"AB": 3.408107257121217, "AC": 3.408107257121217, "DS": 3.408107257121217, "DT": 3.408107257121217, "GM": 3.408107257121217, "GN": 3.408107257121217, "GB": 3.408107257121217, "KNN": 3.408107257121217, "KM": 3.408107257121217, "LR": 3.408107257121217, "LRR": 3.408107257121217, "LRL": 3.408107257121217, "LRE": 3.408107257121217, "LOG_R": 3.408107257121217, "RF": 3.408107257121217, "SVM": 3.408107257121217, "DNN": 3.408107257121217}, "0 + 3": {"AB": 1.699130154686507, "AC": 1.699130154686507, "DS": 1.699130154686507, "DT": 1.699130154686507, "GM": 1.699130154686507, "GN": 1.699130154686507, "GB": 1.699130154686507, "KNN": 1.699130154686507, "KM": 1.699130154686507, "LR": 1.699130154686507, "LRR": 1.699130154686507, "LRL": 1.699130154686507, "LRE": 1.699130154686507, "LOG_R": 1.699130154686507, "RF": 1.699130154686507, "SVM": 1.699130154686507, "DNN": 1.699130154686507}, "0 + 4": {"AB": 1.5285993099826432, "AC": 1.5285993099826432, "DS": 1.5285993099826432, "DT": 1.5285993099826432, "GM": 1.5285993099826432, "GN": 1.5285993099826432, "GB": 1.5285993099826432, "KNN": 1.5285993099826432, "KM": 1.5285993099826432, "LR": 1.5285993099826432, "LRR": 1.5285993099826432, "LRL": 1.5285993099826432, "LRE": 1.5285993099826432, "LOG_R": 1.5285993099826432, "RF": 1.5285993099826432, "SVM": 1.5285993099826432, "DNN": 1.5285993099826432}, "1 + 2": {"AB": 3.664369993310804, "AC": 3.664369993310804, "DS": 3.664369993310804, "DT": 3.664369993310804, "GM": 3.664369993310804, "GN": 3.664369993310804, "GB": 3.664369993310804, "KNN": 3.664369993310804, "KM": 3.664369993310804, "LR": 3.664369993310804, "LRR": 3.664369993310804, "LRL": 3.664369993310804, "LRE": 3.664369993310804, "LOG_R": 3.664369993310804, "RF": 3.664369993310804, "SVM": 3.664369993310804, "DNN": 3.664369993310804}, "1 + 3": {"AB": 1.7126590921074838, "AC": 1.7126590921074838, "DS": 1.7126590921074838, "DT": 1.7126590921074838, "GM": 1.7126590921074838, "GN": 1.7126590921074838, "GB": 1.7126590921074838, "KNN": 1.7126590921074838, "KM": 1.7126590921074838, "LR": 1.7126590921074838, "LRR": 1.7126590921074838, "LRL": 1.7126590921074838, "LRE": 1.7126590921074838, "LOG_R": 1.7126590921074838, "RF": 1.7126590921074838, "SVM": 1.7126590921074838, "DNN": 1.7126590921074838}, "1 + 4": {"AB": 1.5343526514391972, "AC": 1.5343526514391972, "DS": 1.5343526514391972, "DT": 1.5343526514391972, "GM": 1.5343526514391972, "GN": 1.5343526514391972, "GB": 1.5343526514391972, "KNN": 1.5343526514391972, "KM": 1.5343526514391972, "LR": 1.5343526514391972, "LRR": 1.5343526514391972, "LRL": 1.5343526514391972, "LRE": 1.5343526514391972, "LOG_R": 1.5343526514391972, "RF": 1.5343526514391972, "SVM": 1.5343526514391972, "DNN": 1.5343526514391972}, "2 + 3": {"AB": 1.732726631745186, "AC": 1.732726631745186, "DS": 1.732726631745186, "DT": 1.732726631745186, "GM": 1.732726631745186, "GN": 1.732726631745186, "GB": 1.732726631745186, "KNN": 1.732726631745186, "KM": 1.732726631745186, "LR": 1.732726631745186, "LRR": 1.732726631745186, "LRL": 1.732726631745186, "LRE": 1.732726631745186, "LOG_R": 1.732726631745186, "RF": 1.732726631745186, "SVM": 1.732726631745186, "DNN": 1.732726631745186}, "2 + 4": {"AB": 1.539447856520917, "AC": 1.539447856520917, "DS": 1.539447856520917, "DT": 1.539447856520917, "GM": 1.539447856520917, "GN": 1.539447856520917, "GB": 1.539447856520917, "KNN": 1.539447856520917, "KM": 1.539447856520917, "LR": 1.539447856520917, "LRR": 1.539447856520917, "LRL": 1.539447856520917, "LRE": 1.539447856520917, "LOG_R": 1.539447856520917, "RF": 1.539447856520917, "SVM": 1.539447856520917, "DNN": 1.539447856520917}, "3 + 4": {"AB": 2.1069911748695933, "AC": 2.1069911748695933, "DS": 2.1069911748695933, "DT": 2.1069911748695933, "GM": 2.1069911748695933, "GN": 2.1069911748695933, "GB": 2.1069911748695933, "KNN": 2.1069911748695933, "KM": 2.1069911748695933, "LR": 2.1069911748695933, "LRR": 2.1069911748695933, "LRL": 2.1069911748695933, "LRE": 2.1069911748695933, "LOG_R": 2.1069911748695933, "RF": 2.1069911748695933, "SVM": 2.1069911748695933, "DNN": 2.1069911748695933}, "0 + 1 + 2": {"AB": 3.7503700024940168, "AC": 3.7503700024940168, "DS": 3.7503700024940168, "DT": 3.7503700024940168, "GM": 3.7503700024940168, "GN": 3.7503700024940168, "GB": 3.7503700024940168, "KNN": 3.7503700024940168, "KM": 3.7503700024940168, "LR": 3.7503700024940168, "LRR": 3.7503700024940168, "LRL": 3.7503700024940168, "LRE": 3.7503700024940168, "LOG_R": 3.7503700024940168, "RF": 3.7503700024940168, "SVM": 3.7503700024940168, "DNN": 3.7503700024940168}, "0 + 1 + 3": {"AB": 1.3960175474264713, "AC": 1.3960175474264713, "DS": 1.3960175474264713, "DT": 1.3960175474264713, "GM": 1.3960175474264713, "GN": 1.3960175474264713, "GB": 1.3960175474264713, "KNN": 1.3960175474264713, "KM": 1.3960175474264713, "LR": 1.3960175474264713, "LRR": 1.3960175474264713, "LRL": 1.3960175474264713, "LRE": 1.3960175474264713, "LOG_R": 1.3960175474264713, "RF": 1.3960175474264713, "SVM": 1.3960175474264713, "DNN": 1.3960175474264713}, "0 + 1 + 4": {"AB": 1.2365724439443337, "AC": 1.2365724439443337, "DS": 1.2365724439443337, "DT": 1.2365724439443337, "GM": 1.2365724439443337, "GN": 1.2365724439443337, "GB": 1.2365724439443337, "KNN": 1.2365724439443337, "KM": 1.2365724439443337, "LR": 1.2365724439443337, "LRR": 1.2365724439443337,