{"0": {"AB": 0.0, "AC": 0.0, "DS": 0.0, "DT": 0.0, "GM": 0.0, "GN": 0.0, "GB": 0.0, "KNN": 0.0, "KM": 0.0, "LR": 0.0, "LRR": 0.0, "LRL": 0.0, "LRE": 0.0, "LOG_R": 0.0, "RF": 0.0, "SVM": 0.0, "DNN": 0.0}, "1": {"AB": 0.0, "AC": 0.0, "DS": 0.0, "DT": 0.0, "GM": 0.0, "GN": 0.0, "GB": 0.0, "KNN": 0.0, "KM": 0.0, "LR": 0.0, "LRR": 0.0, "LRL": 0.0, "LRE": 0.0, "LOG_R": 0.0, "RF": 0.0, "SVM": 0.0, "DNN": 0.0}, "2": {"AB": 0.0, "AC": 0.0, "DS": 0.0, "DT": 0.0, "GM": 0.0, "GN": 0.0, "GB": 0.0, "KNN": 0.0, "KM": 0.0, "LR": 0.0, "LRR": 0.0, "LRL": 0.0, "LRE": 0.0, "LOG_R": 0.0, "RF": 0.0, "SVM": 0.0, "DNN": 0.0}, "3": {"AB": 0.0, "AC": 0.0, "DS": 0.0, "DT": 0.0, "GM": 0.0, "GN": 0.0, "GB": 0.0, "KNN": 0.0, "KM": 0.0, "LR": 0.0, "LRR": 0.0, "LRL": 0.0, "LRE": 0.0, "LOG_R": 0.0, "RF": 0.0, "SVM": 0.0, "DNN": 0.0}, "4": {"AB": 0.0, "AC": 0.0, "DS": 0.0, "DT": 0.0, "GM": 0.0, "GN": 0.0, "GB": 0.0, "KNN": 0.0, "KM": 0.0, "LR": 0.0, "LRR": 0.0, "LRL": 0.0, "LRE": 0.0, "LOG_R": 0.0, "RF": 0.0, "SVM": 0.0, "DNN": 0.0}, "0 + 1": {"AB": 0.09396802696536574, "AC": 0.09396802696536574, "DS": 0.09396802696536574, "DT": 0.09396802696536574, "GM": 0.09396802696536574, "GN": 0.09396802696536574, "GB": 0.09396802696536574, "KNN": 0.09396802696536574, "KM": 0.09396802696536574, "LR": 0.09396802696536574, "LRR": 0.09396802696536574, "LRL": 0.09396802696536574, "LRE": 0.09396802696536574, "LOG_R": 0.09396802696536574, "RF": 0.09396802696536574, "SVM": 0.09396802696536574, "DNN": 0.09396802696536574}, "0 + 2": {"AB": 0.11369541760580429, "AC": 0.11369541760580429, "DS": 0.11369541760580429, "DT": 0.11369541760580429, "GM": 0.11369541760580429, "GN": 0.11369541760580429, "GB": 0.11369541760580429, "KNN": 0.11369541760580429, "KM": 0.11369541760580429, "LR": 0.11369541760580429, "LRR": 0.11369541760580429, "LRL": 0.11369541760580429, "LRE": 0.11369541760580429, "LOG_R": 0.11369541760580429, "RF": 0.11369541760580429, "SVM": 0.11369541760580429, "DNN": 0.11369541760580429}, "0 + 3": {"AB": 0.14620481792244777, "AC": 0.14620481792244777, "DS": 0.14620481792244777, "DT": 0.14620481792244777, "GM": 0.14620481792244777, "GN": 0.14620481792244777, "GB": 0.14620481792244777, "KNN": 0.14620481792244777, "KM": 0.14620481792244777, "LR": 0.14620481792244777, "LRR": 0.14620481792244777, "LRL": 0.14620481792244777, "LRE": 0.14620481792244777, "LOG_R": 0.14620481792244777, "RF": 0.14620481792244777, "SVM": 0.14620481792244777, "DNN": 0.14620481792244777}, "0 + 4": {"AB": 0.19394764964759956, "AC": 0.19394764964759956, "DS": 0.19394764964759956, "DT": 0.19394764964759956, "GM": 0.19394764964759956, "GN": 0.19394764964759956, "GB": 0.19394764964759956, "KNN": 0.19394764964759956, "KM": 0.19394764964759956, "LR": 0.19394764964759956, "LRR": 0.19394764964759956, "LRL": 0.19394764964759956, "LRE": 0.19394764964759956, "LOG_R": 0.19394764964759956, "RF": 0.19394764964759956, "SVM": 0.19394764964759956, "DNN": 0.19394764964759956}, "1 + 2": {"AB": 0.1512826283919505, "AC": 0.1512826283919505, "DS": 0.1512826283919505, "DT": 0.1512826283919505, "GM": 0.1512826283919505, "GN": 0.1512826283919505, "GB": 0.1512826283919505, "KNN": 0.1512826283919505, "KM": 0.1512826283919505, "LR": 0.1512826283919505, "LRR": 0.1512826283919505, "LRL": 0.1512826283919505, "LRE": 0.1512826283919505, "LOG_R": 0.1512826283919505, "RF": 0.1512826283919505, "SVM": 0.1512826283919505, "DNN": 0.1512826283919505}, "1 + 3": {"AB": 0.2401728448878135, "AC": 0.2401728448878135, "DS": 0.2401728448878135, "DT": 0.2401728448878135, "GM": 0.2401728448878135, "GN": 0.2401728448878135, "GB": 0.2401728448878135, "KNN": 0.2401728448878135, "KM": 0.2401728448878135, "LR": 0.2401728448878135, "LRR": 0.2401728448878135, "LRL": 0.2401728448878135, "LRE": 0.2401728448878135, "LOG_R": 0.2401728448878135, "RF": 0.2401728448878135, "SVM": 0.2401728448878135, "DNN": 0.2401728448878135}, "1 + 4": {"AB": 0.09997962268223382, "AC": 0.09997962268223382, "DS": 0.09997962268223382, "DT": 0.09997962268223382, "GM": 0.09997962268223382, "GN": 0.09997962268223382, "GB": 0.09997962268223382, "KNN": 0.09997962268223382, "KM": 0.09997962268223382, "LR": 0.09997962268223382, "LRR": 0.09997962268223382, "LRL": 0.09997962268223382, "LRE": 0.09997962268223382, "LOG_R": 0.09997962268223382, "RF": 0.09997962268223382, "SVM": 0.09997962268223382, "DNN": 0.09997962268223382}, "2 + 3": {"AB": 0.08889021649586301, "AC": 0.08889021649586301, "DS": 0.08889021649586301, "DT": 0.08889021649586301, "GM": 0.08889021649586301, "GN": 0.08889021649586301, "GB": 0.08889021649586301, "KNN": 0.08889021649586301, "KM": 0.08889021649586301, "LR": 0.08889021649586301, "LRR": 0.08889021649586301, "LRL": 0.08889021649586301, "LRE": 0.08889021649586301, "LOG_R": 0.08889021649586301, "RF": 0.08889021649586301, "SVM": 0.08889021649586301, "DNN": 0.08889021649586301}, "2 + 4": {"AB": 0.1828582434612287, "AC": 0.1828582434612287, "DS": 0.1828582434612287, "DT": 0.1828582434612287, "GM": 0.1828582434612287, "GN": 0.1828582434612287, "GB": 0.1828582434612287, "KNN": 0.1828582434612287, "KM": 0.1828582434612287, "LR": 0.1828582434612287, "LRR": 0.1828582434612287, "LRL": 0.1828582434612287, "LRE": 0.1828582434612287, "LOG_R": 0.1828582434612287, "RF": 0.1828582434612287, "SVM": 0.1828582434612287, "DNN": 0.1828582434612287}, "3 + 4": {"AB": 0.27174845995709174, "AC": 0.27174845995709174, "DS": 0.27174845995709174, "DT": 0.27174845995709174, "GM": 0.27174845995709174, "GN": 0.27174845995709174, "GB": 0.27174845995709174, "KNN": 0.27174845995709174, "KM": 0.27174845995709174, "LR": 0.27174845995709174, "LRR": 0.27174845995709174, "LRL": 0.27174845995709174, "LRE": 0.27174845995709174, "LOG_R": 0.27174845995709174, "RF": 0.27174845995709174, "SVM": 0.27174845995709174, "DNN": 0.27174845995709174}, "0 + 1 + 2": {"AB": 0.16537783243675538, "AC": 0.16537783243675538, "DS": 0.16537783243675538, "DT": 0.16537783243675538, "GM": 0.16537783243675538, "GN": 0.16537783243675538, "GB": 0.16537783243675538, "KNN": 0.16537783243675538, "KM": 0.16537783243675538, "LR": 0.16537783243675538, "LRR": 0.16537783243675538, "LRL": 0.16537783243675538, "LRE": 0.16537783243675538, "LOG_R": 0.16537783243675538, "RF": 0.16537783243675538, "SVM": 0.16537783243675538, "DNN": 0.16537783243675538}, "0 + 1 + 3": {"AB": 0.23547444353954525, "AC": 0.23547444353954525, "DS": 0.23547444353954525, "DT": 0.23547444353954525, "GM": 0.23547444353954525, "GN": 0.23547444353954525, "GB": 0.23547444353954525, "KNN": 0.23547444353954525, "KM": 0.23547444353954525, "LR": 0.23547444353954525, "LRR": 0.23547444353954525, "LRL": 0.23547444353954525, "LRE": 0.23547444353954525, "LOG_R": 0.23547444353954525, "RF": 0.23547444353954525, "SVM": 0.23547444353954525, "DNN": 0.23547444353954525}, "0 + 1 + 4": {"AB": 0.1469636361649167, "AC": 0.1469636361649167, "DS": 0.1469636361649167, "DT": 0.1469636361649167, "GM": 0.1469636361649167, "GN": 0.1469636361649167, "GB": 0.1469636361649167, "KNN": 0.1469636361649167, "KM": 0.1469636361649167, "LR": 0.1469636361649167, "LRR": 0.1469636361649167, "LRL": 0.1469636361649167, "LRE": 0.1469636361649167, "LOG_R": 0.1469636361649167, "RF": 0.1469636361649167, "SVM": 0.1469636361649167, "DNN": 0.1469636361649167}, "0 + 2 + 3": {"AB": 0.126944319905692, "AC": 0.126944319905692, "DS": 0.126944319905692, "DT": 0.126944319905692, "GM": 0.126944319905692, "GN": 0.126944319905692, "GB": 0.126944319905692, "KNN": 0.126944319905692, "KM": 0.126944319905692, "LR": 0.126944319905692, "LRR": 0.126944319905692, "LRL": 0.126944319905692, "LRE": 0.126944319905692, "LOG_R": 0.126944319905692, "RF": 0.126944319905692, "SVM": 0.126944319905692, "DNN": 0.126944319905692}, "0 + 2 + 4": {"AB": 0.21405444940927248, "AC": 0.21405444940927248, "DS": 0.21405444940927248, "DT": 0.21405444940927248, "GM": 0.21405444940927248, "GN": 0.21405444940927248, "GB": 0.21405444940927248, "KNN": 0.21405444940927248, "KM": 0.21405444940927248, "LR": 0.21405444940927248, "LRR": 0.21405444940927248, "LRL": 0.21405444940927248,