{"0": {"AB": 0.730665091320829, "AC": 0.5006198138028739, "DS": 0.28304367476067216, "DT": 0.6455534012297824, "GM": 0.27831594634873325, "GN": 0.5916470373630907, "GB": 0.7284367163374853, "KNN": 0.6180356920398272, "KM": 0.22326075010577223, "LR": 0.6902266415838036, "LRR": 0.6902266415838036, "LRL": 0.6902266415838036, "LRE": 0.6902266415838036, "LOG_R": 0.6963525164164026, "RF": 0.7295906587063362, "SVM": 0.6902266415838036, "DNN": 0.6200317965023847}, "1": {"AB": 0.8644180542822422, "AC": 0.3595505617977528, "DS": 0.37792175838595915, "DT": 0.8192106021319505, "GM": 0.37792175838595915, "GN": 0.8644180542822422, "GB": 0.8644180542822422, "KNN": 0.7978510286189764, "KM": 0.8288865721971247, "LR": 0.8533617795217829, "LRR": 0.8533617795217829, "LRL": 0.8533617795217829, "LRE": 0.8533617795217829, "LOG_R": 0.8257602435928671, "RF": 0.8644180542822422, "SVM": 0.8644180542822422, "DNN": 0.8478594403636219}, "2": {"AB": 0.7487004548408057, "AC": 0.33717000091349225, "DS": 0.23780058722185823, "DT": 0.7259575183404857, "GM": 0.43863949088407295, "GN": 0.6734364481720805, "GB": 0.7233758039758549, "KNN": 0.6212877503139085, "KM": 0.6339023347517782, "LR": 0.6232339976641676, "LRR": 0.6232339976641676, "LRL": 0.4894411300538558, "LRE": 0.6138176181946866, "LOG_R": 0.6324941752910797, "RF": 0.7233758039758549, "SVM": 0.43863949088407295, "DNN": 0.6599757652389231}, "3": {"AB": 0.8526936758575178, "AC": 0.42882575476596696, "DS": 0.414495028780743, "DT": 0.8296875, "GM": 0.42882575476596696, "GN": 0.8275282160971766, "GB": 0.8649588149609237, "KNN": 0.7621089115276487, "KM": 0.37973464008176955, "LR": 0.8366380763968098, "LRR": 0.8366380763968098, "LRL": 0.84293500358187, "LRE": 0.8366380763968098, "LOG_R": 0.8401245955990482, "RF": 0.827671340476545, "SVM": 0.8468676311261232, "DNN": 0.8275282160971766}, "4": {"AB": 0.683242208857299, "AC": 0.25161290322580643, "DS": 0.2543278353525033, "DT": 0.5824282365976879, "GM": 0.25161290322580643, "GN": 0.6418590429597921, "GB": 0.6363993855606759, "KNN": 0.5961199122196301, "KM": 0.2426949146527556, "LR": 0.6386394188208734, "LRR": 0.6386394188208734, "LRL": 0.6170952876467964, "LRE": 0.6386394188208734, "LOG_R": 0.6415522270270428, "RF": 0.6363993855606759, "SVM": 0.5990199732218034, "DNN": 0.5884939454174557}, "0 + 1": {"AB": 0.8033172703809989, "AC": 0.3143939393939394, "DS": 0.33670576735092866, "DT": 0.8059750948639838, "GM": 0.325732737208147, "GN": 0.8354210096981781, "GB": 0.8224697941632199, "KNN": 0.7205955368974691, "KM": 0.2548051948051948, "LR": 0.8283752283752285, "LRR": 0.8283752283752285, "LRL": 0.8283752283752285, "LRE": 0.8283752283752285, "LOG_R": 0.7996910515281914, "RF": 0.8232299733795247, "SVM": 0.8287946127946129, "DNN": 0.8291615146139096}, "0 + 2": {"AB": 0.7914782261200619, "AC": 0.25284930658953175, "DS": 0.24019607843137256, "DT": 0.7712478623198241, "GM": 0.25028835063437144, "GN": 0.7776731382208055, "GB": 0.7557932263814617, "KNN": 0.6778711484593838, "KM": 0.7132202526030668, "LR": 0.7395475971327364, "LRR": 0.7395475971327364, "LRL": 0.7176527176527177, "LRE": 0.7395475971327364, "LOG_R": 0.7352411356631878, "RF": 0.7557932263814617, "SVM": 0.7352411356631878, "DNN": 0.7394869828340462}, "0 + 3": {"AB": 0.8469344558386698, "AC": 0.4090567951318458, "DS": 0.3942203147353362, "DT": 0.8065186919394294, "GM": 0.4090567951318458, "GN": 0.764324902984076, "GB": 0.8668340506934481, "KNN": 0.7879183597216385, "KM": 0.5517536584203251, "LR": 0.830105559044287, "LRR": 0.830105559044287, "LRL": 0.8099772182254196, "LRE": 0.830105559044287, "LOG_R": 0.8133333333333334, "RF": 0.8730072120089737, "SVM": 0.8002510760401722, "DNN": 0.8205050999955459}, "0 + 4": {"AB": 0.7120447359834378, "AC": 0.5884939454174557, "DS": 0.2543278353525033, "DT": 0.6516129032258065, "GM": 0.2543278353525033, "GN": 0.6440684353331323, "GB": 0.6949967317638155, "KNN": 0.6003663003663003, "KM": 0.2231836589607851, "LR": 0.6604429909320649, "LRR": 0.6604429909320649, "LRL": 0.6714513943855526, "LRE": 0.6604429909320649, "LOG_R": 0.6447507548363227, "RF": 0.6859043227632299, "SVM": 0.669948529786475, "DNN": 0.6834445541930666}, "1 + 2": {"AB": 0.8872251780667306, "AC": 0.26684702410231187, "DS": 0.2904220009483167, "DT": 0.8487566324766362, "GM": 0.2904220009483167, "GN": 0.8598446269149452, "GB": 0.8593413701852398, "KNN": 0.8289473684210527, "KM": 0.13297691961659572, "LR": 0.8389360498019242, "LRR": 0.8389360498019242, "LRL": 0.8453334184403201, "LRE": 0.8389360498019242, "LOG_R": 0.8739575519569343, "RF": 0.8593413701852398, "SVM": 0.8804271953092279, "DNN": 0.9007386888273317}, "1 + 3": {"AB": 0.9035420106863742, "AC": 0.26863097915729495, "DS": 0.414495028780743, "DT": 0.8972286972286972, "GM": 0.414495028780743, "GN": 0.8596251035275426, "GB": 0.8969850662158354, "KNN": 0.8830315189271949, "KM": 0.7299332610390123, "LR": 0.8621882756490152, "LRR": 0.8621882756490152, "LRL": 0.859672620936856, "LRE": 0.8621882756490152, "LOG_R": 0.8530852507855875, "RF": 0.8969850662158354, "SVM": 0.866036330533372, "DNN": 0.8786356419533115}, "1 + 4": {"AB": 0.8500131789704183, "AC": 0.2692503824579296, "DS": 0.2750694619853498, "DT": 0.8245509190782823, "GM": 0.2692503824579296, "GN": 0.8825847764395252, "GB": 0.8566077708894572, "KNN": 0.811329895836938, "KM": 0.22522522522522523, "LR": 0.8709165687426558, "LRR": 0.8709165687426558, "LRL": 0.8636034988172238, "LRE": 0.8709165687426558, "LOG_R": 0.8504353092588386, "RF": 0.8632097331927744, "SVM": 0.8489864864864866, "DNN": 0.8500131789704183}, "2 + 3": {"AB": 0.8462734679929755, "AC": 0.3546054918317692, "DS": 0.34556930780351913, "DT": 0.7733847742512051, "GM": 0.3180036676135342, "GN": 0.8095093268450934, "GB": 0.8100368854372559, "KNN": 0.7577273306226424, "KM": 0.31083477500839723, "LR": 0.7760706446837834, "LRR": 0.7760706446837834, "LRL": 0.7685358079179162, "LRE": 0.7760706446837834, "LOG_R": 0.7882083627501891, "RF": 0.8101785303140614, "SVM": 0.7797563993600639, "DNN": 0.8175376973360484}, "2 + 4": {"AB": 0.7303225806451612, "AC": 0.24610831606984312, "DS": 0.2543278353525033, "DT": 0.6679797733217088, "GM": 0.24610831606984312, "GN": 0.7029592208802166, "GB": 0.6980973080149471, "KNN": 0.6648233486943164, "KM": 0.5488340371192663, "LR": 0.6503840245775729, "LRR": 0.6503840245775729, "LRL": 0.66436866359447, "LRE": 0.6559037863731336, "LOG_R": 0.6821312201937928, "RF": 0.7152547482665058, "SVM": 0.6195098079197423, "DNN": 0.7573864606122671}, "3 + 4": {"AB": 0.8493686662307944, "AC": 0.322430441586199, "DS": 0.32916462009294584, "DT": 0.7894022386282449, "GM": 0.3701187013880512, "GN": 0.6255810543460361, "GB": 0.8035120741426488, "KNN": 0.739865180191859, "KM": 0.4306642895899543, "LR": 0.7657246476245192, "LRR": 0.7657246476245192, "LRL": 0.7657246476245192, "LRE": 0.7657246476245192, "LOG_R": 0.7894022386282449, "RF": 0.8030424421710011, "SVM": 0.7894736842105263, "DNN": 0.8037119149532167}, "0 + 1 + 2": {"AB": 0.9014656028490224, "AC": 0.30172020961494644, "DS": 0.2904220009483167, "DT": 0.816076953264034, "GM": 0.30172020961494644, "GN": 0.8674937873224288, "GB": 0.8606899258471379, "KNN": 0.800744035362271, "KM": 0.23117975404619137, "LR": 0.835156712004731, "LRR": 0.835156712004731, "LRL": 0.8287739121815839, "LRE": 0.835156712004731, "LOG_R": 0.8023903393895949, "RF": 0.881434203633757, "SVM": 0.8277419235191572, "DNN": 0.847799322868575}, "0 + 1 + 3": {"AB": 0.8868645977937994, "AC": 0.4025010351966873, "DS": 0.3942203147353362, "DT": 0.9264778595841426, "GM": 0.4025010351966873, "GN": 0.8602427637721756, "GB": 0.8798051948051947, "KNN": 0.8986357999173212, "KM": 0.3426321047373678, "LR": 0.8382102908277406, "LRR": 0.8382102908277406, "LRL": 0.8425181208053693, "LRE": 0.8382102908277406, "LOG_R": 0.8404273504273505, "RF": 0.8795656108597283, "SVM": 0.8603934162986753, "DNN": 0.8336223378240186}, "0 + 1 + 4": {"AB": 0.8772835100667057, "AC": 0.27217358203273695, "DS": 0.2750694619853498, "DT": 0.8174240861263763, "GM": 0.2633204633204633,