{"0": {"AB": 0.7891447493624635, "AC": 0.32146970912007, "DS": 0.3256103745562559, "DT": 0.6961111978444328, "GM": 0.31516043567853996, "GN": 0.76298223548464, "GB": 0.7730350620441995, "KNN": 0.6404723273841717, "KM": 0.7347615338867668, "LR": 0.7370129586805708, "LRR": 0.7370129586805708, "LRL": 0.7370129586805708, "LRE": 0.7370129586805708, "LOG_R": 0.7319566337070478, "RF": 0.7724629460652543, "SVM": 0.742586046511628, "DNN": 0.5354400893269675}, "1": {"AB": 0.8380358134254772, "AC": 0.31759702286018077, "DS": 0.3560186583442397, "DT": 0.7728142859463208, "GM": 0.32512626262626265, "GN": 0.7950643430490869, "GB": 0.8479869040616704, "KNN": 0.7678079496261314, "KM": 0.268304994540736, "LR": 0.7723608036567672, "LRR": 0.7723608036567672, "LRL": 0.7761534095183383, "LRE": 0.7761534095183383, "LOG_R": 0.8282828282828283, "RF": 0.8584120777669166, "SVM": 0.8282828282828283, "DNN": 0.8227582942178779}, "2": {"AB": 0.7462583345898042, "AC": 0.6068923165369866, "DS": 0.3532587474322191, "DT": 0.6984802763417469, "GM": 0.3532587474322191, "GN": 0.7845438588168319, "GB": 0.7461928934010152, "KNN": 0.6677371602672105, "KM": 0.23862142753683635, "LR": 0.7572434467189472, "LRR": 0.7572434467189472, "LRL": 0.7572434467189472, "LRE": 0.7572434467189472, "LOG_R": 0.7409966662676916, "RF": 0.7509869185934298, "SVM": 0.7606824001525004, "DNN": 0.7257165269593067}, "3": {"AB": 0.7545729831606179, "AC": 0.3950253640975291, "DS": 0.40617194424301023, "DT": 0.7469976496345665, "GM": 0.40617194424301023, "GN": 0.7021661466105911, "GB": 0.7689956979676607, "KNN": 0.6946280734516029, "KM": 0.3594165594165594, "LR": 0.7150722798283932, "LRR": 0.7150722798283932, "LRL": 0.7072032905366239, "LRE": 0.7150722798283932, "LOG_R": 0.7311850027367269, "RF": 0.7689956979676607, "SVM": 0.7233279276622929, "DNN": 0.7312509285694209}, "4": {"AB": 0.7208244442999572, "AC": 0.4214037328791427, "DS": 0.4680868769243572, "DT": 0.7154046241379809, "GM": 0.4680868769243572, "GN": 0.5958495660559305, "GB": 0.6912814345672521, "KNN": 0.6717214099700182, "KM": 0.4214037328791427, "LR": 0.6745939445438603, "LRR": 0.6745939445438603, "LRL": 0.6556540092065283, "LRE": 0.6745939445438603, "LOG_R": 0.6796677184712528, "RF": 0.7021928890781349, "SVM": 0.6196339319721547, "DNN": 0.6983165076069299}, "0 + 1": {"AB": 0.8283529383866222, "AC": 0.3420989556582777, "DS": 0.3560186583442397, "DT": 0.8384498243638797, "GM": 0.3201243201243201, "GN": 0.8269269810492124, "GB": 0.8061729441039787, "KNN": 0.7857700961149237, "KM": 0.7451979641108457, "LR": 0.8246411103368361, "LRR": 0.8246411103368361, "LRL": 0.8246411103368361, "LRE": 0.8246411103368361, "LOG_R": 0.8229390564570124, "RF": 0.8277184912698932, "SVM": 0.8126301967446137, "DNN": 0.822541030270499}, "0 + 2": {"AB": 0.8160292587571334, "AC": 0.35096923653459605, "DS": 0.3532587474322191, "DT": 0.7301312171932451, "GM": 0.34634380573466866, "GN": 0.7840627515098513, "GB": 0.8215547663793085, "KNN": 0.7707204045429714, "KM": 0.6640434660047507, "LR": 0.7847407219135721, "LRR": 0.7884135482995089, "LRL": 0.7835347137843296, "LRE": 0.7884135482995089, "LOG_R": 0.7955880652857039, "RF": 0.8110752191970465, "SVM": 0.7840627515098513, "DNN": 0.7786571278701732}, "0 + 3": {"AB": 0.8098639455782313, "AC": 0.7219247594050743, "DS": 0.40617194424301023, "DT": 0.8167896914915929, "GM": 0.40617194424301023, "GN": 0.8339151592087168, "GB": 0.7931731334509113, "KNN": 0.7520056935817805, "KM": 0.27512443155369354, "LR": 0.813179817381498, "LRR": 0.813179817381498, "LRL": 0.8052991639712679, "LRE": 0.813179817381498, "LOG_R": 0.8337471615627852, "RF": 0.7849270291423046, "SVM": 0.8023770911873521, "DNN": 0.825925258712144}, "0 + 4": {"AB": 0.7453769044258677, "AC": 0.46420207427233195, "DS": 0.4680868769243572, "DT": 0.7484878374344369, "GM": 0.45631232043265163, "GN": 0.8139832408669658, "GB": 0.7413439046374275, "KNN": 0.7144067437624435, "KM": 0.27188330602058014, "LR": 0.728422786136687, "LRR": 0.728422786136687, "LRL": 0.728422786136687, "LRE": 0.728422786136687, "LOG_R": 0.7386648944025993, "RF": 0.7338071764301273, "SVM": 0.7650939211177749, "DNN": 0.7540983606557379}, "1 + 2": {"AB": 0.8306997131268721, "AC": 0.5850597265717193, "DS": 0.3532587474322191, "DT": 0.8204390896800157, "GM": 0.33690285793755653, "GN": 0.8730964467005076, "GB": 0.8294383303430484, "KNN": 0.8118410777040219, "KM": 0.6417990898345828, "LR": 0.8692038722352766, "LRR": 0.8692038722352766, "LRL": 0.8745478543483095, "LRE": 0.8745478543483095, "LOG_R": 0.8528146581671976, "RF": 0.8622390291160972, "SVM": 0.8579046673702904, "DNN": 0.8629865584886907}, "1 + 3": {"AB": 0.8734988248172831, "AC": 0.38740079365079366, "DS": 0.40617194424301023, "DT": 0.8023770911873521, "GM": 0.3950253640975291, "GN": 0.8575752116735723, "GB": 0.8732426303854876, "KNN": 0.8392779333955804, "KM": 0.33809523809523817, "LR": 0.8684944134810698, "LRR": 0.8684944134810698, "LRL": 0.8734001881542864, "LRE": 0.8684944134810698, "LOG_R": 0.8734033150509124, "RF": 0.8734033150509124, "SVM": 0.8734033150509124, "DNN": 0.8735298487385509}, "1 + 4": {"AB": 0.8247813547543864, "AC": 0.4441678825851858, "DS": 0.4680868769243572, "DT": 0.80146192605209, "GM": 0.3132410294232682, "GN": 0.7892394547290169, "GB": 0.8258100166964746, "KNN": 0.7526990264259364, "KM": 0.39617486338797814, "LR": 0.8439406833577899, "LRR": 0.8439406833577899, "LRL": 0.8439406833577899, "LRE": 0.8439406833577899, "LOG_R": 0.8275133868691361, "RF": 0.819672131147541, "SVM": 0.8267190861212076, "DNN": 0.8124670182421456}, "2 + 3": {"AB": 0.7786229434302455, "AC": 0.3987789987789987, "DS": 0.40617194424301023, "DT": 0.762329931972789, "GM": 0.26528106638603877, "GN": 0.825925258712144, "GB": 0.7925841138557602, "KNN": 0.7135620367266361, "KM": 0.29471544715447157, "LR": 0.8074529301723463, "LRR": 0.8074529301723463, "LRL": 0.8074529301723463, "LRE": 0.8074529301723463, "LOG_R": 0.802079954241411, "RF": 0.8095238095238095, "SVM": 0.8017774613519295, "DNN": 0.8339967565973757}, "2 + 4": {"AB": 0.7442043652265445, "AC": 0.35806498829039807, "DS": 0.4680868769243572, "DT": 0.7365795100724012, "GM": 0.4680868769243572, "GN": 0.8045985966809809, "GB": 0.7760414500383248, "KNN": 0.685782078146185, "KM": 0.30460765181740795, "LR": 0.7763720598717035, "LRR": 0.7763720598717035, "LRL": 0.7890079075368118, "LRE": 0.7763720598717035, "LOG_R": 0.7837183308494784, "RF": 0.7683722470607717, "SVM": 0.8050819672131148, "DNN": 0.7868852459016393}, "3 + 4": {"AB": 0.7796610169491526, "AC": 0.44807068157230434, "DS": 0.45206707918572325, "DT": 0.7899846481823323, "GM": 0.45206707918572325, "GN": 0.6924584314356327, "GB": 0.7447647998034881, "KNN": 0.6867911303682936, "KM": 0.4217818148453987, "LR": 0.733909165179574, "LRR": 0.733909165179574, "LRL": 0.7510259088389037, "LRE": 0.733909165179574, "LOG_R": 0.7400193458156973, "RF": 0.7645962113659023, "SVM": 0.748419473075693, "DNN": 0.7303734468151486}, "0 + 1 + 2": {"AB": 0.9085869744158661, "AC": 0.6330487153036664, "DS": 0.3532587474322191, "DT": 0.9086530004523294, "GM": 0.3222462816371446, "GN": 0.8730375815037703, "GB": 0.8579119786488043, "KNN": 0.9133832639384559, "KM": 0.8030652538975052, "LR": 0.8373376064699304, "LRR": 0.8373376064699304, "LRL": 0.8373376064699304, "LRE": 0.8373376064699304, "LOG_R": 0.8730964467005076, "RF": 0.878191424239285, "SVM": 0.8730964467005076, "DNN": 0.8882385263488408}, "0 + 1 + 3": {"AB": 0.9365079365079365, "AC": 0.6885271223299392, "DS": 0.40617194424301023, "DT": 0.8964463473648134, "GM": 0.26528106638603877, "GN": 0.9207766439909296, "GB": 0.8797034940906707, "KNN": 0.8797034940906707, "KM": 0.8331548556430446, "LR": 0.9209561554615944, "LRR": 0.9209561554615944, "LRL": 0.9209561554615944, "LRE": 0.9209561554615944, "LOG_R": 0.928748783526908, "RF": 0.8797034940906707, "SVM": 0.9367016575254561, "DNN": 0.9446383864029056}, "0 + 1 + 4": {"AB": 0.8915313148479533, "AC": 0.3132410294232682, "DS": 0.4680868769243572, "DT": 0.9007309630260449, "GM": 0.4230565838180857,