{"0": {"AB": 2.8873554494077274, "AC": 2.8873554494077274, "DS": 2.8873554494077274, "DT": 2.8873554494077274, "GM": 2.8873554494077274, "GN": 2.8873554494077274, "GB": 2.8873554494077274, "KNN": 2.8873554494077274, "KM": 2.8873554494077274, "LR": 2.8873554494077274, "LRR": 2.8873554494077274, "LRL": 2.8873554494077274, "LRE": 2.8873554494077274, "LOG_R": 2.8873554494077274, "RF": 2.8873554494077274, "SVM": 2.8873554494077274, "DNN": 2.8873554494077274}, "1": {"AB": 2.689001324030645, "AC": 2.689001324030645, "DS": 2.689001324030645, "DT": 2.689001324030645, "GM": 2.689001324030645, "GN": 2.689001324030645, "GB": 2.689001324030645, "KNN": 2.689001324030645, "KM": 2.689001324030645, "LR": 2.689001324030645, "LRR": 2.689001324030645, "LRL": 2.689001324030645, "LRE": 2.689001324030645, "LOG_R": 2.689001324030645, "RF": 2.689001324030645, "SVM": 2.689001324030645, "DNN": 2.689001324030645}, "2": {"AB": 2.5320865090430615, "AC": 2.5320865090430615, "DS": 2.5320865090430615, "DT": 2.5320865090430615, "GM": 2.5320865090430615, "GN": 2.5320865090430615, "GB": 2.5320865090430615, "KNN": 2.5320865090430615, "KM": 2.5320865090430615, "LR": 2.5320865090430615, "LRR": 2.5320865090430615, "LRL": 2.5320865090430615, "LRE": 2.5320865090430615, "LOG_R": 2.5320865090430615, "RF": 2.5320865090430615, "SVM": 2.5320865090430615, "DNN": 2.5320865090430615}, "3": {"AB": 2.296612065503516, "AC": 2.296612065503516, "DS": 2.296612065503516, "DT": 2.296612065503516, "GM": 2.296612065503516, "GN": 2.296612065503516, "GB": 2.296612065503516, "KNN": 2.296612065503516, "KM": 2.296612065503516, "LR": 2.296612065503516, "LRR": 2.296612065503516, "LRL": 2.296612065503516, "LRE": 2.296612065503516, "LOG_R": 2.296612065503516, "RF": 2.296612065503516, "SVM": 2.296612065503516, "DNN": 2.296612065503516}, "4": {"AB": 2.1088804536891224, "AC": 2.1088804536891224, "DS": 2.1088804536891224, "DT": 2.1088804536891224, "GM": 2.1088804536891224, "GN": 2.1088804536891224, "GB": 2.1088804536891224, "KNN": 2.1088804536891224, "KM": 2.1088804536891224, "LR": 2.1088804536891224, "LRR": 2.1088804536891224, "LRL": 2.1088804536891224, "LRE": 2.1088804536891224, "LOG_R": 2.1088804536891224, "RF": 2.1088804536891224, "SVM": 2.1088804536891224, "DNN": 2.1088804536891224}, "0 + 1": {"AB": 2.7781231166126568, "AC": 2.7781231166126568, "DS": 2.7781231166126568, "DT": 2.7781231166126568, "GM": 2.7781231166126568, "GN": 2.7781231166126568, "GB": 2.7781231166126568, "KNN": 2.7781231166126568, "KM": 2.7781231166126568, "LR": 2.7781231166126568, "LRR": 2.7781231166126568, "LRL": 2.7781231166126568, "LRE": 2.7781231166126568, "LOG_R": 2.7781231166126568, "RF": 2.7781231166126568, "SVM": 2.7781231166126568, "DNN": 2.7781231166126568}, "0 + 2": {"AB": 2.2399633436928, "AC": 2.2399633436928, "DS": 2.2399633436928, "DT": 2.2399633436928, "GM": 2.2399633436928, "GN": 2.2399633436928, "GB": 2.2399633436928, "KNN": 2.2399633436928, "KM": 2.2399633436928, "LR": 2.2399633436928, "LRR": 2.2399633436928, "LRL": 2.2399633436928, "LRE": 2.2399633436928, "LOG_R": 2.2399633436928, "RF": 2.2399633436928, "SVM": 2.2399633436928, "DNN": 2.2399633436928}, "0 + 3": {"AB": 1.8603452744085678, "AC": 1.8603452744085678, "DS": 1.8603452744085678, "DT": 1.8603452744085678, "GM": 1.8603452744085678, "GN": 1.8603452744085678, "GB": 1.8603452744085678, "KNN": 1.8603452744085678, "KM": 1.8603452744085678, "LR": 1.8603452744085678, "LRR": 1.8603452744085678, "LRL": 1.8603452744085678, "LRE": 1.8603452744085678, "LOG_R": 1.8603452744085678, "RF": 1.8603452744085678, "SVM": 1.8603452744085678, "DNN": 1.8603452744085678}, "0 + 4": {"AB": 1.5918676707536552, "AC": 1.5918676707536552, "DS": 1.5918676707536552, "DT": 1.5918676707536552, "GM": 1.5918676707536552, "GN": 1.5918676707536552, "GB": 1.5918676707536552, "KNN": 1.5918676707536552, "KM": 1.5918676707536552, "LR": 1.5918676707536552, "LRR": 1.5918676707536552, "LRL": 1.5918676707536552, "LRE": 1.5918676707536552, "LOG_R": 1.5918676707536552, "RF": 1.5918676707536552, "SVM": 1.5918676707536552, "DNN": 1.5918676707536552}, "1 + 2": {"AB": 2.6334793571427273, "AC": 2.6334793571427273, "DS": 2.6334793571427273, "DT": 2.6334793571427273, "GM": 2.6334793571427273, "GN": 2.6334793571427273, "GB": 2.6334793571427273, "KNN": 2.6334793571427273, "KM": 2.6334793571427273, "LR": 2.6334793571427273, "LRR": 2.6334793571427273, "LRL": 2.6334793571427273, "LRE": 2.6334793571427273, "LOG_R": 2.6334793571427273, "RF": 2.6334793571427273, "SVM": 2.6334793571427273, "DNN": 2.6334793571427273}, "1 + 3": {"AB": 2.0939591996969935, "AC": 2.0939591996969935, "DS": 2.0939591996969935, "DT": 2.0939591996969935, "GM": 2.0939591996969935, "GN": 2.0939591996969935, "GB": 2.0939591996969935, "KNN": 2.0939591996969935, "KM": 2.0939591996969935, "LR": 2.0939591996969935, "LRR": 2.0939591996969935, "LRL": 2.0939591996969935, "LRE": 2.0939591996969935, "LOG_R": 2.0939591996969935, "RF": 2.0939591996969935, "SVM": 2.0939591996969935, "DNN": 2.0939591996969935}, "1 + 4": {"AB": 1.6786217615529235, "AC": 1.6786217615529235, "DS": 1.6786217615529235, "DT": 1.6786217615529235, "GM": 1.6786217615529235, "GN": 1.6786217615529235, "GB": 1.6786217615529235, "KNN": 1.6786217615529235, "KM": 1.6786217615529235, "LR": 1.6786217615529235, "LRR": 1.6786217615529235, "LRL": 1.6786217615529235, "LRE": 1.6786217615529235, "LOG_R": 1.6786217615529235, "RF": 1.6786217615529235, "SVM": 1.6786217615529235, "DNN": 1.6786217615529235}, "2 + 3": {"AB": 2.5175552498173, "AC": 2.5175552498173, "DS": 2.5175552498173, "DT": 2.5175552498173, "GM": 2.5175552498173, "GN": 2.5175552498173, "GB": 2.5175552498173, "KNN": 2.5175552498173, "KM": 2.5175552498173, "LR": 2.5175552498173, "LRR": 2.5175552498173, "LRL": 2.5175552498173, "LRE": 2.5175552498173, "LOG_R": 2.5175552498173, "RF": 2.5175552498173, "SVM": 2.5175552498173, "DNN": 2.5175552498173}, "2 + 4": {"AB": 1.8434439623708365, "AC": 1.8434439623708365, "DS": 1.8434439623708365, "DT": 1.8434439623708365, "GM": 1.8434439623708365, "GN": 1.8434439623708365, "GB": 1.8434439623708365, "KNN": 1.8434439623708365, "KM": 1.8434439623708365, "LR": 1.8434439623708365, "LRR": 1.8434439623708365, "LRL": 1.8434439623708365, "LRE": 1.8434439623708365, "LOG_R": 1.8434439623708365, "RF": 1.8434439623708365, "SVM": 1.8434439623708365, "DNN": 1.8434439623708365}, "3 + 4": {"AB": 2.0032405388991976, "AC": 2.0032405388991976, "DS": 2.0032405388991976, "DT": 2.0032405388991976, "GM": 2.0032405388991976, "GN": 2.0032405388991976, "GB": 2.0032405388991976, "KNN": 2.0032405388991976, "KM": 2.0032405388991976, "LR": 2.0032405388991976, "LRR": 2.0032405388991976, "LRL": 2.0032405388991976, "LRE": 2.0032405388991976, "LOG_R": 2.0032405388991976, "RF": 2.0032405388991976, "SVM": 2.0032405388991976, "DNN": 2.0032405388991976}, "0 + 1 + 2": {"AB": 2.3847415963541376, "AC": 2.3847415963541376, "DS": 2.3847415963541376, "DT": 2.3847415963541376, "GM": 2.3847415963541376, "GN": 2.3847415963541376, "GB": 2.3847415963541376, "KNN": 2.3847415963541376, "KM": 2.3847415963541376, "LR": 2.3847415963541376, "LRR": 2.3847415963541376, "LRL": 2.3847415963541376, "LRE": 2.3847415963541376, "LOG_R": 2.3847415963541376, "RF": 2.3847415963541376, "SVM": 2.3847415963541376, "DNN": 2.3847415963541376}, "0 + 1 + 3": {"AB": 1.817422322827413, "AC": 1.817422322827413, "DS": 1.817422322827413, "DT": 1.817422322827413, "GM": 1.817422322827413, "GN": 1.817422322827413, "GB": 1.817422322827413, "KNN": 1.817422322827413, "KM": 1.817422322827413, "LR": 1.817422322827413, "LRR": 1.817422322827413, "LRL": 1.817422322827413, "LRE": 1.817422322827413, "LOG_R": 1.817422322827413, "RF": 1.817422322827413, "SVM": 1.817422322827413, "DNN": 1.817422322827413}, "0 + 1 + 4": {"AB": 1.3984268473853727, "AC": 1.3984268473853727, "DS": 1.3984268473853727, "DT": 1.3984268473853727, "GM": 1.3984268473853727, "GN": 1.3984268473853727, "GB": 1.3984268473853727, "KNN": 1.3984268473853727, "KM": 1.3984268473853727, "LR": 1.3984268473853727, "LRR": 1.3984268473853727,