{"0": {"AB": 0.0, "AC": 0.0, "DS": 0.0, "DT": 0.0, "GM": 0.0, "GN": 0.0, "GB": 0.0, "KNN": 0.0, "KM": 0.0, "LR": 0.0, "LRR": 0.0, "LRL": 0.0, "LRE": 0.0, "LOG_R": 0.0, "RF": 0.0, "SVM": 0.0, "DNN": 0.0}, "1": {"AB": 0.0, "AC": 0.0, "DS": 0.0, "DT": 0.0, "GM": 0.0, "GN": 0.0, "GB": 0.0, "KNN": 0.0, "KM": 0.0, "LR": 0.0, "LRR": 0.0, "LRL": 0.0, "LRE": 0.0, "LOG_R": 0.0, "RF": 0.0, "SVM": 0.0, "DNN": 0.0}, "2": {"AB": 0.0, "AC": 0.0, "DS": 0.0, "DT": 0.0, "GM": 0.0, "GN": 0.0, "GB": 0.0, "KNN": 0.0, "KM": 0.0, "LR": 0.0, "LRR": 0.0, "LRL": 0.0, "LRE": 0.0, "LOG_R": 0.0, "RF": 0.0, "SVM": 0.0, "DNN": 0.0}, "3": {"AB": 0.0, "AC": 0.0, "DS": 0.0, "DT": 0.0, "GM": 0.0, "GN": 0.0, "GB": 0.0, "KNN": 0.0, "KM": 0.0, "LR": 0.0, "LRR": 0.0, "LRL": 0.0, "LRE": 0.0, "LOG_R": 0.0, "RF": 0.0, "SVM": 0.0, "DNN": 0.0}, "4": {"AB": 0.0, "AC": 0.0, "DS": 0.0, "DT": 0.0, "GM": 0.0, "GN": 0.0, "GB": 0.0, "KNN": 0.0, "KM": 0.0, "LR": 0.0, "LRR": 0.0, "LRL": 0.0, "LRE": 0.0, "LOG_R": 0.0, "RF": 0.0, "SVM": 0.0, "DNN": 0.0}, "0 + 1": {"AB": 0.0442259853630213, "AC": 0.0442259853630213, "DS": 0.0442259853630213, "DT": 0.0442259853630213, "GM": 0.0442259853630213, "GN": 0.0442259853630213, "GB": 0.0442259853630213, "KNN": 0.0442259853630213, "KM": 0.0442259853630213, "LR": 0.0442259853630213, "LRR": 0.0442259853630213, "LRL": 0.0442259853630213, "LRE": 0.0442259853630213, "LOG_R": 0.0442259853630213, "RF": 0.0442259853630213, "SVM": 0.0442259853630213, "DNN": 0.0442259853630213}, "0 + 2": {"AB": 0.08563843756893436, "AC": 0.08563843756893436, "DS": 0.08563843756893436, "DT": 0.08563843756893436, "GM": 0.08563843756893436, "GN": 0.08563843756893436, "GB": 0.08563843756893436, "KNN": 0.08563843756893436, "KM": 0.08563843756893436, "LR": 0.08563843756893436, "LRR": 0.08563843756893436, "LRL": 0.08563843756893436, "LRE": 0.08563843756893436, "LOG_R": 0.08563843756893436, "RF": 0.08563843756893436, "SVM": 0.08563843756893436, "DNN": 0.08563843756893436}, "0 + 3": {"AB": 0.0903632240012936, "AC": 0.0903632240012936, "DS": 0.0903632240012936, "DT": 0.0903632240012936, "GM": 0.0903632240012936, "GN": 0.0903632240012936, "GB": 0.0903632240012936, "KNN": 0.0903632240012936, "KM": 0.0903632240012936, "LR": 0.0903632240012936, "LRR": 0.0903632240012936, "LRL": 0.0903632240012936, "LRE": 0.0903632240012936, "LOG_R": 0.0903632240012936, "RF": 0.0903632240012936, "SVM": 0.0903632240012936, "DNN": 0.0903632240012936}, "0 + 4": {"AB": 0.21673698376311393, "AC": 0.21673698376311393, "DS": 0.21673698376311393, "DT": 0.21673698376311393, "GM": 0.21673698376311393, "GN": 0.21673698376311393, "GB": 0.21673698376311393, "KNN": 0.21673698376311393, "KM": 0.21673698376311393, "LR": 0.21673698376311393, "LRR": 0.21673698376311393, "LRL": 0.21673698376311393, "LRE": 0.21673698376311393, "LOG_R": 0.21673698376311393, "RF": 0.21673698376311393, "SVM": 0.21673698376311393, "DNN": 0.21673698376311393}, "1 + 2": {"AB": 0.04141245220591305, "AC": 0.04141245220591305, "DS": 0.04141245220591305, "DT": 0.04141245220591305, "GM": 0.04141245220591305, "GN": 0.04141245220591305, "GB": 0.04141245220591305, "KNN": 0.04141245220591305, "KM": 0.04141245220591305, "LR": 0.04141245220591305, "LRR": 0.04141245220591305, "LRL": 0.04141245220591305, "LRE": 0.04141245220591305, "LOG_R": 0.04141245220591305, "RF": 0.04141245220591305, "SVM": 0.04141245220591305, "DNN": 0.04141245220591305}, "1 + 3": {"AB": 0.07787160729756332, "AC": 0.07787160729756332, "DS": 0.07787160729756332, "DT": 0.07787160729756332, "GM": 0.07787160729756332, "GN": 0.07787160729756332, "GB": 0.07787160729756332, "KNN": 0.07787160729756332, "KM": 0.07787160729756332, "LR": 0.07787160729756332, "LRR": 0.07787160729756332, "LRL": 0.07787160729756332, "LRE": 0.07787160729756332, "LOG_R": 0.07787160729756332, "RF": 0.07787160729756332, "SVM": 0.07787160729756332, "DNN": 0.07787160729756332}, "1 + 4": {"AB": 0.1853394997037998, "AC": 0.1853394997037998, "DS": 0.1853394997037998, "DT": 0.1853394997037998, "GM": 0.1853394997037998, "GN": 0.1853394997037998, "GB": 0.1853394997037998, "KNN": 0.1853394997037998, "KM": 0.1853394997037998, "LR": 0.1853394997037998, "LRR": 0.1853394997037998, "LRL": 0.1853394997037998, "LRE": 0.1853394997037998, "LOG_R": 0.1853394997037998, "RF": 0.1853394997037998, "SVM": 0.1853394997037998, "DNN": 0.1853394997037998}, "2 + 3": {"AB": 0.11928405950347637, "AC": 0.11928405950347637, "DS": 0.11928405950347637, "DT": 0.11928405950347637, "GM": 0.11928405950347637, "GN": 0.11928405950347637, "GB": 0.11928405950347637, "KNN": 0.11928405950347637, "KM": 0.11928405950347637, "LR": 0.11928405950347637, "LRR": 0.11928405950347637, "LRL": 0.11928405950347637, "LRE": 0.11928405950347637, "LOG_R": 0.11928405950347637, "RF": 0.11928405950347637, "SVM": 0.11928405950347637, "DNN": 0.11928405950347637}, "2 + 4": {"AB": 0.16530788300406526, "AC": 0.16530788300406526, "DS": 0.16530788300406526, "DT": 0.16530788300406526, "GM": 0.16530788300406526, "GN": 0.16530788300406526, "GB": 0.16530788300406526, "KNN": 0.16530788300406526, "KM": 0.16530788300406526, "LR": 0.16530788300406526, "LRR": 0.16530788300406526, "LRL": 0.16530788300406526, "LRE": 0.16530788300406526, "LOG_R": 0.16530788300406526, "RF": 0.16530788300406526, "SVM": 0.16530788300406526, "DNN": 0.16530788300406526}, "3 + 4": {"AB": 0.12637375976182033, "AC": 0.12637375976182033, "DS": 0.12637375976182033, "DT": 0.12637375976182033, "GM": 0.12637375976182033, "GN": 0.12637375976182033, "GB": 0.12637375976182033, "KNN": 0.12637375976182033, "KM": 0.12637375976182033, "LR": 0.12637375976182033, "LRR": 0.12637375976182033, "LRL": 0.12637375976182033, "LRE": 0.12637375976182033, "LOG_R": 0.12637375976182033, "RF": 0.12637375976182033, "SVM": 0.12637375976182033, "DNN": 0.12637375976182033}, "0 + 1 + 2": {"AB": 0.06138736133680586, "AC": 0.06138736133680586, "DS": 0.06138736133680586, "DT": 0.06138736133680586, "GM": 0.06138736133680586, "GN": 0.06138736133680586, "GB": 0.06138736133680586, "KNN": 0.06138736133680586, "KM": 0.06138736133680586, "LR": 0.06138736133680586, "LRR": 0.06138736133680586, "LRL": 0.06138736133680586, "LRE": 0.06138736133680586, "LOG_R": 0.06138736133680586, "RF": 0.06138736133680586, "SVM": 0.06138736133680586, "DNN": 0.06138736133680586}, "0 + 1 + 3": {"AB": 0.08884388248832442, "AC": 0.08884388248832442, "DS": 0.08884388248832442, "DT": 0.08884388248832442, "GM": 0.08884388248832442, "GN": 0.08884388248832442, "GB": 0.08884388248832442, "KNN": 0.08884388248832442, "KM": 0.08884388248832442, "LR": 0.08884388248832442, "LRR": 0.08884388248832442, "LRL": 0.08884388248832442, "LRE": 0.08884388248832442, "LOG_R": 0.08884388248832442, "RF": 0.08884388248832442, "SVM": 0.08884388248832442, "DNN": 0.08884388248832442}, "0 + 1 + 4": {"AB": 0.20103824173345686, "AC": 0.20103824173345686, "DS": 0.20103824173345686, "DT": 0.20103824173345686, "GM": 0.20103824173345686, "GN": 0.20103824173345686, "GB": 0.20103824173345686, "KNN": 0.20103824173345686, "KM": 0.20103824173345686, "LR": 0.20103824173345686, "LRR": 0.20103824173345686, "LRL": 0.20103824173345686, "LRE": 0.20103824173345686, "LOG_R": 0.20103824173345686, "RF": 0.20103824173345686, "SVM": 0.20103824173345686, "DNN": 0.20103824173345686}, "0 + 2 + 3": {"AB": 0.12491112581769284, "AC": 0.12491112581769284, "DS": 0.12491112581769284, "DT": 0.12491112581769284, "GM": 0.12491112581769284, "GN": 0.12491112581769284, "GB": 0.12491112581769284, "KNN": 0.12491112581769284, "KM": 0.12491112581769284, "LR": 0.12491112581769284, "LRR": 0.12491112581769284, "LRL": 0.12491112581769284, "LRE": 0.12491112581769284, "LOG_R": 0.12491112581769284, "RF": 0.12491112581769284, "SVM": 0.12491112581769284, "DNN": 0.12491112581769284}, "0 + 2 + 4": {"AB": 0.1910224333835896, "AC": 0.1910224333835896, "DS": 0.1910224333835896, "DT": 0.1910224333835896, "GM": 0.1910224333835896, "GN": 0.1910224333835896, "GB": 0.1910224333835896, "KNN": 0.1910224333835896, "KM": 0.1910224333835896, "LR": 0.1910224333835896, "LRR": 0.1910224333835896,