{"0": {"AB": 0.5860805860805861, "AC": 0.46153846153846156, "DS": 0.6688963210702342, "DT": 0.5860805860805861, "GM": 0.6688963210702342, "GN": 0.6688963210702342, "GB": 0.5860805860805861, "KNN": 0.5860805860805861, "KM": 0.5384615384615384, "LR": 0.6688963210702342, "LRR": 0.6688963210702342, "LRL": 0.6688963210702342, "LRE": 0.6688963210702342, "LOG_R": 0.6688963210702342, "RF": 0.5860805860805861, "SVM": 0.6688963210702342, "DNN": 0.6688963210702342}, "1": {"AB": 1.0, "AC": 0.4, "DS": 0.5764705882352941, "DT": 1.0, "GM": 0.5764705882352941, "GN": 0.8933333333333333, "GB": 0.8933333333333333, "KNN": 0.8933333333333333, "KM": 0.6, "LR": 0.5764705882352941, "LRR": 0.5764705882352941, "LRL": 0.5764705882352941, "LRE": 0.5764705882352941, "LOG_R": 0.5764705882352941, "RF": 1.0, "SVM": 0.5764705882352941, "DNN": 0.5164835164835164}, "2": {"AB": 0.7411764705882353, "AC": 0.16363636363636364, "DS": 0.8526315789473685, "DT": 0.7411764705882353, "GM": 0.8526315789473685, "GN": 0.9137254901960784, "GB": 0.8526315789473685, "KNN": 0.8526315789473685, "KM": 0.9137254901960784, "LR": 0.8526315789473685, "LRR": 0.8526315789473685, "LRL": 0.8526315789473685, "LRE": 0.8526315789473685, "LOG_R": 0.8526315789473685, "RF": 0.8526315789473685, "SVM": 0.8526315789473685, "DNN": 0.8526315789473685}, "3": {"AB": 1.0, "AC": 0.7655502392344499, "DS": 0.8658008658008658, "DT": 1.0, "GM": 0.8658008658008658, "GN": 0.8658008658008658, "GB": 1.0, "KNN": 0.8658008658008658, "KM": 0.3212121212121213, "LR": 0.8658008658008658, "LRR": 0.8658008658008658, "LRL": 0.8658008658008658, "LRE": 0.8658008658008658, "LOG_R": 0.8658008658008658, "RF": 1.0, "SVM": 0.8658008658008658, "DNN": 0.8658008658008658}, "4": {"AB": 0.5194805194805194, "AC": 0.5194805194805194, "DS": 0.5952380952380951, "DT": 0.5194805194805194, "GM": 0.5194805194805194, "GN": 1.0, "GB": 0.8634920634920634, "KNN": 0.5194805194805194, "KM": 0.380952380952381, "LR": 0.5952380952380951, "LRR": 0.5952380952380951, "LRL": 0.5952380952380951, "LRE": 0.5952380952380951, "LOG_R": 0.5952380952380951, "RF": 0.8634920634920634, "SVM": 0.5952380952380951, "DNN": 0.5952380952380951}, "0 + 1": {"AB": 0.8, "AC": 0.525, "DS": 0.5764705882352941, "DT": 0.8, "GM": 0.525, "GN": 0.6799999999999999, "GB": 0.8, "KNN": 0.8, "KM": 0.325, "LR": 0.5764705882352941, "LRR": 0.5764705882352941, "LRL": 0.5764705882352941, "LRE": 0.5764705882352941, "LOG_R": 0.5764705882352941, "RF": 0.8, "SVM": 0.5764705882352941, "DNN": 0.525}, "0 + 2": {"AB": 0.8526315789473685, "AC": 0.8, "DS": 0.8526315789473685, "DT": 0.8526315789473685, "GM": 0.8, "GN": 1.0, "GB": 0.8526315789473685, "KNN": 0.8526315789473685, "KM": 0.19999999999999998, "LR": 0.8526315789473685, "LRR": 0.8526315789473685, "LRL": 0.8526315789473685, "LRE": 0.8526315789473685, "LOG_R": 0.8526315789473685, "RF": 0.8526315789473685, "SVM": 0.8526315789473685, "DNN": 0.8526315789473685}, "0 + 3": {"AB": 1.0, "AC": 0.6417112299465241, "DS": 0.8658008658008658, "DT": 1.0, "GM": 0.8658008658008658, "GN": 0.8658008658008658, "GB": 1.0, "KNN": 0.8658008658008658, "KM": 0.6417112299465241, "LR": 0.8658008658008658, "LRR": 0.8658008658008658, "LRL": 0.8658008658008658, "LRE": 0.8658008658008658, "LOG_R": 0.8658008658008658, "RF": 0.8658008658008658, "SVM": 0.8658008658008658, "DNN": 0.8658008658008658}, "0 + 4": {"AB": 1.0, "AC": 0.5194805194805194, "DS": 0.5952380952380951, "DT": 1.0, "GM": 0.5952380952380951, "GN": 0.8634920634920634, "GB": 0.8634920634920634, "KNN": 0.8398268398268397, "KM": 0.28571428571428575, "LR": 0.42857142857142855, "LRR": 0.5194805194805194, "LRL": 0.5194805194805194, "LRE": 0.5194805194805194, "LOG_R": 0.5952380952380951, "RF": 1.0, "SVM": 0.5952380952380951, "DNN": 0.5952380952380951}, "1 + 2": {"AB": 0.891025641025641, "AC": 0.75, "DS": 0.8166666666666667, "DT": 0.673076923076923, "GM": 0.75, "GN": 0.8166666666666667, "GB": 0.8166666666666667, "KNN": 0.8166666666666667, "KM": 0.25, "LR": 0.8166666666666667, "LRR": 0.8166666666666667, "LRL": 0.8166666666666667, "LRE": 0.8166666666666667, "LOG_R": 0.8166666666666667, "RF": 0.75, "SVM": 0.8166666666666667, "DNN": 0.8166666666666667}, "1 + 3": {"AB": 1.0, "AC": 0.891025641025641, "DS": 0.8166666666666667, "DT": 1.0, "GM": 0.8166666666666667, "GN": 0.8166666666666667, "GB": 1.0, "KNN": 0.8166666666666667, "KM": 0.7916666666666666, "LR": 0.8166666666666667, "LRR": 0.8166666666666667, "LRL": 0.8166666666666667, "LRE": 0.8166666666666667, "LOG_R": 0.8166666666666667, "RF": 1.0, "SVM": 0.8166666666666667, "DNN": 0.8166666666666667}, "1 + 4": {"AB": 1.0, "AC": 0.5194805194805194, "DS": 0.5952380952380951, "DT": 0.8634920634920634, "GM": 0.5194805194805194, "GN": 1.0, "GB": 1.0, "KNN": 1.0, "KM": 0.380952380952381, "LR": 0.5952380952380951, "LRR": 0.5952380952380951, "LRL": 0.5952380952380951, "LRE": 0.5952380952380951, "LOG_R": 0.5952380952380951, "RF": 1.0, "SVM": 0.5952380952380951, "DNN": 0.28571428571428575}, "2 + 3": {"AB": 0.7411764705882353, "AC": 0.8, "DS": 0.8526315789473685, "DT": 1.0, "GM": 0.8526315789473685, "GN": 0.8526315789473685, "GB": 0.8526315789473685, "KNN": 0.8526315789473685, "KM": 0.8, "LR": 0.8526315789473685, "LRR": 0.8526315789473685, "LRL": 0.8526315789473685, "LRE": 0.8526315789473685, "LOG_R": 0.8526315789473685, "RF": 0.8526315789473685, "SVM": 0.8526315789473685, "DNN": 0.8526315789473685}, "2 + 4": {"AB": 0.851851851851852, "AC": 0.6666666666666669, "DS": 0.7575757575757575, "DT": 0.4166666666666667, "GM": 0.3333333333333334, "GN": 1.0, "GB": 0.7575757575757575, "KNN": 0.7575757575757575, "KM": 0.3333333333333334, "LR": 0.7575757575757575, "LRR": 0.7575757575757575, "LRL": 0.7575757575757575, "LRE": 0.7575757575757575, "LOG_R": 0.7575757575757575, "RF": 0.7575757575757575, "SVM": 0.7575757575757575, "DNN": 0.7575757575757575}, "3 + 4": {"AB": 1.0, "AC": 0.5555555555555555, "DS": 0.7575757575757575, "DT": 1.0, "GM": 0.7575757575757575, "GN": 0.7575757575757575, "GB": 1.0, "KNN": 0.7575757575757575, "KM": 0.5555555555555555, "LR": 0.7575757575757575, "LRR": 0.7575757575757575, "LRL": 0.7575757575757575, "LRE": 0.7575757575757575, "LOG_R": 0.7575757575757575, "RF": 0.7575757575757575, "SVM": 0.7575757575757575, "DNN": 0.7575757575757575}, "0 + 1 + 2": {"AB": 0.891025641025641, "AC": 0.75, "DS": 0.8166666666666667, "DT": 0.673076923076923, "GM": 0.75, "GN": 0.75, "GB": 0.8166666666666667, "KNN": 0.75, "KM": 0.25, "LR": 0.8166666666666667, "LRR": 0.8166666666666667, "LRL": 0.8166666666666667, "LRE": 0.8166666666666667, "LOG_R": 0.8166666666666667, "RF": 0.8166666666666667, "SVM": 0.8166666666666667, "DNN": 0.8166666666666667}, "0 + 1 + 3": {"AB": 1.0, "AC": 0.75, "DS": 0.8166666666666667, "DT": 1.0, "GM": 0.027777777777777776, "GN": 0.8166666666666667, "GB": 1.0, "KNN": 0.8166666666666667, "KM": 0.5666666666666667, "LR": 0.8166666666666667, "LRR": 0.8166666666666667, "LRL": 0.8166666666666667, "LRE": 0.8166666666666667, "LOG_R": 0.8166666666666667, "RF": 0.8166666666666667, "SVM": 0.8166666666666667, "DNN": 0.8166666666666667}, "0 + 1 + 4": {"AB": 0.8398268398268397, "AC": 0.5904761904761904, "DS": 0.5952380952380951, "DT": 0.7142857142857144, "GM": 0.126984126984127, "GN": 1.0, "GB": 0.8398268398268397, "KNN": 0.7142857142857144, "KM": 0.4523809523809524, "LR": 0.5904761904761904, "LRR": 0.5904761904761904, "LRL": 0.5904761904761904, "LRE": 0.5904761904761904, "LOG_R": 0.42857142857142855, "RF": 0.8398268398268397, "SVM": 0.5952380952380951, "DNN": 0.5952380952380951}, "0 + 2 + 3": {"AB": 1.0, "AC": 0.7411764705882353, "DS": 0.8526315789473685, "DT": 1.0, "GM": 0.8526315789473685, "GN": 0.8526315789473685, "GB": 1.0, "KNN": 0.8526315789473685, "KM": 0.34949494949494947, "LR": 0.8526315789473685, "LRR": 0.8526315789473685, "LRL": 0.8526315789473685, "LRE": 0.8526315789473685, "LOG_R": 0.8526315789473685, "RF": 0.8526315789473685, "SVM": 0.8526315789473685, "DNN": 0.8526315789473685}, "0 + 2 + 4": {"AB": 0.5428571428571429, "AC": 0.5428571428571429, "DS": 0.7575757575757575, "DT": 0.5428571428571429,