{"0": {"AB": 0.6882911664746675, "AC": 0.607161524174988, "DS": 0.33075256391737684, "DT": 0.710802271103955, "GM": 0.3344929898242755, "GN": 0.6023255813953489, "GB": 0.6744186046511628, "KNN": 0.6714940858059343, "KM": 0.607161524174988, "LR": 0.628114933616315, "LRR": 0.628114933616315, "LRL": 0.628114933616315, "LRE": 0.628114933616315, "LOG_R": 0.6394729202332826, "RF": 0.6744186046511628, "SVM": 0.6059608629788084, "DNN": 0.6414259898242903}, "1": {"AB": 0.7283758298609784, "AC": 0.3665208065208065, "DS": 0.3545638164855247, "DT": 0.7330992189528776, "GM": 0.31014751014751013, "GN": 0.6887266871475319, "GB": 0.7287758346581875, "KNN": 0.7081927328502671, "KM": 0.6219709385177011, "LR": 0.6970329180855497, "LRR": 0.6970329180855497, "LRL": 0.6970329180855497, "LRE": 0.6970329180855497, "LOG_R": 0.6794923274923275, "RF": 0.7273731792256956, "SVM": 0.708964808964809, "DNN": 0.6758196285422423}, "2": {"AB": 0.7357948010121923, "AC": 0.6381178460482136, "DS": 0.26323849041691366, "DT": 0.7089300027515583, "GM": 0.40851892087633535, "GN": 0.6930759693176538, "GB": 0.7574484339190223, "KNN": 0.6904761904761905, "KM": 0.19932284840541725, "LR": 0.7418655672080329, "LRR": 0.7418655672080329, "LRL": 0.7456479035426403, "LRE": 0.734717868338558, "LOG_R": 0.7509087604507453, "RF": 0.73192040853171, "SVM": 0.7504409171075838, "DNN": 0.6930759693176538}, "3": {"AB": 0.6915851272015655, "AC": 0.38181818181818195, "DS": 0.3850267379679144, "DT": 0.6905615292712066, "GM": 0.38181818181818195, "GN": 0.6622156973461322, "GB": 0.6441141905059431, "KNN": 0.6754650754650755, "KM": 0.40979190623966233, "LR": 0.6574902706289568, "LRR": 0.6574902706289568, "LRL": 0.6574902706289568, "LRE": 0.6574902706289568, "LOG_R": 0.6495285536381427, "RF": 0.6622156973461322, "SVM": 0.6751946011568949, "DNN": 0.6664726556378858}, "4": {"AB": 0.796727161053509, "AC": 0.4402928906910937, "DS": 0.3619585687382298, "DT": 0.717582998140406, "GM": 0.3619585687382298, "GN": 0.7123193675299734, "GB": 0.7710710032065964, "KNN": 0.6856568303267319, "KM": 0.29530151179660485, "LR": 0.7110357165489438, "LRR": 0.7110357165489438, "LRL": 0.7115332164426261, "LRE": 0.7110357165489438, "LOG_R": 0.7204394143576596, "RF": 0.761481683980317, "SVM": 0.7059875153095493, "DNN": 0.7085295040803516}, "0 + 1": {"AB": 0.7551294729487857, "AC": 0.33965601965601966, "DS": 0.3545638164855247, "DT": 0.8108660953405409, "GM": 0.3319554848966613, "GN": 0.6499361179361178, "GB": 0.766012607484395, "KNN": 0.7075817603049411, "KM": 0.652996502996503, "LR": 0.7333632038775667, "LRR": 0.7333632038775667, "LRL": 0.7281606025448388, "LRE": 0.7333632038775667, "LOG_R": 0.734204723736646, "RF": 0.7780933261596245, "SVM": 0.6800666050666051, "DNN": 0.7131631631631631}, "0 + 2": {"AB": 0.8203352769679301, "AC": 0.2599176422705834, "DS": 0.26323849041691366, "DT": 0.762922262922263, "GM": 0.25435771125426293, "GN": 0.7654805379242384, "GB": 0.8214709997743174, "KNN": 0.6961811794838051, "KM": 0.31209008197050603, "LR": 0.7762275768700044, "LRR": 0.7762275768700044, "LRL": 0.7692050983335387, "LRE": 0.7762275768700044, "LOG_R": 0.797806524184477, "RF": 0.8180863254392666, "SVM": 0.8034769463340892, "DNN": 0.7710613273134744}, "0 + 3": {"AB": 0.8035353535353537, "AC": 0.48325358851674644, "DS": 0.3850267379679144, "DT": 0.7186922993374607, "GM": 0.39368591473286557, "GN": 0.730814639905549, "GB": 0.7762237762237763, "KNN": 0.6881723470123409, "KM": 0.6065468231565394, "LR": 0.6996242691033592, "LRR": 0.6996242691033592, "LRL": 0.6927592954990215, "LRE": 0.6996242691033592, "LOG_R": 0.6998304881141469, "RF": 0.7762237762237763, "SVM": 0.7196228429105141, "DNN": 0.7346557552037003}, "0 + 4": {"AB": 0.779787648548607, "AC": 0.34227602905569005, "DS": 0.3619585687382298, "DT": 0.7285005013818573, "GM": 0.34630200308166414, "GN": 0.6754592816698471, "GB": 0.7713344336376425, "KNN": 0.7311504631695657, "KM": 0.3495575721844331, "LR": 0.6833827780546247, "LRR": 0.6833827780546247, "LRL": 0.6833827780546247, "LRE": 0.6833827780546247, "LOG_R": 0.6924499229583976, "RF": 0.7450270715630887, "SVM": 0.6713978112283199, "DNN": 0.6993714213441686}, "1 + 2": {"AB": 0.8051225558773449, "AC": 0.2849160662780734, "DS": 0.2799579721565537, "DT": 0.7840751701392004, "GM": 0.27918145679579826, "GN": 0.7819477758340497, "GB": 0.8507436843107719, "KNN": 0.763711814692207, "KM": 0.5977844017313644, "LR": 0.7316471097860846, "LRR": 0.7316471097860846, "LRL": 0.7422787335453551, "LRE": 0.7370091461168471, "LOG_R": 0.7984589929607112, "RF": 0.8507436843107719, "SVM": 0.7917533514432739, "DNN": 0.7772020596811218}, "1 + 3": {"AB": 0.7836421611256048, "AC": 0.40055096418732783, "DS": 0.3850267379679144, "DT": 0.7320344589436952, "GM": 0.40055096418732783, "GN": 0.7109238076125494, "GB": 0.7836628173668296, "KNN": 0.6487135506003431, "KM": 0.5704211930627026, "LR": 0.6929103016059538, "LRR": 0.6929103016059538, "LRL": 0.6929103016059538, "LRE": 0.6929103016059538, "LOG_R": 0.6650267379679146, "RF": 0.7268725405189088, "SVM": 0.6929103016059538, "DNN": 0.70427807486631}, "1 + 4": {"AB": 0.7373824801541651, "AC": 0.3723068083883942, "DS": 0.3619585687382298, "DT": 0.7960216572504709, "GM": 0.33761674939195013, "GN": 0.6852243270189431, "GB": 0.7176116669135841, "KNN": 0.6993219095920892, "KM": 0.6290631980028907, "LR": 0.686701434159061, "LRR": 0.686701434159061, "LRL": 0.686701434159061, "LRE": 0.686701434159061, "LOG_R": 0.6592595485433103, "RF": 0.7085295040803516, "SVM": 0.6993714213441686, "DNN": 0.6677367896311067}, "2 + 3": {"AB": 0.8115942028985508, "AC": 0.3263085456322171, "DS": 0.3660278865306683, "DT": 0.79658615136876, "GM": 0.35940642119131827, "GN": 0.8182214429354018, "GB": 0.8477538639318215, "KNN": 0.7690702560267778, "KM": 0.28048204158790174, "LR": 0.820089150271885, "LRR": 0.820089150271885, "LRL": 0.820089150271885, "LRE": 0.820089150271885, "LOG_R": 0.8187545999188351, "RF": 0.8479461042390105, "SVM": 0.8260869565217391, "DNN": 0.8260869565217391}, "2 + 4": {"AB": 0.7541132997404184, "AC": 0.2824500840209811, "DS": 0.3619585687382298, "DT": 0.7371555962742404, "GM": 0.3619585687382298, "GN": 0.7963763880771478, "GB": 0.7543962435367274, "KNN": 0.7217110573042776, "KM": 0.6217984171376943, "LR": 0.7620294136285422, "LRR": 0.7620294136285422, "LRL": 0.7620294136285422, "LRE": 0.7620294136285422, "LOG_R": 0.7459088252483927, "RF": 0.7459088252483927, "SVM": 0.7367783820654458, "DNN": 0.7620294136285422}, "3 + 4": {"AB": 0.9065978399411317, "AC": 0.3581100274595209, "DS": 0.3619585687382298, "DT": 0.8303128133636607, "GM": 0.3581100274595209, "GN": 0.8031838890609828, "GB": 0.8475452951490356, "KNN": 0.8269993332631504, "KM": 0.4700519039088696, "LR": 0.8282803762625168, "LRR": 0.8282803762625168, "LRL": 0.8282803762625168, "LRE": 0.8282803762625168, "LOG_R": 0.8220978091366926, "RF": 0.8047065415324274, "SVM": 0.8305084745762712, "DNN": 0.8300210097346729}, "0 + 1 + 2": {"AB": 0.8702854655850225, "AC": 0.2933628785480637, "DS": 0.2799579721565537, "DT": 0.9014612327545825, "GM": 0.4874763899154143, "GN": 0.8554135091993205, "GB": 0.8516460905349793, "KNN": 0.7901234567901234, "KM": 0.7505247025936262, "LR": 0.826861020961046, "LRR": 0.826861020961046, "LRL": 0.835395313681028, "LRE": 0.826861020961046, "LOG_R": 0.8567777869337909, "RF": 0.857931700402644, "SVM": 0.8510927076144467, "DNN": 0.8563720687177477}, "0 + 1 + 3": {"AB": 0.7904368358913814, "AC": 0.39368591473286557, "DS": 0.3850267379679144, "DT": 0.7696835908756438, "GM": 0.3251162992913352, "GN": 0.7324420677361855, "GB": 0.8045989304812834, "KNN": 0.7652859960552268, "KM": 0.6871794871794873, "LR": 0.7533510976451016, "LRR": 0.7533510976451016, "LRL": 0.7533510976451016, "LRE": 0.7533510976451016, "LOG_R": 0.7486212417719267, "RF": 0.7556759786975614, "SVM": 0.7476605586194627, "DNN": 0.7611900437987394}, "0 + 1 + 4": {"AB": 0.8389018170713086, "AC": 0.3764865805528011, "DS": 0.3619585687382298, "DT": 0.8390409747805293, "GM": 0.33761674939195013, "GN": 0.7176116669135841,