{"0": {"AB": 0.5792921130912239, "AC": 0.452673331884373, "DS": 0.34902503749855773, "DT": 0.6164876308064167, "GM": 0.34902503749855773, "GN": 0.6238727660272175, "GB": 0.6458132941300011, "KNN": 0.5519838417034679, "KM": 0.4491895411109945, "LR": 0.5500871574083797, "LRR": 0.5500871574083797, "LRL": 0.5279642171702433, "LRE": 0.5500871574083797, "LOG_R": 0.5500871574083797, "RF": 0.6391644073780485, "SVM": 0.5279642171702433, "DNN": 0.5762569925970589}, "1": {"AB": 0.622618925831202, "AC": 0.5675862068965517, "DS": 0.3222818791946308, "DT": 0.5589423076923076, "GM": 0.34450331125827816, "GN": 0.538692697659368, "GB": 0.5518918918918918, "KNN": 0.5763628874472249, "KM": 0.538692697659368, "LR": 0.5549492302653128, "LRR": 0.5549492302653128, "LRL": 0.5412307692307693, "LRE": 0.5549492302653128, "LOG_R": 0.6464925599757061, "RF": 0.538692697659368, "SVM": 0.588094253823894, "DNN": 0.6356168831168831}, "2": {"AB": 0.7717141420309638, "AC": 0.39340206185567006, "DS": 0.39817027377619985, "DT": 0.6664134563212155, "GM": 0.29451497845772123, "GN": 0.7943408642246107, "GB": 0.6275581138255255, "KNN": 0.6370041181381024, "KM": 0.2113556546546237, "LR": 0.7770770163735597, "LRR": 0.7770770163735597, "LRL": 0.7664288641778475, "LRE": 0.7770770163735597, "LOG_R": 0.7618056511361692, "RF": 0.7938144329896907, "SVM": 0.7832247511697387, "DNN": 0.7938144329896907}, "3": {"AB": 0.7017816943251906, "AC": 0.6376676986584107, "DS": 0.28861480075901325, "DT": 0.6455914960219121, "GM": 0.3800628648405927, "GN": 0.6583923903963784, "GB": 0.7021294539321105, "KNN": 0.6372217806041336, "KM": 0.25850443951165375, "LR": 0.6583923903963784, "LRR": 0.6583923903963784, "LRL": 0.6583923903963784, "LRE": 0.6583923903963784, "LOG_R": 0.7128067226890757, "RF": 0.6946778711484594, "SVM": 0.7054106548279689, "DNN": 0.5521697203471552}, "4": {"AB": 0.5291376172552154, "AC": 0.2450828956853053, "DS": 0.2501531549928528, "DT": 0.47219108994116, "GM": 0.23992521811383463, "GN": 0.5212227241353389, "GB": 0.5236500210411603, "KNN": 0.4241647440827138, "KM": 0.5003170577045022, "LR": 0.52947272962819, "LRR": 0.52947272962819, "LRL": 0.5377419923596826, "LRE": 0.52947272962819, "LOG_R": 0.52947272962819, "RF": 0.5236500210411603, "SVM": 0.4238020785431803, "DNN": 0.5236500210411603}, "0 + 1": {"AB": 0.6591810517864312, "AC": 0.29468531468531467, "DS": 0.3222818791946308, "DT": 0.6298889888988899, "GM": 0.3222818791946308, "GN": 0.6372458172458173, "GB": 0.7598076923076923, "KNN": 0.6705418719211823, "KM": 0.6121874999999999, "LR": 0.7782222222222223, "LRR": 0.7782222222222223, "LRL": 0.7463635438917708, "LRE": 0.7782222222222223, "LOG_R": 0.7165909090909091, "RF": 0.7484121383203953, "SVM": 0.7260726274031125, "DNN": 0.738743961352657}, "0 + 2": {"AB": 0.7219484967989077, "AC": 0.6661401651042791, "DS": 0.39817027377619985, "DT": 0.7410930990610533, "GM": 0.39817027377619985, "GN": 0.7522617294340417, "GB": 0.549005116474612, "KNN": 0.6536842605349422, "KM": 0.7249749149773126, "LR": 0.6759800055603152, "LRR": 0.6759800055603152, "LRL": 0.6759800055603152, "LRE": 0.6759800055603152, "LOG_R": 0.6872626153011394, "RF": 0.7312045342973178, "SVM": 0.6984178473397827, "DNN": 0.7634955569161523}, "0 + 3": {"AB": 0.6974436782393003, "AC": 0.26764705882352935, "DS": 0.28861480075901325, "DT": 0.7145258103241297, "GM": 0.28861480075901325, "GN": 0.7161653446425298, "GB": 0.7033901825099479, "KNN": 0.6551217955536646, "KM": 0.5095640602281968, "LR": 0.6993837535014005, "LRR": 0.6993837535014005, "LRL": 0.695396649225728, "LRE": 0.6993837535014005, "LOG_R": 0.7128067226890757, "RF": 0.7017816943251906, "SVM": 0.6974436782393003, "DNN": 0.7458526897210123}, "0 + 4": {"AB": 0.6047398384747782, "AC": 0.2450828956853053, "DS": 0.2501531549928528, "DT": 0.4729687982700031, "GM": 0.2450828956853053, "GN": 0.5129818828218986, "GB": 0.6044921720929988, "KNN": 0.46917516218721034, "KM": 0.4887623220153339, "LR": 0.5675650896268, "LRR": 0.5675650896268, "LRL": 0.5460413080895009, "LRE": 0.5675650896268, "LOG_R": 0.5882886384246664, "RF": 0.6385542168674698, "SVM": 0.45048913603130464, "DNN": 0.6077250177179305}, "1 + 2": {"AB": 0.7176589262187087, "AC": 0.36521739130434777, "DS": 0.3701819303114401, "DT": 0.7393774703557312, "GM": 0.32127190136275147, "GN": 0.782608695652174, "GB": 0.7608695652173914, "KNN": 0.7665177502991622, "KM": 0.36521739130434777, "LR": 0.775868786037089, "LRR": 0.775868786037089, "LRL": 0.7868988348283424, "LRE": 0.775868786037089, "LOG_R": 0.782608695652174, "RF": 0.7828142666255523, "SVM": 0.7828145586297758, "DNN": 0.8257580429643333}, "1 + 3": {"AB": 0.7405243396350701, "AC": 0.28350071736011473, "DS": 0.28861480075901325, "DT": 0.8236766956052138, "GM": 0.28350071736011473, "GN": 0.7700571954618682, "GB": 0.7812011517893871, "KNN": 0.7637276640146082, "KM": 0.28350071736011473, "LR": 0.7754007387056276, "LRR": 0.7754007387056276, "LRL": 0.7754007387056276, "LRE": 0.7754007387056276, "LOG_R": 0.7958674128282393, "RF": 0.7718518143374441, "SVM": 0.8071510957324105, "DNN": 0.8071510957324105}, "1 + 4": {"AB": 0.5267201778620589, "AC": 0.22933840625660537, "DS": 0.2501531549928528, "DT": 0.5903614457831325, "GM": 0.2501531549928528, "GN": 0.5675650896268, "GB": 0.5509909379716968, "KNN": 0.44465667548241755, "KM": 0.6083813514929282, "LR": 0.5236500210411603, "LRR": 0.5236500210411603, "LRL": 0.47596040983544485, "LRE": 0.5236500210411603, "LOG_R": 0.6367692994199018, "RF": 0.5643124719767425, "SVM": 0.624262567511425, "DNN": 0.6462433757066836}, "2 + 3": {"AB": 0.5833878732347252, "AC": 0.2902025630425796, "DS": 0.3065914130215682, "DT": 0.6569076603109502, "GM": 0.3065914130215682, "GN": 0.7655906590869633, "GB": 0.7927755480086448, "KNN": 0.6160459749309923, "KM": 0.8088798426881016, "LR": 0.8396146614805537, "LRR": 0.8396146614805537, "LRL": 0.8396146614805537, "LRE": 0.8396146614805537, "LOG_R": 0.8169366377945017, "RF": 0.7912785510513543, "SVM": 0.8039405258917454, "DNN": 0.8515234635629031}, "2 + 4": {"AB": 0.638124838124838, "AC": 0.44691556456262344, "DS": 0.2779668708872249, "DT": 0.5396785152882714, "GM": 0.2724358974358974, "GN": 0.7060394449557011, "GB": 0.7177442440600335, "KNN": 0.5286480960899567, "KM": 0.2668052668052668, "LR": 0.6792877492877493, "LRR": 0.6792877492877493, "LRL": 0.6792877492877493, "LRE": 0.6792877492877493, "LOG_R": 0.7024358974358974, "RF": 0.7060394449557011, "SVM": 0.665680473372781, "DNN": 0.6826923076923076}, "3 + 4": {"AB": 0.6737922020660114, "AC": 0.25016244314489927, "DS": 0.26074925500212853, "DT": 0.7045267489711934, "GM": 0.25016244314489927, "GN": 0.7272254710851201, "GB": 0.7606933532859459, "KNN": 0.6548479373682626, "KM": 0.25016244314489927, "LR": 0.740587853074953, "LRR": 0.740587853074953, "LRL": 0.725488433417236, "LRE": 0.740587853074953, "LOG_R": 0.7470330545599363, "RF": 0.7723297491039427, "SVM": 0.756091069952076, "DNN": 0.7606933532859459}, "0 + 1 + 2": {"AB": 0.695072463768116, "AC": 0.311371237458194, "DS": 0.3701819303114401, "DT": 0.6956521739130435, "GM": 0.29774557165861515, "GN": 0.747296494355318, "GB": 0.782197553705417, "KNN": 0.6915294167139941, "KM": 0.6953012448745891, "LR": 0.6521739130434783, "LRR": 0.6521739130434783, "LRL": 0.684521882979106, "LRE": 0.6521739130434783, "LOG_R": 0.7828145586297758, "RF": 0.782608695652174, "SVM": 0.8153265621708818, "DNN": 0.7604173090759585}, "0 + 1 + 3": {"AB": 0.764113036031882, "AC": 0.28350071736011473, "DS": 0.28861480075901325, "DT": 0.7983053241067647, "GM": 0.40592760180995485, "GN": 0.8014196359547404, "GB": 0.7367394957983193, "KNN": 0.6291825821237585, "KM": 0.7737967914438504, "LR": 0.7054106548279689, "LRR": 0.7054106548279689, "LRL": 0.7191036414565826, "LRE": 0.7054106548279689, "LOG_R": 0.7589388696655132, "RF": 0.7718518143374441, "SVM": 0.7718518143374441, "DNN": 0.7299597669256381}, "0 + 1 + 4": {"AB": 0.6322422041105599, "AC": 0.2450828956853053, "DS": 0.2501531549928528, "DT": 0.6480739784102488, "GM": 0.2450828956853053, "GN": 0.6083813514929282,