{"0": {"AB": 0.6806006493506492, "AC": 0.2976267559600893, "DS": 0.34330092983939137, "DT": 0.6600632737904883, "GM": 0.3234602224123182, "GN": 0.736991341991342, "GB": 0.6588545428282535, "KNN": 0.5820626003210273, "KM": 0.28296703296703296, "LR": 0.7232363526611315, "LRR": 0.7232363526611315, "LRL": 0.7232363526611315, "LRE": 0.7232363526611315, "LOG_R": 0.7232363526611315, "RF": 0.6588545428282535, "SVM": 0.7142857142857142, "DNN": 0.7050045586643113}, "1": {"AB": 0.6576968119713729, "AC": 0.32209373097991484, "DS": 0.34386792452830184, "DT": 0.565582713278903, "GM": 0.32290422737043234, "GN": 0.6287387776657545, "GB": 0.6353255787532662, "KNN": 0.5682788293877755, "KM": 0.2957107759834529, "LR": 0.6269527849168043, "LRR": 0.6269527849168043, "LRL": 0.6269527849168043, "LRE": 0.6269527849168043, "LOG_R": 0.6296823991589664, "RF": 0.6353255787532662, "SVM": 0.6269527849168043, "DNN": 0.6205246203405429}, "2": {"AB": 0.7013171225937184, "AC": 0.33556231003039516, "DS": 0.3452202577165118, "DT": 0.6791046948220159, "GM": 0.321580547112462, "GN": 0.6292031706299542, "GB": 0.6725768321513002, "KNN": 0.6822849376040866, "KM": 0.6200763376580974, "LR": 0.6673532234842425, "LRR": 0.6673532234842425, "LRL": 0.6673532234842425, "LRE": 0.6673532234842425, "LOG_R": 0.6725768321513002, "RF": 0.6725768321513002, "SVM": 0.6725768321513002, "DNN": 0.5792907801418441}, "3": {"AB": 0.6470427163198248, "AC": 0.3939205955334988, "DS": 0.34603554340396453, "DT": 0.6232943469785576, "GM": 0.34603554340396453, "GN": 0.49696024696024693, "GB": 0.5181543808304372, "KNN": 0.5848724957826948, "KM": 0.4811789772727273, "LR": 0.5212412133792518, "LRR": 0.5212412133792518, "LRL": 0.5091411187902416, "LRE": 0.5212412133792518, "LOG_R": 0.5212412133792518, "RF": 0.6014998410062538, "SVM": 0.34603554340396453, "DNN": 0.41917184564243387}, "4": {"AB": 0.6259301913536499, "AC": 0.6303269343358087, "DS": 0.2875634770486906, "DT": 0.562473670907406, "GM": 0.2875634770486906, "GN": 0.6748461736855681, "GB": 0.707487091222031, "KNN": 0.5751566815625028, "KM": 0.6537021100274112, "LR": 0.6854952276639024, "LRR": 0.6854952276639024, "LRL": 0.6854952276639024, "LRE": 0.6854952276639024, "LOG_R": 0.6854952276639024, "RF": 0.6749836058080272, "SVM": 0.6854952276639024, "DNN": 0.6748461736855681}, "0 + 1": {"AB": 0.7066341514314614, "AC": 0.3129855715871254, "DS": 0.34386792452830184, "DT": 0.6668809147264531, "GM": 0.3634321653189577, "GN": 0.7126945138090346, "GB": 0.7076439993360261, "KNN": 0.5957590784374884, "KM": 0.7750579050097592, "LR": 0.6931857165133324, "LRR": 0.6931857165133324, "LRL": 0.6931857165133324, "LRE": 0.6931857165133324, "LOG_R": 0.7263420409602741, "RF": 0.7420059582919563, "SVM": 0.6877073224915556, "DNN": 0.6935408147296367}, "0 + 2": {"AB": 0.6799826313504124, "AC": 0.3404255319148936, "DS": 0.3452202577165118, "DT": 0.6808510638297872, "GM": 0.3404255319148936, "GN": 0.6944050433412134, "GB": 0.6475416367838075, "KNN": 0.5472064269126968, "KM": 0.28845216826376485, "LR": 0.6681176424191037, "LRR": 0.6681176424191037, "LRL": 0.6681176424191037, "LRE": 0.6681176424191037, "LOG_R": 0.6464191540210514, "RF": 0.6488169634793918, "SVM": 0.6449664021774792, "DNN": 0.6363249516441005}, "0 + 3": {"AB": 0.5681818181818182, "AC": 0.3051465063861758, "DS": 0.34603554340396453, "DT": 0.6461249926162207, "GM": 0.32078417765440664, "GN": 0.6324644838729345, "GB": 0.6695804195804196, "KNN": 0.6282699812111577, "KM": 0.6677565124933547, "LR": 0.6363636363636364, "LRR": 0.6363636363636364, "LRL": 0.6475906446494683, "LRE": 0.6363636363636364, "LOG_R": 0.6475906446494683, "RF": 0.6768231768231768, "SVM": 0.6704971058903643, "DNN": 0.6874262101534829}, "0 + 4": {"AB": 0.6617586680446818, "AC": 0.6472689766510209, "DS": 0.2875634770486906, "DT": 0.6872033588901058, "GM": 0.3812123493975903, "GN": 0.6811061774107234, "GB": 0.6648877306637059, "KNN": 0.6089339815401958, "KM": 0.291890250075934, "LR": 0.6732613174749372, "LRR": 0.6732613174749372, "LRL": 0.6732613174749372, "LRE": 0.6732613174749372, "LOG_R": 0.6859187631843473, "RF": 0.6922561344427915, "SVM": 0.645486473009924, "DNN": 0.6831110154905335}, "1 + 2": {"AB": 0.723404255319149, "AC": 0.32562442183163737, "DS": 0.3452202577165118, "DT": 0.7446808510638298, "GM": 0.34473645573337247, "GN": 0.6845481393105175, "GB": 0.7444495837187789, "KNN": 0.6603735539905753, "KM": 0.2994720844664854, "LR": 0.7513043053673661, "LRR": 0.7513043053673661, "LRL": 0.7513043053673661, "LRE": 0.7513043053673661, "LOG_R": 0.7870413197656491, "RF": 0.7970694272391617, "SVM": 0.7964231492848478, "DNN": 0.73806146572104}, "1 + 3": {"AB": 0.6023240933159569, "AC": 0.33570437196391395, "DS": 0.34603554340396453, "DT": 0.6014998410062538, "GM": 0.34603554340396453, "GN": 0.6283253588516746, "GB": 0.5354066985645933, "KNN": 0.5756473256473256, "KM": 0.5065740045078889, "LR": 0.5844869416297989, "LRR": 0.5844869416297989, "LRL": 0.5818660287081339, "LRE": 0.5844869416297989, "LOG_R": 0.5548086775253508, "RF": 0.6124364765669114, "SVM": 0.5844869416297989, "DNN": 0.5787300934359757}, "1 + 4": {"AB": 0.5965880554940516, "AC": 0.27159485399224015, "DS": 0.2875634770486906, "DT": 0.6151302885962454, "GM": 0.3812123493975903, "GN": 0.7196029400621352, "GB": 0.7196029400621352, "KNN": 0.5094803238053064, "KM": 0.669784790266718, "LR": 0.7339522022516295, "LRR": 0.7339522022516295, "LRL": 0.7339522022516295, "LRE": 0.7339522022516295, "LOG_R": 0.7368503138768667, "RF": 0.7196029400621352, "SVM": 0.7339522022516295, "DNN": 0.7339522022516295}, "2 + 3": {"AB": 0.7157989069753775, "AC": 0.6099173553719008, "DS": 0.34603554340396453, "DT": 0.6677452457499438, "GM": 0.34603554340396453, "GN": 0.6663807890222985, "GB": 0.7374475751668735, "KNN": 0.5889166072701355, "KM": 0.6001985485416952, "LR": 0.7264257481648785, "LRR": 0.7264257481648785, "LRL": 0.7484431759211211, "LRE": 0.7153581712405243, "LOG_R": 0.7385350991511395, "RF": 0.7381284669469668, "SVM": 0.702705571543143, "DNN": 0.7244184387041531}, "2 + 4": {"AB": 0.7056364714560523, "AC": 0.2823293172690763, "DS": 0.2875634770486906, "DT": 0.6490584521027105, "GM": 0.2823293172690763, "GN": 0.606869034579878, "GB": 0.6366028144013874, "KNN": 0.6496889518859752, "KM": 0.24899598393574293, "LR": 0.6265060240963854, "LRR": 0.6265060240963854, "LRL": 0.6265060240963854, "LRE": 0.6265060240963854, "LOG_R": 0.6220739035546654, "RF": 0.6786783497626871, "SVM": 0.6220739035546654, "DNN": 0.6280213520007483}, "3 + 4": {"AB": 0.6910742159784306, "AC": 0.3262854534040974, "DS": 0.2996161427533977, "DT": 0.7157882787001562, "GM": 0.2996161427533977, "GN": 0.6394902429311031, "GB": 0.634887938475265, "KNN": 0.575566611387507, "KM": 0.6353425320745583, "LR": 0.5727545432138842, "LRR": 0.5727545432138842, "LRL": 0.5986482072615276, "LRE": 0.5727545432138842, "LOG_R": 0.5622381521306253, "RF": 0.6685720584530107, "SVM": 0.6137395459976106, "DNN": 0.5832486080852095}, "0 + 1 + 2": {"AB": 0.6548982931961654, "AC": 0.4298377864014155, "DS": 0.3452202577165118, "DT": 0.7446808510638298, "GM": 0.3670921985815602, "GN": 0.7338825787873939, "GB": 0.754347201394775, "KNN": 0.6779284545241991, "KM": 0.28285356695869834, "LR": 0.7638229957990124, "LRR": 0.7638229957990124, "LRL": 0.7740695286583958, "LRE": 0.7638229957990124, "LOG_R": 0.7757083143169684, "RF": 0.7525523409115764, "SVM": 0.7749940071043053, "DNN": 0.7843114332476033}, "0 + 1 + 3": {"AB": 0.7374512713611042, "AC": 0.3196022727272727, "DS": 0.34603554340396453, "DT": 0.7386701184647716, "GM": 0.34603554340396453, "GN": 0.731908190819082, "GB": 0.7364965443912812, "KNN": 0.6201298701298702, "KM": 0.6627550009902952, "LR": 0.6768231768231768, "LRR": 0.6768231768231768, "LRL": 0.7014678030303031, "LRE": 0.6768231768231768, "LOG_R": 0.7255743737321318, "RF": 0.7364965443912812, "SVM": 0.7014678030303031, "DNN": 0.7229912944198659}, "0 + 1 + 4": {"AB": 0.6699356817678603, "AC": 0.2770071884175357, "DS": 0.2875634770486906, "DT": 0.6746987951807228, "GM": 0.4330464716006885,