{"0": {"AB": 0.724496336232921, "AC": 0.6329445238231611, "DS": 0.33075256391737684, "DT": 0.6790558806703688, "GM": 0.33667356939209386, "GN": 0.6339654012452809, "GB": 0.7196562184024268, "KNN": 0.6461767441860465, "KM": 0.3383843637952031, "LR": 0.6599490473990047, "LRR": 0.6599490473990047, "LRL": 0.6444669634038405, "LRE": 0.6444669634038405, "LOG_R": 0.6708133834929321, "RF": 0.7196562184024268, "SVM": 0.6376521257459504, "DNN": 0.6839250548987111}, "1": {"AB": 0.6853799682034977, "AC": 0.4288746762029204, "DS": 0.3545638164855247, "DT": 0.7439931283833722, "GM": 0.352123552123552, "GN": 0.6771956537708946, "GB": 0.6863212087438891, "KNN": 0.7267617928487494, "KM": 0.6144509408999749, "LR": 0.6827172292518827, "LRR": 0.6827172292518827, "LRL": 0.6827172292518827, "LRE": 0.6827172292518827, "LOG_R": 0.6674215077283049, "RF": 0.7250257598351371, "SVM": 0.6766821458410243, "DNN": 0.6827172292518827}, "2": {"AB": 0.6773877009053967, "AC": 0.2530138637733575, "DS": 0.26323849041691366, "DT": 0.6812953366065642, "GM": 0.40851892087633535, "GN": 0.6644791786384706, "GB": 0.6773877009053967, "KNN": 0.6325270401148655, "KM": 0.25605560689294177, "LR": 0.6696453831097972, "LRR": 0.6696453831097972, "LRL": 0.6696453831097972, "LRE": 0.6696453831097972, "LOG_R": 0.6844358835942485, "RF": 0.6773877009053967, "SVM": 0.6844358835942485, "DNN": 0.562528295674363}, "3": {"AB": 0.6859321693758779, "AC": 0.38181818181818195, "DS": 0.3850267379679144, "DT": 0.6979559570863918, "GM": 0.2840909090909091, "GN": 0.7210059291473644, "GB": 0.6771050832639661, "KNN": 0.7072612921669525, "KM": 0.6922187981510015, "LR": 0.6997440124375109, "LRR": 0.6997440124375109, "LRL": 0.6997440124375109, "LRE": 0.6997440124375109, "LOG_R": 0.6997440124375109, "RF": 0.7128660041352631, "SVM": 0.706092616303884, "DNN": 0.7198647871116225}, "4": {"AB": 0.6479829957038084, "AC": 0.5195023902651021, "DS": 0.3619585687382298, "DT": 0.6526671511716376, "GM": 0.3619585687382298, "GN": 0.5919695178031796, "GB": 0.672918255393471, "KNN": 0.652138821630347, "KM": 0.5686461917505627, "LR": 0.6303821454889987, "LRR": 0.6303821454889987, "LRL": 0.6303821454889987, "LRE": 0.6303821454889987, "LOG_R": 0.6251434182966319, "RF": 0.6479829957038084, "SVM": 0.6145525340440595, "DNN": 0.6303821454889987}, "0 + 1": {"AB": 0.7881389961389963, "AC": 0.32346496665666147, "DS": 0.3545638164855247, "DT": 0.816173256004953, "GM": 0.3421856639247944, "GN": 0.6263732695450758, "GB": 0.7442463384131762, "KNN": 0.7802980912605944, "KM": 0.3191147775588003, "LR": 0.7051179285502422, "LRR": 0.7051179285502422, "LRL": 0.7051179285502422, "LRE": 0.7051179285502422, "LOG_R": 0.7131631631631631, "RF": 0.7611590972415714, "SVM": 0.6789038153639441, "DNN": 0.7051179285502422}, "0 + 2": {"AB": 0.748469387755102, "AC": 0.2556022408963586, "DS": 0.26323849041691366, "DT": 0.7445712269044287, "GM": 0.2556022408963586, "GN": 0.714612196954774, "GB": 0.7583159168795344, "KNN": 0.6878382034632035, "KM": 0.6880511463844797, "LR": 0.7091860103711701, "LRR": 0.7091860103711701, "LRL": 0.7254850088183422, "LRE": 0.7091860103711701, "LOG_R": 0.7591036414565826, "RF": 0.7647516386322357, "SVM": 0.7534548830352668, "DNN": 0.7387579682776109}, "0 + 3": {"AB": 0.8103444381705251, "AC": 0.41175048355899424, "DS": 0.3850267379679144, "DT": 0.7468230694037147, "GM": 0.33918387387435994, "GN": 0.726365104576821, "GB": 0.8252781446576077, "KNN": 0.6895464215051843, "KM": 0.35814203814203815, "LR": 0.7090138598958939, "LRR": 0.7090138598958939, "LRL": 0.7090138598958939, "LRE": 0.7090138598958939, "LOG_R": 0.7068689242602287, "RF": 0.8252781446576077, "SVM": 0.6982999870975206, "DNN": 0.7344216816047803}, "0 + 4": {"AB": 0.7882118089217489, "AC": 0.6100282485875705, "DS": 0.3619585687382298, "DT": 0.7436885148749555, "GM": 0.35028248587570615, "GN": 0.7526254389983204, "GB": 0.7796610169491526, "KNN": 0.704317998385795, "KM": 0.7085295040803516, "LR": 0.7118644067796611, "LRR": 0.7118644067796611, "LRL": 0.7118644067796611, "LRE": 0.7118644067796611, "LOG_R": 0.7120300019481786, "RF": 0.7877223635025717, "SVM": 0.7110357165489438, "DNN": 0.7185048098946404}, "1 + 2": {"AB": 0.8142415748049551, "AC": 0.27192422307364833, "DS": 0.2799579721565537, "DT": 0.808928186735793, "GM": 0.4675915560785964, "GN": 0.7889055175792221, "GB": 0.8085166396731284, "KNN": 0.6956718250349351, "KM": 0.6885243098964177, "LR": 0.7759272989110703, "LRR": 0.7759272989110703, "LRL": 0.7759272989110703, "LRE": 0.7759272989110703, "LOG_R": 0.8134296053884645, "RF": 0.8148148148148148, "SVM": 0.8189039127310732, "DNN": 0.8248795011298284}, "1 + 3": {"AB": 0.755075566807162, "AC": 0.40055096418732783, "DS": 0.3850267379679144, "DT": 0.7661651486942083, "GM": 0.31074977416440835, "GN": 0.7556759786975614, "GB": 0.7693671509480423, "KNN": 0.6754650754650755, "KM": 0.31729055258467026, "LR": 0.7297121483167995, "LRR": 0.7297121483167995, "LRL": 0.7338715477560416, "LRE": 0.7297121483167995, "LOG_R": 0.7541501976284586, "RF": 0.7693671509480423, "SVM": 0.7485242030696577, "DNN": 0.755605591518904}, "1 + 4": {"AB": 0.7960216572504709, "AC": 0.3340844518467718, "DS": 0.3619585687382298, "DT": 0.7518153620021751, "GM": 0.3619585687382298, "GN": 0.7044438822834976, "GB": 0.7417248255234297, "KNN": 0.685041369747515, "KM": 0.296350019708317, "LR": 0.7022161087067598, "LRR": 0.7022161087067598, "LRL": 0.7022161087067598, "LRE": 0.7022161087067598, "LOG_R": 0.6862830312481359, "RF": 0.7110306811048337, "SVM": 0.7095360383495976, "DNN": 0.7266221537407977}, "2 + 3": {"AB": 0.7741205733011358, "AC": 0.3316028552887736, "DS": 0.3660278865306683, "DT": 0.7031328701809252, "GM": 0.3660278865306683, "GN": 0.7781655265618203, "GB": 0.72892278164675, "KNN": 0.6643957135760414, "KM": 0.5455973758229294, "LR": 0.765912651782217, "LRR": 0.765912651782217, "LRL": 0.765912651782217, "LRE": 0.765912651782217, "LOG_R": 0.7604549970877447, "RF": 0.7741205733011358, "SVM": 0.7665521296253875, "DNN": 0.7589401787003983}, "2 + 4": {"AB": 0.8130231107081402, "AC": 0.34630200308166414, "DS": 0.3619585687382298, "DT": 0.7785097537575951, "GM": 0.3581100274595209, "GN": 0.7778804999143983, "GB": 0.8133450224040522, "KNN": 0.7470634754936385, "KM": 0.5771621034332899, "LR": 0.7515404896421845, "LRR": 0.7515404896421845, "LRL": 0.7576998911522314, "LRE": 0.7515404896421845, "LOG_R": 0.7790273126550749, "RF": 0.7790273126550749, "SVM": 0.760794384523198, "DNN": 0.7790273126550749}, "3 + 4": {"AB": 0.8556512071817489, "AC": 0.3542182441439726, "DS": 0.3619585687382298, "DT": 0.8047045744223663, "GM": 0.3619585687382298, "GN": 0.8303136567309566, "GB": 0.8559840300667892, "KNN": 0.7470634754936385, "KM": 0.28485688665907505, "LR": 0.7829894374846476, "LRR": 0.7829894374846476, "LRL": 0.7829894374846476, "LRE": 0.7829894374846476, "LOG_R": 0.7963753760363929, "RF": 0.8390409747805293, "SVM": 0.8049864101389526, "DNN": 0.7882116775436815}, "0 + 1 + 2": {"AB": 0.8189039127310732, "AC": 0.2905674307677169, "DS": 0.2799579721565537, "DT": 0.8082205632850199, "GM": 0.2976667694521534, "GN": 0.7597100182665659, "GB": 0.8258676316959003, "KNN": 0.7906365239698573, "KM": 0.25131224192257057, "LR": 0.7763640724919489, "LRR": 0.7763640724919489, "LRL": 0.7822280001352276, "LRE": 0.7763640724919489, "LOG_R": 0.7723568594104308, "RF": 0.8318695759657546, "SVM": 0.7840664136960432, "DNN": 0.7782080680411283}, "0 + 1 + 3": {"AB": 0.7557250206256829, "AC": 0.28432363691257667, "DS": 0.3850267379679144, "DT": 0.7822473178994919, "GM": 0.29927230477588207, "GN": 0.7552447552447552, "GB": 0.8044077134986226, "KNN": 0.7957866862550387, "KM": 0.27847754654983575, "LR": 0.7833448993754337, "LRR": 0.7833448993754337, "LRL": 0.7833448993754337, "LRE": 0.7833448993754337, "LOG_R": 0.7333694083694083, "RF": 0.8185031778904521, "SVM": 0.7836628173668296, "DNN": 0.7976007313755658}, "0 + 1 + 4": {"AB": 0.7872913896143923, "AC": 0.35028248587570615, "DS": 0.3619585687382298, "DT": 0.7710710032065964, "GM": 0.3382037794661991,