{"0": {"AB": 0.0, "AC": 0.0, "DS": 0.0, "DT": 0.0, "GM": 0.0, "GN": 0.0, "GB": 0.0, "KNN": 0.0, "KM": 0.0, "LR": 0.0, "LRR": 0.0, "LRL": 0.0, "LRE": 0.0, "LOG_R": 0.0, "RF": 0.0, "SVM": 0.0, "DNN": 0.0}, "1": {"AB": 0.0, "AC": 0.0, "DS": 0.0, "DT": 0.0, "GM": 0.0, "GN": 0.0, "GB": 0.0, "KNN": 0.0, "KM": 0.0, "LR": 0.0, "LRR": 0.0, "LRL": 0.0, "LRE": 0.0, "LOG_R": 0.0, "RF": 0.0, "SVM": 0.0, "DNN": 0.0}, "2": {"AB": 0.0, "AC": 0.0, "DS": 0.0, "DT": 0.0, "GM": 0.0, "GN": 0.0, "GB": 0.0, "KNN": 0.0, "KM": 0.0, "LR": 0.0, "LRR": 0.0, "LRL": 0.0, "LRE": 0.0, "LOG_R": 0.0, "RF": 0.0, "SVM": 0.0, "DNN": 0.0}, "3": {"AB": 0.0, "AC": 0.0, "DS": 0.0, "DT": 0.0, "GM": 0.0, "GN": 0.0, "GB": 0.0, "KNN": 0.0, "KM": 0.0, "LR": 0.0, "LRR": 0.0, "LRL": 0.0, "LRE": 0.0, "LOG_R": 0.0, "RF": 0.0, "SVM": 0.0, "DNN": 0.0}, "4": {"AB": 0.0, "AC": 0.0, "DS": 0.0, "DT": 0.0, "GM": 0.0, "GN": 0.0, "GB": 0.0, "KNN": 0.0, "KM": 0.0, "LR": 0.0, "LRR": 0.0, "LRL": 0.0, "LRE": 0.0, "LOG_R": 0.0, "RF": 0.0, "SVM": 0.0, "DNN": 0.0}, "0 + 1": {"AB": 0.0, "AC": 0.0, "DS": 0.0, "DT": 0.0, "GM": 0.0, "GN": 0.0, "GB": 0.0, "KNN": 0.0, "KM": 0.0, "LR": 0.0, "LRR": 0.0, "LRL": 0.0, "LRE": 0.0, "LOG_R": 0.0, "RF": 0.0, "SVM": 0.0, "DNN": 0.0}, "0 + 2": {"AB": 0.0663374548737152, "AC": 0.0663374548737152, "DS": 0.0663374548737152, "DT": 0.0663374548737152, "GM": 0.0663374548737152, "GN": 0.0663374548737152, "GB": 0.0663374548737152, "KNN": 0.0663374548737152, "KM": 0.0663374548737152, "LR": 0.0663374548737152, "LRR": 0.0663374548737152, "LRL": 0.0663374548737152, "LRE": 0.0663374548737152, "LOG_R": 0.0663374548737152, "RF": 0.0663374548737152, "SVM": 0.0663374548737152, "DNN": 0.0663374548737152}, "0 + 3": {"AB": 0.0663374548737152, "AC": 0.0663374548737152, "DS": 0.0663374548737152, "DT": 0.0663374548737152, "GM": 0.0663374548737152, "GN": 0.0663374548737152, "GB": 0.0663374548737152, "KNN": 0.0663374548737152, "KM": 0.0663374548737152, "LR": 0.0663374548737152, "LRR": 0.0663374548737152, "LRL": 0.0663374548737152, "LRE": 0.0663374548737152, "LOG_R": 0.0663374548737152, "RF": 0.0663374548737152, "SVM": 0.0663374548737152, "DNN": 0.0663374548737152}, "0 + 4": {"AB": 0.07410281834949956, "AC": 0.07410281834949956, "DS": 0.07410281834949956, "DT": 0.07410281834949956, "GM": 0.07410281834949956, "GN": 0.07410281834949956, "GB": 0.07410281834949956, "KNN": 0.07410281834949956, "KM": 0.07410281834949956, "LR": 0.07410281834949956, "LRR": 0.07410281834949956, "LRL": 0.07410281834949956, "LRE": 0.07410281834949956, "LOG_R": 0.07410281834949956, "RF": 0.07410281834949956, "SVM": 0.07410281834949956, "DNN": 0.07410281834949956}, "1 + 2": {"AB": 0.0663374548737152, "AC": 0.0663374548737152, "DS": 0.0663374548737152, "DT": 0.0663374548737152, "GM": 0.0663374548737152, "GN": 0.0663374548737152, "GB": 0.0663374548737152, "KNN": 0.0663374548737152, "KM": 0.0663374548737152, "LR": 0.0663374548737152, "LRR": 0.0663374548737152, "LRL": 0.0663374548737152, "LRE": 0.0663374548737152, "LOG_R": 0.0663374548737152, "RF": 0.0663374548737152, "SVM": 0.0663374548737152, "DNN": 0.0663374548737152}, "1 + 3": {"AB": 0.0663374548737152, "AC": 0.0663374548737152, "DS": 0.0663374548737152, "DT": 0.0663374548737152, "GM": 0.0663374548737152, "GN": 0.0663374548737152, "GB": 0.0663374548737152, "KNN": 0.0663374548737152, "KM": 0.0663374548737152, "LR": 0.0663374548737152, "LRR": 0.0663374548737152, "LRL": 0.0663374548737152, "LRE": 0.0663374548737152, "LOG_R": 0.0663374548737152, "RF": 0.0663374548737152, "SVM": 0.0663374548737152, "DNN": 0.0663374548737152}, "1 + 4": {"AB": 0.07410281834949956, "AC": 0.07410281834949956, "DS": 0.07410281834949956, "DT": 0.07410281834949956, "GM": 0.07410281834949956, "GN": 0.07410281834949956, "GB": 0.07410281834949956, "KNN": 0.07410281834949956, "KM": 0.07410281834949956, "LR": 0.07410281834949956, "LRR": 0.07410281834949956, "LRL": 0.07410281834949956, "LRE": 0.07410281834949956, "LOG_R": 0.07410281834949956, "RF": 0.07410281834949956, "SVM": 0.07410281834949956, "DNN": 0.07410281834949956}, "2 + 3": {"AB": 0.0, "AC": 0.0, "DS": 0.0, "DT": 0.0, "GM": 0.0, "GN": 0.0, "GB": 0.0, "KNN": 0.0, "KM": 0.0, "LR": 0.0, "LRR": 0.0, "LRL": 0.0, "LRE": 0.0, "LOG_R": 0.0, "RF": 0.0, "SVM": 0.0, "DNN": 0.0}, "2 + 4": {"AB": 0.0654159232934671, "AC": 0.0654159232934671, "DS": 0.0654159232934671, "DT": 0.0654159232934671, "GM": 0.0654159232934671, "GN": 0.0654159232934671, "GB": 0.0654159232934671, "KNN": 0.0654159232934671, "KM": 0.0654159232934671, "LR": 0.0654159232934671, "LRR": 0.0654159232934671, "LRL": 0.0654159232934671, "LRE": 0.0654159232934671, "LOG_R": 0.0654159232934671, "RF": 0.0654159232934671, "SVM": 0.0654159232934671, "DNN": 0.0654159232934671}, "3 + 4": {"AB": 0.0654159232934671, "AC": 0.0654159232934671, "DS": 0.0654159232934671, "DT": 0.0654159232934671, "GM": 0.0654159232934671, "GN": 0.0654159232934671, "GB": 0.0654159232934671, "KNN": 0.0654159232934671, "KM": 0.0654159232934671, "LR": 0.0654159232934671, "LRR": 0.0654159232934671, "LRL": 0.0654159232934671, "LRE": 0.0654159232934671, "LOG_R": 0.0654159232934671, "RF": 0.0654159232934671, "SVM": 0.0654159232934671, "DNN": 0.0654159232934671}, "0 + 1 + 2": {"AB": 0.0663374548737152, "AC": 0.0663374548737152, "DS": 0.0663374548737152, "DT": 0.0663374548737152, "GM": 0.0663374548737152, "GN": 0.0663374548737152, "GB": 0.0663374548737152, "KNN": 0.0663374548737152, "KM": 0.0663374548737152, "LR": 0.0663374548737152, "LRR": 0.0663374548737152, "LRL": 0.0663374548737152, "LRE": 0.0663374548737152, "LOG_R": 0.0663374548737152, "RF": 0.0663374548737152, "SVM": 0.0663374548737152, "DNN": 0.0663374548737152}, "0 + 1 + 3": {"AB": 0.0663374548737152, "AC": 0.0663374548737152, "DS": 0.0663374548737152, "DT": 0.0663374548737152, "GM": 0.0663374548737152, "GN": 0.0663374548737152, "GB": 0.0663374548737152, "KNN": 0.0663374548737152, "KM": 0.0663374548737152, "LR": 0.0663374548737152, "LRR": 0.0663374548737152, "LRL": 0.0663374548737152, "LRE": 0.0663374548737152, "LOG_R": 0.0663374548737152, "RF": 0.0663374548737152, "SVM": 0.0663374548737152, "DNN": 0.0663374548737152}, "0 + 1 + 4": {"AB": 0.07410281834949956, "AC": 0.07410281834949956, "DS": 0.07410281834949956, "DT": 0.07410281834949956, "GM": 0.07410281834949956, "GN": 0.07410281834949956, "GB": 0.07410281834949956, "KNN": 0.07410281834949956, "KM": 0.07410281834949956, "LR": 0.07410281834949956, "LRR": 0.07410281834949956, "LRL": 0.07410281834949956, "LRE": 0.07410281834949956, "LOG_R": 0.07410281834949956, "RF": 0.07410281834949956, "SVM": 0.07410281834949956, "DNN": 0.07410281834949956}, "0 + 2 + 3": {"AB": 0.0331687274368576, "AC": 0.0331687274368576, "DS": 0.0331687274368576, "DT": 0.0331687274368576, "GM": 0.0331687274368576, "GN": 0.0331687274368576, "GB": 0.0331687274368576, "KNN": 0.0331687274368576, "KM": 0.0331687274368576, "LR": 0.0331687274368576, "LRR": 0.0331687274368576, "LRL": 0.0331687274368576, "LRE": 0.0331687274368576, "LOG_R": 0.0331687274368576, "RF": 0.0331687274368576, "SVM": 0.0331687274368576, "DNN": 0.0331687274368576}, "0 + 2 + 4": {"AB": 0.08417201077590401, "AC": 0.08417201077590401, "DS": 0.08417201077590401, "DT": 0.08417201077590401, "GM": 0.08417201077590401, "GN": 0.08417201077590401, "GB": 0.08417201077590401, "KNN": 0.08417201077590401, "KM": 0.08417201077590401, "LR": 0.08417201077590401, "LRR": 0.08417201077590401, "LRL": 0.08417201077590401, "LRE": 0.08417201077590401, "LOG_R": 0.08417201077590401, "RF": 0.08417201077590401, "SVM": 0.08417201077590401, "DNN": 0.08417201077590401}, "0 + 3 + 4": {"AB": 0.08417201077590401, "AC": 0.08417201077590401, "DS": 0.08417201077590401, "DT": 0.08417201077590401, "GM": 0.08417201077590401, "GN": 0.08417201077590401, "GB": 0.08417201077590401, "KNN": 0.08417201077590401, "KM": 0.08417201077590401, "LR": 0.08417201077590401, "LRR": 0.08417201077590401, "LRL": 0.08417201077590401, "LRE": 0.08417201077590401, "LOG_R": 0.08417201077590401, "RF": 0.08417201077590401, "SVM": 0.08417201077590401,