{"0": {"AB": 0.7828282828282828, "AC": 0.5656565656565656, "DS": 0.6124401913875599, "DT": 0.7828282828282828, "GM": 0.6124401913875599, "GN": 0.6124401913875599, "GB": 0.7828282828282828, "KNN": 0.6124401913875599, "KM": 0.3116883116883117, "LR": 0.5656565656565656, "LRR": 0.6124401913875599, "LRL": 0.6124401913875599, "LRE": 0.6124401913875599, "LOG_R": 0.5656565656565656, "RF": 0.7828282828282828, "SVM": 0.6124401913875599, "DNN": 0.6124401913875599}, "1": {"AB": 0.4666666666666666, "AC": 0.2, "DS": 0.5764705882352941, "DT": 0.4666666666666666, "GM": 0.5764705882352941, "GN": 0.5764705882352941, "GB": 0.5764705882352941, "KNN": 0.5764705882352941, "KM": 0.2, "LR": 0.5764705882352941, "LRR": 0.5764705882352941, "LRL": 0.5764705882352941, "LRE": 0.5764705882352941, "LOG_R": 0.5764705882352941, "RF": 0.5764705882352941, "SVM": 0.5764705882352941, "DNN": 0.5764705882352941}, "2": {"AB": 0.3888888888888889, "AC": 0.4786324786324786, "DS": 0.6805555555555557, "DT": 0.3888888888888889, "GM": 0.6805555555555557, "GN": 0.6805555555555557, "GB": 0.6222222222222222, "KNN": 0.6805555555555557, "KM": 0.4786324786324786, "LR": 0.6805555555555557, "LRR": 0.6805555555555557, "LRL": 0.6805555555555557, "LRE": 0.6805555555555557, "LOG_R": 0.6805555555555557, "RF": 0.6222222222222222, "SVM": 0.6805555555555557, "DNN": 0.6222222222222222}, "3": {"AB": 0.8862745098039216, "AC": 0.26666666666666666, "DS": 0.7111111111111111, "DT": 0.8862745098039216, "GM": 0.06666666666666668, "GN": 0.7111111111111111, "GB": 0.8862745098039216, "KNN": 0.8862745098039216, "KM": 0.26666666666666666, "LR": 0.7111111111111111, "LRR": 0.7111111111111111, "LRL": 0.7111111111111111, "LRE": 0.7111111111111111, "LOG_R": 0.7111111111111111, "RF": 0.8862745098039216, "SVM": 0.7111111111111111, "DNN": 0.7111111111111111}, "4": {"AB": 0.8398268398268397, "AC": 0.7142857142857144, "DS": 0.5952380952380951, "DT": 0.8398268398268397, "GM": 0.126984126984127, "GN": 0.5194805194805194, "GB": 0.5952380952380951, "KNN": 0.5952380952380951, "KM": 0.5904761904761904, "LR": 0.5952380952380951, "LRR": 0.5952380952380951, "LRL": 0.5952380952380951, "LRE": 0.5952380952380951, "LOG_R": 0.5952380952380951, "RF": 0.5952380952380951, "SVM": 0.5952380952380951, "DNN": 0.5952380952380951}, "0 + 1": {"AB": 0.5764705882352941, "AC": 0.7098901098901098, "DS": 0.5764705882352941, "DT": 0.9032967032967033, "GM": 0.13846153846153847, "GN": 0.8933333333333333, "GB": 0.8933333333333333, "KNN": 0.7625000000000001, "KM": 0.32121212121212117, "LR": 0.7625000000000001, "LRR": 0.7625000000000001, "LRL": 0.7625000000000001, "LRE": 0.7625000000000001, "LOG_R": 0.7625000000000001, "RF": 0.8933333333333333, "SVM": 0.5764705882352941, "DNN": 0.5764705882352941}, "0 + 2": {"AB": 1.0, "AC": 0.5555555555555556, "DS": 0.6805555555555557, "DT": 1.0, "GM": 0.6805555555555557, "GN": 0.874074074074074, "GB": 0.6805555555555557, "KNN": 0.6222222222222222, "KM": 0.5555555555555556, "LR": 0.6805555555555557, "LRR": 0.6805555555555557, "LRL": 0.6805555555555557, "LRE": 0.6805555555555557, "LOG_R": 0.6805555555555557, "RF": 0.874074074074074, "SVM": 0.6805555555555557, "DNN": 0.6805555555555557}, "0 + 3": {"AB": 0.8862745098039216, "AC": 0.9066666666666666, "DS": 0.7111111111111111, "DT": 0.8862745098039216, "GM": 0.06666666666666668, "GN": 0.7111111111111111, "GB": 0.8862745098039216, "KNN": 0.8862745098039216, "KM": 0.14545454545454545, "LR": 0.8862745098039216, "LRR": 0.7111111111111111, "LRL": 0.7111111111111111, "LRE": 0.7111111111111111, "LOG_R": 0.7111111111111111, "RF": 0.8862745098039216, "SVM": 0.7111111111111111, "DNN": 0.7111111111111111}, "0 + 4": {"AB": 0.5952380952380951, "AC": 0.42857142857142855, "DS": 0.5952380952380951, "DT": 0.5952380952380951, "GM": 0.5952380952380951, "GN": 0.8398268398268397, "GB": 0.5952380952380951, "KNN": 0.5952380952380951, "KM": 0.5714285714285715, "LR": 0.5194805194805194, "LRR": 0.5194805194805194, "LRL": 0.5194805194805194, "LRE": 0.5194805194805194, "LOG_R": 0.5194805194805194, "RF": 0.5952380952380951, "SVM": 0.42857142857142855, "DNN": 0.8398268398268397}, "1 + 2": {"AB": 0.5555555555555556, "AC": 0.5777777777777778, "DS": 0.6805555555555557, "DT": 0.5555555555555556, "GM": 0.6805555555555557, "GN": 0.6222222222222222, "GB": 0.5555555555555556, "KNN": 0.5555555555555556, "KM": 0.4444444444444444, "LR": 0.6222222222222222, "LRR": 0.6222222222222222, "LRL": 0.6222222222222222, "LRE": 0.6222222222222222, "LOG_R": 0.6222222222222222, "RF": 0.5555555555555556, "SVM": 0.6222222222222222, "DNN": 0.6222222222222222}, "1 + 3": {"AB": 0.6805555555555557, "AC": 0.3888888888888889, "DS": 0.6805555555555557, "DT": 0.6805555555555557, "GM": 0.0808080808080808, "GN": 0.6805555555555557, "GB": 0.6805555555555557, "KNN": 0.6805555555555557, "KM": 0.3666666666666667, "LR": 0.6805555555555557, "LRR": 0.6805555555555557, "LRL": 0.6805555555555557, "LRE": 0.6805555555555557, "LOG_R": 0.6805555555555557, "RF": 0.6805555555555557, "SVM": 0.6805555555555557, "DNN": 0.6805555555555557}, "1 + 4": {"AB": 0.7142857142857144, "AC": 0.42857142857142855, "DS": 0.5952380952380951, "DT": 0.8398268398268397, "GM": 0.126984126984127, "GN": 0.5904761904761904, "GB": 0.5194805194805194, "KNN": 0.5952380952380951, "KM": 0.4523809523809524, "LR": 0.5904761904761904, "LRR": 0.5904761904761904, "LRL": 0.5904761904761904, "LRE": 0.5904761904761904, "LOG_R": 0.5904761904761904, "RF": 0.7142857142857144, "SVM": 0.5904761904761904, "DNN": 0.5952380952380951}, "2 + 3": {"AB": 0.6805555555555557, "AC": 0.7777777777777778, "DS": 0.6805555555555557, "DT": 0.6805555555555557, "GM": 0.6805555555555557, "GN": 0.874074074074074, "GB": 0.6805555555555557, "KNN": 0.6805555555555557, "KM": 0.2222222222222222, "LR": 0.6805555555555557, "LRR": 0.6805555555555557, "LRL": 0.6805555555555557, "LRE": 0.6805555555555557, "LOG_R": 0.6805555555555557, "RF": 0.6805555555555557, "SVM": 0.6805555555555557, "DNN": 0.6805555555555557}, "2 + 4": {"AB": 0.5952380952380951, "AC": 0.5194805194805194, "DS": 0.5952380952380951, "DT": 0.5952380952380951, "GM": 0.5952380952380951, "GN": 0.7142857142857144, "GB": 0.5952380952380951, "KNN": 0.8398268398268397, "KM": 0.5194805194805194, "LR": 0.5952380952380951, "LRR": 0.5952380952380951, "LRL": 0.5952380952380951, "LRE": 0.5952380952380951, "LOG_R": 0.5952380952380951, "RF": 0.5952380952380951, "SVM": 0.5952380952380951, "DNN": 0.7142857142857144}, "3 + 4": {"AB": 0.8398268398268397, "AC": 0.5904761904761904, "DS": 0.5952380952380951, "DT": 0.7142857142857144, "GM": 0.5952380952380951, "GN": 0.5194805194805194, "GB": 0.8398268398268397, "KNN": 0.8398268398268397, "KM": 0.4523809523809524, "LR": 0.8398268398268397, "LRR": 0.8398268398268397, "LRL": 0.8398268398268397, "LRE": 0.8398268398268397, "LOG_R": 0.8398268398268397, "RF": 0.8398268398268397, "SVM": 0.8398268398268397, "DNN": 0.8398268398268397}, "0 + 1 + 2": {"AB": 0.8957264957264957, "AC": 0.5555555555555556, "DS": 0.6805555555555557, "DT": 0.6222222222222222, "GM": 0.0808080808080808, "GN": 0.7777777777777778, "GB": 0.6222222222222222, "KNN": 0.6222222222222222, "KM": 0.5555555555555556, "LR": 0.6222222222222222, "LRR": 0.6222222222222222, "LRL": 0.6222222222222222, "LRE": 0.6222222222222222, "LOG_R": 0.6222222222222222, "RF": 0.6222222222222222, "SVM": 0.6222222222222222, "DNN": 0.6805555555555557}, "0 + 1 + 3": {"AB": 0.7777777777777778, "AC": 0.5555555555555556, "DS": 0.6805555555555557, "DT": 0.874074074074074, "GM": 0.0808080808080808, "GN": 0.874074074074074, "GB": 0.874074074074074, "KNN": 0.874074074074074, "KM": 0.4444444444444444, "LR": 0.874074074074074, "LRR": 0.874074074074074, "LRL": 0.6805555555555557, "LRE": 0.874074074074074, "LOG_R": 0.6805555555555557, "RF": 0.874074074074074, "SVM": 0.6805555555555557, "DNN": 0.7777777777777778}, "0 + 1 + 4": {"AB": 0.8634920634920634, "AC": 0.3174603174603175, "DS": 0.5952380952380951, "DT": 0.8398268398268397, "GM": 0.126984126984127, "GN": 0.8398268398268397, "GB": 0.5952380952380951,