{"0": {"AB": 0.8627173641733922, "AC": 0.9089705395564383, "DS": 0.3333333333333333, "DT": 0.8725587553790135, "GM": 0.32098765432098764, "GN": 0.9089705395564383, "GB": 0.9089705395564383, "KNN": 0.89, "KM": 0.9083333333333332, "LR": 0.8930335547606881, "LRR": 0.8930335547606881, "LRL": 0.8930335547606881, "LRE": 0.8930335547606881, "LOG_R": 0.9181750557897347, "RF": 0.9181209163840874, "SVM": 0.9089705395564383, "DNN": 0.9089705395564383}, "1": {"AB": 0.7613834330374792, "AC": 0.3557951482479785, "DS": 0.36011904761904767, "DT": 0.6910052910052911, "GM": 0.3557951482479785, "GN": 0.5593348450491308, "GB": 0.6952380952380952, "KNN": 0.6133617626154939, "KM": 0.3488198107208319, "LR": 0.6291486291486291, "LRR": 0.6291486291486291, "LRL": 0.639309742245522, "LRE": 0.6291486291486291, "LOG_R": 0.6666666666666666, "RF": 0.6572672610408459, "SVM": 0.6572672610408459, "DNN": 0.6339285714285714}, "2": {"AB": 0.7127018063341013, "AC": 0.25484287559190705, "DS": 0.3061997474915277, "DT": 0.6591750479395766, "GM": 0.3061997474915277, "GN": 0.6696066628995406, "GB": 0.6915499984806915, "KNN": 0.5272193165596275, "KM": 0.5661883007075154, "LR": 0.6902562464683193, "LRR": 0.6902562464683193, "LRL": 0.6785279670824225, "LRE": 0.6902562464683193, "LOG_R": 0.6968570949104597, "RF": 0.659876513967186, "SVM": 0.7053870082954241, "DNN": 0.6766475679044902}, "3": {"AB": 0.6105006105006106, "AC": 0.30606430606430607, "DS": 0.2735042735042735, "DT": 0.6011904761904763, "GM": 0.39682539682539686, "GN": 0.6148148148148149, "GB": 0.634106634106634, "KNN": 0.5366621682411157, "KM": 0.6148148148148149, "LR": 0.634106634106634, "LRR": 0.634106634106634, "LRL": 0.634106634106634, "LRE": 0.634106634106634, "LOG_R": 0.634106634106634, "RF": 0.6285663654084707, "SVM": 0.6148148148148149, "DNN": 0.6808080808080809}, "4": {"AB": 0.6439844944699313, "AC": 0.2401820131582761, "DS": 0.2818110850897736, "DT": 0.6075326516148627, "GM": 0.2818110850897736, "GN": 0.6615815623016481, "GB": 0.6827124567755884, "KNN": 0.6304563492063492, "KM": 0.3941524270069286, "LR": 0.646956166832035, "LRR": 0.646956166832035, "LRL": 0.6157218442932729, "LRE": 0.646956166832035, "LOG_R": 0.646956166832035, "RF": 0.695651867958651, "SVM": 0.636513529879548, "DNN": 0.646956166832035}, "0 + 1": {"AB": 0.9047619047619048, "AC": 0.8358722894192001, "DS": 0.36011904761904767, "DT": 0.885755753680282, "GM": 0.3142857142857143, "GN": 0.9143168576359602, "GB": 0.8952380952380953, "KNN": 0.913893429225237, "KM": 0.15026455026455027, "LR": 0.885116663487825, "LRR": 0.885116663487825, "LRL": 0.885116663487825, "LRE": 0.885116663487825, "LOG_R": 0.9143323784463426, "RF": 0.9333696276804888, "SVM": 0.904813777362797, "DNN": 0.9047100698044092}, "0 + 2": {"AB": 0.9505241786314552, "AC": 0.890179442524147, "DS": 0.3061997474915277, "DT": 0.8610597323468611, "GM": 0.36119326218336123, "GN": 0.8613861386138614, "GB": 0.9003418198962754, "KNN": 0.9007569516763294, "KM": 0.10453250513730619, "LR": 0.8785793246801146, "LRR": 0.8785793246801146, "LRL": 0.8846311658192846, "LRE": 0.8785793246801146, "LOG_R": 0.9008535605333583, "RF": 0.9008535605333583, "SVM": 0.8910248230922453, "DNN": 0.900637889875944}, "0 + 3": {"AB": 0.8766137566137565, "AC": 0.22773186409550045, "DS": 0.2735042735042735, "DT": 0.854179894179894, "GM": 0.2638888888888889, "GN": 0.9104813315339632, "GB": 0.9112880924727617, "KNN": 0.7994071146245059, "KM": 0.9214814814814816, "LR": 0.9039316239316239, "LRR": 0.9039316239316239, "LRL": 0.9039316239316239, "LRE": 0.9039316239316239, "LOG_R": 0.8998621381125456, "RF": 0.9001122334455668, "SVM": 0.9104813315339632, "DNN": 0.9214814814814816}, "0 + 4": {"AB": 0.7973608720596674, "AC": 0.27142857142857146, "DS": 0.2818110850897736, "DT": 0.8450406668691572, "GM": 0.27142857142857146, "GN": 0.8811558811558813, "GB": 0.8455682657076485, "KNN": 0.8212007694644121, "KM": 0.8923473066227212, "LR": 0.8788376154704037, "LRR": 0.8905634357762018, "LRL": 0.8858720471623698, "LRE": 0.8905634357762018, "LOG_R": 0.8693269940603179, "RF": 0.8455682657076485, "SVM": 0.8693269940603179, "DNN": 0.8693269940603179}, "1 + 2": {"AB": 0.7346938775510204, "AC": 0.3175228712174525, "DS": 0.32205759015935137, "DT": 0.7743840010920757, "GM": 0.3175228712174525, "GN": 0.6303766556931114, "GB": 0.6803711044683611, "KNN": 0.7507529015834664, "KM": 0.27886190972739466, "LR": 0.6517270346395216, "LRR": 0.6517270346395216, "LRL": 0.6517270346395216, "LRE": 0.6517270346395216, "LOG_R": 0.7135690396559962, "RF": 0.712848158131177, "SVM": 0.7009923235349186, "DNN": 0.6606976558550408}, "1 + 3": {"AB": 0.7195767195767195, "AC": 0.2638888888888889, "DS": 0.2735042735042735, "DT": 0.7119687723349277, "GM": 0.2735042735042735, "GN": 0.690951821386604, "GB": 0.7116820377689943, "KNN": 0.5928322548531608, "KM": 0.2818263607737292, "LR": 0.7538236617183985, "LRR": 0.7538236617183985, "LRL": 0.7538236617183985, "LRE": 0.7538236617183985, "LOG_R": 0.7451110283056627, "RF": 0.7007786429365961, "SVM": 0.7451110283056627, "DNN": 0.7111111111111111}, "1 + 4": {"AB": 0.7589893100097181, "AC": 0.2629275486418344, "DS": 0.2818110850897736, "DT": 0.736276455026455, "GM": 0.3875457875457876, "GN": 0.6866495947237481, "GB": 0.6827124567755884, "KNN": 0.6428571428571429, "KM": 0.746157224418094, "LR": 0.7258209431063966, "LRR": 0.7258209431063966, "LRL": 0.7117176271458483, "LRE": 0.7258209431063966, "LOG_R": 0.7148904006046863, "RF": 0.7443475690852667, "SVM": 0.73109243697479, "DNN": 0.7476404820676636}, "2 + 3": {"AB": 0.7195767195767195, "AC": 0.2638888888888889, "DS": 0.2735042735042735, "DT": 0.756042254300094, "GM": 0.2638888888888889, "GN": 0.7010971055088702, "GB": 0.7112519995890754, "KNN": 0.6455000274891418, "KM": 0.48930481283422456, "LR": 0.6551120448179273, "LRR": 0.6551120448179273, "LRL": 0.6650523195233272, "LRE": 0.6551120448179273, "LOG_R": 0.6831275720164609, "RF": 0.6982101718943825, "SVM": 0.6772282683565229, "DNN": 0.701137285515299}, "2 + 4": {"AB": 0.7331652661064426, "AC": 0.26069410815173527, "DS": 0.2818110850897736, "DT": 0.7740354883212026, "GM": 0.2818110850897736, "GN": 0.6732176378194078, "GB": 0.7799847211611917, "KNN": 0.723659169257235, "KM": 0.26943347914221705, "LR": 0.6973544973544973, "LRR": 0.6973544973544973, "LRL": 0.6973544973544973, "LRE": 0.6973544973544973, "LOG_R": 0.6793154761904762, "RF": 0.7421956684092605, "SVM": 0.6525096525096526, "DNN": 0.7507463119149058}, "3 + 4": {"AB": 0.6657082614529423, "AC": 0.5254803675856307, "DS": 0.2818110850897736, "DT": 0.7147718985495504, "GM": 0.3875457875457876, "GN": 0.6422152560083594, "GB": 0.6053113553113553, "KNN": 0.6058201058201058, "KM": 0.6118767507002801, "LR": 0.6469135802469135, "LRR": 0.6469135802469135, "LRL": 0.6573294533176356, "LRE": 0.6469135802469135, "LOG_R": 0.636513529879548, "RF": 0.6114454974574479, "SVM": 0.5964726631393299, "DNN": 0.5948789075002668}, "0 + 1 + 2": {"AB": 0.9591836734693877, "AC": 0.73798551678736, "DS": 0.32205759015935137, "DT": 0.9284597632695601, "GM": 0.2737094837935174, "GN": 0.9488996976805127, "GB": 0.9183673469387755, "KNN": 0.907557748374075, "KM": 0.8204686613366542, "LR": 0.9358498644212929, "LRR": 0.9358498644212929, "LRL": 0.9418534916127212, "LRE": 0.9358498644212929, "LOG_R": 0.9489849048022833, "RF": 0.9183673469387755, "SVM": 0.9285788667231966, "DNN": 0.9591496172937259}, "0 + 1 + 3": {"AB": 0.9441712548508665, "AC": 0.8632034632034632, "DS": 0.2735042735042735, "DT": 0.8650348461669217, "GM": 0.2638888888888889, "GN": 0.9100232307779477, "GB": 0.8984765074894382, "KNN": 0.9224630202958376, "KM": 0.060201220517895435, "LR": 0.8786414873371395, "LRR": 0.8786414873371395, "LRL": 0.8786414873371395, "LRE": 0.8786414873371395, "LOG_R": 0.921037283602896, "RF": 0.8868312757201647, "SVM": 0.921037283602896, "DNN": 0.921037283602896}, "0 + 1 + 4": {"AB": 0.9524623524623527, "AC": 0.27142857142857146, "DS": 0.2818110850897736, "DT": 0.9168444507656569, "GM": 0.27142857142857146, "GN": 0.9168444507656569,