{"0": {"AB": 0.0, "AC": 0.0, "DS": 0.0, "DT": 0.0, "GM": 0.0, "GN": 0.0, "GB": 0.0, "KNN": 0.0, "KM": 0.0, "LR": 0.0, "LRR": 0.0, "LRL": 0.0, "LRE": 0.0, "LOG_R": 0.0, "RF": 0.0, "SVM": 0.0, "DNN": 0.0}, "1": {"AB": 0.0, "AC": 0.0, "DS": 0.0, "DT": 0.0, "GM": 0.0, "GN": 0.0, "GB": 0.0, "KNN": 0.0, "KM": 0.0, "LR": 0.0, "LRR": 0.0, "LRL": 0.0, "LRE": 0.0, "LOG_R": 0.0, "RF": 0.0, "SVM": 0.0, "DNN": 0.0}, "2": {"AB": 0.0, "AC": 0.0, "DS": 0.0, "DT": 0.0, "GM": 0.0, "GN": 0.0, "GB": 0.0, "KNN": 0.0, "KM": 0.0, "LR": 0.0, "LRR": 0.0, "LRL": 0.0, "LRE": 0.0, "LOG_R": 0.0, "RF": 0.0, "SVM": 0.0, "DNN": 0.0}, "3": {"AB": 0.0, "AC": 0.0, "DS": 0.0, "DT": 0.0, "GM": 0.0, "GN": 0.0, "GB": 0.0, "KNN": 0.0, "KM": 0.0, "LR": 0.0, "LRR": 0.0, "LRL": 0.0, "LRE": 0.0, "LOG_R": 0.0, "RF": 0.0, "SVM": 0.0, "DNN": 0.0}, "4": {"AB": 0.0, "AC": 0.0, "DS": 0.0, "DT": 0.0, "GM": 0.0, "GN": 0.0, "GB": 0.0, "KNN": 0.0, "KM": 0.0, "LR": 0.0, "LRR": 0.0, "LRL": 0.0, "LRE": 0.0, "LOG_R": 0.0, "RF": 0.0, "SVM": 0.0, "DNN": 0.0}, "0 + 1": {"AB": 0.0487690856215785, "AC": 0.0487690856215785, "DS": 0.0487690856215785, "DT": 0.0487690856215785, "GM": 0.0487690856215785, "GN": 0.0487690856215785, "GB": 0.0487690856215785, "KNN": 0.0487690856215785, "KM": 0.0487690856215785, "LR": 0.0487690856215785, "LRR": 0.0487690856215785, "LRL": 0.0487690856215785, "LRE": 0.0487690856215785, "LOG_R": 0.0487690856215785, "RF": 0.0487690856215785, "SVM": 0.0487690856215785, "DNN": 0.0487690856215785}, "0 + 2": {"AB": 0.051698671211001745, "AC": 0.051698671211001745, "DS": 0.051698671211001745, "DT": 0.051698671211001745, "GM": 0.051698671211001745, "GN": 0.051698671211001745, "GB": 0.051698671211001745, "KNN": 0.051698671211001745, "KM": 0.051698671211001745, "LR": 0.051698671211001745, "LRR": 0.051698671211001745, "LRL": 0.051698671211001745, "LRE": 0.051698671211001745, "LOG_R": 0.051698671211001745, "RF": 0.051698671211001745, "SVM": 0.051698671211001745, "DNN": 0.051698671211001745}, "0 + 3": {"AB": 0.14342466533888565, "AC": 0.14342466533888565, "DS": 0.14342466533888565, "DT": 0.14342466533888565, "GM": 0.14342466533888565, "GN": 0.14342466533888565, "GB": 0.14342466533888565, "KNN": 0.14342466533888565, "KM": 0.14342466533888565, "LR": 0.14342466533888565, "LRR": 0.14342466533888565, "LRL": 0.14342466533888565, "LRE": 0.14342466533888565, "LOG_R": 0.14342466533888565, "RF": 0.14342466533888565, "SVM": 0.14342466533888565, "DNN": 0.14342466533888565}, "0 + 4": {"AB": 0.23194118648424777, "AC": 0.23194118648424777, "DS": 0.23194118648424777, "DT": 0.23194118648424777, "GM": 0.23194118648424777, "GN": 0.23194118648424777, "GB": 0.23194118648424777, "KNN": 0.23194118648424777, "KM": 0.23194118648424777, "LR": 0.23194118648424777, "LRR": 0.23194118648424777, "LRL": 0.23194118648424777, "LRE": 0.23194118648424777, "LOG_R": 0.23194118648424777, "RF": 0.23194118648424777, "SVM": 0.23194118648424777, "DNN": 0.23194118648424777}, "1 + 2": {"AB": 0.062370248800009964, "AC": 0.062370248800009964, "DS": 0.062370248800009964, "DT": 0.062370248800009964, "GM": 0.062370248800009964, "GN": 0.062370248800009964, "GB": 0.062370248800009964, "KNN": 0.062370248800009964, "KM": 0.062370248800009964, "LR": 0.062370248800009964, "LRR": 0.062370248800009964, "LRL": 0.062370248800009964, "LRE": 0.062370248800009964, "LOG_R": 0.062370248800009964, "RF": 0.062370248800009964, "SVM": 0.062370248800009964, "DNN": 0.062370248800009964}, "1 + 3": {"AB": 0.11293953334634849, "AC": 0.11293953334634849, "DS": 0.11293953334634849, "DT": 0.11293953334634849, "GM": 0.11293953334634849, "GN": 0.11293953334634849, "GB": 0.11293953334634849, "KNN": 0.11293953334634849, "KM": 0.11293953334634849, "LR": 0.11293953334634849, "LRR": 0.11293953334634849, "LRL": 0.11293953334634849, "LRE": 0.11293953334634849, "LOG_R": 0.11293953334634849, "RF": 0.11293953334634849, "SVM": 0.11293953334634849, "DNN": 0.11293953334634849}, "1 + 4": {"AB": 0.18317210086266927, "AC": 0.18317210086266927, "DS": 0.18317210086266927, "DT": 0.18317210086266927, "GM": 0.18317210086266927, "GN": 0.18317210086266927, "GB": 0.18317210086266927, "KNN": 0.18317210086266927, "KM": 0.18317210086266927, "LR": 0.18317210086266927, "LRR": 0.18317210086266927, "LRL": 0.18317210086266927, "LRE": 0.18317210086266927, "LOG_R": 0.18317210086266927, "RF": 0.18317210086266927, "SVM": 0.18317210086266927, "DNN": 0.18317210086266927}, "2 + 3": {"AB": 0.17530978214635845, "AC": 0.17530978214635845, "DS": 0.17530978214635845, "DT": 0.17530978214635845, "GM": 0.17530978214635845, "GN": 0.17530978214635845, "GB": 0.17530978214635845, "KNN": 0.17530978214635845, "KM": 0.17530978214635845, "LR": 0.17530978214635845, "LRR": 0.17530978214635845, "LRL": 0.17530978214635845, "LRE": 0.17530978214635845, "LOG_R": 0.17530978214635845, "RF": 0.17530978214635845, "SVM": 0.17530978214635845, "DNN": 0.17530978214635845}, "2 + 4": {"AB": 0.18024251527324603, "AC": 0.18024251527324603, "DS": 0.18024251527324603, "DT": 0.18024251527324603, "GM": 0.18024251527324603, "GN": 0.18024251527324603, "GB": 0.18024251527324603, "KNN": 0.18024251527324603, "KM": 0.18024251527324603, "LR": 0.18024251527324603, "LRR": 0.18024251527324603, "LRL": 0.18024251527324603, "LRE": 0.18024251527324603, "LOG_R": 0.18024251527324603, "RF": 0.18024251527324603, "SVM": 0.18024251527324603, "DNN": 0.18024251527324603}, "3 + 4": {"AB": 0.1648468362856388, "AC": 0.1648468362856388, "DS": 0.1648468362856388, "DT": 0.1648468362856388, "GM": 0.1648468362856388, "GN": 0.1648468362856388, "GB": 0.1648468362856388, "KNN": 0.1648468362856388, "KM": 0.1648468362856388, "LR": 0.1648468362856388, "LRR": 0.1648468362856388, "LRL": 0.1648468362856388, "LRE": 0.1648468362856388, "LOG_R": 0.1648468362856388, "RF": 0.1648468362856388, "SVM": 0.1648468362856388, "DNN": 0.1648468362856388}, "0 + 1 + 2": {"AB": 0.07189462580815253, "AC": 0.07189462580815253, "DS": 0.07189462580815253, "DT": 0.07189462580815253, "GM": 0.07189462580815253, "GN": 0.07189462580815253, "GB": 0.07189462580815253, "KNN": 0.07189462580815253, "KM": 0.07189462580815253, "LR": 0.07189462580815253, "LRR": 0.07189462580815253, "LRL": 0.07189462580815253, "LRE": 0.07189462580815253, "LOG_R": 0.07189462580815253, "RF": 0.07189462580815253, "SVM": 0.07189462580815253, "DNN": 0.07189462580815253}, "0 + 1 + 3": {"AB": 0.12295811259146242, "AC": 0.12295811259146242, "DS": 0.12295811259146242, "DT": 0.12295811259146242, "GM": 0.12295811259146242, "GN": 0.12295811259146242, "GB": 0.12295811259146242, "KNN": 0.12295811259146242, "KM": 0.12295811259146242, "LR": 0.12295811259146242, "LRR": 0.12295811259146242, "LRL": 0.12295811259146242, "LRE": 0.12295811259146242, "LOG_R": 0.12295811259146242, "RF": 0.12295811259146242, "SVM": 0.12295811259146242, "DNN": 0.12295811259146242}, "0 + 1 + 4": {"AB": 0.20755664367345852, "AC": 0.20755664367345852, "DS": 0.20755664367345852, "DT": 0.20755664367345852, "GM": 0.20755664367345852, "GN": 0.20755664367345852, "GB": 0.20755664367345852, "KNN": 0.20755664367345852, "KM": 0.20755664367345852, "LR": 0.20755664367345852, "LRR": 0.20755664367345852, "LRL": 0.20755664367345852, "LRE": 0.20755664367345852, "LOG_R": 0.20755664367345852, "RF": 0.20755664367345852, "SVM": 0.20755664367345852, "DNN": 0.20755664367345852}, "0 + 2 + 3": {"AB": 0.1704681955888257, "AC": 0.1704681955888257, "DS": 0.1704681955888257, "DT": 0.1704681955888257, "GM": 0.1704681955888257, "GN": 0.1704681955888257, "GB": 0.1704681955888257, "KNN": 0.1704681955888257, "KM": 0.1704681955888257, "LR": 0.1704681955888257, "LRR": 0.1704681955888257, "LRL": 0.1704681955888257, "LRE": 0.1704681955888257, "LOG_R": 0.1704681955888257, "RF": 0.1704681955888257, "SVM": 0.1704681955888257, "DNN": 0.1704681955888257}, "0 + 2 + 4": {"AB": 0.2060918508787469, "AC": 0.2060918508787469, "DS": 0.2060918508787469, "DT": 0.2060918508787469, "GM": 0.2060918508787469, "GN": 0.2060918508787469, "GB": 0.2060918508787469, "KNN": 0.2060918508787469, "KM": 0.2060918508787469, "LR": 0.2060918508787469,