{"0": {"AB": 0.2683109696525049, "AC": 0.2683109696525049, "DS": 0.2683109696525049, "DT": 0.2683109696525049, "GM": 0.2683109696525049, "GN": 0.2683109696525049, "GB": 0.2683109696525049, "KNN": 0.2683109696525049, "KM": 0.2683109696525049, "LR": 0.2683109696525049, "LRR": 0.2683109696525049, "LRL": 0.2683109696525049, "LRE": 0.2683109696525049, "LOG_R": 0.2683109696525049, "RF": 0.2683109696525049, "SVM": 0.2683109696525049, "DNN": 0.2683109696525049}, "1": {"AB": 0.2683109696525049, "AC": 0.2683109696525049, "DS": 0.2683109696525049, "DT": 0.2683109696525049, "GM": 0.2683109696525049, "GN": 0.2683109696525049, "GB": 0.2683109696525049, "KNN": 0.2683109696525049, "KM": 0.2683109696525049, "LR": 0.2683109696525049, "LRR": 0.2683109696525049, "LRL": 0.2683109696525049, "LRE": 0.2683109696525049, "LOG_R": 0.2683109696525049, "RF": 0.2683109696525049, "SVM": 0.2683109696525049, "DNN": 0.2683109696525049}, "2": {"AB": 0.23514224221564728, "AC": 0.23514224221564728, "DS": 0.23514224221564728, "DT": 0.23514224221564728, "GM": 0.23514224221564728, "GN": 0.23514224221564728, "GB": 0.23514224221564728, "KNN": 0.23514224221564728, "KM": 0.23514224221564728, "LR": 0.23514224221564728, "LRR": 0.23514224221564728, "LRL": 0.23514224221564728, "LRE": 0.23514224221564728, "LOG_R": 0.23514224221564728, "RF": 0.23514224221564728, "SVM": 0.23514224221564728, "DNN": 0.23514224221564728}, "3": {"AB": 0.23514224221564728, "AC": 0.23514224221564728, "DS": 0.23514224221564728, "DT": 0.23514224221564728, "GM": 0.23514224221564728, "GN": 0.23514224221564728, "GB": 0.23514224221564728, "KNN": 0.23514224221564728, "KM": 0.23514224221564728, "LR": 0.23514224221564728, "LRR": 0.23514224221564728, "LRL": 0.23514224221564728, "LRE": 0.23514224221564728, "LOG_R": 0.23514224221564728, "RF": 0.23514224221564728, "SVM": 0.23514224221564728, "DNN": 0.23514224221564728}, "4": {"AB": 0.2312595604777551, "AC": 0.2312595604777551, "DS": 0.2312595604777551, "DT": 0.2312595604777551, "GM": 0.2312595604777551, "GN": 0.2312595604777551, "GB": 0.2312595604777551, "KNN": 0.2312595604777551, "KM": 0.2312595604777551, "LR": 0.2312595604777551, "LRR": 0.2312595604777551, "LRL": 0.2312595604777551, "LRE": 0.2312595604777551, "LOG_R": 0.2312595604777551, "RF": 0.2312595604777551, "SVM": 0.2312595604777551, "DNN": 0.2312595604777551}, "0 + 1": {"AB": 0.35774795953667315, "AC": 0.35774795953667315, "DS": 0.35774795953667315, "DT": 0.35774795953667315, "GM": 0.35774795953667315, "GN": 0.35774795953667315, "GB": 0.35774795953667315, "KNN": 0.35774795953667315, "KM": 0.35774795953667315, "LR": 0.35774795953667315, "LRR": 0.35774795953667315, "LRL": 0.35774795953667315, "LRE": 0.35774795953667315, "LOG_R": 0.35774795953667315, "RF": 0.35774795953667315, "SVM": 0.35774795953667315, "DNN": 0.35774795953667315}, "0 + 2": {"AB": 0.3233233470183968, "AC": 0.3233233470183968, "DS": 0.3233233470183968, "DT": 0.3233233470183968, "GM": 0.3233233470183968, "GN": 0.3233233470183968, "GB": 0.3233233470183968, "KNN": 0.3233233470183968, "KM": 0.3233233470183968, "LR": 0.3233233470183968, "LRR": 0.3233233470183968, "LRL": 0.3233233470183968, "LRE": 0.3233233470183968, "LOG_R": 0.3233233470183968, "RF": 0.3233233470183968, "SVM": 0.3233233470183968, "DNN": 0.3233233470183968}, "0 + 3": {"AB": 0.3233233470183968, "AC": 0.3233233470183968, "DS": 0.3233233470183968, "DT": 0.3233233470183968, "GM": 0.3233233470183968, "GN": 0.3233233470183968, "GB": 0.3233233470183968, "KNN": 0.3233233470183968, "KM": 0.3233233470183968, "LR": 0.3233233470183968, "LRR": 0.3233233470183968, "LRL": 0.3233233470183968, "LRE": 0.3233233470183968, "LOG_R": 0.3233233470183968, "RF": 0.3233233470183968, "SVM": 0.3233233470183968, "DNN": 0.3233233470183968}, "0 + 4": {"AB": 0.3214538911346041, "AC": 0.3214538911346041, "DS": 0.3214538911346041, "DT": 0.3214538911346041, "GM": 0.3214538911346041, "GN": 0.3214538911346041, "GB": 0.3214538911346041, "KNN": 0.3214538911346041, "KM": 0.3214538911346041, "LR": 0.3214538911346041, "LRR": 0.3214538911346041, "LRL": 0.3214538911346041, "LRE": 0.3214538911346041, "LOG_R": 0.3214538911346041, "RF": 0.3214538911346041, "SVM": 0.3214538911346041, "DNN": 0.3214538911346041}, "1 + 2": {"AB": 0.3233233470183968, "AC": 0.3233233470183968, "DS": 0.3233233470183968, "DT": 0.3233233470183968, "GM": 0.3233233470183968, "GN": 0.3233233470183968, "GB": 0.3233233470183968, "KNN": 0.3233233470183968, "KM": 0.3233233470183968, "LR": 0.3233233470183968, "LRR": 0.3233233470183968, "LRL": 0.3233233470183968, "LRE": 0.3233233470183968, "LOG_R": 0.3233233470183968, "RF": 0.3233233470183968, "SVM": 0.3233233470183968, "DNN": 0.3233233470183968}, "1 + 3": {"AB": 0.3233233470183968, "AC": 0.3233233470183968, "DS": 0.3233233470183968, "DT": 0.3233233470183968, "GM": 0.3233233470183968, "GN": 0.3233233470183968, "GB": 0.3233233470183968, "KNN": 0.3233233470183968, "KM": 0.3233233470183968, "LR": 0.3233233470183968, "LRR": 0.3233233470183968, "LRL": 0.3233233470183968, "LRE": 0.3233233470183968, "LOG_R": 0.3233233470183968, "RF": 0.3233233470183968, "SVM": 0.3233233470183968, "DNN": 0.3233233470183968}, "1 + 4": {"AB": 0.3214538911346041, "AC": 0.3214538911346041, "DS": 0.3214538911346041, "DT": 0.3214538911346041, "GM": 0.3214538911346041, "GN": 0.3214538911346041, "GB": 0.3214538911346041, "KNN": 0.3214538911346041, "KM": 0.3214538911346041, "LR": 0.3214538911346041, "LRR": 0.3214538911346041, "LRL": 0.3214538911346041, "LRE": 0.3214538911346041, "LOG_R": 0.3214538911346041, "RF": 0.3214538911346041, "SVM": 0.3214538911346041, "DNN": 0.3214538911346041}, "2 + 3": {"AB": 0.313522989620863, "AC": 0.313522989620863, "DS": 0.313522989620863, "DT": 0.313522989620863, "GM": 0.313522989620863, "GN": 0.313522989620863, "GB": 0.313522989620863, "KNN": 0.313522989620863, "KM": 0.313522989620863, "LR": 0.313522989620863, "LRR": 0.313522989620863, "LRL": 0.313522989620863, "LRE": 0.313522989620863, "LOG_R": 0.313522989620863, "RF": 0.313522989620863, "SVM": 0.313522989620863, "DNN": 0.313522989620863}, "2 + 4": {"AB": 0.3006385680163218, "AC": 0.3006385680163218, "DS": 0.3006385680163218, "DT": 0.3006385680163218, "GM": 0.3006385680163218, "GN": 0.3006385680163218, "GB": 0.3006385680163218, "KNN": 0.3006385680163218, "KM": 0.3006385680163218, "LR": 0.3006385680163218, "LRR": 0.3006385680163218, "LRL": 0.3006385680163218, "LRE": 0.3006385680163218, "LOG_R": 0.3006385680163218, "RF": 0.3006385680163218, "SVM": 0.3006385680163218, "DNN": 0.3006385680163218}, "3 + 4": {"AB": 0.3006385680163218, "AC": 0.3006385680163218, "DS": 0.3006385680163218, "DT": 0.3006385680163218, "GM": 0.3006385680163218, "GN": 0.3006385680163218, "GB": 0.3006385680163218, "KNN": 0.3006385680163218, "KM": 0.3006385680163218, "LR": 0.3006385680163218, "LRR": 0.3006385680163218, "LRL": 0.3006385680163218, "LRE": 0.3006385680163218, "LOG_R": 0.3006385680163218, "RF": 0.3006385680163218, "SVM": 0.3006385680163218, "DNN": 0.3006385680163218}, "0 + 1 + 2": {"AB": 0.36741389941977154, "AC": 0.36741389941977154, "DS": 0.36741389941977154, "DT": 0.36741389941977154, "GM": 0.36741389941977154, "GN": 0.36741389941977154, "GB": 0.36741389941977154, "KNN": 0.36741389941977154, "KM": 0.36741389941977154, "LR": 0.36741389941977154, "LRR": 0.36741389941977154, "LRL": 0.36741389941977154, "LRE": 0.36741389941977154, "LOG_R": 0.36741389941977154, "RF": 0.36741389941977154, "SVM": 0.36741389941977154, "DNN": 0.36741389941977154}, "0 + 1 + 3": {"AB": 0.36741389941977154, "AC": 0.36741389941977154, "DS": 0.36741389941977154, "DT": 0.36741389941977154, "GM": 0.36741389941977154, "GN": 0.36741389941977154, "GB": 0.36741389941977154, "KNN": 0.36741389941977154, "KM": 0.36741389941977154, "LR": 0.36741389941977154, "LRR": 0.36741389941977154, "LRL": 0.36741389941977154, "LRE": 0.36741389941977154, "LOG_R": 0.36741389941977154, "RF": 0.36741389941977154, "SVM": 0.36741389941977154, "DNN": 0.36741389941977154}, "0 + 1 + 4": {"AB": 0.36655105646302855, "AC": 0.36655105646302855,