{"0": {"AB": 0.0, "AC": 0.0, "DS": 0.0, "DT": 0.0, "GM": 0.0, "GN": 0.0, "GB": 0.0, "KNN": 0.0, "KM": 0.0, "LR": 0.0, "LRR": 0.0, "LRL": 0.0, "LRE": 0.0, "LOG_R": 0.0, "RF": 0.0, "SVM": 0.0, "DNN": 0.0}, "1": {"AB": 0.0, "AC": 0.0, "DS": 0.0, "DT": 0.0, "GM": 0.0, "GN": 0.0, "GB": 0.0, "KNN": 0.0, "KM": 0.0, "LR": 0.0, "LRR": 0.0, "LRL": 0.0, "LRE": 0.0, "LOG_R": 0.0, "RF": 0.0, "SVM": 0.0, "DNN": 0.0}, "2": {"AB": 0.0, "AC": 0.0, "DS": 0.0, "DT": 0.0, "GM": 0.0, "GN": 0.0, "GB": 0.0, "KNN": 0.0, "KM": 0.0, "LR": 0.0, "LRR": 0.0, "LRL": 0.0, "LRE": 0.0, "LOG_R": 0.0, "RF": 0.0, "SVM": 0.0, "DNN": 0.0}, "3": {"AB": 0.0, "AC": 0.0, "DS": 0.0, "DT": 0.0, "GM": 0.0, "GN": 0.0, "GB": 0.0, "KNN": 0.0, "KM": 0.0, "LR": 0.0, "LRR": 0.0, "LRL": 0.0, "LRE": 0.0, "LOG_R": 0.0, "RF": 0.0, "SVM": 0.0, "DNN": 0.0}, "4": {"AB": 0.0, "AC": 0.0, "DS": 0.0, "DT": 0.0, "GM": 0.0, "GN": 0.0, "GB": 0.0, "KNN": 0.0, "KM": 0.0, "LR": 0.0, "LRR": 0.0, "LRL": 0.0, "LRE": 0.0, "LOG_R": 0.0, "RF": 0.0, "SVM": 0.0, "DNN": 0.0}, "0 + 1": {"AB": 0.003917990063366017, "AC": 0.003917990063366017, "DS": 0.003917990063366017, "DT": 0.003917990063366017, "GM": 0.003917990063366017, "GN": 0.003917990063366017, "GB": 0.003917990063366017, "KNN": 0.003917990063366017, "KM": 0.003917990063366017, "LR": 0.003917990063366017, "LRR": 0.003917990063366017, "LRL": 0.003917990063366017, "LRE": 0.003917990063366017, "LOG_R": 0.003917990063366017, "RF": 0.003917990063366017, "SVM": 0.003917990063366017, "DNN": 0.003917990063366017}, "0 + 2": {"AB": 0.05192227529770066, "AC": 0.05192227529770066, "DS": 0.05192227529770066, "DT": 0.05192227529770066, "GM": 0.05192227529770066, "GN": 0.05192227529770066, "GB": 0.05192227529770066, "KNN": 0.05192227529770066, "KM": 0.05192227529770066, "LR": 0.05192227529770066, "LRR": 0.05192227529770066, "LRL": 0.05192227529770066, "LRE": 0.05192227529770066, "LOG_R": 0.05192227529770066, "RF": 0.05192227529770066, "SVM": 0.05192227529770066, "DNN": 0.05192227529770066}, "0 + 3": {"AB": 0.18305745726152772, "AC": 0.18305745726152772, "DS": 0.18305745726152772, "DT": 0.18305745726152772, "GM": 0.18305745726152772, "GN": 0.18305745726152772, "GB": 0.18305745726152772, "KNN": 0.18305745726152772, "KM": 0.18305745726152772, "LR": 0.18305745726152772, "LRR": 0.18305745726152772, "LRL": 0.18305745726152772, "LRE": 0.18305745726152772, "LOG_R": 0.18305745726152772, "RF": 0.18305745726152772, "SVM": 0.18305745726152772, "DNN": 0.18305745726152772}, "0 + 4": {"AB": 0.35201954910765254, "AC": 0.35201954910765254, "DS": 0.35201954910765254, "DT": 0.35201954910765254, "GM": 0.35201954910765254, "GN": 0.35201954910765254, "GB": 0.35201954910765254, "KNN": 0.35201954910765254, "KM": 0.35201954910765254, "LR": 0.35201954910765254, "LRR": 0.35201954910765254, "LRL": 0.35201954910765254, "LRE": 0.35201954910765254, "LOG_R": 0.35201954910765254, "RF": 0.35201954910765254, "SVM": 0.35201954910765254, "DNN": 0.35201954910765254}, "1 + 2": {"AB": 0.04800428523433464, "AC": 0.04800428523433464, "DS": 0.04800428523433464, "DT": 0.04800428523433464, "GM": 0.04800428523433464, "GN": 0.04800428523433464, "GB": 0.04800428523433464, "KNN": 0.04800428523433464, "KM": 0.04800428523433464, "LR": 0.04800428523433464, "LRR": 0.04800428523433464, "LRL": 0.04800428523433464, "LRE": 0.04800428523433464, "LOG_R": 0.04800428523433464, "RF": 0.04800428523433464, "SVM": 0.04800428523433464, "DNN": 0.04800428523433464}, "1 + 3": {"AB": 0.1791394671981617, "AC": 0.1791394671981617, "DS": 0.1791394671981617, "DT": 0.1791394671981617, "GM": 0.1791394671981617, "GN": 0.1791394671981617, "GB": 0.1791394671981617, "KNN": 0.1791394671981617, "KM": 0.1791394671981617, "LR": 0.1791394671981617, "LRR": 0.1791394671981617, "LRL": 0.1791394671981617, "LRE": 0.1791394671981617, "LOG_R": 0.1791394671981617, "RF": 0.1791394671981617, "SVM": 0.1791394671981617, "DNN": 0.1791394671981617}, "1 + 4": {"AB": 0.3481015590442865, "AC": 0.3481015590442865, "DS": 0.3481015590442865, "DT": 0.3481015590442865, "GM": 0.3481015590442865, "GN": 0.3481015590442865, "GB": 0.3481015590442865, "KNN": 0.3481015590442865, "KM": 0.3481015590442865, "LR": 0.3481015590442865, "LRR": 0.3481015590442865, "LRL": 0.3481015590442865, "LRE": 0.3481015590442865, "LOG_R": 0.3481015590442865, "RF": 0.3481015590442865, "SVM": 0.3481015590442865, "DNN": 0.3481015590442865}, "2 + 3": {"AB": 0.13113518196382706, "AC": 0.13113518196382706, "DS": 0.13113518196382706, "DT": 0.13113518196382706, "GM": 0.13113518196382706, "GN": 0.13113518196382706, "GB": 0.13113518196382706, "KNN": 0.13113518196382706, "KM": 0.13113518196382706, "LR": 0.13113518196382706, "LRR": 0.13113518196382706, "LRL": 0.13113518196382706, "LRE": 0.13113518196382706, "LOG_R": 0.13113518196382706, "RF": 0.13113518196382706, "SVM": 0.13113518196382706, "DNN": 0.13113518196382706}, "2 + 4": {"AB": 0.3000972738099519, "AC": 0.3000972738099519, "DS": 0.3000972738099519, "DT": 0.3000972738099519, "GM": 0.3000972738099519, "GN": 0.3000972738099519, "GB": 0.3000972738099519, "KNN": 0.3000972738099519, "KM": 0.3000972738099519, "LR": 0.3000972738099519, "LRR": 0.3000972738099519, "LRL": 0.3000972738099519, "LRE": 0.3000972738099519, "LOG_R": 0.3000972738099519, "RF": 0.3000972738099519, "SVM": 0.3000972738099519, "DNN": 0.3000972738099519}, "3 + 4": {"AB": 0.16896209184612485, "AC": 0.16896209184612485, "DS": 0.16896209184612485, "DT": 0.16896209184612485, "GM": 0.16896209184612485, "GN": 0.16896209184612485, "GB": 0.16896209184612485, "KNN": 0.16896209184612485, "KM": 0.16896209184612485, "LR": 0.16896209184612485, "LRR": 0.16896209184612485, "LRL": 0.16896209184612485, "LRE": 0.16896209184612485, "LOG_R": 0.16896209184612485, "RF": 0.16896209184612485, "SVM": 0.16896209184612485, "DNN": 0.16896209184612485}, "0 + 1 + 2": {"AB": 0.04996328026601765, "AC": 0.04996328026601765, "DS": 0.04996328026601765, "DT": 0.04996328026601765, "GM": 0.04996328026601765, "GN": 0.04996328026601765, "GB": 0.04996328026601765, "KNN": 0.04996328026601765, "KM": 0.04996328026601765, "LR": 0.04996328026601765, "LRR": 0.04996328026601765, "LRL": 0.04996328026601765, "LRE": 0.04996328026601765, "LOG_R": 0.04996328026601765, "RF": 0.04996328026601765, "SVM": 0.04996328026601765, "DNN": 0.04996328026601765}, "0 + 1 + 3": {"AB": 0.18109846222984471, "AC": 0.18109846222984471, "DS": 0.18109846222984471, "DT": 0.18109846222984471, "GM": 0.18109846222984471, "GN": 0.18109846222984471, "GB": 0.18109846222984471, "KNN": 0.18109846222984471, "KM": 0.18109846222984471, "LR": 0.18109846222984471, "LRR": 0.18109846222984471, "LRL": 0.18109846222984471, "LRE": 0.18109846222984471, "LOG_R": 0.18109846222984471, "RF": 0.18109846222984471, "SVM": 0.18109846222984471, "DNN": 0.18109846222984471}, "0 + 1 + 4": {"AB": 0.3500605540759696, "AC": 0.3500605540759696, "DS": 0.3500605540759696, "DT": 0.3500605540759696, "GM": 0.3500605540759696, "GN": 0.3500605540759696, "GB": 0.3500605540759696, "KNN": 0.3500605540759696, "KM": 0.3500605540759696, "LR": 0.3500605540759696, "LRR": 0.3500605540759696, "LRL": 0.3500605540759696, "LRE": 0.3500605540759696, "LOG_R": 0.3500605540759696, "RF": 0.3500605540759696, "SVM": 0.3500605540759696, "DNN": 0.3500605540759696}, "0 + 2 + 3": {"AB": 0.1570963196126774, "AC": 0.1570963196126774, "DS": 0.1570963196126774, "DT": 0.1570963196126774, "GM": 0.1570963196126774, "GN": 0.1570963196126774, "GB": 0.1570963196126774, "KNN": 0.1570963196126774, "KM": 0.1570963196126774, "LR": 0.1570963196126774, "LRR": 0.1570963196126774, "LRL": 0.1570963196126774, "LRE": 0.1570963196126774, "LOG_R": 0.1570963196126774, "RF": 0.1570963196126774, "SVM": 0.1570963196126774, "DNN": 0.1570963196126774}, "0 + 2 + 4": {"AB": 0.3260584114588022, "AC": 0.3260584114588022, "DS": 0.3260584114588022, "DT": 0.3260584114588022, "GM": 0.3260584114588022, "GN": 0.3260584114588022, "GB": 0.3260584114588022, "KNN": 0.3260584114588022, "KM": 0.3260584114588022, "LR": 0.3260584114588022, "LRR": 0.3260584114588022, "LRL": 0.3260584114588022,