{"0": {"AB": 0.33689519506729926, "AC": 0.33689519506729926, "DS": 0.33689519506729926, "DT": 0.33689519506729926, "GM": 0.33689519506729926, "GN": 0.33689519506729926, "GB": 0.33689519506729926, "KNN": 0.33689519506729926, "KM": 0.33689519506729926, "LR": 0.33689519506729926, "LRR": 0.33689519506729926, "LRL": 0.33689519506729926, "LRE": 0.33689519506729926, "LOG_R": 0.33689519506729926, "RF": 0.33689519506729926, "SVM": 0.33689519506729926, "DNN": 0.33689519506729926}, "1": {"AB": 0.3199231852872182, "AC": 0.3199231852872182, "DS": 0.3199231852872182, "DT": 0.3199231852872182, "GM": 0.3199231852872182, "GN": 0.3199231852872182, "GB": 0.3199231852872182, "KNN": 0.3199231852872182, "KM": 0.3199231852872182, "LR": 0.3199231852872182, "LRR": 0.3199231852872182, "LRL": 0.3199231852872182, "LRE": 0.3199231852872182, "LOG_R": 0.3199231852872182, "RF": 0.3199231852872182, "SVM": 0.3199231852872182, "DNN": 0.3199231852872182}, "2": {"AB": 0.3193194068213774, "AC": 0.3193194068213774, "DS": 0.3193194068213774, "DT": 0.3193194068213774, "GM": 0.3193194068213774, "GN": 0.3193194068213774, "GB": 0.3193194068213774, "KNN": 0.3193194068213774, "KM": 0.3193194068213774, "LR": 0.3193194068213774, "LRR": 0.3193194068213774, "LRL": 0.3193194068213774, "LRE": 0.3193194068213774, "LOG_R": 0.3193194068213774, "RF": 0.3193194068213774, "SVM": 0.3193194068213774, "DNN": 0.3193194068213774}, "3": {"AB": 0.3158418808256236, "AC": 0.3158418808256236, "DS": 0.3158418808256236, "DT": 0.3158418808256236, "GM": 0.3158418808256236, "GN": 0.3158418808256236, "GB": 0.3158418808256236, "KNN": 0.3158418808256236, "KM": 0.3158418808256236, "LR": 0.3158418808256236, "LRR": 0.3158418808256236, "LRL": 0.3158418808256236, "LRE": 0.3158418808256236, "LOG_R": 0.3158418808256236, "RF": 0.3158418808256236, "SVM": 0.3158418808256236, "DNN": 0.3158418808256236}, "4": {"AB": 0.2988983700334752, "AC": 0.2988983700334752, "DS": 0.2988983700334752, "DT": 0.2988983700334752, "GM": 0.2988983700334752, "GN": 0.2988983700334752, "GB": 0.2988983700334752, "KNN": 0.2988983700334752, "KM": 0.2988983700334752, "LR": 0.2988983700334752, "LRR": 0.2988983700334752, "LRL": 0.2988983700334752, "LRE": 0.2988983700334752, "LOG_R": 0.2988983700334752, "RF": 0.2988983700334752, "SVM": 0.2988983700334752, "DNN": 0.2988983700334752}, "0 + 1": {"AB": 0.4142901411016398, "AC": 0.4142901411016398, "DS": 0.4142901411016398, "DT": 0.4142901411016398, "GM": 0.4142901411016398, "GN": 0.4142901411016398, "GB": 0.4142901411016398, "KNN": 0.4142901411016398, "KM": 0.4142901411016398, "LR": 0.4142901411016398, "LRR": 0.4142901411016398, "LRL": 0.4142901411016398, "LRE": 0.4142901411016398, "LOG_R": 0.4142901411016398, "RF": 0.4142901411016398, "SVM": 0.4142901411016398, "DNN": 0.4142901411016398}, "0 + 2": {"AB": 0.42027800547307803, "AC": 0.42027800547307803, "DS": 0.42027800547307803, "DT": 0.42027800547307803, "GM": 0.42027800547307803, "GN": 0.42027800547307803, "GB": 0.42027800547307803, "KNN": 0.42027800547307803, "KM": 0.42027800547307803, "LR": 0.42027800547307803, "LRR": 0.42027800547307803, "LRL": 0.42027800547307803, "LRE": 0.42027800547307803, "LOG_R": 0.42027800547307803, "RF": 0.42027800547307803, "SVM": 0.42027800547307803, "DNN": 0.42027800547307803}, "0 + 3": {"AB": 0.4005914434962325, "AC": 0.4005914434962325, "DS": 0.4005914434962325, "DT": 0.4005914434962325, "GM": 0.4005914434962325, "GN": 0.4005914434962325, "GB": 0.4005914434962325, "KNN": 0.4005914434962325, "KM": 0.4005914434962325, "LR": 0.4005914434962325, "LRR": 0.4005914434962325, "LRL": 0.4005914434962325, "LRE": 0.4005914434962325, "LOG_R": 0.4005914434962325, "RF": 0.4005914434962325, "SVM": 0.4005914434962325, "DNN": 0.4005914434962325}, "0 + 4": {"AB": 0.40743835802634265, "AC": 0.40743835802634265, "DS": 0.40743835802634265, "DT": 0.40743835802634265, "GM": 0.40743835802634265, "GN": 0.40743835802634265, "GB": 0.40743835802634265, "KNN": 0.40743835802634265, "KM": 0.40743835802634265, "LR": 0.40743835802634265, "LRR": 0.40743835802634265, "LRL": 0.40743835802634265, "LRE": 0.40743835802634265, "LOG_R": 0.40743835802634265, "RF": 0.40743835802634265, "SVM": 0.40743835802634265, "DNN": 0.40743835802634265}, "1 + 2": {"AB": 0.38471620880613056, "AC": 0.38471620880613056, "DS": 0.38471620880613056, "DT": 0.38471620880613056, "GM": 0.38471620880613056, "GN": 0.38471620880613056, "GB": 0.38471620880613056, "KNN": 0.38471620880613056, "KM": 0.38471620880613056, "LR": 0.38471620880613056, "LRR": 0.38471620880613056, "LRL": 0.38471620880613056, "LRE": 0.38471620880613056, "LOG_R": 0.38471620880613056, "RF": 0.38471620880613056, "SVM": 0.38471620880613056, "DNN": 0.38471620880613056}, "1 + 3": {"AB": 0.41345916046572495, "AC": 0.41345916046572495, "DS": 0.41345916046572495, "DT": 0.41345916046572495, "GM": 0.41345916046572495, "GN": 0.41345916046572495, "GB": 0.41345916046572495, "KNN": 0.41345916046572495, "KM": 0.41345916046572495, "LR": 0.41345916046572495, "LRR": 0.41345916046572495, "LRL": 0.41345916046572495, "LRE": 0.41345916046572495, "LOG_R": 0.41345916046572495, "RF": 0.41345916046572495, "SVM": 0.41345916046572495, "DNN": 0.41345916046572495}, "1 + 4": {"AB": 0.3964201649077542, "AC": 0.3964201649077542, "DS": 0.3964201649077542, "DT": 0.3964201649077542, "GM": 0.3964201649077542, "GN": 0.3964201649077542, "GB": 0.3964201649077542, "KNN": 0.3964201649077542, "KM": 0.3964201649077542, "LR": 0.3964201649077542, "LRR": 0.3964201649077542, "LRL": 0.3964201649077542, "LRE": 0.3964201649077542, "LOG_R": 0.3964201649077542, "RF": 0.3964201649077542, "SVM": 0.3964201649077542, "DNN": 0.3964201649077542}, "2 + 3": {"AB": 0.37074794310603354, "AC": 0.37074794310603354, "DS": 0.37074794310603354, "DT": 0.37074794310603354, "GM": 0.37074794310603354, "GN": 0.37074794310603354, "GB": 0.37074794310603354, "KNN": 0.37074794310603354, "KM": 0.37074794310603354, "LR": 0.37074794310603354, "LRR": 0.37074794310603354, "LRL": 0.37074794310603354, "LRE": 0.37074794310603354, "LOG_R": 0.37074794310603354, "RF": 0.37074794310603354, "SVM": 0.37074794310603354, "DNN": 0.37074794310603354}, "2 + 4": {"AB": 0.3874853732194601, "AC": 0.3874853732194601, "DS": 0.3874853732194601, "DT": 0.3874853732194601, "GM": 0.3874853732194601, "GN": 0.3874853732194601, "GB": 0.3874853732194601, "KNN": 0.3874853732194601, "KM": 0.3874853732194601, "LR": 0.3874853732194601, "LRR": 0.3874853732194601, "LRL": 0.3874853732194601, "LRE": 0.3874853732194601, "LOG_R": 0.3874853732194601, "RF": 0.3874853732194601, "SVM": 0.3874853732194601, "DNN": 0.3874853732194601}, "3 + 4": {"AB": 0.38301258804969646, "AC": 0.38301258804969646, "DS": 0.38301258804969646, "DT": 0.38301258804969646, "GM": 0.38301258804969646, "GN": 0.38301258804969646, "GB": 0.38301258804969646, "KNN": 0.38301258804969646, "KM": 0.38301258804969646, "LR": 0.38301258804969646, "LRR": 0.38301258804969646, "LRL": 0.38301258804969646, "LRE": 0.38301258804969646, "LOG_R": 0.38301258804969646, "RF": 0.38301258804969646, "SVM": 0.38301258804969646, "DNN": 0.38301258804969646}, "0 + 1 + 2": {"AB": 0.4367902402662074, "AC": 0.4367902402662074, "DS": 0.4367902402662074, "DT": 0.4367902402662074, "GM": 0.4367902402662074, "GN": 0.4367902402662074, "GB": 0.4367902402662074, "KNN": 0.4367902402662074, "KM": 0.4367902402662074, "LR": 0.4367902402662074, "LRR": 0.4367902402662074, "LRL": 0.4367902402662074, "LRE": 0.4367902402662074, "LOG_R": 0.4367902402662074, "RF": 0.4367902402662074, "SVM": 0.4367902402662074, "DNN": 0.4367902402662074}, "0 + 1 + 3": {"AB": 0.4501165528440298, "AC": 0.4501165528440298, "DS": 0.4501165528440298, "DT": 0.4501165528440298, "GM": 0.4501165528440298, "GN": 0.4501165528440298, "GB": 0.4501165528440298, "KNN": 0.4501165528440298, "KM": 0.4501165528440298, "LR": 0.4501165528440298, "LRR": 0.4501165528440298, "LRL": 0.4501165528440298, "LRE": 0.4501165528440298, "LOG_R": 0.4501165528440298, "RF": 0.4501165528440298, "SVM": 0.4501165528440298, "DNN": 0.4501165528440298}, "0 + 1 + 4": {"AB": 0.451154784109223,