{"0": {"AB": 0.11111111111111112, "AC": 0.3650793650793651, "DS": 0.3333333333333333, "DT": 0.11111111111111112, "GM": 0.3333333333333333, "GN": 0.3650793650793651, "GB": 0.11111111111111112, "KNN": 0.3333333333333333, "KM": 0.4666666666666667, "LR": 0.6190476190476191, "LRR": 0.6190476190476191, "LRL": 0.6190476190476191, "LRE": 0.6190476190476191, "LOG_R": 0.6190476190476191, "RF": 0.11111111111111112, "SVM": 0.4666666666666667, "DNN": 0.5}, "1": {"AB": 0.11111111111111112, "AC": 0.4666666666666667, "DS": 0.3333333333333333, "DT": 0.11111111111111112, "GM": 0.4666666666666667, "GN": 0.5, "GB": 0.11111111111111112, "KNN": 0.2727272727272727, "KM": 0.4666666666666667, "LR": 0.4666666666666667, "LRR": 0.4666666666666667, "LRL": 0.4666666666666667, "LRE": 0.4666666666666667, "LOG_R": 0.4666666666666667, "RF": 0.11111111111111112, "SVM": 0.4666666666666667, "DNN": 0.3650793650793651}, "2": {"AB": 0.3333333333333333, "AC": 0.25, "DS": 0.3333333333333333, "DT": 0.25, "GM": 0.25, "GN": 0.25, "GB": 0.25, "KNN": 0.25, "KM": 0.25, "LR": 0.3333333333333333, "LRR": 0.3333333333333333, "LRL": 0.3333333333333333, "LRE": 0.3333333333333333, "LOG_R": 0.3333333333333333, "RF": 0.3333333333333333, "SVM": 0.25, "DNN": 0.25}, "3": {"AB": 0.0, "AC": 0.48571428571428577, "DS": 0.3333333333333333, "DT": 0.0, "GM": 0.3333333333333333, "GN": 0.3333333333333333, "GB": 0.0, "KNN": 0.25, "KM": 0.48571428571428577, "LR": 0.14285714285714288, "LRR": 0.14285714285714288, "LRL": 0.14285714285714288, "LRE": 0.14285714285714288, "LOG_R": 0.14285714285714288, "RF": 0.0, "SVM": 0.3333333333333333, "DNN": 0.6249999999999999}, "4": {"AB": 0.25, "AC": 0.6249999999999999, "DS": 0.3333333333333333, "DT": 0.25, "GM": 0.3333333333333333, "GN": 0.25, "GB": 0.25, "KNN": 0.3333333333333333, "KM": 0.25, "LR": 0.25, "LRR": 0.25, "LRL": 0.25, "LRE": 0.25, "LOG_R": 0.25, "RF": 0.25, "SVM": 0.25, "DNN": 0.25}, "0 + 1": {"AB": 0.2, "AC": 0.6190476190476191, "DS": 0.3333333333333333, "DT": 0.2, "GM": 0.3650793650793651, "GN": 0.25, "GB": 0.2, "KNN": 0.2727272727272727, "KM": 0.6190476190476191, "LR": 0.25, "LRR": 0.25, "LRL": 0.25, "LRE": 0.25, "LOG_R": 0.25, "RF": 0.25, "SVM": 0.25, "DNN": 0.25}, "0 + 2": {"AB": 0.14285714285714288, "AC": 0.48571428571428577, "DS": 0.3333333333333333, "DT": 0.14285714285714288, "GM": 0.3333333333333333, "GN": 0.48571428571428577, "GB": 0.14285714285714288, "KNN": 0.14285714285714288, "KM": 0.48571428571428577, "LR": 0.48571428571428577, "LRR": 0.48571428571428577, "LRL": 0.3333333333333333, "LRE": 0.48571428571428577, "LOG_R": 0.48571428571428577, "RF": 0.14285714285714288, "SVM": 0.3333333333333333, "DNN": 0.6249999999999999}, "0 + 3": {"AB": 0.14285714285714288, "AC": 0.48571428571428577, "DS": 0.3333333333333333, "DT": 0.25, "GM": 0.3333333333333333, "GN": 0.3333333333333333, "GB": 0.14285714285714288, "KNN": 0.25, "KM": 0.48571428571428577, "LR": 0.3333333333333333, "LRR": 0.3333333333333333, "LRL": 0.3333333333333333, "LRE": 0.3333333333333333, "LOG_R": 0.3333333333333333, "RF": 0.25, "SVM": 0.48571428571428577, "DNN": 0.14285714285714288}, "0 + 4": {"AB": 0.0, "AC": 0.48571428571428577, "DS": 0.3333333333333333, "DT": 0.14285714285714288, "GM": 0.3333333333333333, "GN": 0.25, "GB": 0.14285714285714288, "KNN": 0.25, "KM": 0.48571428571428577, "LR": 0.48571428571428577, "LRR": 0.48571428571428577, "LRL": 0.48571428571428577, "LRE": 0.48571428571428577, "LOG_R": 0.48571428571428577, "RF": 0.14285714285714288, "SVM": 0.25, "DNN": 0.3333333333333333}, "1 + 2": {"AB": 0.3333333333333333, "AC": 0.48571428571428577, "DS": 0.3333333333333333, "DT": 0.25, "GM": 0.48571428571428577, "GN": 0.48571428571428577, "GB": 0.3333333333333333, "KNN": 0.3333333333333333, "KM": 0.48571428571428577, "LR": 0.3333333333333333, "LRR": 0.3333333333333333, "LRL": 0.3333333333333333, "LRE": 0.3333333333333333, "LOG_R": 0.3333333333333333, "RF": 0.3333333333333333, "SVM": 0.6249999999999999, "DNN": 0.48571428571428577}, "1 + 3": {"AB": 0.14285714285714288, "AC": 0.48571428571428577, "DS": 0.3333333333333333, "DT": 0.0, "GM": 0.48571428571428577, "GN": 0.48571428571428577, "GB": 0.3333333333333333, "KNN": 0.3333333333333333, "KM": 0.48571428571428577, "LR": 0.14285714285714288, "LRR": 0.14285714285714288, "LRL": 0.14285714285714288, "LRE": 0.14285714285714288, "LOG_R": 0.48571428571428577, "RF": 0.25, "SVM": 0.25, "DNN": 0.25}, "1 + 4": {"AB": 0.3333333333333333, "AC": 0.48571428571428577, "DS": 0.3333333333333333, "DT": 0.3333333333333333, "GM": 0.48571428571428577, "GN": 0.48571428571428577, "GB": 0.3333333333333333, "KNN": 0.14285714285714288, "KM": 0.48571428571428577, "LR": 0.3333333333333333, "LRR": 0.3333333333333333, "LRL": 0.3333333333333333, "LRE": 0.3333333333333333, "LOG_R": 0.3333333333333333, "RF": 0.3333333333333333, "SVM": 0.3333333333333333, "DNN": 0.48571428571428577}, "2 + 3": {"AB": 0.0, "AC": 0.48571428571428577, "DS": 0.3333333333333333, "DT": 0.0, "GM": 0.6249999999999999, "GN": 0.3333333333333333, "GB": 0.0, "KNN": 0.3333333333333333, "KM": 0.48571428571428577, "LR": 0.48571428571428577, "LRR": 0.48571428571428577, "LRL": 0.48571428571428577, "LRE": 0.48571428571428577, "LOG_R": 0.48571428571428577, "RF": 0.0, "SVM": 0.25, "DNN": 0.25}, "2 + 4": {"AB": 0.0, "AC": 0.14285714285714288, "DS": 0.3333333333333333, "DT": 0.0, "GM": 0.3333333333333333, "GN": 0.14285714285714288, "GB": 0.0, "KNN": 0.3333333333333333, "KM": 0.14285714285714288, "LR": 0.14285714285714288, "LRR": 0.14285714285714288, "LRL": 0.14285714285714288, "LRE": 0.14285714285714288, "LOG_R": 0.14285714285714288, "RF": 0.0, "SVM": 0.25, "DNN": 0.48571428571428577}, "3 + 4": {"AB": 0.14285714285714288, "AC": 0.25, "DS": 0.3333333333333333, "DT": 0.14285714285714288, "GM": 0.3333333333333333, "GN": 0.25, "GB": 0.14285714285714288, "KNN": 0.25, "KM": 0.25, "LR": 0.3333333333333333, "LRR": 0.3333333333333333, "LRL": 0.25, "LRE": 0.3333333333333333, "LOG_R": 0.25, "RF": 0.14285714285714288, "SVM": 0.25, "DNN": 0.3333333333333333}, "0 + 1 + 2": {"AB": 0.0, "AC": 0.6249999999999999, "DS": 0.3333333333333333, "DT": 0.0, "GM": 0.25, "GN": 0.25, "GB": 0.0, "KNN": 0.3333333333333333, "KM": 0.6249999999999999, "LR": 0.48571428571428577, "LRR": 0.48571428571428577, "LRL": 0.3333333333333333, "LRE": 0.48571428571428577, "LOG_R": 0.3333333333333333, "RF": 0.0, "SVM": 0.25, "DNN": 0.3333333333333333}, "0 + 1 + 3": {"AB": 0.0, "AC": 0.25, "DS": 0.3333333333333333, "DT": 0.14285714285714288, "GM": 0.25, "GN": 0.14285714285714288, "GB": 0.0, "KNN": 0.25, "KM": 0.6249999999999999, "LR": 0.28571428571428575, "LRR": 0.25, "LRL": 0.25, "LRE": 0.28571428571428575, "LOG_R": 0.3333333333333333, "RF": 0.0, "SVM": 0.25, "DNN": 0.14285714285714288}, "0 + 1 + 4": {"AB": 0.14285714285714288, "AC": 0.48571428571428577, "DS": 0.3333333333333333, "DT": 0.14285714285714288, "GM": 0.48571428571428577, "GN": 0.25, "GB": 0.14285714285714288, "KNN": 0.3333333333333333, "KM": 0.48571428571428577, "LR": 0.16666666666666666, "LRR": 0.25, "LRL": 0.25, "LRE": 0.25, "LOG_R": 0.25, "RF": 0.25, "SVM": 0.25, "DNN": 0.25}, "0 + 2 + 3": {"AB": 0.14285714285714288, "AC": 0.3333333333333333, "DS": 0.3333333333333333, "DT": 0.25, "GM": 0.3333333333333333, "GN": 0.3333333333333333, "GB": 0.14285714285714288, "KNN": 0.3333333333333333, "KM": 0.3333333333333333, "LR": 0.48571428571428577, "LRR": 0.3333333333333333, "LRL": 0.3333333333333333, "LRE": 0.48571428571428577, "LOG_R": 0.3333333333333333, "RF": 0.14285714285714288, "SVM": 0.3333333333333333, "DNN": 0.25}, "0 + 2 + 4": {"AB": 0.0, "AC": 0.48571428571428577, "DS": 0.3333333333333333, "DT": 0.0, "GM": 0.3333333333333333, "GN": 0.3333333333333333, "GB": 0.0, "KNN": 0.25, "KM": 0.48571428571428577, "LR": 0.8285714285714286, "LRR": 0.6249999999999999, "LRL": 0.8285714285714286, "LRE": 0.8285714285714286, "LOG_R": 0.6249999999999999, "RF": 0.0, "SVM": 0.3333333333333333, "DNN": 0.14285714285714288}, "0 + 3 + 4": {"AB": 0.14285714285714288, "AC": 0.6249999999999999, "DS": 0.3333333333333333, "DT": 0.0,