{"0": {"AB": 0.7516483516483518, "AC": 0.5860805860805861, "DS": 0.6688963210702342, "DT": 0.7516483516483518, "GM": 0.08653846153846154, "GN": 0.6688963210702342, "GB": 0.8146853146853146, "KNN": 0.8146853146853146, "KM": 0.25824175824175827, "LR": 0.6688963210702342, "LRR": 0.6688963210702342, "LRL": 0.6688963210702342, "LRE": 0.6688963210702342, "LOG_R": 0.6688963210702342, "RF": 0.8146853146853146, "SVM": 0.6688963210702342, "DNN": 0.6688963210702342}, "1": {"AB": 0.7516483516483518, "AC": 0.9265471370734529, "DS": 0.6688963210702342, "DT": 0.7516483516483518, "GM": 0.6688963210702342, "GN": 0.3553113553113553, "GB": 0.6688963210702342, "KNN": 0.6293706293706294, "KM": 0.10989010989010992, "LR": 0.6688963210702342, "LRR": 0.6688963210702342, "LRL": 0.6688963210702342, "LRE": 0.6688963210702342, "LOG_R": 0.6688963210702342, "RF": 0.8461538461538461, "SVM": 0.6688963210702342, "DNN": 0.6688963210702342}, "2": {"AB": 0.5526315789473683, "AC": 0.7315789473684212, "DS": 0.6428571428571428, "DT": 0.5526315789473683, "GM": 0.10000000000000002, "GN": 0.7999999999999999, "GB": 0.6428571428571428, "KNN": 0.6428571428571428, "KM": 0.21328671328671325, "LR": 0.6428571428571428, "LRR": 0.6428571428571428, "LRL": 0.6428571428571428, "LRE": 0.6428571428571428, "LOG_R": 0.6428571428571428, "RF": 0.7315789473684212, "SVM": 0.6428571428571428, "DNN": 0.6428571428571428}, "3": {"AB": 0.6222222222222222, "AC": 0.6222222222222222, "DS": 0.6805555555555557, "DT": 0.6222222222222222, "GM": 0.6805555555555557, "GN": 0.6805555555555557, "GB": 0.6805555555555557, "KNN": 0.6805555555555557, "KM": 0.6222222222222222, "LR": 0.6805555555555557, "LRR": 0.6805555555555557, "LRL": 0.6805555555555557, "LRE": 0.6805555555555557, "LOG_R": 0.6805555555555557, "RF": 0.6805555555555557, "SVM": 0.6805555555555557, "DNN": 0.6805555555555557}, "4": {"AB": 0.6428571428571428, "AC": 0.5769230769230769, "DS": 0.6428571428571428, "DT": 0.6428571428571428, "GM": 0.6428571428571428, "GN": 0.5333333333333333, "GB": 0.6428571428571428, "KNN": 0.6428571428571428, "KM": 0.40909090909090906, "LR": 0.6428571428571428, "LRR": 0.6428571428571428, "LRL": 0.6428571428571428, "LRE": 0.6428571428571428, "LOG_R": 0.6428571428571428, "RF": 0.6428571428571428, "SVM": 0.6428571428571428, "DNN": 0.6428571428571428}, "0 + 1": {"AB": 0.9265471370734529, "AC": 0.5384615384615384, "DS": 0.6688963210702342, "DT": 0.9265471370734529, "GM": 0.6688963210702342, "GN": 0.7153846153846153, "GB": 0.9265471370734529, "KNN": 0.9265471370734529, "KM": 0.573076923076923, "LR": 0.6688963210702342, "LRR": 0.6688963210702342, "LRL": 0.6688963210702342, "LRE": 0.6688963210702342, "LOG_R": 0.6688963210702342, "RF": 0.9265471370734529, "SVM": 0.6688963210702342, "DNN": 0.6688963210702342}, "0 + 2": {"AB": 0.8333333333333334, "AC": 0.7999999999999999, "DS": 0.6428571428571428, "DT": 0.8333333333333334, "GM": 0.07142857142857144, "GN": 0.7999999999999999, "GB": 0.8333333333333334, "KNN": 0.8333333333333334, "KM": 0.07142857142857144, "LR": 0.6749999999999999, "LRR": 0.6749999999999999, "LRL": 0.6749999999999999, "LRE": 0.6749999999999999, "LOG_R": 0.7999999999999999, "RF": 0.7999999999999999, "SVM": 0.7999999999999999, "DNN": 0.7999999999999999}, "0 + 3": {"AB": 0.874074074074074, "AC": 0.6222222222222222, "DS": 0.6805555555555557, "DT": 1.0, "GM": 0.6805555555555557, "GN": 0.48773448773448774, "GB": 0.6805555555555557, "KNN": 0.874074074074074, "KM": 0.4444444444444444, "LR": 0.6805555555555557, "LRR": 0.6805555555555557, "LRL": 0.6805555555555557, "LRE": 0.6805555555555557, "LOG_R": 0.6805555555555557, "RF": 0.6805555555555557, "SVM": 0.6805555555555557, "DNN": 0.6805555555555557}, "0 + 4": {"AB": 0.5333333333333333, "AC": 0.6454545454545454, "DS": 0.6428571428571428, "DT": 0.5, "GM": 0.6428571428571428, "GN": 0.6454545454545454, "GB": 0.6428571428571428, "KNN": 0.6428571428571428, "KM": 0.6454545454545454, "LR": 0.6428571428571428, "LRR": 0.6428571428571428, "LRL": 0.6428571428571428, "LRE": 0.6428571428571428, "LOG_R": 0.6428571428571428, "RF": 0.6454545454545454, "SVM": 0.6428571428571428, "DNN": 0.6428571428571428}, "1 + 2": {"AB": 0.6666666666666666, "AC": 0.6, "DS": 0.6428571428571428, "DT": 0.7315789473684212, "GM": 0.6, "GN": 0.37142857142857144, "GB": 0.6666666666666666, "KNN": 0.7999999999999999, "KM": 0.38811188811188807, "LR": 0.47142857142857136, "LRR": 0.47142857142857136, "LRL": 0.5520833333333334, "LRE": 0.47142857142857136, "LOG_R": 0.45555555555555555, "RF": 0.5312500000000001, "SVM": 0.45555555555555555, "DNN": 0.6008403361344539}, "1 + 3": {"AB": 0.7962962962962963, "AC": 0.2828282828282828, "DS": 0.6805555555555557, "DT": 0.7962962962962963, "GM": 0.6805555555555557, "GN": 0.2222222222222222, "GB": 0.7962962962962963, "KNN": 0.6871794871794871, "KM": 0.7777777777777778, "LR": 0.7777777777777778, "LRR": 0.6805555555555557, "LRL": 0.6805555555555557, "LRE": 0.874074074074074, "LOG_R": 0.6805555555555557, "RF": 0.6222222222222222, "SVM": 0.6805555555555557, "DNN": 0.6805555555555557}, "1 + 4": {"AB": 0.8818181818181818, "AC": 0.5769230769230769, "DS": 0.6428571428571428, "DT": 0.8818181818181818, "GM": 0.6428571428571429, "GN": 0.40909090909090906, "GB": 0.8818181818181818, "KNN": 1.0, "KM": 0.3253968253968254, "LR": 0.40909090909090906, "LRR": 0.40909090909090906, "LRL": 0.40909090909090906, "LRE": 0.40909090909090906, "LOG_R": 0.40909090909090906, "RF": 0.75, "SVM": 0.40909090909090906, "DNN": 0.6428571428571429}, "2 + 3": {"AB": 0.2828282828282828, "AC": 0.48773448773448774, "DS": 0.6805555555555557, "DT": 0.3888888888888889, "GM": 0.0808080808080808, "GN": 0.6222222222222222, "GB": 0.6222222222222222, "KNN": 0.6222222222222222, "KM": 0.48773448773448774, "LR": 0.6805555555555557, "LRR": 0.6805555555555557, "LRL": 0.6805555555555557, "LRE": 0.6805555555555557, "LOG_R": 0.6805555555555557, "RF": 0.6222222222222222, "SVM": 0.6805555555555557, "DNN": 0.6805555555555557}, "2 + 4": {"AB": 0.6428571428571428, "AC": 0.6428571428571429, "DS": 0.6428571428571428, "DT": 0.5769230769230769, "GM": 0.1, "GN": 0.6428571428571428, "GB": 0.5769230769230769, "KNN": 0.6428571428571428, "KM": 0.6428571428571429, "LR": 0.6428571428571428, "LRR": 0.6428571428571428, "LRL": 0.6428571428571428, "LRE": 0.6428571428571428, "LOG_R": 0.6428571428571428, "RF": 0.6428571428571428, "SVM": 0.6428571428571428, "DNN": 0.6428571428571428}, "3 + 4": {"AB": 0.5769230769230769, "AC": 0.5, "DS": 0.6428571428571428, "DT": 0.75, "GM": 0.6428571428571428, "GN": 0.5333333333333333, "GB": 0.6428571428571428, "KNN": 0.6428571428571428, "KM": 0.5, "LR": 0.6428571428571428, "LRR": 0.6428571428571428, "LRL": 0.6428571428571428, "LRE": 0.6428571428571428, "LOG_R": 0.6428571428571428, "RF": 0.6428571428571428, "SVM": 0.6428571428571428, "DNN": 0.5}, "0 + 1 + 2": {"AB": 0.9201680672268907, "AC": 0.6, "DS": 0.6428571428571428, "DT": 0.7315789473684212, "GM": 0.6, "GN": 0.7999999999999999, "GB": 0.7999999999999999, "KNN": 1.0, "KM": 0.6666666666666666, "LR": 0.7999999999999999, "LRR": 0.7999999999999999, "LRL": 0.7999999999999999, "LRE": 0.7999999999999999, "LOG_R": 0.7999999999999999, "RF": 1.0, "SVM": 0.7999999999999999, "DNN": 0.7999999999999999}, "0 + 1 + 3": {"AB": 1.0, "AC": 0.6222222222222222, "DS": 0.6805555555555557, "DT": 1.0, "GM": 0.0808080808080808, "GN": 0.2833333333333333, "GB": 1.0, "KNN": 0.8957264957264957, "KM": 0.2833333333333333, "LR": 0.874074074074074, "LRR": 0.6805555555555557, "LRL": 0.6805555555555557, "LRE": 0.6805555555555557, "LOG_R": 0.6805555555555557, "RF": 0.874074074074074, "SVM": 0.6805555555555557, "DNN": 0.6805555555555557}, "0 + 1 + 4": {"AB": 0.8818181818181818, "AC": 0.5, "DS": 0.6428571428571428, "DT": 0.8818181818181818, "GM": 0.5, "GN": 0.6428571428571429, "GB": 0.8818181818181818, "KNN": 0.7666666666666667, "KM": 0.5, "LR": 0.5, "LRR": 0.5, "LRL": 0.5, "LRE": 0.5, "LOG_R": 0.6428571428571428, "RF": 0.8818181818181818, "SVM": 0.6428571428571428, "DNN": 0.5769230769230769}, "0 + 2 + 3": {"AB": 0.8957264957264957,