{"0": {"AB": 0.2, "AC": 0.7333333333333334, "DS": 0.0, "DT": 0.2, "GM": 0.7333333333333334, "GN": 0.3333333333333333, "GB": 0.2, "KNN": 0.3333333333333333, "KM": 0.7333333333333334, "LR": 0.3333333333333333, "LRR": 0.3333333333333333, "LRL": 0.3333333333333333, "LRE": 0.3333333333333333, "LOG_R": 0.3333333333333333, "RF": 0.2, "SVM": 0.2, "DNN": 0.3333333333333333}, "1": {"AB": 0.0, "AC": 0.2, "DS": 0.0, "DT": 0.0, "GM": 0.3333333333333333, "GN": 0.2, "GB": 0.0, "KNN": 0.3333333333333333, "KM": 0.2, "LR": 0.2, "LRR": 0.2, "LRL": 0.2, "LRE": 0.2, "LOG_R": 0.2, "RF": 0.0, "SVM": 0.3333333333333333, "DNN": 0.2}, "2": {"AB": 0.0, "AC": 0.7333333333333334, "DS": 0.0, "DT": 0.0, "GM": 0.3333333333333333, "GN": 0.2, "GB": 0.0, "KNN": 0.2, "KM": 0.2, "LR": 0.2, "LRR": 0.2, "LRL": 0.2, "LRE": 0.2, "LOG_R": 0.2, "RF": 0.0, "SVM": 0.3333333333333333, "DNN": 0.2}, "3": {"AB": 0.2, "AC": 0.7333333333333334, "DS": 0.0, "DT": 0.2, "GM": 0.3333333333333333, "GN": 0.2, "GB": 0.2, "KNN": 0.2, "KM": 0.7333333333333334, "LR": 0.3333333333333333, "LRR": 0.3333333333333333, "LRL": 0.3333333333333333, "LRE": 0.3333333333333333, "LOG_R": 0.3333333333333333, "RF": 0.2, "SVM": 0.3333333333333333, "DNN": 0.3333333333333333}, "4": {"AB": 0.0, "AC": 0.5, "DS": 0.0, "DT": 0.0, "GM": 0.5, "GN": 0.5, "GB": 0.0, "KNN": 0.3333333333333333, "KM": 0.5, "LR": 0.2, "LRR": 0.2, "LRL": 0.2, "LRE": 0.2, "LOG_R": 0.2, "RF": 0.0, "SVM": 0.5, "DNN": 0.5}, "0 + 1": {"AB": 0.0, "AC": 0.2, "DS": 0.0, "DT": 0.0, "GM": 0.2, "GN": 0.2, "GB": 0.0, "KNN": 0.3333333333333333, "KM": 0.7333333333333334, "LR": 0.2, "LRR": 0.2, "LRL": 0.2, "LRE": 0.2, "LOG_R": 0.2, "RF": 0.0, "SVM": 0.3333333333333333, "DNN": 0.2}, "0 + 2": {"AB": 0.0, "AC": 0.2, "DS": 0.0, "DT": 0.0, "GM": 0.3333333333333333, "GN": 0.0, "GB": 0.0, "KNN": 0.2, "KM": 0.0, "LR": 0.2, "LRR": 0.2, "LRL": 0.2, "LRE": 0.2, "LOG_R": 0.2, "RF": 0.0, "SVM": 0.3333333333333333, "DNN": 0.0}, "0 + 3": {"AB": 0.0, "AC": 0.2, "DS": 0.0, "DT": 0.0, "GM": 0.2, "GN": 0.5, "GB": 0.0, "KNN": 0.3333333333333333, "KM": 0.7333333333333334, "LR": 0.7333333333333334, "LRR": 0.7333333333333334, "LRL": 0.7333333333333334, "LRE": 0.7333333333333334, "LOG_R": 0.7333333333333334, "RF": 0.0, "SVM": 0.2, "DNN": 0.2}, "0 + 4": {"AB": 0.0, "AC": 0.2, "DS": 0.0, "DT": 0.0, "GM": 0.2, "GN": 0.2, "GB": 0.0, "KNN": 0.2, "KM": 0.7333333333333334, "LR": 0.0, "LRR": 0.0, "LRL": 0.0, "LRE": 0.0, "LOG_R": 0.0, "RF": 0.0, "SVM": 0.0, "DNN": 0.3333333333333333}, "1 + 2": {"AB": 0.2, "AC": 0.7333333333333334, "DS": 0.0, "DT": 0.2, "GM": 0.3333333333333333, "GN": 0.3333333333333333, "GB": 0.2, "KNN": 0.2, "KM": 0.7333333333333334, "LR": 0.3333333333333333, "LRR": 0.3333333333333333, "LRL": 0.3333333333333333, "LRE": 0.2, "LOG_R": 0.3333333333333333, "RF": 0.2, "SVM": 0.3333333333333333, "DNN": 0.3333333333333333}, "1 + 3": {"AB": 0.2, "AC": 0.5, "DS": 0.0, "DT": 0.2, "GM": 0.5, "GN": 0.2, "GB": 0.2, "KNN": 0.2, "KM": 0.5, "LR": 0.0, "LRR": 0.2, "LRL": 0.2, "LRE": 0.0, "LOG_R": 0.2, "RF": 0.2, "SVM": 0.2, "DNN": 0.2}, "1 + 4": {"AB": 0.0, "AC": 0.7333333333333334, "DS": 0.0, "DT": 0.0, "GM": 0.2, "GN": 0.2, "GB": 0.0, "KNN": 0.0, "KM": 0.7333333333333334, "LR": 0.0, "LRR": 0.0, "LRL": 0.0, "LRE": 0.0, "LOG_R": 0.0, "RF": 0.0, "SVM": 0.0, "DNN": 0.3333333333333333}, "2 + 3": {"AB": 0.3333333333333333, "AC": 0.5, "DS": 0.0, "DT": 0.3333333333333333, "GM": 0.5, "GN": 0.3333333333333333, "GB": 0.3333333333333333, "KNN": 0.3333333333333333, "KM": 0.5, "LR": 0.3333333333333333, "LRR": 0.3333333333333333, "LRL": 0.3333333333333333, "LRE": 0.3333333333333333, "LOG_R": 0.3333333333333333, "RF": 0.3333333333333333, "SVM": 0.3333333333333333, "DNN": 0.5}, "2 + 4": {"AB": 0.2, "AC": 0.5, "DS": 0.0, "DT": 0.2, "GM": 0.5, "GN": 0.2, "GB": 0.2, "KNN": 0.2, "KM": 0.5, "LR": 0.2, "LRR": 0.2, "LRL": 0.2, "LRE": 0.2, "LOG_R": 0.2, "RF": 0.2, "SVM": 0.2, "DNN": 0.2}, "3 + 4": {"AB": 0.2, "AC": 0.2, "DS": 0.0, "DT": 0.2, "GM": 0.2, "GN": 0.2, "GB": 0.2, "KNN": 0.2, "KM": 0.2, "LR": 0.2, "LRR": 0.2, "LRL": 0.2, "LRE": 0.2, "LOG_R": 0.2, "RF": 0.2, "SVM": 0.2, "DNN": 0.2}, "0 + 1 + 2": {"AB": 0.0, "AC": 0.7333333333333334, "DS": 0.0, "DT": 0.0, "GM": 0.7333333333333334, "GN": 0.2, "GB": 0.0, "KNN": 0.3333333333333333, "KM": 0.2, "LR": 0.2, "LRR": 0.2, "LRL": 0.2, "LRE": 0.2, "LOG_R": 0.2, "RF": 0.0, "SVM": 0.3333333333333333, "DNN": 0.5}, "0 + 1 + 3": {"AB": 0.2, "AC": 0.5, "DS": 0.0, "DT": 0.2, "GM": 0.5, "GN": 0.3333333333333333, "GB": 0.2, "KNN": 0.2, "KM": 0.5, "LR": 0.2, "LRR": 0.2, "LRL": 0.2, "LRE": 0.2, "LOG_R": 0.3333333333333333, "RF": 0.2, "SVM": 0.2, "DNN": 0.3333333333333333}, "0 + 1 + 4": {"AB": 0.0, "AC": 0.7333333333333334, "DS": 0.0, "DT": 0.0, "GM": 0.7333333333333334, "GN": 0.0, "GB": 0.0, "KNN": 0.0, "KM": 0.2, "LR": 0.2, "LRR": 0.2, "LRL": 0.2, "LRE": 0.2, "LOG_R": 0.2, "RF": 0.0, "SVM": 0.3333333333333333, "DNN": 0.3333333333333333}, "0 + 2 + 3": {"AB": 0.0, "AC": 0.7333333333333334, "DS": 0.0, "DT": 0.0, "GM": 0.5, "GN": 0.5, "GB": 0.0, "KNN": 0.2, "KM": 0.2, "LR": 0.5, "LRR": 0.5, "LRL": 0.5, "LRE": 0.5, "LOG_R": 0.5, "RF": 0.0, "SVM": 0.2, "DNN": 0.7333333333333334}, "0 + 2 + 4": {"AB": 0.0, "AC": 0.2, "DS": 0.0, "DT": 0.0, "GM": 0.2, "GN": 0.2, "GB": 0.0, "KNN": 0.2, "KM": 0.2, "LR": 0.0, "LRR": 0.0, "LRL": 0.0, "LRE": 0.0, "LOG_R": 0.0, "RF": 0.0, "SVM": 0.0, "DNN": 0.0}, "0 + 3 + 4": {"AB": 0.2, "AC": 0.2, "DS": 0.0, "DT": 0.2, "GM": 0.2, "GN": 0.2, "GB": 0.2, "KNN": 0.3333333333333333, "KM": 0.2, "LR": 0.2, "LRR": 0.2, "LRL": 0.2, "LRE": 0.2, "LOG_R": 0.2, "RF": 0.2, "SVM": 0.2, "DNN": 0.2}, "1 + 2 + 3": {"AB": 0.0, "AC": 0.2, "DS": 0.0, "DT": 0.0, "GM": 0.3333333333333333, "GN": 0.2, "GB": 0.0, "KNN": 0.2, "KM": 0.7333333333333334, "LR": 0.5, "LRR": 0.2, "LRL": 0.3333333333333333, "LRE": 0.2, "LOG_R": 0.3333333333333333, "RF": 0.0, "SVM": 0.3333333333333333, "DNN": 0.3333333333333333}, "1 + 2 + 4": {"AB": 0.0, "AC": 0.7333333333333334, "DS": 0.0, "DT": 0.0, "GM": 0.7333333333333334, "GN": 0.0, "GB": 0.0, "KNN": 0.3333333333333333, "KM": 0.2, "LR": 0.0, "LRR": 0.0, "LRL": 0.0, "LRE": 0.0, "LOG_R": 0.0, "RF": 0.0, "SVM": 0.0, "DNN": 0.7333333333333334}, "1 + 3 + 4": {"AB": 0.0, "AC": 0.7333333333333334, "DS": 0.0, "DT": 0.0, "GM": 0.7333333333333334, "GN": 0.2, "GB": 0.0, "KNN": 0.3333333333333333, "KM": 0.7333333333333334, "LR": 0.0, "LRR": 0.2, "LRL": 0.2, "LRE": 0.2, "LOG_R": 0.2, "RF": 0.0, "SVM": 0.2, "DNN": 0.5}, "2 + 3 + 4": {"AB": 0.0, "AC": 0.2, "DS": 0.0, "DT": 0.0, "GM": 0.2, "GN": 0.0, "GB": 0.0, "KNN": 0.0, "KM": 0.2, "LR": 0.0, "LRR": 0.0, "LRL": 0.0, "LRE": 0.0, "LOG_R": 0.0, "RF": 0.0, "SVM": 0.0, "DNN": 0.0}, "0 + 1 + 2 + 3": {"AB": 0.2, "AC": 0.2, "DS": 0.0, "DT": 0.2, "GM": 0.3333333333333333, "GN": 0.2, "GB": 0.2, "KNN": 0.3333333333333333, "KM": 0.2, "LR": 0.2, "LRR": 0.2, "LRL": 0.3333333333333333, "LRE": 0.2, "LOG_R": 0.3333333333333333, "RF": 0.2, "SVM": 0.3333333333333333, "DNN": 0.7333333333333334}, "0 + 1 + 2 + 4": {"AB": 0.0, "AC": 0.2, "DS": 0.0, "DT": 0.0, "GM": 0.7333333333333334, "GN": 0.5, "GB": 0.0, "KNN": 0.3333333333333333, "KM": 0.7333333333333334, "LR": 0.2, "LRR": 0.2, "LRL": 0.2, "LRE": 0.2, "LOG_R": 0.2, "RF": 0.0, "SVM": 0.2, "DNN": 0.2}, "0 + 1 + 3 + 4": {"AB": 0.2, "AC": 0.7333333333333334, "DS": 0.0, "DT": 0.2, "GM": 0.7333333333333334, "GN": 0.2, "GB": 0.2, "KNN": 0.3333333333333333, "KM": 0.7333333333333334, "LR": 0.2, "LRR": 0.2, "LRL": 0.2, "LRE": 0.2, "LOG_R": 0.2, "RF": 0.2, "SVM": 0.2, "DNN": 0.2}, "0 + 2 + 3 + 4": {"AB": 0.0, "AC": 0.2, "DS": 0.0, "DT": 0.0, "GM": 0.2, "GN": 0.2, "GB": 0.0, "KNN": 0.2, "KM": 0.2, "LR": 0.2, "LRR": 0.2, "LRL": 0.2, "LRE": 0.2, "LOG_R": 0.2, "RF": 0.0, "SVM": 0.2, "DNN": 0.2}, "1 + 2 + 3 + 4": {"AB": 0.0, "AC": 0.7333333333333334, "DS": 0.0, "DT": 0.0, "GM": 0.2, "GN": 0.0, "GB": 0.0, "KNN": 0.2, "KM": 0.2, "LR": 0.0, "LRR": 0.0, "LRL": 0.0, "LRE": 0.0, "LOG_R": 0.0, "RF": 0.0, "SVM": 0.0, "DNN": 0.0}, "0 + 1 + 2 + 3 + 4": {"AB": 0.0, "AC": 0.7333333333333334, "DS": 0.0, "DT": 0.0,