{"0": {"AB": 0.7953431203303456, "AC": 0.3335461275878885, "DS": 0.3496390341050535, "DT": 0.8543689320388349, "GM": 0.40600692670186805, "GN": 0.727898494888786, "GB": 0.8436304795528098, "KNN": 0.8237764102108374, "KM": 0.4250100828252954, "LR": 0.7438663141602422, "LRR": 0.7438663141602422, "LRL": 0.7645999940980316, "LRE": 0.7438663141602422, "LOG_R": 0.7645999940980316, "RF": 0.8436304795528098, "SVM": 0.7438663141602422, "DNN": 0.7755585531565565}, "1": {"AB": 0.80998099809981, "AC": 0.34846574190836493, "DS": 0.33333333333333326, "DT": 0.7899789978997899, "GM": 0.33333333333333326, "GN": 0.6279454319966927, "GB": 0.7293233082706766, "KNN": 0.7694235588972431, "KM": 0.34846574190836493, "LR": 0.5198079231692677, "LRR": 0.5198079231692677, "LRL": 0.5198079231692677, "LRE": 0.5198079231692677, "LOG_R": 0.5198079231692677, "RF": 0.7293233082706766, "SVM": 0.6006725514922236, "DNN": 0.4926948051948051}, "2": {"AB": 0.7705097809389347, "AC": 0.424727924697445, "DS": 0.32762175613224315, "DT": 0.7714452441159307, "GM": 0.32762175613224315, "GN": 0.5139130712146427, "GB": 0.7064667291471416, "KNN": 0.8340646753017887, "KM": 0.33548066649340147, "LR": 0.4805573729907517, "LRR": 0.4805573729907517, "LRL": 0.4805573729907517, "LRE": 0.4805573729907517, "LOG_R": 0.4805573729907517, "RF": 0.6814975583288118, "SVM": 0.6077180273056562, "DNN": 0.3810616736226764}, "3": {"AB": 0.7260549872122761, "AC": 0.2629817444219067, "DS": 0.240929203539823, "DT": 0.784157145222719, "GM": 0.240929203539823, "GN": 0.625, "GB": 0.7100104821802935, "KNN": 0.7270833333333334, "KM": 0.6400815002373793, "LR": 0.6571907600596125, "LRR": 0.6571907600596125, "LRL": 0.6285576438999831, "LRE": 0.6571907600596125, "LOG_R": 0.625, "RF": 0.65, "SVM": 0.6285576438999831, "DNN": 0.6400815002373793}, "4": {"AB": 0.8100608276275159, "AC": 0.38788749564611635, "DS": 0.2957403651115619, "DT": 0.7744421906693713, "GM": 0.2957403651115619, "GN": 0.5281019252786033, "GB": 0.7760624903643558, "KNN": 0.7353721329380558, "KM": 0.5684584178498986, "LR": 0.3723363037582333, "LRR": 0.3723363037582333, "LRL": 0.3723363037582333, "LRE": 0.3723363037582333, "LOG_R": 0.3723363037582333, "RF": 0.7744421906693713, "SVM": 0.3723363037582333, "DNN": 0.45819109939395214}, "0 + 1": {"AB": 0.919967987194878, "AC": 0.38557993730407525, "DS": 0.33333333333333326, "DT": 0.8899009108197379, "GM": 0.46524064171123003, "GN": 0.6980676328502416, "GB": 0.8798076923076923, "KNN": 0.9, "KM": 0.6279454319966927, "LR": 0.591015541835214, "LRR": 0.591015541835214, "LRL": 0.591015541835214, "LRE": 0.591015541835214, "LOG_R": 0.607275733774287, "RF": 0.8897243107769424, "SVM": 0.6266666666666667, "DNN": 0.7796474358974359}, "0 + 2": {"AB": 0.8969072164948454, "AC": 0.35010309278350515, "DS": 0.32762175613224315, "DT": 0.8969072164948454, "GM": 0.35010309278350515, "GN": 0.6683816645768202, "GB": 0.8444341480366038, "KNN": 0.8857242143932749, "KM": 0.6508732982594856, "LR": 0.7655922004011756, "LRR": 0.7655922004011756, "LRL": 0.7724707991668205, "LRE": 0.7655922004011756, "LOG_R": 0.7724707991668205, "RF": 0.8658938818461336, "SVM": 0.7825350507764679, "DNN": 0.8018091349353745}, "0 + 3": {"AB": 0.8371052631578948, "AC": 0.318, "DS": 0.240929203539823, "DT": 0.8634791897452129, "GM": 0.318, "GN": 0.7136675824175824, "GB": 0.8256713554987213, "KNN": 0.8263199245757384, "KM": 0.4169354838709677, "LR": 0.6947055193087639, "LRR": 0.6947055193087639, "LRL": 0.6947055193087639, "LRE": 0.6947055193087639, "LOG_R": 0.6947055193087639, "RF": 0.8256713554987213, "SVM": 0.7541262135922331, "DNN": 0.7976300197498355}, "0 + 4": {"AB": 0.8269645225464191, "AC": 0.4043887147335423, "DS": 0.2957403651115619, "DT": 0.8615716180371353, "GM": 0.3723363037582333, "GN": 0.5893159116451522, "GB": 0.7705402617840016, "KNN": 0.8275862068965517, "KM": 0.5145644283121598, "LR": 0.6518286311389759, "LRR": 0.6329681641055804, "LRL": 0.6488336713995944, "LRE": 0.6329681641055804, "LOG_R": 0.6329681641055804, "RF": 0.8058417599710783, "SVM": 0.6488336713995944, "DNN": 0.7064576426970701}, "1 + 2": {"AB": 0.8038734701537995, "AC": 0.6313651983755075, "DS": 0.32762175613224315, "DT": 0.8038734701537995, "GM": 0.32762175613224315, "GN": 0.6284526170789589, "GB": 0.7724707991668205, "KNN": 0.8761307304233383, "KM": 0.3093059400204162, "LR": 0.60699501674269, "LRR": 0.60699501674269, "LRL": 0.60699501674269, "LRE": 0.60699501674269, "LOG_R": 0.60699501674269, "RF": 0.7522614608466769, "SVM": 0.6496838961030184, "DNN": 0.7506675390355607}, "1 + 3": {"AB": 0.7767045454545455, "AC": 0.544672131147541, "DS": 0.240929203539823, "DT": 0.8261111111111112, "GM": 0.240929203539823, "GN": 0.7270741671904462, "GB": 0.7940500338066261, "KNN": 0.7858042559849789, "KM": 0.6626190476190476, "LR": 0.7860398860398861, "LRR": 0.7860398860398861, "LRL": 0.7708715596330274, "LRE": 0.7860398860398861, "LOG_R": 0.7860398860398861, "RF": 0.7368623481781377, "SVM": 0.8008949038970199, "DNN": 0.7890985324947589}, "1 + 4": {"AB": 0.8620689655172413, "AC": 0.3676524278933917, "DS": 0.2957403651115619, "DT": 0.9483221131610052, "GM": 0.2957403651115619, "GN": 0.6679988846547077, "GB": 0.8620689655172413, "KNN": 0.844966009412778, "KM": 0.6711501392161062, "LR": 0.4462864721485411, "LRR": 0.4462864721485411, "LRL": 0.4462864721485411, "LRE": 0.4462864721485411, "LOG_R": 0.4274301763145576, "RF": 0.8794180073210496, "SVM": 0.6295209861132782, "DNN": 0.7586206896551724}, "2 + 3": {"AB": 0.796, "AC": 0.36506410256410254, "DS": 0.240929203539823, "DT": 0.7705000000000001, "GM": 0.240929203539823, "GN": 0.6174999999999999, "GB": 0.796, "KNN": 0.8139466225791212, "KM": 0.6360901241230438, "LR": 0.6685000000000001, "LRR": 0.6685000000000001, "LRL": 0.6395875591615956, "LRE": 0.6685000000000001, "LOG_R": 0.6685000000000001, "RF": 0.7976300197498355, "SVM": 0.6685000000000001, "DNN": 0.6154896866635176}, "2 + 4": {"AB": 0.8966748768472906, "AC": 0.3152921387226043, "DS": 0.2957403651115619, "DT": 0.8620689655172413, "GM": 0.3723363037582333, "GN": 0.7397409892338898, "GB": 0.7119470567746429, "KNN": 0.8275862068965517, "KM": 0.6518286311389759, "LR": 0.555015513112414, "LRR": 0.555015513112414, "LRL": 0.5553851481719685, "LRE": 0.555015513112414, "LOG_R": 0.555015513112414, "RF": 0.7514242878560718, "SVM": 0.6035688449481553, "DNN": 0.648870199046818}, "3 + 4": {"AB": 0.8077452288172088, "AC": 0.44594463331714423, "DS": 0.2957403651115619, "DT": 0.7577503315649866, "GM": 0.3723363037582333, "GN": 0.7050397877984086, "GB": 0.6211412151067324, "KNN": 0.7416100156879633, "KM": 0.44594463331714423, "LR": 0.5847148541114059, "LRR": 0.5847148541114059, "LRL": 0.5847148541114059, "LRE": 0.5847148541114059, "LOG_R": 0.5847148541114059, "RF": 0.6211412151067324, "SVM": 0.5980127511632547, "DNN": 0.6329681641055804}, "0 + 1 + 2": {"AB": 0.8556394207167405, "AC": 0.40216823546989394, "DS": 0.32762175613224315, "DT": 0.7835051546391752, "GM": 0.47052891080233084, "GN": 0.790884147153627, "GB": 0.8136003172085646, "KNN": 0.8761307304233383, "KM": 0.3799598144705463, "LR": 0.6005310840362388, "LRR": 0.6005310840362388, "LRL": 0.6098621289280834, "LRE": 0.6005310840362388, "LOG_R": 0.5817682943072539, "RF": 0.8346999938478303, "SVM": 0.6377238198589258, "DNN": 0.8038734701537995}, "0 + 1 + 3": {"AB": 0.8634791897452129, "AC": 0.14358823529411766, "DS": 0.240929203539823, "DT": 0.8634791897452129, "GM": 0.3419275049469329, "GN": 0.7235677083333333, "GB": 0.8880912565695175, "KNN": 0.9007575757575758, "KM": 0.28238971173753785, "LR": 0.7641262135922331, "LRR": 0.7641262135922331, "LRL": 0.7346226415094339, "LRE": 0.7641262135922331, "LOG_R": 0.7657280219780219, "RF": 0.9, "SVM": 0.7058048433048432, "DNN": 0.8349436992879615}, "0 + 1 + 4": {"AB": 0.8791296175811465, "AC": 0.38002873563218387, "DS": 0.2957403651115619, "DT": 0.9303657262277952, "GM": 0.432512315270936, "GN": 0.7586206896551724, "GB": 0.9479481978467779, "KNN": 0.9138701886016753, "KM": 0.8269645225464191, "LR": 0.6551724137931035,