{"0": {"AB": 0.9300207039337475, "AC": 0.8499999999999999, "DS": 0.6205128205128204, "DT": 0.9300207039337475, "GM": 0.11228070175438597, "GN": 0.6205128205128204, "GB": 0.8499999999999999, "KNN": 0.752, "KM": 0.8499999999999999, "LR": 0.6205128205128204, "LRR": 0.6205128205128204, "LRL": 0.6205128205128204, "LRE": 0.6205128205128204, "LOG_R": 0.6205128205128204, "RF": 0.9300207039337475, "SVM": 0.6205128205128204, "DNN": 0.6205128205128204}, "1": {"AB": 0.7466666666666666, "AC": 0.7333333333333333, "DS": 0.6205128205128204, "DT": 0.7466666666666666, "GM": 0.6205128205128204, "GN": 0.6205128205128204, "GB": 0.7333333333333333, "KNN": 0.8499999999999999, "KM": 0.26666666666666666, "LR": 0.6205128205128204, "LRR": 0.6205128205128204, "LRL": 0.6205128205128204, "LRE": 0.6205128205128204, "LOG_R": 0.6205128205128204, "RF": 0.7333333333333333, "SVM": 0.6205128205128204, "DNN": 0.6205128205128204}, "2": {"AB": 0.7376623376623376, "AC": 0.7828282828282828, "DS": 0.6124401913875599, "DT": 0.7376623376623376, "GM": 0.11688311688311687, "GN": 0.5687645687645687, "GB": 0.4727272727272727, "KNN": 0.6124401913875599, "KM": 0.48376623376623384, "LR": 0.6124401913875599, "LRR": 0.6124401913875599, "LRL": 0.6124401913875599, "LRE": 0.6124401913875599, "LOG_R": 0.6124401913875599, "RF": 0.6558441558441559, "SVM": 0.6124401913875599, "DNN": 0.6124401913875599}, "3": {"AB": 0.8963317384370018, "AC": 0.3506493506493506, "DS": 0.7363636363636363, "DT": 0.8963317384370018, "GM": 0.055944055944055944, "GN": 0.9155080213903743, "GB": 0.8963317384370018, "KNN": 0.8963317384370018, "KM": 0.7584415584415585, "LR": 0.9155080213903743, "LRR": 0.9155080213903743, "LRL": 0.9155080213903743, "LRE": 0.9155080213903743, "LOG_R": 0.8963317384370018, "RF": 0.8963317384370018, "SVM": 0.8371212121212122, "DNN": 0.7363636363636363}, "4": {"AB": 1.0, "AC": 0.9137254901960784, "DS": 0.8526315789473685, "DT": 1.0, "GM": 0.01818181818181818, "GN": 0.8526315789473685, "GB": 1.0, "KNN": 0.8526315789473685, "KM": 0.34949494949494947, "LR": 0.8526315789473685, "LRR": 0.8526315789473685, "LRL": 0.8526315789473685, "LRE": 0.8526315789473685, "LOG_R": 0.8526315789473685, "RF": 1.0, "SVM": 1.0, "DNN": 0.8526315789473685}, "0 + 1": {"AB": 0.9300207039337475, "AC": 0.8499999999999999, "DS": 0.6205128205128204, "DT": 0.9300207039337475, "GM": 0.6205128205128204, "GN": 0.6205128205128204, "GB": 0.9300207039337475, "KNN": 0.8499999999999999, "KM": 0.9300207039337475, "LR": 0.6205128205128204, "LRR": 0.6205128205128204, "LRL": 0.6205128205128204, "LRE": 0.6205128205128204, "LOG_R": 0.6205128205128204, "RF": 0.8499999999999999, "SVM": 0.6205128205128204, "DNN": 0.6205128205128204}, "0 + 2": {"AB": 0.8181818181818182, "AC": 0.4727272727272727, "DS": 0.6124401913875599, "DT": 0.8181818181818182, "GM": 0.6124401913875599, "GN": 0.6363636363636364, "GB": 0.9026737967914439, "KNN": 0.9125541125541126, "KM": 0.5627705627705627, "LR": 0.5627705627705627, "LRR": 0.5627705627705627, "LRL": 0.5627705627705627, "LRE": 0.5627705627705627, "LOG_R": 0.5627705627705627, "RF": 1.0, "SVM": 0.5627705627705627, "DNN": 0.7412587412587412}, "0 + 3": {"AB": 0.8963317384370018, "AC": 0.2517482517482517, "DS": 0.7363636363636363, "DT": 0.8963317384370018, "GM": 0.7363636363636363, "GN": 0.9155080213903743, "GB": 0.8963317384370018, "KNN": 0.7363636363636363, "KM": 0.2517482517482517, "LR": 1.0, "LRR": 1.0, "LRL": 1.0, "LRE": 1.0, "LOG_R": 0.7363636363636363, "RF": 0.8963317384370018, "SVM": 0.8963317384370018, "DNN": 0.6889952153110048}, "0 + 4": {"AB": 1.0, "AC": 0.3, "DS": 0.8526315789473685, "DT": 1.0, "GM": 0.8526315789473685, "GN": 0.8526315789473685, "GB": 1.0, "KNN": 0.8526315789473685, "KM": 0.3, "LR": 0.8526315789473685, "LRR": 0.8526315789473685, "LRL": 0.8526315789473685, "LRE": 0.8526315789473685, "LOG_R": 0.8526315789473685, "RF": 0.8526315789473685, "SVM": 1.0, "DNN": 0.8526315789473685}, "1 + 2": {"AB": 0.6558441558441559, "AC": 0.7376623376623376, "DS": 0.6124401913875599, "DT": 0.6558441558441559, "GM": 0.6124401913875599, "GN": 0.7376623376623376, "GB": 0.7080213903743316, "KNN": 0.8181818181818182, "KM": 0.6558441558441559, "LR": 0.7376623376623376, "LRR": 0.7376623376623376, "LRL": 0.7376623376623376, "LRE": 0.7376623376623376, "LOG_R": 0.7376623376623376, "RF": 0.8181818181818182, "SVM": 0.6124401913875599, "DNN": 0.7376623376623376}, "1 + 3": {"AB": 1.0, "AC": 0.6363636363636364, "DS": 0.7363636363636363, "DT": 1.0, "GM": 0.7363636363636363, "GN": 0.9155080213903743, "GB": 1.0, "KNN": 0.6889952153110048, "KM": 0.3636363636363636, "LR": 0.9155080213903743, "LRR": 0.9155080213903743, "LRL": 0.9155080213903743, "LRE": 0.9155080213903743, "LOG_R": 0.8181818181818182, "RF": 1.0, "SVM": 0.8181818181818182, "DNN": 0.7363636363636363}, "1 + 4": {"AB": 1.0, "AC": 0.7411764705882353, "DS": 0.8526315789473685, "DT": 1.0, "GM": 0.8526315789473685, "GN": 0.8526315789473685, "GB": 1.0, "KNN": 0.8526315789473685, "KM": 0.7411764705882353, "LR": 0.8526315789473685, "LRR": 0.8526315789473685, "LRL": 0.8526315789473685, "LRE": 0.8526315789473685, "LOG_R": 0.8526315789473685, "RF": 0.8526315789473685, "SVM": 1.0, "DNN": 0.8526315789473685}, "2 + 3": {"AB": 0.8862745098039216, "AC": 0.9066666666666666, "DS": 0.7111111111111111, "DT": 0.8862745098039216, "GM": 0.7111111111111111, "GN": 1.0, "GB": 0.8862745098039216, "KNN": 1.0, "KM": 0.14545454545454545, "LR": 1.0, "LRR": 1.0, "LRL": 1.0, "LRE": 1.0, "LOG_R": 0.8862745098039216, "RF": 0.8862745098039216, "SVM": 1.0, "DNN": 1.0}, "2 + 4": {"AB": 1.0, "AC": 1.0, "DS": 0.8366013071895425, "DT": 1.0, "GM": 0.02222222222222222, "GN": 0.8366013071895425, "GB": 1.0, "KNN": 0.8366013071895425, "KM": 1.0, "LR": 0.8366013071895425, "LRR": 0.8366013071895425, "LRL": 0.8366013071895425, "LRE": 0.8366013071895425, "LOG_R": 0.8366013071895425, "RF": 0.8366013071895425, "SVM": 1.0, "DNN": 0.8366013071895425}, "3 + 4": {"AB": 1.0, "AC": 0.4153846153846154, "DS": 0.8526315789473685, "DT": 1.0, "GM": 0.8526315789473685, "GN": 0.8526315789473685, "GB": 0.8526315789473685, "KNN": 0.8526315789473685, "KM": 0.76, "LR": 1.0, "LRR": 0.8526315789473685, "LRL": 0.8526315789473685, "LRE": 1.0, "LOG_R": 0.8526315789473685, "RF": 0.8526315789473685, "SVM": 1.0, "DNN": 0.8526315789473685}, "0 + 1 + 2": {"AB": 0.8279220779220778, "AC": 0.6363636363636364, "DS": 0.6124401913875599, "DT": 0.7412587412587412, "GM": 0.6124401913875599, "GN": 0.5687645687645687, "GB": 0.8279220779220778, "KNN": 0.9125541125541126, "KM": 0.6363636363636364, "LR": 0.5627705627705627, "LRR": 0.5627705627705627, "LRL": 0.5627705627705627, "LRE": 0.5627705627705627, "LOG_R": 0.7080213903743316, "RF": 0.7412587412587412, "SVM": 0.5656565656565656, "DNN": 0.48376623376623384}, "0 + 1 + 3": {"AB": 1.0, "AC": 0.2517482517482517, "DS": 0.7363636363636363, "DT": 1.0, "GM": 0.7363636363636363, "GN": 1.0, "GB": 1.0, "KNN": 0.7363636363636363, "KM": 0.9155080213903743, "LR": 1.0, "LRR": 1.0, "LRL": 1.0, "LRE": 1.0, "LOG_R": 0.7363636363636363, "RF": 0.7363636363636363, "SVM": 1.0, "DNN": 1.0}, "0 + 1 + 4": {"AB": 1.0, "AC": 0.7411764705882353, "DS": 0.8526315789473685, "DT": 1.0, "GM": 0.7411764705882353, "GN": 0.8526315789473685, "GB": 1.0, "KNN": 0.8526315789473685, "KM": 0.34949494949494947, "LR": 0.8526315789473685, "LRR": 0.8526315789473685, "LRL": 0.8526315789473685, "LRE": 0.8526315789473685, "LOG_R": 0.8526315789473685, "RF": 0.8526315789473685, "SVM": 1.0, "DNN": 0.8526315789473685}, "0 + 2 + 3": {"AB": 0.8862745098039216, "AC": 0.9066666666666666, "DS": 0.7111111111111111, "DT": 0.8862745098039216, "GM": 0.06666666666666668, "GN": 1.0, "GB": 0.8862745098039216, "KNN": 0.7111111111111111, "KM": 0.9066666666666666, "LR": 1.0, "LRR": 1.0, "LRL": 1.0, "LRE": 1.0, "LOG_R": 0.8862745098039216, "RF": 0.7111111111111111, "SVM": 1.0, "DNN": 1.0}, "0 + 2 + 4": {"AB": 1.0, "AC": 0.7777777777777778, "DS": 0.8366013071895425, "DT": 0.7777777777777778, "GM": 0.8366013071895425, "GN": 0.8366013071895425, "GB": 0.8366013071895425,