{"0": {"AB": 0.7796414112203588, "AC": 0.6327356853672642, "DS": 0.6688963210702342, "DT": 0.7796414112203588, "GM": 0.6327356853672642, "GN": 0.8461538461538461, "GB": 0.9172161172161173, "KNN": 0.9172161172161173, "KM": 0.40659340659340654, "LR": 0.6688963210702342, "LRR": 0.6688963210702342, "LRL": 0.6688963210702342, "LRE": 0.6688963210702342, "LOG_R": 0.6688963210702342, "RF": 0.9172161172161173, "SVM": 0.6688963210702342, "DNN": 0.6688963210702342}, "1": {"AB": 0.8461538461538461, "AC": 0.8146853146853146, "DS": 0.6688963210702342, "DT": 0.8461538461538461, "GM": 0.6688963210702342, "GN": 0.6327356853672642, "GB": 0.7516483516483518, "KNN": 0.6293706293706294, "KM": 0.06153846153846154, "LR": 0.6688963210702342, "LRR": 0.6688963210702342, "LRL": 0.6688963210702342, "LRE": 0.6688963210702342, "LOG_R": 0.6688963210702342, "RF": 0.7516483516483518, "SVM": 0.6688963210702342, "DNN": 0.6688963210702342}, "2": {"AB": 0.7605042016806722, "AC": 0.7999999999999999, "DS": 0.6428571428571428, "DT": 0.7605042016806722, "GM": 0.7999999999999999, "GN": 0.8333333333333334, "GB": 0.7605042016806722, "KNN": 0.7999999999999999, "KM": 0.7999999999999999, "LR": 0.8355263157894738, "LRR": 0.8355263157894738, "LRL": 0.8355263157894738, "LRE": 0.8355263157894738, "LOG_R": 0.9105263157894737, "RF": 0.7605042016806722, "SVM": 0.7999999999999999, "DNN": 0.7999999999999999}, "3": {"AB": 0.8957264957264957, "AC": 0.2222222222222222, "DS": 0.6805555555555557, "DT": 0.8957264957264957, "GM": 0.6805555555555557, "GN": 0.2222222222222222, "GB": 0.6805555555555557, "KNN": 0.6805555555555557, "KM": 0.7777777777777778, "LR": 0.6805555555555557, "LRR": 0.6805555555555557, "LRL": 0.6805555555555557, "LRE": 0.6805555555555557, "LOG_R": 0.6805555555555557, "RF": 0.6805555555555557, "SVM": 0.6805555555555557, "DNN": 0.6805555555555557}, "4": {"AB": 0.5, "AC": 0.5, "DS": 0.6428571428571428, "DT": 0.5, "GM": 0.6428571428571428, "GN": 0.40909090909090906, "GB": 0.5769230769230769, "KNN": 0.5769230769230769, "KM": 0.5, "LR": 0.6428571428571428, "LRR": 0.6428571428571428, "LRL": 0.6428571428571428, "LRE": 0.6428571428571428, "LOG_R": 0.6428571428571428, "RF": 0.5769230769230769, "SVM": 0.6428571428571428, "DNN": 0.6428571428571428}, "0 + 1": {"AB": 0.9172161172161173, "AC": 0.7516483516483518, "DS": 0.6688963210702342, "DT": 0.9172161172161173, "GM": 0.6688963210702342, "GN": 0.40659340659340654, "GB": 1.0, "KNN": 0.9172161172161173, "KM": 0.5860805860805861, "LR": 0.6688963210702342, "LRR": 0.6688963210702342, "LRL": 0.6688963210702342, "LRE": 0.6688963210702342, "LOG_R": 0.6688963210702342, "RF": 0.9172161172161173, "SVM": 0.6688963210702342, "DNN": 0.6688963210702342}, "0 + 2": {"AB": 0.7999999999999999, "AC": 0.5, "DS": 0.6428571428571428, "DT": 0.9201680672268907, "GM": 0.6428571428571428, "GN": 0.7999999999999999, "GB": 0.7315789473684212, "KNN": 0.7999999999999999, "KM": 0.37142857142857144, "LR": 0.6428571428571428, "LRR": 0.6428571428571428, "LRL": 0.6428571428571428, "LRE": 0.6428571428571428, "LOG_R": 0.6428571428571428, "RF": 0.6428571428571428, "SVM": 0.6428571428571428, "DNN": 0.6428571428571428}, "0 + 3": {"AB": 0.6805555555555557, "AC": 0.6871794871794871, "DS": 0.6805555555555557, "DT": 0.6805555555555557, "GM": 0.0808080808080808, "GN": 0.5925925925925926, "GB": 0.6805555555555557, "KNN": 0.6805555555555557, "KM": 0.6871794871794871, "LR": 0.6805555555555557, "LRR": 0.6805555555555557, "LRL": 0.6805555555555557, "LRE": 0.6805555555555557, "LOG_R": 0.6805555555555557, "RF": 0.6805555555555557, "SVM": 0.6805555555555557, "DNN": 0.6805555555555557}, "0 + 4": {"AB": 0.5, "AC": 0.8818181818181818, "DS": 0.6428571428571428, "DT": 1.0, "GM": 0.6428571428571428, "GN": 0.6428571428571429, "GB": 0.6428571428571428, "KNN": 0.6428571428571428, "KM": 0.40909090909090906, "LR": 0.6428571428571428, "LRR": 0.6428571428571428, "LRL": 0.6428571428571428, "LRE": 0.6428571428571428, "LOG_R": 0.6428571428571428, "RF": 0.6428571428571428, "SVM": 0.6428571428571428, "DNN": 0.6428571428571428}, "1 + 2": {"AB": 0.8333333333333334, "AC": 0.7999999999999999, "DS": 0.6428571428571428, "DT": 0.7605042016806722, "GM": 0.7999999999999999, "GN": 0.7605042016806722, "GB": 0.7315789473684212, "KNN": 0.6666666666666666, "KM": 0.07142857142857144, "LR": 0.7999999999999999, "LRR": 0.7999999999999999, "LRL": 0.7999999999999999, "LRE": 0.7999999999999999, "LOG_R": 0.7999999999999999, "RF": 0.8333333333333334, "SVM": 0.7999999999999999, "DNN": 0.8333333333333334}, "1 + 3": {"AB": 1.0, "AC": 0.6222222222222222, "DS": 0.6805555555555557, "DT": 0.8957264957264957, "GM": 0.6222222222222222, "GN": 0.2833333333333333, "GB": 0.8957264957264957, "KNN": 0.874074074074074, "KM": 0.2833333333333333, "LR": 0.6805555555555557, "LRR": 0.6805555555555557, "LRL": 0.6805555555555557, "LRE": 0.6805555555555557, "LOG_R": 0.6805555555555557, "RF": 0.6805555555555557, "SVM": 0.6805555555555557, "DNN": 0.6805555555555557}, "1 + 4": {"AB": 0.8818181818181818, "AC": 0.5769230769230769, "DS": 0.6428571428571428, "DT": 0.75, "GM": 0.5769230769230769, "GN": 0.40476190476190477, "GB": 0.75, "KNN": 0.8589743589743589, "KM": 0.5769230769230769, "LR": 0.6428571428571428, "LRR": 0.6428571428571428, "LRL": 0.6428571428571428, "LRE": 0.6428571428571428, "LOG_R": 0.6428571428571428, "RF": 0.8589743589743589, "SVM": 0.6428571428571428, "DNN": 0.5769230769230769}, "2 + 3": {"AB": 0.6222222222222222, "AC": 0.874074074074074, "DS": 0.6805555555555557, "DT": 0.6805555555555557, "GM": 0.0808080808080808, "GN": 0.874074074074074, "GB": 0.6805555555555557, "KNN": 0.6805555555555557, "KM": 0.044444444444444446, "LR": 0.874074074074074, "LRR": 0.874074074074074, "LRL": 0.874074074074074, "LRE": 0.874074074074074, "LOG_R": 0.874074074074074, "RF": 0.6805555555555557, "SVM": 0.874074074074074, "DNN": 0.874074074074074}, "2 + 4": {"AB": 0.5, "AC": 0.30000000000000004, "DS": 0.6428571428571428, "DT": 0.5769230769230769, "GM": 0.6428571428571428, "GN": 0.6428571428571428, "GB": 0.6428571428571428, "KNN": 0.6428571428571428, "KM": 0.5769230769230769, "LR": 0.6428571428571428, "LRR": 0.6428571428571428, "LRL": 0.6428571428571428, "LRE": 0.6428571428571428, "LOG_R": 0.6428571428571428, "RF": 0.6428571428571428, "SVM": 0.6428571428571428, "DNN": 0.6428571428571428}, "3 + 4": {"AB": 0.6428571428571428, "AC": 0.5769230769230769, "DS": 0.6428571428571428, "DT": 0.6428571428571428, "GM": 0.5769230769230769, "GN": 0.6454545454545454, "GB": 0.6428571428571428, "KNN": 0.6428571428571428, "KM": 0.5769230769230769, "LR": 0.6428571428571428, "LRR": 0.6428571428571428, "LRL": 0.6428571428571428, "LRE": 0.6428571428571428, "LOG_R": 0.6428571428571428, "RF": 0.6428571428571428, "SVM": 0.6428571428571428, "DNN": 0.6428571428571428}, "0 + 1 + 2": {"AB": 0.9201680672268907, "AC": 0.6, "DS": 0.6428571428571428, "DT": 0.9201680672268907, "GM": 0.7315789473684212, "GN": 0.7605042016806722, "GB": 0.9201680672268907, "KNN": 1.0, "KM": 0.2571428571428571, "LR": 0.7999999999999999, "LRR": 0.7999999999999999, "LRL": 0.7999999999999999, "LRE": 0.7999999999999999, "LOG_R": 0.7999999999999999, "RF": 1.0, "SVM": 0.7999999999999999, "DNN": 0.7999999999999999}, "0 + 1 + 3": {"AB": 0.6222222222222222, "AC": 0.6222222222222222, "DS": 0.6805555555555557, "DT": 0.6222222222222222, "GM": 0.6222222222222222, "GN": 0.5555555555555556, "GB": 0.6222222222222222, "KNN": 0.6805555555555557, "KM": 0.6222222222222222, "LR": 1.0, "LRR": 0.6805555555555557, "LRL": 0.6805555555555557, "LRE": 1.0, "LOG_R": 0.6805555555555557, "RF": 0.6805555555555557, "SVM": 0.6805555555555557, "DNN": 0.6805555555555557}, "0 + 1 + 4": {"AB": 0.8589743589743589, "AC": 0.5769230769230769, "DS": 0.6428571428571428, "DT": 0.75, "GM": 0.5769230769230769, "GN": 0.7666666666666667, "GB": 0.8589743589743589, "KNN": 0.6428571428571428, "KM": 0.5769230769230769, "LR": 0.5769230769230769, "LRR": 0.5769230769230769, "LRL": 0.5769230769230769, "LRE": 0.5769230769230769, "LOG_R": 0.5769230769230769, "RF": 0.8589743589743589,