{"0": {"AB": 0.6313285664859877, "AC": 0.46153846153846156, "DS": 0.35491723466407016, "DT": 0.7392963347784026, "GM": 0.3079436902966315, "GN": 0.5289768483943241, "GB": 0.6924215259398389, "KNN": 0.6972792574246639, "KM": 0.546182508688331, "LR": 0.5518615094886281, "LRR": 0.5518615094886281, "LRL": 0.5385894147649635, "LRE": 0.541036293514813, "LOG_R": 0.5518615094886281, "RF": 0.6037296037296037, "SVM": 0.5343097681928266, "DNN": 0.5384615384615384}, "1": {"AB": 0.6657952069716775, "AC": 0.4108949121744397, "DS": 0.32182400932400934, "DT": 0.6549409748667174, "GM": 0.3171948356807512, "GN": 0.43965346431401997, "GB": 0.5829710144927537, "KNN": 0.7182017543859649, "KM": 0.4264978791092258, "LR": 0.4108949121744397, "LRR": 0.4108949121744397, "LRL": 0.4119917653113741, "LRE": 0.4108949121744397, "LOG_R": 0.426557239057239, "RF": 0.625, "SVM": 0.34497126436781606, "DNN": 0.43833870101986033}, "2": {"AB": 0.7318631669535284, "AC": 0.3626985004237132, "DS": 0.2875634770486906, "DT": 0.7056364714560523, "GM": 0.2875634770486906, "GN": 0.5513630252130302, "GB": 0.7641802549114967, "KNN": 0.6987951807228916, "KM": 0.5513630252130302, "LR": 0.6268330288906978, "LRR": 0.6268330288906978, "LRL": 0.6268330288906978, "LRE": 0.6268330288906978, "LOG_R": 0.6268330288906978, "RF": 0.7641802549114967, "SVM": 0.639080798719353, "DNN": 0.6268330288906978}, "3": {"AB": 0.696472442404858, "AC": 0.3790704912455939, "DS": 0.3264972961942659, "DT": 0.7395487441464452, "GM": 0.3264972961942659, "GN": 0.4784280742812913, "GB": 0.6790123456790124, "KNN": 0.7390719455087271, "KM": 0.4105016939907906, "LR": 0.54320987654321, "LRR": 0.54320987654321, "LRL": 0.54320987654321, "LRE": 0.54320987654321, "LOG_R": 0.54320987654321, "RF": 0.6079799606369655, "SVM": 0.5307211683227943, "DNN": 0.54320987654321}, "4": {"AB": 0.7048858314681099, "AC": 0.40492406243950513, "DS": 0.30523968784838346, "DT": 0.7052736293242623, "GM": 0.30523968784838346, "GN": 0.44201680672268906, "GB": 0.7151206636500754, "KNN": 0.6969689151476842, "KM": 0.5558542453527602, "LR": 0.4992458521870287, "LRR": 0.4992458521870287, "LRL": 0.46736275389509757, "LRE": 0.4992458521870287, "LOG_R": 0.4992458521870287, "RF": 0.7151206636500754, "SVM": 0.3622064210299505, "DNN": 0.598956818758799}, "0 + 1": {"AB": 0.6556889892285932, "AC": 0.4234375000000001, "DS": 0.32182400932400934, "DT": 0.7057737311686411, "GM": 0.34497126436781606, "GN": 0.5429924242424243, "GB": 0.6663768115942029, "KNN": 0.6508452446399121, "KM": 0.5516352549889135, "LR": 0.6041666666666666, "LRR": 0.6041666666666666, "LRL": 0.6041666666666666, "LRE": 0.6041666666666666, "LOG_R": 0.6041666666666666, "RF": 0.6458333333333334, "SVM": 0.6200636243966652, "DNN": 0.6200396825396827}, "0 + 2": {"AB": 0.7593871991462353, "AC": 0.5171197968016309, "DS": 0.2875634770486906, "DT": 0.7225667505185578, "GM": 0.2770071884175357, "GN": 0.5570908782014072, "GB": 0.6943848905257967, "KNN": 0.7180193300675227, "KM": 0.4330711858422702, "LR": 0.6381344192099407, "LRR": 0.6381344192099407, "LRL": 0.6140100471572703, "LRE": 0.6381344192099407, "LOG_R": 0.6140100471572703, "RF": 0.6565758833653944, "SVM": 0.6110877074732496, "DNN": 0.6388690651106167}, "0 + 3": {"AB": 0.789482122815456, "AC": 0.43028785588309404, "DS": 0.3264972961942659, "DT": 0.7283122553447756, "GM": 0.502110712863401, "GN": 0.5493827160493827, "GB": 0.7891585071661699, "KNN": 0.7265245043022821, "KM": 0.43157870935648707, "LR": 0.5547415547415546, "LRR": 0.5547415547415546, "LRL": 0.5547415547415546, "LRE": 0.5547415547415546, "LOG_R": 0.5300049744494187, "RF": 0.6439430828328734, "SVM": 0.5794781350336905, "DNN": 0.5464458247066941}, "0 + 4": {"AB": 0.7435897435897435, "AC": 0.5360081778686431, "DS": 0.30523968784838346, "DT": 0.6403171390013496, "GM": 0.47261187657227255, "GN": 0.5570577570577572, "GB": 0.7181342780026991, "KNN": 0.6256619286510591, "KM": 0.4586988489427513, "LR": 0.5570577570577572, "LRR": 0.5570577570577572, "LRL": 0.5424063116370809, "LRE": 0.5570577570577572, "LOG_R": 0.5454877728900871, "RF": 0.7151505901505902, "SVM": 0.5118538868538869, "DNN": 0.5737808980918404}, "1 + 2": {"AB": 0.7473554348111401, "AC": 0.5691585882199081, "DS": 0.2875634770486906, "DT": 0.7233753871882116, "GM": 0.3812123493975903, "GN": 0.6103478867884294, "GB": 0.7792273535920392, "KNN": 0.6689792135575269, "KM": 0.4728187475175427, "LR": 0.6268330288906978, "LRR": 0.6268330288906978, "LRL": 0.6268330288906978, "LRE": 0.6268330288906978, "LOG_R": 0.6144578313253012, "RF": 0.6992326604894524, "SVM": 0.6031038164004776, "DNN": 0.587698310974394}, "1 + 3": {"AB": 0.7402653990889286, "AC": 0.32098765432098764, "DS": 0.3264972961942659, "DT": 0.7777777777777778, "GM": 0.39291593180482065, "GN": 0.4986686032437667, "GB": 0.6484165324745035, "KNN": 0.7614385266967427, "KM": 0.3153854134246291, "LR": 0.6289512956179623, "LRR": 0.6289512956179623, "LRL": 0.6289512956179623, "LRE": 0.6289512956179623, "LOG_R": 0.6169337452952927, "RF": 0.6899389811267205, "SVM": 0.6472356414385401, "DNN": 0.5106319257262653}, "1 + 4": {"AB": 0.6753484092072051, "AC": 0.2995951417004049, "DS": 0.30523968784838346, "DT": 0.6923076923076923, "GM": 0.2995951417004049, "GN": 0.3956043956043956, "GB": 0.6666666666666666, "KNN": 0.6326271767448238, "KM": 0.4065384615384615, "LR": 0.4896449704142012, "LRR": 0.4896449704142012, "LRL": 0.3902422287792493, "LRE": 0.4992458521870287, "LOG_R": 0.5081281910371488, "RF": 0.7254437869822485, "SVM": 0.3622064210299505, "DNN": 0.4779701396917872}, "2 + 3": {"AB": 0.7975332684193445, "AC": 0.39144610663598, "DS": 0.3124526668830466, "DT": 0.784879130870692, "GM": 0.33711998268960297, "GN": 0.6566905597071832, "GB": 0.759493670886076, "KNN": 0.7452063274848085, "KM": 0.39144610663598, "LR": 0.6664516384112603, "LRR": 0.6664516384112603, "LRL": 0.6794303797468354, "LRE": 0.6664516384112603, "LOG_R": 0.6836457806921943, "RF": 0.7063270739195626, "SVM": 0.643288858478732, "DNN": 0.6957137969796197}, "2 + 4": {"AB": 0.6923076923076923, "AC": 0.4019053410357758, "DS": 0.30523968784838346, "DT": 0.7680040889343216, "GM": 0.3622064210299505, "GN": 0.5948179756275709, "GB": 0.6535605012251324, "KNN": 0.7173920377867746, "KM": 0.5131410256410257, "LR": 0.6156376518218624, "LRR": 0.6156376518218624, "LRL": 0.58974358974359, "LRE": 0.6156376518218624, "LOG_R": 0.6022374250222351, "RF": 0.6535605012251324, "SVM": 0.6278995266337039, "DNN": 0.6091686091686092}, "3 + 4": {"AB": 0.6668859649122807, "AC": 0.33294775400038557, "DS": 0.30523968784838346, "DT": 0.7041021392305568, "GM": 0.3622064210299505, "GN": 0.5974932551568839, "GB": 0.7555626367556775, "KNN": 0.6391325659618343, "KM": 0.4100189933523267, "LR": 0.6540170940170941, "LRR": 0.6540170940170941, "LRL": 0.6540170940170941, "LRE": 0.6540170940170941, "LOG_R": 0.6540168692067427, "RF": 0.756209241602871, "SVM": 0.602236131036263, "DNN": 0.6278983161306977}, "0 + 1 + 2": {"AB": 0.7942756443360717, "AC": 0.2823293172690763, "DS": 0.2875634770486906, "DT": 0.7414951529319448, "GM": 0.2823293172690763, "GN": 0.6045271997079226, "GB": 0.7168756436873681, "KNN": 0.7831325301204819, "KM": 0.2823293172690763, "LR": 0.5651182874860192, "LRR": 0.5651182874860192, "LRL": 0.577818968180414, "LRE": 0.5651182874860192, "LOG_R": 0.5786824519733685, "RF": 0.6579385457520951, "SVM": 0.5910759316335108, "DNN": 0.5511162296243798}, "0 + 1 + 3": {"AB": 0.7271484050349819, "AC": 0.5304345859901415, "DS": 0.3264972961942659, "DT": 0.7647153137349214, "GM": 0.34021453147136205, "GN": 0.5717981465107902, "GB": 0.7160493827160495, "KNN": 0.7614385266967427, "KM": 0.5183716582221997, "LR": 0.5046617404838539, "LRR": 0.5046617404838539, "LRL": 0.5046617404838539, "LRE": 0.5046617404838539, "LOG_R": 0.505720616831728, "RF": 0.640329218106996, "SVM": 0.505720616831728, "DNN": 0.613567649281935}, "0 + 1 + 4": {"AB": 0.7309021842355177, "AC": 0.44410441044104415, "DS": 0.30523968784838346, "DT": 0.7437584345479082, "GM": 0.2938506920807806, "GN": 0.4985161443494778,