{"0": {"AB": 0.1804406727799291, "AC": 0.1804406727799291, "DS": 0.1804406727799291, "DT": 0.1804406727799291, "GM": 0.1804406727799291, "GN": 0.1804406727799291, "GB": 0.1804406727799291, "KNN": 0.1804406727799291, "KM": 0.1804406727799291, "LR": 0.1804406727799291, "LRR": 0.1804406727799291, "LRL": 0.1804406727799291, "LRE": 0.1804406727799291, "LOG_R": 0.1804406727799291, "RF": 0.1804406727799291, "SVM": 0.1804406727799291, "DNN": 0.1804406727799291}, "1": {"AB": 0.1526805692753246, "AC": 0.1526805692753246, "DS": 0.1526805692753246, "DT": 0.1526805692753246, "GM": 0.1526805692753246, "GN": 0.1526805692753246, "GB": 0.1526805692753246, "KNN": 0.1526805692753246, "KM": 0.1526805692753246, "LR": 0.1526805692753246, "LRR": 0.1526805692753246, "LRL": 0.1526805692753246, "LRE": 0.1526805692753246, "LOG_R": 0.1526805692753246, "RF": 0.1526805692753246, "SVM": 0.1526805692753246, "DNN": 0.1526805692753246}, "2": {"AB": 0.1526805692753246, "AC": 0.1526805692753246, "DS": 0.1526805692753246, "DT": 0.1526805692753246, "GM": 0.1526805692753246, "GN": 0.1526805692753246, "GB": 0.1526805692753246, "KNN": 0.1526805692753246, "KM": 0.1526805692753246, "LR": 0.1526805692753246, "LRR": 0.1526805692753246, "LRL": 0.1526805692753246, "LRE": 0.1526805692753246, "LOG_R": 0.1526805692753246, "RF": 0.1526805692753246, "SVM": 0.1526805692753246, "DNN": 0.1526805692753246}, "3": {"AB": 0.1388005175230224, "AC": 0.1388005175230224, "DS": 0.1388005175230224, "DT": 0.1388005175230224, "GM": 0.1388005175230224, "GN": 0.1388005175230224, "GB": 0.1388005175230224, "KNN": 0.1388005175230224, "KM": 0.1388005175230224, "LR": 0.1388005175230224, "LRR": 0.1388005175230224, "LRL": 0.1388005175230224, "LRE": 0.1388005175230224, "LOG_R": 0.1388005175230224, "RF": 0.1388005175230224, "SVM": 0.1388005175230224, "DNN": 0.1388005175230224}, "4": {"AB": 0.11104041401841791, "AC": 0.11104041401841791, "DS": 0.11104041401841791, "DT": 0.11104041401841791, "GM": 0.11104041401841791, "GN": 0.11104041401841791, "GB": 0.11104041401841791, "KNN": 0.11104041401841791, "KM": 0.11104041401841791, "LR": 0.11104041401841791, "LRR": 0.11104041401841791, "LRL": 0.11104041401841791, "LRE": 0.11104041401841791, "LOG_R": 0.11104041401841791, "RF": 0.11104041401841791, "SVM": 0.11104041401841791, "DNN": 0.11104041401841791}, "0 + 1": {"AB": 0.21498697719629717, "AC": 0.21498697719629717, "DS": 0.21498697719629717, "DT": 0.21498697719629717, "GM": 0.21498697719629717, "GN": 0.21498697719629717, "GB": 0.21498697719629717, "KNN": 0.21498697719629717, "KM": 0.21498697719629717, "LR": 0.21498697719629717, "LRR": 0.21498697719629717, "LRL": 0.21498697719629717, "LRE": 0.21498697719629717, "LOG_R": 0.21498697719629717, "RF": 0.21498697719629717, "SVM": 0.21498697719629717, "DNN": 0.21498697719629717}, "0 + 2": {"AB": 0.21498697719629717, "AC": 0.21498697719629717, "DS": 0.21498697719629717, "DT": 0.21498697719629717, "GM": 0.21498697719629717, "GN": 0.21498697719629717, "GB": 0.21498697719629717, "KNN": 0.21498697719629717, "KM": 0.21498697719629717, "LR": 0.21498697719629717, "LRR": 0.21498697719629717, "LRL": 0.21498697719629717, "LRE": 0.21498697719629717, "LOG_R": 0.21498697719629717, "RF": 0.21498697719629717, "SVM": 0.21498697719629717, "DNN": 0.21498697719629717}, "0 + 3": {"AB": 0.2023563736740387, "AC": 0.2023563736740387, "DS": 0.2023563736740387, "DT": 0.2023563736740387, "GM": 0.2023563736740387, "GN": 0.2023563736740387, "GB": 0.2023563736740387, "KNN": 0.2023563736740387, "KM": 0.2023563736740387, "LR": 0.2023563736740387, "LRR": 0.2023563736740387, "LRL": 0.2023563736740387, "LRE": 0.2023563736740387, "LOG_R": 0.2023563736740387, "RF": 0.2023563736740387, "SVM": 0.2023563736740387, "DNN": 0.2023563736740387}, "0 + 4": {"AB": 0.177415770348414, "AC": 0.177415770348414, "DS": 0.177415770348414, "DT": 0.177415770348414, "GM": 0.177415770348414, "GN": 0.177415770348414, "GB": 0.177415770348414, "KNN": 0.177415770348414, "KM": 0.177415770348414, "LR": 0.177415770348414, "LRR": 0.177415770348414, "LRL": 0.177415770348414, "LRE": 0.177415770348414, "LOG_R": 0.177415770348414, "RF": 0.177415770348414, "SVM": 0.177415770348414, "DNN": 0.177415770348414}, "1 + 2": {"AB": 0.2035740923670995, "AC": 0.2035740923670995, "DS": 0.2035740923670995, "DT": 0.2035740923670995, "GM": 0.2035740923670995, "GN": 0.2035740923670995, "GB": 0.2035740923670995, "KNN": 0.2035740923670995, "KM": 0.2035740923670995, "LR": 0.2035740923670995, "LRR": 0.2035740923670995, "LRL": 0.2035740923670995, "LRE": 0.2035740923670995, "LOG_R": 0.2035740923670995, "RF": 0.2035740923670995, "SVM": 0.2035740923670995, "DNN": 0.2035740923670995}, "1 + 3": {"AB": 0.19127052197201766, "AC": 0.19127052197201766, "DS": 0.19127052197201766, "DT": 0.19127052197201766, "GM": 0.19127052197201766, "GN": 0.19127052197201766, "GB": 0.19127052197201766, "KNN": 0.19127052197201766, "KM": 0.19127052197201766, "LR": 0.19127052197201766, "LRR": 0.19127052197201766, "LRL": 0.19127052197201766, "LRE": 0.19127052197201766, "LOG_R": 0.19127052197201766, "RF": 0.19127052197201766, "SVM": 0.19127052197201766, "DNN": 0.19127052197201766}, "1 + 4": {"AB": 0.16695383872347822, "AC": 0.16695383872347822, "DS": 0.16695383872347822, "DT": 0.16695383872347822, "GM": 0.16695383872347822, "GN": 0.16695383872347822, "GB": 0.16695383872347822, "KNN": 0.16695383872347822, "KM": 0.16695383872347822, "LR": 0.16695383872347822, "LRR": 0.16695383872347822, "LRL": 0.16695383872347822, "LRE": 0.16695383872347822, "LOG_R": 0.16695383872347822, "RF": 0.16695383872347822, "SVM": 0.16695383872347822, "DNN": 0.16695383872347822}, "2 + 3": {"AB": 0.19127052197201766, "AC": 0.19127052197201766, "DS": 0.19127052197201766, "DT": 0.19127052197201766, "GM": 0.19127052197201766, "GN": 0.19127052197201766, "GB": 0.19127052197201766, "KNN": 0.19127052197201766, "KM": 0.19127052197201766, "LR": 0.19127052197201766, "LRR": 0.19127052197201766, "LRL": 0.19127052197201766, "LRE": 0.19127052197201766, "LOG_R": 0.19127052197201766, "RF": 0.19127052197201766, "SVM": 0.19127052197201766, "DNN": 0.19127052197201766}, "2 + 4": {"AB": 0.16695383872347822, "AC": 0.16695383872347822, "DS": 0.16695383872347822, "DT": 0.16695383872347822, "GM": 0.16695383872347822, "GN": 0.16695383872347822, "GB": 0.16695383872347822, "KNN": 0.16695383872347822, "KM": 0.16695383872347822, "LR": 0.16695383872347822, "LRR": 0.16695383872347822, "LRL": 0.16695383872347822, "LRE": 0.16695383872347822, "LOG_R": 0.16695383872347822, "RF": 0.16695383872347822, "SVM": 0.16695383872347822, "DNN": 0.16695383872347822}, "3 + 4": {"AB": 0.16110381268875099, "AC": 0.16110381268875099, "DS": 0.16110381268875099, "DT": 0.16110381268875099, "GM": 0.16110381268875099, "GN": 0.16110381268875099, "GB": 0.16110381268875099, "KNN": 0.16110381268875099, "KM": 0.16110381268875099, "LR": 0.16110381268875099, "LRR": 0.16110381268875099, "LRL": 0.16110381268875099, "LRE": 0.16110381268875099, "LOG_R": 0.16110381268875099, "RF": 0.16110381268875099, "SVM": 0.16110381268875099, "DNN": 0.16110381268875099}, "0 + 1 + 2": {"AB": 0.23758051753488518, "AC": 0.23758051753488518, "DS": 0.23758051753488518, "DT": 0.23758051753488518, "GM": 0.23758051753488518, "GN": 0.23758051753488518, "GB": 0.23758051753488518, "KNN": 0.23758051753488518, "KM": 0.23758051753488518, "LR": 0.23758051753488518, "LRR": 0.23758051753488518, "LRL": 0.23758051753488518, "LRE": 0.23758051753488518, "LOG_R": 0.23758051753488518, "RF": 0.23758051753488518, "SVM": 0.23758051753488518, "DNN": 0.23758051753488518}, "0 + 1 + 3": {"AB": 0.2258199129730311, "AC": 0.2258199129730311, "DS": 0.2258199129730311, "DT": 0.2258199129730311, "GM": 0.2258199129730311, "GN": 0.2258199129730311, "GB": 0.2258199129730311, "KNN": 0.2258199129730311, "KM": 0.2258199129730311, "LR": 0.2258199129730311, "LRR": 0.2258199129730311, "LRL": 0.2258199129730311, "LRE": 0.2258199129730311, "LOG_R": 0.2258199129730311, "RF": 0.2258199129730311, "SVM": 0.2258199129730311, "DNN": 0.2258199129730311},