{"0": {"AB": 0.5879037326899292, "AC": 0.5167475167475168, "DS": 0.3689454160042396, "DT": 0.5614577343300748, "GM": 0.298900127120986, "GN": 0.504612639646398, "GB": 0.5739325179387588, "KNN": 0.47081079424556493, "KM": 0.3588737706384765, "LR": 0.5947925947925947, "LRR": 0.5947925947925947, "LRL": 0.5947925947925947, "LRE": 0.5947925947925947, "LOG_R": 0.5947925947925947, "RF": 0.5739325179387588, "SVM": 0.6033462033462033, "DNN": 0.6018127614815965}, "1": {"AB": 0.5392038505543063, "AC": 0.5186813186813186, "DS": 0.2768170426065163, "DT": 0.5915177625233036, "GM": 0.39310546304411337, "GN": 0.39970403255641873, "GB": 0.4904761904761904, "KNN": 0.4905923344947736, "KM": 0.47937754834848306, "LR": 0.384265010351967, "LRR": 0.384265010351967, "LRL": 0.3887125220458554, "LRE": 0.384265010351967, "LOG_R": 0.384265010351967, "RF": 0.5182585710340475, "SVM": 0.39310546304411337, "DNN": 0.5257909328114807}, "2": {"AB": 0.7425742574257426, "AC": 0.34283828382838283, "DS": 0.36119326218336123, "DT": 0.7130402360624412, "GM": 0.36119326218336123, "GN": 0.7594176808985247, "GB": 0.7820500873616775, "KNN": 0.667485029045891, "KM": 0.725565929906334, "LR": 0.7516003441286692, "LRR": 0.7516003441286692, "LRL": 0.7516003441286692, "LRE": 0.7516003441286692, "LOG_R": 0.7922015502521126, "RF": 0.7920792079207922, "SVM": 0.7820500873616775, "DNN": 0.7707986538939186}, "3": {"AB": 0.653887585905967, "AC": 0.33069248826291076, "DS": 0.34497126436781606, "DT": 0.6978182361246877, "GM": 0.335518648018648, "GN": 0.6438123109667301, "GB": 0.6797394678492239, "KNN": 0.631448140003665, "KM": 0.5018442271401612, "LR": 0.6500574942030638, "LRR": 0.6500574942030638, "LRL": 0.6500574942030638, "LRE": 0.6500574942030638, "LOG_R": 0.6735837438423647, "RF": 0.6833863536638877, "SVM": 0.6797394678492239, "DNN": 0.6735837438423647}, "4": {"AB": 0.6959399732757734, "AC": 0.6676751294367164, "DS": 0.3701819303114401, "DT": 0.651511387163561, "GM": 0.3701819303114401, "GN": 0.6956521739130435, "GB": 0.6695652173913044, "KNN": 0.6046285407713693, "KM": 0.6695652173913044, "LR": 0.6956521739130435, "LRR": 0.6956521739130435, "LRL": 0.6956521739130435, "LRE": 0.6956521739130435, "LOG_R": 0.6956521739130435, "RF": 0.6695652173913044, "SVM": 0.6732963305581252, "DNN": 0.6732963305581252}, "0 + 1": {"AB": 0.6557239057239058, "AC": 0.27615402108027154, "DS": 0.3056593330565933, "DT": 0.6768996083281796, "GM": 0.3056593330565933, "GN": 0.6651644651644653, "GB": 0.6668708107924194, "KNN": 0.5712801138678562, "KM": 0.28239538239538237, "LR": 0.706348687657099, "LRR": 0.706348687657099, "LRL": 0.6852547743177576, "LRE": 0.706348687657099, "LOG_R": 0.6866762866762866, "RF": 0.6557239057239058, "SVM": 0.6676596473206641, "DNN": 0.7055609179101603}, "0 + 2": {"AB": 0.7821782178217822, "AC": 0.377465495778766, "DS": 0.36119326218336123, "DT": 0.7999273611571683, "GM": 0.36119326218336123, "GN": 0.6977840641206978, "GB": 0.7920792079207922, "KNN": 0.7466110385463981, "KM": 0.371215382407806, "LR": 0.7917937424810442, "LRR": 0.7917937424810442, "LRL": 0.7917937424810442, "LRE": 0.7917937424810442, "LOG_R": 0.7722772277227723, "RF": 0.8119918787995305, "SVM": 0.8010072233638459, "DNN": 0.7604100835615477}, "0 + 3": {"AB": 0.7080797101449275, "AC": 0.335518648018648, "DS": 0.34497126436781606, "DT": 0.7603386010644075, "GM": 0.335518648018648, "GN": 0.7889242357759251, "GB": 0.7354670977487934, "KNN": 0.7354670977487934, "KM": 0.4841699155295646, "LR": 0.7239705009826825, "LRR": 0.7239705009826825, "LRL": 0.7239705009826825, "LRE": 0.7239705009826825, "LOG_R": 0.7706343175568099, "RF": 0.7391583251731767, "SVM": 0.7706343175568099, "DNN": 0.7486928104575163}, "0 + 4": {"AB": 0.7252797651807007, "AC": 0.3350186897501476, "DS": 0.3701819303114401, "DT": 0.6959399732757734, "GM": 0.3701819303114401, "GN": 0.7238847771628917, "GB": 0.7252797651807007, "KNN": 0.6595292579274272, "KM": 0.3350186897501476, "LR": 0.7719821047489266, "LRR": 0.7719821047489266, "LRL": 0.7828145586297758, "LRE": 0.7719821047489266, "LOG_R": 0.7715492521119118, "RF": 0.7459036290811992, "SVM": 0.7391304347826086, "DNN": 0.7252797651807007}, "1 + 2": {"AB": 0.7034243362416736, "AC": 0.3504475474400286, "DS": 0.32750185322461084, "DT": 0.7448262875435457, "GM": 0.33919764446080236, "GN": 0.7155124653739612, "GB": 0.841894947158105, "KNN": 0.6949392712550607, "KM": 0.3735652173913043, "LR": 0.797983193277311, "LRR": 0.797983193277311, "LRL": 0.797983193277311, "LRE": 0.797983193277311, "LOG_R": 0.7877789285378025, "RF": 0.8210129580686002, "SVM": 0.7877789285378025, "DNN": 0.7893335824032129}, "1 + 3": {"AB": 0.6971928209848135, "AC": 0.32857142857142857, "DS": 0.3333333333333333, "DT": 0.6911748045768664, "GM": 0.32857142857142857, "GN": 0.6265799927771759, "GB": 0.6810576810576809, "KNN": 0.6009179575444635, "KM": 0.2419354838709677, "LR": 0.6336217255467437, "LRR": 0.6336217255467437, "LRL": 0.6204106280193237, "LRE": 0.6336217255467437, "LOG_R": 0.6539346525540727, "RF": 0.6854736356293987, "SVM": 0.6561651917404131, "DNN": 0.6304943418701608}, "1 + 4": {"AB": 0.6971049003634542, "AC": 0.460295337647254, "DS": 0.3583130575831306, "DT": 0.6446201141853315, "GM": 0.5691810344827586, "GN": 0.7223251155835426, "GB": 0.7430202958376333, "KNN": 0.5981215665426193, "KM": 0.5298333333333334, "LR": 0.6998147919496235, "LRR": 0.6998147919496235, "LRL": 0.7106829161176986, "LRE": 0.6998147919496235, "LOG_R": 0.6998147919496235, "RF": 0.7551932367149761, "SVM": 0.7313492063492062, "DNN": 0.6998142414860681}, "2 + 3": {"AB": 0.8222405548889132, "AC": 0.34027777777777773, "DS": 0.34497126436781606, "DT": 0.7493464052287582, "GM": 0.34027777777777773, "GN": 0.8209975369458128, "GB": 0.7614753478523896, "KNN": 0.74375, "KM": 0.5987955729166666, "LR": 0.8790257648953301, "LRR": 0.8790257648953301, "LRL": 0.8790257648953301, "LRE": 0.8790257648953301, "LOG_R": 0.8331884057971015, "RF": 0.763410931174089, "SVM": 0.8331884057971015, "DNN": 0.864539247603545}, "2 + 4": {"AB": 0.782608695652174, "AC": 0.35835136730277384, "DS": 0.3701819303114401, "DT": 0.7391304347826086, "GM": 0.40782856435030346, "GN": 0.7608695652173914, "GB": 0.8016974821732821, "KNN": 0.7887541550325755, "KM": 0.23984993318943368, "LR": 0.7610960144927534, "LRR": 0.7610960144927534, "LRL": 0.7610960144927534, "LRE": 0.7610960144927534, "LOG_R": 0.7608695652173914, "RF": 0.8026546822742474, "SVM": 0.7715492521119118, "DNN": 0.7933064661964918}, "3 + 4": {"AB": 0.6956521739130435, "AC": 0.4660053934905734, "DS": 0.3701819303114401, "DT": 0.7391304347826086, "GM": 0.3701819303114401, "GN": 0.7078206179928904, "GB": 0.6632431207076873, "KNN": 0.6505104692990663, "KM": 0.2506669550796741, "LR": 0.7797101449275361, "LRR": 0.7797101449275361, "LRL": 0.7901524306437978, "LRE": 0.7797101449275361, "LOG_R": 0.7149769918078455, "RF": 0.7264898478595754, "SVM": 0.7459739949898605, "DNN": 0.7702514722020432}, "0 + 1 + 2": {"AB": 0.7681128286554895, "AC": 0.2663967611336033, "DS": 0.32750185322461084, "DT": 0.8947368421052632, "GM": 0.32750185322461084, "GN": 0.742918271287976, "GB": 0.8210129580686002, "KNN": 0.764987941551993, "KM": 0.28502785748205817, "LR": 0.8302231428302419, "LRR": 0.8302231428302419, "LRL": 0.8302231428302419, "LRE": 0.8302231428302419, "LOG_R": 0.8312046783625732, "RF": 0.8525989175065323, "SVM": 0.8204554104138978, "DNN": 0.8525989175065323}, "0 + 1 + 3": {"AB": 0.7436363636363637, "AC": 0.3188405797101449, "DS": 0.3333333333333333, "DT": 0.8297872340425532, "GM": 0.3237410071942446, "GN": 0.7950659781985082, "GB": 0.8077272727272728, "KNN": 0.7270932528161654, "KM": 0.49883800410116197, "LR": 0.7377471049245526, "LRR": 0.7377471049245526, "LRL": 0.7492997198879551, "LRE": 0.7377471049245526, "LOG_R": 0.7650000000000001, "RF": 0.7972988310066962, "SVM": 0.7315819531696173, "DNN": 0.7745288406624786}, "0 + 1 + 4": {"AB": 0.7223252173196556, "AC": 0.3842592592592592, "DS": 0.3583130575831306, "DT": 0.6668313570487483, "GM": 0.30893901420217207,