{"0": {"AB": 0.20927044974463938, "AC": 0.20927044974463938, "DS": 0.20927044974463938, "DT": 0.20927044974463938, "GM": 0.20927044974463938, "GN": 0.20927044974463938, "GB": 0.20927044974463938, "KNN": 0.20927044974463938, "KM": 0.20927044974463938, "LR": 0.20927044974463938, "LRR": 0.20927044974463938, "LRL": 0.20927044974463938, "LRE": 0.20927044974463938, "LOG_R": 0.20927044974463938, "RF": 0.20927044974463938, "SVM": 0.20927044974463938, "DNN": 0.20927044974463938}, "1": {"AB": 0.19997351050714718, "AC": 0.19997351050714718, "DS": 0.19997351050714718, "DT": 0.19997351050714718, "GM": 0.19997351050714718, "GN": 0.19997351050714718, "GB": 0.19997351050714718, "KNN": 0.19997351050714718, "KM": 0.19997351050714718, "LR": 0.19997351050714718, "LRR": 0.19997351050714718, "LRL": 0.19997351050714718, "LRE": 0.19997351050714718, "LOG_R": 0.19997351050714718, "RF": 0.19997351050714718, "SVM": 0.19997351050714718, "DNN": 0.19997351050714718}, "2": {"AB": 0.1940224258262065, "AC": 0.1940224258262065, "DS": 0.1940224258262065, "DT": 0.1940224258262065, "GM": 0.1940224258262065, "GN": 0.1940224258262065, "GB": 0.1940224258262065, "KNN": 0.1940224258262065, "KM": 0.1940224258262065, "LR": 0.1940224258262065, "LRR": 0.1940224258262065, "LRL": 0.1940224258262065, "LRE": 0.1940224258262065, "LOG_R": 0.1940224258262065, "RF": 0.1940224258262065, "SVM": 0.1940224258262065, "DNN": 0.1940224258262065}, "3": {"AB": 0.18463616968764923, "AC": 0.18463616968764923, "DS": 0.18463616968764923, "DT": 0.18463616968764923, "GM": 0.18463616968764923, "GN": 0.18463616968764923, "GB": 0.18463616968764923, "KNN": 0.18463616968764923, "KM": 0.18463616968764923, "LR": 0.18463616968764923, "LRR": 0.18463616968764923, "LRL": 0.18463616968764923, "LRE": 0.18463616968764923, "LOG_R": 0.18463616968764923, "RF": 0.18463616968764923, "SVM": 0.18463616968764923, "DNN": 0.18463616968764923}, "4": {"AB": 0.17607985488231942, "AC": 0.17607985488231942, "DS": 0.17607985488231942, "DT": 0.17607985488231942, "GM": 0.17607985488231942, "GN": 0.17607985488231942, "GB": 0.17607985488231942, "KNN": 0.17607985488231942, "KM": 0.17607985488231942, "LR": 0.17607985488231942, "LRR": 0.17607985488231942, "LRL": 0.17607985488231942, "LRE": 0.17607985488231942, "LOG_R": 0.17607985488231942, "RF": 0.17607985488231942, "SVM": 0.17607985488231942, "DNN": 0.17607985488231942}, "0 + 1": {"AB": 0.2692092240194611, "AC": 0.2692092240194611, "DS": 0.2692092240194611, "DT": 0.2692092240194611, "GM": 0.2692092240194611, "GN": 0.2692092240194611, "GB": 0.2692092240194611, "KNN": 0.2692092240194611, "KM": 0.2692092240194611, "LR": 0.2692092240194611, "LRR": 0.2692092240194611, "LRL": 0.2692092240194611, "LRE": 0.2692092240194611, "LOG_R": 0.2692092240194611, "RF": 0.2692092240194611, "SVM": 0.2692092240194611, "DNN": 0.2692092240194611}, "0 + 2": {"AB": 0.2532926922578652, "AC": 0.2532926922578652, "DS": 0.2532926922578652, "DT": 0.2532926922578652, "GM": 0.2532926922578652, "GN": 0.2532926922578652, "GB": 0.2532926922578652, "KNN": 0.2532926922578652, "KM": 0.2532926922578652, "LR": 0.2532926922578652, "LRR": 0.2532926922578652, "LRL": 0.2532926922578652, "LRE": 0.2532926922578652, "LOG_R": 0.2532926922578652, "RF": 0.2532926922578652, "SVM": 0.2532926922578652, "DNN": 0.2532926922578652}, "0 + 3": {"AB": 0.248201354323653, "AC": 0.248201354323653, "DS": 0.248201354323653, "DT": 0.248201354323653, "GM": 0.248201354323653, "GN": 0.248201354323653, "GB": 0.248201354323653, "KNN": 0.248201354323653, "KM": 0.248201354323653, "LR": 0.248201354323653, "LRR": 0.248201354323653, "LRL": 0.248201354323653, "LRE": 0.248201354323653, "LOG_R": 0.248201354323653, "RF": 0.248201354323653, "SVM": 0.248201354323653, "DNN": 0.248201354323653}, "0 + 4": {"AB": 0.2400519438877331, "AC": 0.2400519438877331, "DS": 0.2400519438877331, "DT": 0.2400519438877331, "GM": 0.2400519438877331, "GN": 0.2400519438877331, "GB": 0.2400519438877331, "KNN": 0.2400519438877331, "KM": 0.2400519438877331, "LR": 0.2400519438877331, "LRR": 0.2400519438877331, "LRL": 0.2400519438877331, "LRE": 0.2400519438877331, "LOG_R": 0.2400519438877331, "RF": 0.2400519438877331, "SVM": 0.2400519438877331, "DNN": 0.2400519438877331}, "1 + 2": {"AB": 0.25094367588887184, "AC": 0.25094367588887184, "DS": 0.25094367588887184, "DT": 0.25094367588887184, "GM": 0.25094367588887184, "GN": 0.25094367588887184, "GB": 0.25094367588887184, "KNN": 0.25094367588887184, "KM": 0.25094367588887184, "LR": 0.25094367588887184, "LRR": 0.25094367588887184, "LRL": 0.25094367588887184, "LRE": 0.25094367588887184, "LOG_R": 0.25094367588887184, "RF": 0.25094367588887184, "SVM": 0.25094367588887184, "DNN": 0.25094367588887184}, "1 + 3": {"AB": 0.2382227128025622, "AC": 0.2382227128025622, "DS": 0.2382227128025622, "DT": 0.2382227128025622, "GM": 0.2382227128025622, "GN": 0.2382227128025622, "GB": 0.2382227128025622, "KNN": 0.2382227128025622, "KM": 0.2382227128025622, "LR": 0.2382227128025622, "LRR": 0.2382227128025622, "LRL": 0.2382227128025622, "LRE": 0.2382227128025622, "LOG_R": 0.2382227128025622, "RF": 0.2382227128025622, "SVM": 0.2382227128025622, "DNN": 0.2382227128025622}, "1 + 4": {"AB": 0.23778867785521274, "AC": 0.23778867785521274, "DS": 0.23778867785521274, "DT": 0.23778867785521274, "GM": 0.23778867785521274, "GN": 0.23778867785521274, "GB": 0.23778867785521274, "KNN": 0.23778867785521274, "KM": 0.23778867785521274, "LR": 0.23778867785521274, "LRR": 0.23778867785521274, "LRL": 0.23778867785521274, "LRE": 0.23778867785521274, "LOG_R": 0.23778867785521274, "RF": 0.23778867785521274, "SVM": 0.23778867785521274, "DNN": 0.23778867785521274}, "2 + 3": {"AB": 0.22064988135139987, "AC": 0.22064988135139987, "DS": 0.22064988135139987, "DT": 0.22064988135139987, "GM": 0.22064988135139987, "GN": 0.22064988135139987, "GB": 0.22064988135139987, "KNN": 0.22064988135139987, "KM": 0.22064988135139987, "LR": 0.22064988135139987, "LRR": 0.22064988135139987, "LRL": 0.22064988135139987, "LRE": 0.22064988135139987, "LOG_R": 0.22064988135139987, "RF": 0.22064988135139987, "SVM": 0.22064988135139987, "DNN": 0.22064988135139987}, "2 + 4": {"AB": 0.24214340211920532, "AC": 0.24214340211920532, "DS": 0.24214340211920532, "DT": 0.24214340211920532, "GM": 0.24214340211920532, "GN": 0.24214340211920532, "GB": 0.24214340211920532, "KNN": 0.24214340211920532, "KM": 0.24214340211920532, "LR": 0.24214340211920532, "LRR": 0.24214340211920532, "LRL": 0.24214340211920532, "LRE": 0.24214340211920532, "LOG_R": 0.24214340211920532, "RF": 0.24214340211920532, "SVM": 0.24214340211920532, "DNN": 0.24214340211920532}, "3 + 4": {"AB": 0.20788177501025892, "AC": 0.20788177501025892, "DS": 0.20788177501025892, "DT": 0.20788177501025892, "GM": 0.20788177501025892, "GN": 0.20788177501025892, "GB": 0.20788177501025892, "KNN": 0.20788177501025892, "KM": 0.20788177501025892, "LR": 0.20788177501025892, "LRR": 0.20788177501025892, "LRL": 0.20788177501025892, "LRE": 0.20788177501025892, "LOG_R": 0.20788177501025892, "RF": 0.20788177501025892, "SVM": 0.20788177501025892, "DNN": 0.20788177501025892}, "0 + 1 + 2": {"AB": 0.2837660043896668, "AC": 0.2837660043896668, "DS": 0.2837660043896668, "DT": 0.2837660043896668, "GM": 0.2837660043896668, "GN": 0.2837660043896668, "GB": 0.2837660043896668, "KNN": 0.2837660043896668, "KM": 0.2837660043896668, "LR": 0.2837660043896668, "LRR": 0.2837660043896668, "LRL": 0.2837660043896668, "LRE": 0.2837660043896668, "LOG_R": 0.2837660043896668, "RF": 0.2837660043896668, "SVM": 0.2837660043896668, "DNN": 0.2837660043896668}, "0 + 1 + 3": {"AB": 0.27578229128784515, "AC": 0.27578229128784515, "DS": 0.27578229128784515, "DT": 0.27578229128784515, "GM": 0.27578229128784515, "GN": 0.27578229128784515, "GB": 0.27578229128784515, "KNN": 0.27578229128784515, "KM": 0.27578229128784515, "LR": 0.27578229128784515, "LRR": 0.27578229128784515, "LRL": 0.27578229128784515, "LRE": 0.27578229128784515, "LOG_R": 0.27578229128784515, "RF": 0.27578229128784515, "SVM": 0.27578229128784515, "DNN": 0.27578229128784515},