{"0": {"AB": 0.0, "AC": 0.0, "DS": 0.0, "DT": 0.0, "GM": 0.0, "GN": 0.0, "GB": 0.0, "KNN": 0.0, "KM": 0.0, "LR": 0.0, "LRR": 0.0, "LRL": 0.0, "LRE": 0.0, "LOG_R": 0.0, "RF": 0.0, "SVM": 0.0, "DNN": 0.0}, "1": {"AB": 0.0, "AC": 0.0, "DS": 0.0, "DT": 0.0, "GM": 0.0, "GN": 0.0, "GB": 0.0, "KNN": 0.0, "KM": 0.0, "LR": 0.0, "LRR": 0.0, "LRL": 0.0, "LRE": 0.0, "LOG_R": 0.0, "RF": 0.0, "SVM": 0.0, "DNN": 0.0}, "2": {"AB": 0.0, "AC": 0.0, "DS": 0.0, "DT": 0.0, "GM": 0.0, "GN": 0.0, "GB": 0.0, "KNN": 0.0, "KM": 0.0, "LR": 0.0, "LRR": 0.0, "LRL": 0.0, "LRE": 0.0, "LOG_R": 0.0, "RF": 0.0, "SVM": 0.0, "DNN": 0.0}, "3": {"AB": 0.0, "AC": 0.0, "DS": 0.0, "DT": 0.0, "GM": 0.0, "GN": 0.0, "GB": 0.0, "KNN": 0.0, "KM": 0.0, "LR": 0.0, "LRR": 0.0, "LRL": 0.0, "LRE": 0.0, "LOG_R": 0.0, "RF": 0.0, "SVM": 0.0, "DNN": 0.0}, "4": {"AB": 0.0, "AC": 0.0, "DS": 0.0, "DT": 0.0, "GM": 0.0, "GN": 0.0, "GB": 0.0, "KNN": 0.0, "KM": 0.0, "LR": 0.0, "LRR": 0.0, "LRL": 0.0, "LRE": 0.0, "LOG_R": 0.0, "RF": 0.0, "SVM": 0.0, "DNN": 0.0}, "0 + 1": {"AB": 0.037304198609585726, "AC": 0.037304198609585726, "DS": 0.037304198609585726, "DT": 0.037304198609585726, "GM": 0.037304198609585726, "GN": 0.037304198609585726, "GB": 0.037304198609585726, "KNN": 0.037304198609585726, "KM": 0.037304198609585726, "LR": 0.037304198609585726, "LRR": 0.037304198609585726, "LRL": 0.037304198609585726, "LRE": 0.037304198609585726, "LOG_R": 0.037304198609585726, "RF": 0.037304198609585726, "SVM": 0.037304198609585726, "DNN": 0.037304198609585726}, "0 + 2": {"AB": 0.037304198609585726, "AC": 0.037304198609585726, "DS": 0.037304198609585726, "DT": 0.037304198609585726, "GM": 0.037304198609585726, "GN": 0.037304198609585726, "GB": 0.037304198609585726, "KNN": 0.037304198609585726, "KM": 0.037304198609585726, "LR": 0.037304198609585726, "LRR": 0.037304198609585726, "LRL": 0.037304198609585726, "LRE": 0.037304198609585726, "LOG_R": 0.037304198609585726, "RF": 0.037304198609585726, "SVM": 0.037304198609585726, "DNN": 0.037304198609585726}, "0 + 3": {"AB": 0.13005929453959028, "AC": 0.13005929453959028, "DS": 0.13005929453959028, "DT": 0.13005929453959028, "GM": 0.13005929453959028, "GN": 0.13005929453959028, "GB": 0.13005929453959028, "KNN": 0.13005929453959028, "KM": 0.13005929453959028, "LR": 0.13005929453959028, "LRR": 0.13005929453959028, "LRL": 0.13005929453959028, "LRE": 0.13005929453959028, "LOG_R": 0.13005929453959028, "RF": 0.13005929453959028, "SVM": 0.13005929453959028, "DNN": 0.13005929453959028}, "0 + 4": {"AB": 0.1703958967129345, "AC": 0.1703958967129345, "DS": 0.1703958967129345, "DT": 0.1703958967129345, "GM": 0.1703958967129345, "GN": 0.1703958967129345, "GB": 0.1703958967129345, "KNN": 0.1703958967129345, "KM": 0.1703958967129345, "LR": 0.1703958967129345, "LRR": 0.1703958967129345, "LRL": 0.1703958967129345, "LRE": 0.1703958967129345, "LOG_R": 0.1703958967129345, "RF": 0.1703958967129345, "SVM": 0.1703958967129345, "DNN": 0.1703958967129345}, "1 + 2": {"AB": 0.0, "AC": 0.0, "DS": 0.0, "DT": 0.0, "GM": 0.0, "GN": 0.0, "GB": 0.0, "KNN": 0.0, "KM": 0.0, "LR": 0.0, "LRR": 0.0, "LRL": 0.0, "LRE": 0.0, "LOG_R": 0.0, "RF": 0.0, "SVM": 0.0, "DNN": 0.0}, "1 + 3": {"AB": 0.09275509593000456, "AC": 0.09275509593000456, "DS": 0.09275509593000456, "DT": 0.09275509593000456, "GM": 0.09275509593000456, "GN": 0.09275509593000456, "GB": 0.09275509593000456, "KNN": 0.09275509593000456, "KM": 0.09275509593000456, "LR": 0.09275509593000456, "LRR": 0.09275509593000456, "LRL": 0.09275509593000456, "LRE": 0.09275509593000456, "LOG_R": 0.09275509593000456, "RF": 0.09275509593000456, "SVM": 0.09275509593000456, "DNN": 0.09275509593000456}, "1 + 4": {"AB": 0.13309169810334878, "AC": 0.13309169810334878, "DS": 0.13309169810334878, "DT": 0.13309169810334878, "GM": 0.13309169810334878, "GN": 0.13309169810334878, "GB": 0.13309169810334878, "KNN": 0.13309169810334878, "KM": 0.13309169810334878, "LR": 0.13309169810334878, "LRR": 0.13309169810334878, "LRL": 0.13309169810334878, "LRE": 0.13309169810334878, "LOG_R": 0.13309169810334878, "RF": 0.13309169810334878, "SVM": 0.13309169810334878, "DNN": 0.13309169810334878}, "2 + 3": {"AB": 0.09275509593000456, "AC": 0.09275509593000456, "DS": 0.09275509593000456, "DT": 0.09275509593000456, "GM": 0.09275509593000456, "GN": 0.09275509593000456, "GB": 0.09275509593000456, "KNN": 0.09275509593000456, "KM": 0.09275509593000456, "LR": 0.09275509593000456, "LRR": 0.09275509593000456, "LRL": 0.09275509593000456, "LRE": 0.09275509593000456, "LOG_R": 0.09275509593000456, "RF": 0.09275509593000456, "SVM": 0.09275509593000456, "DNN": 0.09275509593000456}, "2 + 4": {"AB": 0.13309169810334878, "AC": 0.13309169810334878, "DS": 0.13309169810334878, "DT": 0.13309169810334878, "GM": 0.13309169810334878, "GN": 0.13309169810334878, "GB": 0.13309169810334878, "KNN": 0.13309169810334878, "KM": 0.13309169810334878, "LR": 0.13309169810334878, "LRR": 0.13309169810334878, "LRL": 0.13309169810334878, "LRE": 0.13309169810334878, "LOG_R": 0.13309169810334878, "RF": 0.13309169810334878, "SVM": 0.13309169810334878, "DNN": 0.13309169810334878}, "3 + 4": {"AB": 0.1129233970166767, "AC": 0.1129233970166767, "DS": 0.1129233970166767, "DT": 0.1129233970166767, "GM": 0.1129233970166767, "GN": 0.1129233970166767, "GB": 0.1129233970166767, "KNN": 0.1129233970166767, "KM": 0.1129233970166767, "LR": 0.1129233970166767, "LRR": 0.1129233970166767, "LRL": 0.1129233970166767, "LRE": 0.1129233970166767, "LOG_R": 0.1129233970166767, "RF": 0.1129233970166767, "SVM": 0.1129233970166767, "DNN": 0.1129233970166767}, "0 + 1 + 2": {"AB": 0.018652099304792863, "AC": 0.018652099304792863, "DS": 0.018652099304792863, "DT": 0.018652099304792863, "GM": 0.018652099304792863, "GN": 0.018652099304792863, "GB": 0.018652099304792863, "KNN": 0.018652099304792863, "KM": 0.018652099304792863, "LR": 0.018652099304792863, "LRR": 0.018652099304792863, "LRL": 0.018652099304792863, "LRE": 0.018652099304792863, "LOG_R": 0.018652099304792863, "RF": 0.018652099304792863, "SVM": 0.018652099304792863, "DNN": 0.018652099304792863}, "0 + 1 + 3": {"AB": 0.11140719523479742, "AC": 0.11140719523479742, "DS": 0.11140719523479742, "DT": 0.11140719523479742, "GM": 0.11140719523479742, "GN": 0.11140719523479742, "GB": 0.11140719523479742, "KNN": 0.11140719523479742, "KM": 0.11140719523479742, "LR": 0.11140719523479742, "LRR": 0.11140719523479742, "LRL": 0.11140719523479742, "LRE": 0.11140719523479742, "LOG_R": 0.11140719523479742, "RF": 0.11140719523479742, "SVM": 0.11140719523479742, "DNN": 0.11140719523479742}, "0 + 1 + 4": {"AB": 0.15174379740814165, "AC": 0.15174379740814165, "DS": 0.15174379740814165, "DT": 0.15174379740814165, "GM": 0.15174379740814165, "GN": 0.15174379740814165, "GB": 0.15174379740814165, "KNN": 0.15174379740814165, "KM": 0.15174379740814165, "LR": 0.15174379740814165, "LRR": 0.15174379740814165, "LRL": 0.15174379740814165, "LRE": 0.15174379740814165, "LOG_R": 0.15174379740814165, "RF": 0.15174379740814165, "SVM": 0.15174379740814165, "DNN": 0.15174379740814165}, "0 + 2 + 3": {"AB": 0.11140719523479742, "AC": 0.11140719523479742, "DS": 0.11140719523479742, "DT": 0.11140719523479742, "GM": 0.11140719523479742, "GN": 0.11140719523479742, "GB": 0.11140719523479742, "KNN": 0.11140719523479742, "KM": 0.11140719523479742, "LR": 0.11140719523479742, "LRR": 0.11140719523479742, "LRL": 0.11140719523479742, "LRE": 0.11140719523479742, "LOG_R": 0.11140719523479742, "RF": 0.11140719523479742, "SVM": 0.11140719523479742, "DNN": 0.11140719523479742}, "0 + 2 + 4": {"AB": 0.15174379740814165, "AC": 0.15174379740814165, "DS": 0.15174379740814165, "DT": 0.15174379740814165, "GM": 0.15174379740814165, "GN": 0.15174379740814165, "GB": 0.15174379740814165, "KNN": 0.15174379740814165, "KM": 0.15174379740814165, "LR": 0.15174379740814165, "LRR": 0.15174379740814165, "LRL": 0.15174379740814165, "LRE": 0.15174379740814165, "LOG_R": 0.15174379740814165, "RF": 0.15174379740814165, "SVM": 0.15174379740814165, "DNN": 0.15174379740814165},