{"0": {"AB": 0.0, "AC": 0.0, "DS": 0.0, "DT": 0.0, "GM": 0.0, "GN": 0.0, "GB": 0.0, "KNN": 0.0, "KM": 0.0, "LR": 0.0, "LRR": 0.0, "LRL": 0.0, "LRE": 0.0, "LOG_R": 0.0, "RF": 0.0, "SVM": 0.0, "DNN": 0.0}, "1": {"AB": 0.0, "AC": 0.0, "DS": 0.0, "DT": 0.0, "GM": 0.0, "GN": 0.0, "GB": 0.0, "KNN": 0.0, "KM": 0.0, "LR": 0.0, "LRR": 0.0, "LRL": 0.0, "LRE": 0.0, "LOG_R": 0.0, "RF": 0.0, "SVM": 0.0, "DNN": 0.0}, "2": {"AB": 0.0, "AC": 0.0, "DS": 0.0, "DT": 0.0, "GM": 0.0, "GN": 0.0, "GB": 0.0, "KNN": 0.0, "KM": 0.0, "LR": 0.0, "LRR": 0.0, "LRL": 0.0, "LRE": 0.0, "LOG_R": 0.0, "RF": 0.0, "SVM": 0.0, "DNN": 0.0}, "3": {"AB": 0.0, "AC": 0.0, "DS": 0.0, "DT": 0.0, "GM": 0.0, "GN": 0.0, "GB": 0.0, "KNN": 0.0, "KM": 0.0, "LR": 0.0, "LRR": 0.0, "LRL": 0.0, "LRE": 0.0, "LOG_R": 0.0, "RF": 0.0, "SVM": 0.0, "DNN": 0.0}, "4": {"AB": 0.0, "AC": 0.0, "DS": 0.0, "DT": 0.0, "GM": 0.0, "GN": 0.0, "GB": 0.0, "KNN": 0.0, "KM": 0.0, "LR": 0.0, "LRR": 0.0, "LRL": 0.0, "LRE": 0.0, "LOG_R": 0.0, "RF": 0.0, "SVM": 0.0, "DNN": 0.0}, "0 + 1": {"AB": 0.19002526373855771, "AC": 0.19002526373855771, "DS": 0.19002526373855771, "DT": 0.19002526373855771, "GM": 0.19002526373855771, "GN": 0.19002526373855771, "GB": 0.19002526373855771, "KNN": 0.19002526373855771, "KM": 0.19002526373855771, "LR": 0.19002526373855771, "LRR": 0.19002526373855771, "LRL": 0.19002526373855771, "LRE": 0.19002526373855771, "LOG_R": 0.19002526373855771, "RF": 0.19002526373855771, "SVM": 0.19002526373855771, "DNN": 0.19002526373855771}, "0 + 2": {"AB": 0.1954143577894662, "AC": 0.1954143577894662, "DS": 0.1954143577894662, "DT": 0.1954143577894662, "GM": 0.1954143577894662, "GN": 0.1954143577894662, "GB": 0.1954143577894662, "KNN": 0.1954143577894662, "KM": 0.1954143577894662, "LR": 0.1954143577894662, "LRR": 0.1954143577894662, "LRL": 0.1954143577894662, "LRE": 0.1954143577894662, "LOG_R": 0.1954143577894662, "RF": 0.1954143577894662, "SVM": 0.1954143577894662, "DNN": 0.1954143577894662}, "0 + 3": {"AB": 0.21252698740012585, "AC": 0.21252698740012585, "DS": 0.21252698740012585, "DT": 0.21252698740012585, "GM": 0.21252698740012585, "GN": 0.21252698740012585, "GB": 0.21252698740012585, "KNN": 0.21252698740012585, "KM": 0.21252698740012585, "LR": 0.21252698740012585, "LRR": 0.21252698740012585, "LRL": 0.21252698740012585, "LRE": 0.21252698740012585, "LOG_R": 0.21252698740012585, "RF": 0.21252698740012585, "SVM": 0.21252698740012585, "DNN": 0.21252698740012585}, "0 + 4": {"AB": 0.2179160814510343, "AC": 0.2179160814510343, "DS": 0.2179160814510343, "DT": 0.2179160814510343, "GM": 0.2179160814510343, "GN": 0.2179160814510343, "GB": 0.2179160814510343, "KNN": 0.2179160814510343, "KM": 0.2179160814510343, "LR": 0.2179160814510343, "LRR": 0.2179160814510343, "LRL": 0.2179160814510343, "LRE": 0.2179160814510343, "LOG_R": 0.2179160814510343, "RF": 0.2179160814510343, "SVM": 0.2179160814510343, "DNN": 0.2179160814510343}, "1 + 2": {"AB": 0.09835848642583032, "AC": 0.09835848642583032, "DS": 0.09835848642583032, "DT": 0.09835848642583032, "GM": 0.09835848642583032, "GN": 0.09835848642583032, "GB": 0.09835848642583032, "KNN": 0.09835848642583032, "KM": 0.09835848642583032, "LR": 0.09835848642583032, "LRR": 0.09835848642583032, "LRL": 0.09835848642583032, "LRE": 0.09835848642583032, "LOG_R": 0.09835848642583032, "RF": 0.09835848642583032, "SVM": 0.09835848642583032, "DNN": 0.09835848642583032}, "1 + 3": {"AB": 0.12624930413830698, "AC": 0.12624930413830698, "DS": 0.12624930413830698, "DT": 0.12624930413830698, "GM": 0.12624930413830698, "GN": 0.12624930413830698, "GB": 0.12624930413830698, "KNN": 0.12624930413830698, "KM": 0.12624930413830698, "LR": 0.12624930413830698, "LRR": 0.12624930413830698, "LRL": 0.12624930413830698, "LRE": 0.12624930413830698, "LOG_R": 0.12624930413830698, "RF": 0.12624930413830698, "SVM": 0.12624930413830698, "DNN": 0.12624930413830698}, "1 + 4": {"AB": 0.02789081771247659, "AC": 0.02789081771247659, "DS": 0.02789081771247659, "DT": 0.02789081771247659, "GM": 0.02789081771247659, "GN": 0.02789081771247659, "GB": 0.02789081771247659, "KNN": 0.02789081771247659, "KM": 0.02789081771247659, "LR": 0.02789081771247659, "LRR": 0.02789081771247659, "LRL": 0.02789081771247659, "LRE": 0.02789081771247659, "LOG_R": 0.02789081771247659, "RF": 0.02789081771247659, "SVM": 0.02789081771247659, "DNN": 0.02789081771247659}, "2 + 3": {"AB": 0.2246077905641373, "AC": 0.2246077905641373, "DS": 0.2246077905641373, "DT": 0.2246077905641373, "GM": 0.2246077905641373, "GN": 0.2246077905641373, "GB": 0.2246077905641373, "KNN": 0.2246077905641373, "KM": 0.2246077905641373, "LR": 0.2246077905641373, "LRR": 0.2246077905641373, "LRL": 0.2246077905641373, "LRE": 0.2246077905641373, "LOG_R": 0.2246077905641373, "RF": 0.2246077905641373, "SVM": 0.2246077905641373, "DNN": 0.2246077905641373}, "2 + 4": {"AB": 0.12624930413830693, "AC": 0.12624930413830693, "DS": 0.12624930413830693, "DT": 0.12624930413830693, "GM": 0.12624930413830693, "GN": 0.12624930413830693, "GB": 0.12624930413830693, "KNN": 0.12624930413830693, "KM": 0.12624930413830693, "LR": 0.12624930413830693, "LRR": 0.12624930413830693, "LRL": 0.12624930413830693, "LRE": 0.12624930413830693, "LOG_R": 0.12624930413830693, "RF": 0.12624930413830693, "SVM": 0.12624930413830693, "DNN": 0.12624930413830693}, "3 + 4": {"AB": 0.09835848642583038, "AC": 0.09835848642583038, "DS": 0.09835848642583038, "DT": 0.09835848642583038, "GM": 0.09835848642583038, "GN": 0.09835848642583038, "GB": 0.09835848642583038, "KNN": 0.09835848642583038, "KM": 0.09835848642583038, "LR": 0.09835848642583038, "LRR": 0.09835848642583038, "LRL": 0.09835848642583038, "LRE": 0.09835848642583038, "LOG_R": 0.09835848642583038, "RF": 0.09835848642583038, "SVM": 0.09835848642583038, "DNN": 0.09835848642583038}, "0 + 1 + 2": {"AB": 0.17012877020137873, "AC": 0.17012877020137873, "DS": 0.17012877020137873, "DT": 0.17012877020137873, "GM": 0.17012877020137873, "GN": 0.17012877020137873, "GB": 0.17012877020137873, "KNN": 0.17012877020137873, "KM": 0.17012877020137873, "LR": 0.17012877020137873, "LRR": 0.17012877020137873, "LRL": 0.17012877020137873, "LRE": 0.17012877020137873, "LOG_R": 0.17012877020137873, "RF": 0.17012877020137873, "SVM": 0.17012877020137873, "DNN": 0.17012877020137873}, "0 + 1 + 3": {"AB": 0.19532504088840114, "AC": 0.19532504088840114, "DS": 0.19532504088840114, "DT": 0.19532504088840114, "GM": 0.19532504088840114, "GN": 0.19532504088840114, "GB": 0.19532504088840114, "KNN": 0.19532504088840114, "KM": 0.19532504088840114, "LR": 0.19532504088840114, "LRR": 0.19532504088840114, "LRL": 0.19532504088840114, "LRE": 0.19532504088840114, "LOG_R": 0.19532504088840114, "RF": 0.19532504088840114, "SVM": 0.19532504088840114, "DNN": 0.19532504088840114}, "0 + 1 + 4": {"AB": 0.12290344958175545, "AC": 0.12290344958175545, "DS": 0.12290344958175545, "DT": 0.12290344958175545, "GM": 0.12290344958175545, "GN": 0.12290344958175545, "GB": 0.12290344958175545, "KNN": 0.12290344958175545, "KM": 0.12290344958175545, "LR": 0.12290344958175545, "LRR": 0.12290344958175545, "LRL": 0.12290344958175545, "LRE": 0.12290344958175545, "LOG_R": 0.12290344958175545, "RF": 0.12290344958175545, "SVM": 0.12290344958175545, "DNN": 0.12290344958175545}, "0 + 2 + 3": {"AB": 0.270441179220501, "AC": 0.270441179220501, "DS": 0.270441179220501, "DT": 0.270441179220501, "GM": 0.270441179220501, "GN": 0.270441179220501, "GB": 0.270441179220501, "KNN": 0.270441179220501, "KM": 0.270441179220501, "LR": 0.270441179220501, "LRR": 0.270441179220501, "LRL": 0.270441179220501, "LRE": 0.270441179220501, "LOG_R": 0.270441179220501, "RF": 0.270441179220501, "SVM": 0.270441179220501, "DNN": 0.270441179220501}, "0 + 2 + 4": {"AB": 0.19801958791385532, "AC": 0.19801958791385532, "DS": 0.19801958791385532, "DT": 0.19801958791385532, "GM": 0.19801958791385532, "GN": 0.19801958791385532, "GB": 0.19801958791385532, "KNN": 0.19801958791385532, "KM": 0.19801958791385532, "LR": 0.19801958791385532, "LRR": 0.19801958791385532, "LRL": 0.19801958791385532,