{"0": {"AB": 0.0, "AC": 0.0, "DS": 0.0, "DT": 0.0, "GM": 0.0, "GN": 0.0, "GB": 0.0, "KNN": 0.0, "KM": 0.0, "LR": 0.0, "LRR": 0.0, "LRL": 0.0, "LRE": 0.0, "LOG_R": 0.0, "RF": 0.0, "SVM": 0.0, "DNN": 0.0}, "1": {"AB": 0.0, "AC": 0.0, "DS": 0.0, "DT": 0.0, "GM": 0.0, "GN": 0.0, "GB": 0.0, "KNN": 0.0, "KM": 0.0, "LR": 0.0, "LRR": 0.0, "LRL": 0.0, "LRE": 0.0, "LOG_R": 0.0, "RF": 0.0, "SVM": 0.0, "DNN": 0.0}, "2": {"AB": 0.0, "AC": 0.0, "DS": 0.0, "DT": 0.0, "GM": 0.0, "GN": 0.0, "GB": 0.0, "KNN": 0.0, "KM": 0.0, "LR": 0.0, "LRR": 0.0, "LRL": 0.0, "LRE": 0.0, "LOG_R": 0.0, "RF": 0.0, "SVM": 0.0, "DNN": 0.0}, "3": {"AB": 0.0, "AC": 0.0, "DS": 0.0, "DT": 0.0, "GM": 0.0, "GN": 0.0, "GB": 0.0, "KNN": 0.0, "KM": 0.0, "LR": 0.0, "LRR": 0.0, "LRL": 0.0, "LRE": 0.0, "LOG_R": 0.0, "RF": 0.0, "SVM": 0.0, "DNN": 0.0}, "4": {"AB": 0.0, "AC": 0.0, "DS": 0.0, "DT": 0.0, "GM": 0.0, "GN": 0.0, "GB": 0.0, "KNN": 0.0, "KM": 0.0, "LR": 0.0, "LRR": 0.0, "LRL": 0.0, "LRE": 0.0, "LOG_R": 0.0, "RF": 0.0, "SVM": 0.0, "DNN": 0.0}, "0 + 1": {"AB": 0.014926995117944153, "AC": 0.014926995117944153, "DS": 0.014926995117944153, "DT": 0.014926995117944153, "GM": 0.014926995117944153, "GN": 0.014926995117944153, "GB": 0.014926995117944153, "KNN": 0.014926995117944153, "KM": 0.014926995117944153, "LR": 0.014926995117944153, "LRR": 0.014926995117944153, "LRL": 0.014926995117944153, "LRE": 0.014926995117944153, "LOG_R": 0.014926995117944153, "RF": 0.014926995117944153, "SVM": 0.014926995117944153, "DNN": 0.014926995117944153}, "0 + 2": {"AB": 0.04239693601257066, "AC": 0.04239693601257066, "DS": 0.04239693601257066, "DT": 0.04239693601257066, "GM": 0.04239693601257066, "GN": 0.04239693601257066, "GB": 0.04239693601257066, "KNN": 0.04239693601257066, "KM": 0.04239693601257066, "LR": 0.04239693601257066, "LRR": 0.04239693601257066, "LRL": 0.04239693601257066, "LRE": 0.04239693601257066, "LOG_R": 0.04239693601257066, "RF": 0.04239693601257066, "SVM": 0.04239693601257066, "DNN": 0.04239693601257066}, "0 + 3": {"AB": 0.16403528583576105, "AC": 0.16403528583576105, "DS": 0.16403528583576105, "DT": 0.16403528583576105, "GM": 0.16403528583576105, "GN": 0.16403528583576105, "GB": 0.16403528583576105, "KNN": 0.16403528583576105, "KM": 0.16403528583576105, "LR": 0.16403528583576105, "LRR": 0.16403528583576105, "LRL": 0.16403528583576105, "LRE": 0.16403528583576105, "LOG_R": 0.16403528583576105, "RF": 0.16403528583576105, "SVM": 0.16403528583576105, "DNN": 0.16403528583576105}, "0 + 4": {"AB": 0.3834644641003826, "AC": 0.3834644641003826, "DS": 0.3834644641003826, "DT": 0.3834644641003826, "GM": 0.3834644641003826, "GN": 0.3834644641003826, "GB": 0.3834644641003826, "KNN": 0.3834644641003826, "KM": 0.3834644641003826, "LR": 0.3834644641003826, "LRR": 0.3834644641003826, "LRL": 0.3834644641003826, "LRE": 0.3834644641003826, "LOG_R": 0.3834644641003826, "RF": 0.3834644641003826, "SVM": 0.3834644641003826, "DNN": 0.3834644641003826}, "1 + 2": {"AB": 0.029946681237837613, "AC": 0.029946681237837613, "DS": 0.029946681237837613, "DT": 0.029946681237837613, "GM": 0.029946681237837613, "GN": 0.029946681237837613, "GB": 0.029946681237837613, "KNN": 0.029946681237837613, "KM": 0.029946681237837613, "LR": 0.029946681237837613, "LRR": 0.029946681237837613, "LRL": 0.029946681237837613, "LRE": 0.029946681237837613, "LOG_R": 0.029946681237837613, "RF": 0.029946681237837613, "SVM": 0.029946681237837613, "DNN": 0.029946681237837613}, "1 + 3": {"AB": 0.1491082907178169, "AC": 0.1491082907178169, "DS": 0.1491082907178169, "DT": 0.1491082907178169, "GM": 0.1491082907178169, "GN": 0.1491082907178169, "GB": 0.1491082907178169, "KNN": 0.1491082907178169, "KM": 0.1491082907178169, "LR": 0.1491082907178169, "LRR": 0.1491082907178169, "LRL": 0.1491082907178169, "LRE": 0.1491082907178169, "LOG_R": 0.1491082907178169, "RF": 0.1491082907178169, "SVM": 0.1491082907178169, "DNN": 0.1491082907178169}, "1 + 4": {"AB": 0.36853746898243844, "AC": 0.36853746898243844, "DS": 0.36853746898243844, "DT": 0.36853746898243844, "GM": 0.36853746898243844, "GN": 0.36853746898243844, "GB": 0.36853746898243844, "KNN": 0.36853746898243844, "KM": 0.36853746898243844, "LR": 0.36853746898243844, "LRR": 0.36853746898243844, "LRL": 0.36853746898243844, "LRE": 0.36853746898243844, "LOG_R": 0.36853746898243844, "RF": 0.36853746898243844, "SVM": 0.36853746898243844, "DNN": 0.36853746898243844}, "2 + 3": {"AB": 0.12163834982319038, "AC": 0.12163834982319038, "DS": 0.12163834982319038, "DT": 0.12163834982319038, "GM": 0.12163834982319038, "GN": 0.12163834982319038, "GB": 0.12163834982319038, "KNN": 0.12163834982319038, "KM": 0.12163834982319038, "LR": 0.12163834982319038, "LRR": 0.12163834982319038, "LRL": 0.12163834982319038, "LRE": 0.12163834982319038, "LOG_R": 0.12163834982319038, "RF": 0.12163834982319038, "SVM": 0.12163834982319038, "DNN": 0.12163834982319038}, "2 + 4": {"AB": 0.34106752808781193, "AC": 0.34106752808781193, "DS": 0.34106752808781193, "DT": 0.34106752808781193, "GM": 0.34106752808781193, "GN": 0.34106752808781193, "GB": 0.34106752808781193, "KNN": 0.34106752808781193, "KM": 0.34106752808781193, "LR": 0.34106752808781193, "LRR": 0.34106752808781193, "LRL": 0.34106752808781193, "LRE": 0.34106752808781193, "LOG_R": 0.34106752808781193, "RF": 0.34106752808781193, "SVM": 0.34106752808781193, "DNN": 0.34106752808781193}, "3 + 4": {"AB": 0.21942917826462155, "AC": 0.21942917826462155, "DS": 0.21942917826462155, "DT": 0.21942917826462155, "GM": 0.21942917826462155, "GN": 0.21942917826462155, "GB": 0.21942917826462155, "KNN": 0.21942917826462155, "KM": 0.21942917826462155, "LR": 0.21942917826462155, "LRR": 0.21942917826462155, "LRL": 0.21942917826462155, "LRE": 0.21942917826462155, "LOG_R": 0.21942917826462155, "RF": 0.21942917826462155, "SVM": 0.21942917826462155, "DNN": 0.21942917826462155}, "0 + 1 + 2": {"AB": 0.036790993711006914, "AC": 0.036790993711006914, "DS": 0.036790993711006914, "DT": 0.036790993711006914, "GM": 0.036790993711006914, "GN": 0.036790993711006914, "GB": 0.036790993711006914, "KNN": 0.036790993711006914, "KM": 0.036790993711006914, "LR": 0.036790993711006914, "LRR": 0.036790993711006914, "LRL": 0.036790993711006914, "LRE": 0.036790993711006914, "LOG_R": 0.036790993711006914, "RF": 0.036790993711006914, "SVM": 0.036790993711006914, "DNN": 0.036790993711006914}, "0 + 1 + 3": {"AB": 0.15657178827678897, "AC": 0.15657178827678897, "DS": 0.15657178827678897, "DT": 0.15657178827678897, "GM": 0.15657178827678897, "GN": 0.15657178827678897, "GB": 0.15657178827678897, "KNN": 0.15657178827678897, "KM": 0.15657178827678897, "LR": 0.15657178827678897, "LRR": 0.15657178827678897, "LRL": 0.15657178827678897, "LRE": 0.15657178827678897, "LOG_R": 0.15657178827678897, "RF": 0.15657178827678897, "SVM": 0.15657178827678897, "DNN": 0.15657178827678897}, "0 + 1 + 4": {"AB": 0.3760009665414105, "AC": 0.3760009665414105, "DS": 0.3760009665414105, "DT": 0.3760009665414105, "GM": 0.3760009665414105, "GN": 0.3760009665414105, "GB": 0.3760009665414105, "KNN": 0.3760009665414105, "KM": 0.3760009665414105, "LR": 0.3760009665414105, "LRR": 0.3760009665414105, "LRL": 0.3760009665414105, "LRE": 0.3760009665414105, "LOG_R": 0.3760009665414105, "RF": 0.3760009665414105, "SVM": 0.3760009665414105, "DNN": 0.3760009665414105}, "0 + 2 + 3": {"AB": 0.14283681782947572, "AC": 0.14283681782947572, "DS": 0.14283681782947572, "DT": 0.14283681782947572, "GM": 0.14283681782947572, "GN": 0.14283681782947572, "GB": 0.14283681782947572, "KNN": 0.14283681782947572, "KM": 0.14283681782947572, "LR": 0.14283681782947572, "LRR": 0.14283681782947572, "LRL": 0.14283681782947572, "LRE": 0.14283681782947572, "LOG_R": 0.14283681782947572, "RF": 0.14283681782947572, "SVM": 0.14283681782947572, "DNN": 0.14283681782947572}, "0 + 2 + 4": {"AB": 0.36226599609409726, "AC": 0.36226599609409726, "DS": 0.36226599609409726, "DT": 0.36226599609409726, "GM": 0.36226599609409726, "GN": 0.36226599609409726, "GB": 0.36226599609409726, "KNN": 0.36226599609409726, "KM": 0.36226599609409726,