{"attack": {"2670667": {"cycles": {"best_k": 2, "best_silhouette_score": 0.8212305028931013, "other_silhouette_scores": [[2, 0.8212305028931013], [15, 0.7579825097799725], [7, 0.7354091304453452], [6, 0.7327598523721385], [8, 0.7280139749020798], [12, 0.7213532789895541], [14, 0.7203948087972665], [13, 0.719067297976589], [5, 0.7146444011553165], [11, 0.6944232206510164], [4, 0.6940541860295372], [9, 0.6865516395526214], [10, 0.6831511697447432], [3, 0.6757194190370021]]}, "instructions": {"best_k": 13, "best_silhouette_score": 0.8603721089516542, "other_silhouette_scores": [[13, 0.8603721089516542], [12, 0.8191263177058629], [11, 0.8103953022866845], [10, 0.752538415683372], [8, 0.7422135961858431], [2, 0.7340742532636464], [9, 0.7331485266547091], [5, 0.7024863199971021], [4, 0.6952598817812433], [6, 0.6906816444337193], [7, 0.6720054423773308], [3, 0.6445131913755247]]}, "branch": {"best_k": 2, "best_silhouette_score": 0.9443132531054766, "other_silhouette_scores": [[2, 0.9443132531054766], [4, 0.7416674189690424], [6, 0.6854484205470939], [5, 0.6826506157501477], [7, 0.6749944616436456], [3, 0.6679589047584625]]}}}, "normal": {"2683027": {"cycles": {"best_k": 20, "best_silhouette_score": 0.8829587066013331, "other_silhouette_scores": [[20, 0.8829587066013331], [19, 0.8620430774103555], [2, 0.8512439946426194], [18, 0.8045056781008043], [17, 0.779722235078032], [16, 0.7489064042289849], [15, 0.7191321848056837], [14, 0.717968623174908], [13, 0.6706572422790228], [7, 0.6655356855509686], [6, 0.6623156938582944], [8, 0.6597057294191917], [9, 0.6559363115173978], [11, 0.651904320704142], [4, 0.6516643857109902], [3, 0.6503642400980181], [10, 0.6462751600799576], [12, 0.6420929173792013], [5, 0.609394278299664]]}, "instructions": {"best_k": 2, "best_silhouette_score": 0.9537710563977517, "other_silhouette_scores": [[2, 0.9537710563977517], [10, 0.8544610205292336], [9, 0.8471853142942071], [8, 0.7728791246223892], [7, 0.7630458601999096], [6, 0.7425424833271441], [5, 0.7201865897756894], [4, 0.7111644742005883], [3, 0.6552096763102526]]}, "branch": {"best_k": 2, "best_silhouette_score": 0.9358618357491614, "other_silhouette_scores": [[2, 0.9358618357491614], [6, 0.7476140311129942], [5, 0.7323848117400877], [4, 0.6645039587440484], [3, 0.6480130023315803]]}}}}