{"attack": {"cycles": {"best_k": 6, "best_silhouette_score": 0.9913194444444444, "other_silhouette_scores": [[6, 0.9913194444444444], [7, 0.9895833333333334], [8, 0.9895833333333334], [9, 0.9895833333333334], [10, 0.9895833333333334], [11, 0.9895833333333334], [12, 0.9895833333333334], [13, 0.9895833333333334], [14, 0.9895833333333334], [15, 0.9895833333333334], [16, 0.9895833333333334], [17, 0.9895833333333334], [18, 0.9895833333333334], [19, 0.9895833333333334], [20, 0.9895833333333334], [21, 0.9895833333333334], [22, 0.9895833333333334], [23, 0.9895833333333334], [24, 0.9895833333333334], [25, 0.9895833333333334], [26, 0.9895833333333334], [27, 0.9895833333333334], [28, 0.9895833333333334], [5, 0.9789567101400181], [2, 0.9670454931927159], [4, 0.9167510280665666], [3, 0.8886052207341267]]}, "branch": {"best_k": 4, "best_silhouette_score": 0.9903381642512077, "other_silhouette_scores": [[4, 0.9903381642512077], [5, 0.9903381642512077], [6, 0.9903381642512077], [7, 0.9903381642512077], [8, 0.9903381642512077], [9, 0.9903381642512077], [10, 0.9903381642512077], [11, 0.9903381642512077], [12, 0.9903381642512077], [13, 0.9903381642512077], [14, 0.9903381642512077], [15, 0.9903381642512077], [16, 0.9903381642512077], [17, 0.9903381642512077], [18, 0.9903381642512077], [19, 0.9903381642512077], [20, 0.9903381642512077], [3, 0.9879227053140096], [2, 0.9709178743961353]]}, "instructions": {"best_k": 3, "best_silhouette_score": 0.9946236559139785, "other_silhouette_scores": [[3, 0.9946236559139785], [4, 0.9946236559139785], [5, 0.9946236559139785], [6, 0.9946236559139785], [7, 0.9946236559139785], [8, 0.9946236559139785], [9, 0.9946236559139785], [10, 0.9946236559139785], [11, 0.9946236559139785], [12, 0.9946236559139785], [13, 0.9946236559139785], [14, 0.9946236559139785], [15, 0.9946236559139785], [16, 0.9946236559139785], [17, 0.9946236559139785], [18, 0.9946236559139785], [2, 0.9856630824372761]]}}, "normal": {"cycles": {"best_k": 7, "best_silhouette_score": 0.8460809549044842, "other_silhouette_scores": [[7, 0.8460809549044842], [6, 0.7598740583527601], [5, 0.7283250610907872], [2, 0.7180284299881488], [4, 0.665929749485154], [3, 0.6524345936268325]]}, "branch": {"best_k": 2, "best_silhouette_score": 0.9157442652027997, "other_silhouette_scores": [[2, 0.9157442652027997], [5, 0.7311845140354993], [3, 0.7186381756701609], [4, 0.6947724306424471]]}, "instructions": {"best_k": 6, "best_silhouette_score": 0.9428571428571428, "other_silhouette_scores": [[6, 0.9428571428571428], [2, 0.8848603388600946], [5, 0.8484160105687435], [4, 0.8462457831273226], [3, 0.7720160112171421]]}}}