{"attack": {"2-39-131-30": {"cycles": {"best_k": 5, "best_silhouette_score": 0.9979550102249489, "other_silhouette_scores": [[5, 0.9979550102249489], [6, 0.9979550102249489], [7, 0.9979550102249489], [8, 0.9979550102249489], [9, 0.9979550102249489], [10, 0.9979550102249489], [11, 0.9979550102249489], [12, 0.9979550102249489], [13, 0.9979550102249489], [14, 0.9979550102249489], [15, 0.9979550102249489], [16, 0.9979550102249489], [17, 0.9979550102249489], [18, 0.9979550102249489], [19, 0.9979550102249489], [20, 0.9979550102249489], [21, 0.9979550102249489], [22, 0.9979550102249489], [23, 0.9979550102249489], [24, 0.9979550102249489], [25, 0.9979550102249489], [26, 0.9979550102249489], [27, 0.9979550102249489], [28, 0.9979550102249489], [29, 0.9979550102249489], [30, 0.9979550102249489], [31, 0.9979550102249489], [32, 0.9979550102249489], [33, 0.9979550102249489], [34, 0.9979550102249489], [35, 0.9979550102249489], [36, 0.9979550102249489], [37, 0.9979550102249489], [38, 0.9979550102249489], [39, 0.9979550102249489], [40, 0.9979550102249489], [41, 0.9979550102249489], [42, 0.9979550102249489], [43, 0.9979550102249489], [44, 0.9979550102249489], [45, 0.9979550102249489], [46, 0.9979550102249489], [47, 0.9979550102249489], [48, 0.9979550102249489], [4, 0.9969325153374233], [3, 0.9912357581069238], [2, 0.9707994483283394]]}, "instructions": {"best_k": 3, "best_silhouette_score": 0.9969418960244648, "other_silhouette_scores": [[3, 0.9969418960244648], [4, 0.9969418960244648], [5, 0.9969418960244648], [6, 0.9969418960244648], [7, 0.9969418960244648], [8, 0.9969418960244648], [9, 0.9969418960244648], [10, 0.9969418960244648], [11, 0.9969418960244648], [12, 0.9969418960244648], [13, 0.9969418960244648], [14, 0.9969418960244648], [15, 0.9969418960244648], [16, 0.9969418960244648], [17, 0.9969418960244648], [18, 0.9969418960244648], [19, 0.9969418960244648], [20, 0.9969418960244648], [21, 0.9969418960244648], [22, 0.9969418960244648], [23, 0.9969418960244648], [24, 0.9969418960244648], [25, 0.9969418960244648], [26, 0.9969418960244648], [27, 0.9969418960244648], [28, 0.9969418960244648], [29, 0.9969418960244648], [30, 0.9969418960244648], [31, 0.9969418960244648], [32, 0.9969418960244648], [2, 0.986403199247236]]}, "branch": {"best_k": 3, "best_silhouette_score": 0.9970149253731343, "other_silhouette_scores": [[3, 0.9970149253731343], [4, 0.9970149253731343], [5, 0.9970149253731343], [6, 0.9970149253731343], [7, 0.9970149253731343], [8, 0.9970149253731343], [9, 0.9970149253731343], [10, 0.9970149253731343], [11, 0.9970149253731343], [12, 0.9970149253731343], [13, 0.9970149253731343], [14, 0.9970149253731343], [15, 0.9970149253731343], [16, 0.9970149253731343], [17, 0.9970149253731343], [18, 0.9970149253731343], [19, 0.9970149253731343], [20, 0.9970149253731343], [21, 0.9970149253731343], [22, 0.9970149253731343], [23, 0.9970149253731343], [24, 0.9970149253731343], [25, 0.9970149253731343], [26, 0.9970149253731343], [27, 0.9970149253731343], [28, 0.9970149253731343], [29, 0.9970149253731343], [30, 0.9970149253731343], [31, 0.9970149253731343], [32, 0.9970149253731343], [33, 0.9970149253731343], [2, 0.9880251253385585]]}}, "2-39-139-28": {"cycles": {"best_k": 6, "best_silhouette_score": 0.9954296160877514, "other_silhouette_scores": [[6, 0.9954296160877514], [7, 0.9945155393053017], [8, 0.9945155393053017], [9, 0.9945155393053017], [10, 0.9945155393053017], [11, 0.9945155393053017], [12, 0.9945155393053017], [13, 0.9945155393053017], [14, 0.9945155393053017], [15, 0.9945155393053017], [16, 0.9945155393053017], [17, 0.9945155393053017], [18, 0.9945155393053017], [19, 0.9945155393053017], [20, 0.9945155393053017], [21, 0.9945155393053017], [22, 0.9945155393053017], [23, 0.9945155393053017], [24, 0.9945155393053017], [25, 0.9945155393053017], [26, 0.9945155393053017], [27, 0.9945155393053017], [28, 0.9945155393053017], [29, 0.9945155393053017], [30, 0.9945155393053017], [31, 0.9945155393053017], [32, 0.9945155393053017], [33, 0.9945155393053017], [34, 0.9945155393053017], [35, 0.9945155393053017], [36, 0.9945155393053017], [37, 0.9945155393053017], [38, 0.9945155393053017], [39, 0.9945155393053017], [40, 0.9945155393053017], [41, 0.9945155393053017], [42, 0.9945155393053017], [43, 0.9945155393053017], [44, 0.9945155393053017], [45, 0.9945155393053017], [46, 0.9945155393053017], [47, 0.9945155393053017], [48, 0.9945155393053017], [49, 0.9945155393053017], [50, 0.9945155393053017], [51, 0.9945155393053017], [52, 0.9945155393053017], [53, 0.9945155393053017], [54, 0.9945155393053017], [5, 0.9875256218492049], [4, 0.9856267285426336], [3, 0.9726287169490622], [2, 0.9230499834510295]]}, "instructions": {"best_k": 3, "best_silhouette_score": 0.9971910112359551, "other_silhouette_scores": [[3, 0.9971910112359551], [4, 0.9971910112359551], [5, 0.9971910112359551], [6, 0.9971910112359551], [7, 0.9971910112359551], [8, 0.9971910112359551], [9, 0.9971910112359551], [10, 0.9971910112359551], [11, 0.9971910112359551], [12, 0.9971910112359551], [13, 0.9971910112359551], [14, 0.9971910112359551], [15, 0.9971910112359551], [16, 0.9971910112359551], [17, 0.9971910112359551], [18, 0.9971910112359551], [19, 0.9971910112359551], [20, 0.9971910112359551], [21, 0.9971910112359551], [22, 0.9971910112359551], [23, 0.9971910112359551], [24, 0.9971910112359551], [25, 0.9971910112359551], [26, 0.9971910112359551], [27, 0.9971910112359551], [28, 0.9971910112359551], [29, 0.9971910112359551], [30, 0.9971910112359551], [31, 0.9971910112359551], [32, 0.9971910112359551], [33, 0.9971910112359551], [34, 0.9971910112359551], [35, 0.9971910112359551], [2, 0.984341606889693]]}, "branch": {"best_k": 3, "best_silhouette_score": 0.9972375690607734, "other_silhouette_scores": [[3, 0.9972375690607734], [4, 0.9972375690607734], [5, 0.9972375690607734], [6, 0.9972375690607734], [7, 0.9972375690607734], [8, 0.9972375690607734], [9, 0.9972375690607734], [10, 0.9972375690607734], [11, 0.9972375690607734], [12, 0.9972375690607734], [13, 0.9972375690607734], [14, 0.9972375690607734], [15, 0.9972375690607734], [16, 0.9972375690607734], [17, 0.9972375690607734], [18, 0.9972375690607734], [19, 0.9972375690607734], [20, 0.9972375690607734], [21, 0.9972375690607734], [22, 0.9972375690607734], [23, 0.9972375690607734], [24, 0.9972375690607734], [25, 0.9972375690607734], [26, 0.9972375690607734], [27, 0.9972375690607734], [28, 0.9972375690607734], [29, 0.9972375690607734], [30, 0.9972375690607734], [31, 0.9972375690607734], [32, 0.9972375690607734], [33, 0.9972375690607734], [34, 0.9972375690607734], [35, 0.9972375690607734], [2, 0.9872906252740506]]}}, "2-39-89-25": {"cycles": {"best_k": 9, "best_silhouette_score": 0.9929245283018868, "other_silhouette_scores": [[9, 0.9929245283018868], [10, 0.9929245283018868], [11, 0.9929245283018868], [12, 0.9929245283018868], [13, 0.9929245283018868], [14, 0.9929245283018868], [15, 0.9929245283018868], [16, 0.9929245283018868], [17, 0.9929245283018868], [18, 0.9929245283018868], [19, 0.9929245283018868], [20, 0.9929245283018868], [21, 0.9929245283018868], [22, 0.9929245283018868], [23, 0.9929245283018868], [24, 0.9929245283018868], [25, 0.9929245283018868], [26, 0.9929245283018868], [27, 0.9929245283018868], [28, 0.9929245283018868], [29, 0.9929245283018868], [30, 0.9929245283018868], [31, 0.9929245283018868], [32, 0.9929245283018868], [33, 0.9929245283018868], [34, 0.9929245283018868], [35, 0.9929245283018868], [36, 0.9929245283018868], [37, 0.9929245283018868], [38, 0.9929245283018868], [39, 0.9929245283018868], [40, 0.9929245283018868], [41, 0.9929245283018868], [8, 0.9876179245283019], [2, 0.9833264416447626], [6, 0.9621154800122264], [7, 0.9605463325982193], [5, 0.9301868513552247], [3, 0.8412267096655734], [4, 0.8320518929065045]]}, "instructions": {"best_k": 4, "best_silhouette_score": 0.9967637540453075,