{"attack": {"2-39-89-25": {"cycles": {"best_k": 6, "best_silhouette_score": 0.9973118279569892, "other_silhouette_scores": [[6, 0.9973118279569892], [7, 0.9973118279569892], [8, 0.9973118279569892], [9, 0.9973118279569892], [10, 0.9973118279569892], [11, 0.9973118279569892], [12, 0.9973118279569892], [13, 0.9973118279569892], [14, 0.9973118279569892], [15, 0.9973118279569892], [16, 0.9973118279569892], [17, 0.9973118279569892], [18, 0.9973118279569892], [19, 0.9973118279569892], [20, 0.9973118279569892], [21, 0.9973118279569892], [22, 0.9973118279569892], [23, 0.9973118279569892], [24, 0.9973118279569892], [25, 0.9973118279569892], [26, 0.9973118279569892], [27, 0.9973118279569892], [28, 0.9973118279569892], [29, 0.9973118279569892], [5, 0.9860215053763441], [4, 0.97066927616438], [3, 0.9226186354215936], [2, 0.8567897310945135]]}, "instructions": {"best_k": 4, "best_silhouette_score": 0.9963768115942029, "other_silhouette_scores": [[4, 0.9963768115942029], [5, 0.9963768115942029], [6, 0.9963768115942029], [7, 0.9963768115942029], [8, 0.9963768115942029], [9, 0.9963768115942029], [10, 0.9963768115942029], [11, 0.9963768115942029], [12, 0.9963768115942029], [13, 0.9963768115942029], [14, 0.9963768115942029], [15, 0.9963768115942029], [16, 0.9963768115942029], [17, 0.9963768115942029], [18, 0.9963768115942029], [19, 0.9963768115942029], [20, 0.9963768115942029], [21, 0.9963768115942029], [22, 0.9963768115942029], [23, 0.9963768115942029], [24, 0.9963768115942029], [25, 0.9963768115942029], [26, 0.9963768115942029], [27, 0.9963768115942029], [28, 0.9963768115942029], [29, 0.9963768115942029], [30, 0.9963768115942029], [31, 0.9963768115942029], [32, 0.9963768115942029], [33, 0.9963768115942029], [34, 0.9963768115942029], [35, 0.9963768115942029], [36, 0.9963768115942029], [37, 0.9963768115942029], [38, 0.9963768115942029], [3, 0.968174696435566], [2, 0.9624671935842992]]}, "branch": {"best_k": 4, "best_silhouette_score": 0.9962264150943396, "other_silhouette_scores": [[4, 0.9962264150943396], [5, 0.9962264150943396], [6, 0.9962264150943396], [7, 0.9962264150943396], [8, 0.9962264150943396], [9, 0.9962264150943396], [10, 0.9962264150943396], [11, 0.9962264150943396], [12, 0.9962264150943396], [13, 0.9962264150943396], [14, 0.9962264150943396], [15, 0.9962264150943396], [16, 0.9962264150943396], [17, 0.9962264150943396], [18, 0.9962264150943396], [19, 0.9962264150943396], [20, 0.9962264150943396], [21, 0.9962264150943396], [22, 0.9962264150943396], [23, 0.9962264150943396], [24, 0.9962264150943396], [25, 0.9962264150943396], [26, 0.9962264150943396], [27, 0.9962264150943396], [28, 0.9962264150943396], [29, 0.9962264150943396], [30, 0.9962264150943396], [31, 0.9962264150943396], [32, 0.9962264150943396], [33, 0.9962264150943396], [34, 0.9962264150943396], [35, 0.9962264150943396], [36, 0.9962264150943396], [37, 0.9962264150943396], [38, 0.9962264150943396], [39, 0.9962264150943396], [40, 0.9962264150943396], [41, 0.9962264150943396], [42, 0.9962264150943396], [43, 0.9962264150943396], [44, 0.9962264150943396], [45, 0.9962264150943396], [46, 0.9962264150943396], [47, 0.9962264150943396], [48, 0.9962264150943396], [49, 0.9962264150943396], [50, 0.9962264150943396], [51, 0.9962264150943396], [52, 0.9962264150943396], [53, 0.9962264150943396], [3, 0.9943396226415094], [2, 0.9606028242553697]]}}}, "normal": {"2-39-89-25": {"cycles": {"best_k": 10, "best_silhouette_score": 0.9556009584145551, "other_silhouette_scores": [[10, 0.9556009584145551], [9, 0.884489847303444], [8, 0.8728259642172685], [2, 0.8515491421121691], [7, 0.7529322829682026], [6, 0.7272159456375143], [4, 0.698295254071744], [3, 0.6944132710112972], [5, 0.6447894203227499]]}, "instructions": {"best_k": 10, "best_silhouette_score": 0.9767441860465116, "other_silhouette_scores": [[10, 0.9767441860465116], [9, 0.9689922480620154], [8, 0.9621426520651327], [6, 0.9431767707474501], [7, 0.9351039464411557], [5, 0.8366457431758859], [2, 0.8316838380898408], [3, 0.764507712100662], [4, 0.724359362561206]]}, "branch": {"best_k": 2, "best_silhouette_score": 0.9214793488714407, "other_silhouette_scores": [[2, 0.9214793488714407], [3, 0.7093803575286238]]}}}}