{"attack": {"2-39-89-25": {"cycles": {"best_k": 6, "best_silhouette_score": 0.9973118279569892, "other_silhouette_scores": [[6, 0.9973118279569892], [7, 0.9973118279569892], [8, 0.9973118279569892], [9, 0.9973118279569892], [10, 0.9973118279569892], [11, 0.9973118279569892], [12, 0.9973118279569892], [13, 0.9973118279569892], [14, 0.9973118279569892], [15, 0.9973118279569892], [16, 0.9973118279569892], [17, 0.9973118279569892], [18, 0.9973118279569892], [19, 0.9973118279569892], [20, 0.9973118279569892], [21, 0.9973118279569892], [22, 0.9973118279569892], [23, 0.9973118279569892], [24, 0.9973118279569892], [25, 0.9973118279569892], [26, 0.9973118279569892], [27, 0.9973118279569892], [28, 0.9973118279569892], [29, 0.9973118279569892], [30, 0.9973118279569892], [31, 0.9973118279569892], [32, 0.9973118279569892], [33, 0.9973118279569892], [34, 0.9973118279569892], [35, 0.9973118279569892], [36, 0.9973118279569892], [5, 0.9860215053763441], [4, 0.97066927616438], [3, 0.9226186354215936], [2, 0.8567897310945135]]}, "instructions": {"best_k": 4, "best_silhouette_score": 0.9963768115942029, "other_silhouette_scores": [[4, 0.9963768115942029], [5, 0.9963768115942029], [6, 0.9963768115942029], [7, 0.9963768115942029], [8, 0.9963768115942029], [9, 0.9963768115942029], [10, 0.9963768115942029], [11, 0.9963768115942029], [12, 0.9963768115942029], [13, 0.9963768115942029], [14, 0.9963768115942029], [15, 0.9963768115942029], [16, 0.9963768115942029], [17, 0.9963768115942029], [18, 0.9963768115942029], [19, 0.9963768115942029], [20, 0.9963768115942029], [21, 0.9963768115942029], [22, 0.9963768115942029], [23, 0.9963768115942029], [24, 0.9963768115942029], [25, 0.9963768115942029], [26, 0.9963768115942029], [27, 0.9963768115942029], [3, 0.968174696435566], [2, 0.9624671935842992]]}, "branch": {"best_k": 4, "best_silhouette_score": 0.9962264150943396, "other_silhouette_scores": [[4, 0.9962264150943396], [5, 0.9962264150943396], [6, 0.9962264150943396], [7, 0.9962264150943396], [8, 0.9962264150943396], [9, 0.9962264150943396], [10, 0.9962264150943396], [11, 0.9962264150943396], [12, 0.9962264150943396], [13, 0.9962264150943396], [14, 0.9962264150943396], [15, 0.9962264150943396], [16, 0.9962264150943396], [17, 0.9962264150943396], [18, 0.9962264150943396], [19, 0.9962264150943396], [20, 0.9962264150943396], [21, 0.9962264150943396], [22, 0.9962264150943396], [23, 0.9962264150943396], [24, 0.9962264150943396], [25, 0.9962264150943396], [3, 0.9943396226415094], [2, 0.9606028242553697]]}}}, "normal": {"2-39-89-25": {"cycles": {"best_k": 12, "best_silhouette_score": 0.9908888888888888, "other_silhouette_scores": [[12, 0.9908888888888888], [13, 0.98], [14, 0.98], [11, 0.9760570987654321], [10, 0.9556009584145551], [9, 0.9244588144588145], [8, 0.8359491065627032], [7, 0.7554926308839353], [6, 0.7272159456375143], [2, 0.7018367835407474], [3, 0.6944132710112972], [4, 0.6800531812582092], [5, 0.6447894203227499]]}, "instructions": {"best_k": 10, "best_silhouette_score": 0.9767441860465116, "other_silhouette_scores": [[10, 0.9767441860465116], [11, 0.9767441860465116], [12, 0.9767441860465116], [9, 0.9689922480620154], [8, 0.9621426520651327], [6, 0.9431767707474501], [7, 0.9351039464411557], [5, 0.8366457431758859], [2, 0.8316838380898408], [3, 0.764507712100662], [4, 0.724359362561206]]}, "branch": {"best_k": 2, "best_silhouette_score": 0.9214793488714407, "other_silhouette_scores": [[2, 0.9214793488714407], [11, 0.8918002721450571], [9, 0.882783478810419], [10, 0.8720992051009351], [8, 0.8112342076662404], [3, 0.7093803575286238], [5, 0.7015641678678454], [7, 0.6958535901852922], [4, 0.6941202970608835], [6, 0.6682770014941876]]}}}}