{"attack": {"1474995": {"cycles": {"best_k": 2, "best_silhouette_score": 0.8724461179316713, "other_silhouette_scores": [[2, 0.8724461179316713], [3, 0.7435715429814796], [4, 0.7256131025025813], [5, 0.7167481374247782], [15, 0.6616496952218913], [17, 0.6615133654591787], [16, 0.6550721564024269], [13, 0.6532793165861964], [12, 0.6328124379070185], [14, 0.6255591581506569], [7, 0.6170317868057447], [6, 0.616097644713254], [9, 0.6160466173711852], [8, 0.6154910102856737], [10, 0.6087420755947641], [11, 0.6081863307511575]]}, "instructions": {"best_k": 2, "best_silhouette_score": 0.9239798794955003, "other_silhouette_scores": [[2, 0.9239798794955003], [3, 0.8440721166090014], [4, 0.8170579810630124], [14, 0.7507712669426039], [13, 0.7464100934029694], [11, 0.698068656086728], [12, 0.6891397307441582], [5, 0.6832502013911487], [8, 0.6766867418028635], [9, 0.6753098387525273], [10, 0.6682884140623422], [7, 0.6167408963847324], [6, 0.6127799317908929]]}, "branch": {"best_k": 2, "best_silhouette_score": 0.9640302525406985, "other_silhouette_scores": [[2, 0.9640302525406985], [3, 0.8350608739986676], [4, 0.819865632654343], [6, 0.7082720155005214], [5, 0.7062073442455223], [7, 0.6092788985659774]]}}}, "normal": {"1500166": {"cycles": {"best_k": 19, "best_silhouette_score": 0.9320800114917761, "other_silhouette_scores": [[19, 0.9320800114917761], [16, 0.8982924580088442], [18, 0.8944211017740431], [17, 0.8817460958742466], [14, 0.8587002029680516], [15, 0.8540491196478587], [13, 0.8259585856110495], [11, 0.8024233379281295], [12, 0.7965217521604351], [2, 0.7569132758053394], [3, 0.7211795766061688], [10, 0.7119462089481523], [8, 0.6911555174160995], [9, 0.6902089218666481], [7, 0.6877179152766011], [6, 0.6782943793122033], [5, 0.6491692431929057], [4, 0.6426780068169519]]}, "instructions": {"best_k": 2, "best_silhouette_score": 0.9200469768331058, "other_silhouette_scores": [[2, 0.9200469768331058], [13, 0.9148267562424189], [11, 0.8893081561133396], [12, 0.8585805971665198], [10, 0.8091356835972994], [9, 0.7461892481622432], [8, 0.7357150370381844], [7, 0.7281015655233856], [5, 0.6869723521663428], [4, 0.6769677328863195], [3, 0.6769641112210925], [6, 0.6605688913773046]]}, "branch": {"best_k": 2, "best_silhouette_score": 0.9488151755531895, "other_silhouette_scores": [[2, 0.9488151755531895], [3, 0.8259468840012779], [5, 0.6480542384790111], [4, 0.6407006197012038]]}}}}