{"attack": {"1474995": {"cycles": {"best_k": 2, "best_silhouette_score": 0.8724461179316713, "other_silhouette_scores": [[2, 0.8724461179316713], [25, 0.8117396413924982], [26, 0.7862110066002751], [23, 0.7573384333324477], [24, 0.7455885785268669], [3, 0.7435715429814796], [4, 0.7256131025025813], [5, 0.7191298432837828], [21, 0.7051849640417115], [22, 0.7047095970767191], [17, 0.6921490288106785], [20, 0.6895531446628821], [18, 0.6742287317792682], [19, 0.6668349934798883], [13, 0.6626351335625419], [16, 0.6621922245928558], [14, 0.6601899466645006], [15, 0.656789871553032], [11, 0.6224509594445279], [7, 0.6170317868057447], [8, 0.6154910102856737], [10, 0.6121780946849644], [6, 0.6106726710832748], [9, 0.6069261199604614], [12, 0.5921084451734853]]}, "instructions": {"best_k": 21, "best_silhouette_score": 0.9330438285438073, "other_silhouette_scores": [[21, 0.9330438285438073], [18, 0.9253476599780732], [2, 0.9239798794955003], [20, 0.9221286567590701], [19, 0.9209905791504044], [16, 0.882052540066352], [17, 0.8791839405914177], [15, 0.8509476140209901], [3, 0.8440721166090014], [4, 0.8170579810630124], [14, 0.7533559082207565], [13, 0.7407114341218038], [12, 0.7000325255029168], [11, 0.689786550512123], [5, 0.6832502013911487], [8, 0.6746913317015745], [10, 0.6738160720551304], [9, 0.6736186752866703], [7, 0.6127818543894127], [6, 0.6127799317908929]]}, "branch": {"best_k": 2, "best_silhouette_score": 0.9640302525406985, "other_silhouette_scores": [[2, 0.9640302525406985], [20, 0.864953543249568], [17, 0.854678853943334], [18, 0.8443094489654259], [19, 0.8385448811805671], [3, 0.8340919989022018], [4, 0.819865632654343], [16, 0.7770647214656854], [15, 0.7213623571176536], [6, 0.7082720155005214], [5, 0.7062073442455223], [14, 0.7016881564566503], [13, 0.6947229229806101], [12, 0.6757743505413067], [11, 0.6558741859192826], [10, 0.6540330878992571], [9, 0.6484240654386169], [8, 0.6212153815869567], [7, 0.5950457174290401]]}}}, "normal": {"1500166": {"cycles": {"best_k": 21, "best_silhouette_score": 0.9524420024420022, "other_silhouette_scores": [[21, 0.9524420024420022], [18, 0.9369101486748547], [19, 0.9345938375350141], [20, 0.931325863678805], [17, 0.9161681280903966], [15, 0.8768703343808382], [16, 0.8492189824647802], [14, 0.8250382724364621], [13, 0.8203970079010086], [11, 0.8024233379281295], [12, 0.7954650948877876], [2, 0.7569132758053394], [3, 0.7211795766061688], [10, 0.7119462089481523], [9, 0.692123545381999], [8, 0.6911555174160995], [7, 0.6877179152766011], [6, 0.6782943793122033], [5, 0.6491692431929057], [4, 0.6426780068169519]]}, "instructions": {"best_k": 16, "best_silhouette_score": 0.9467871485943771, "other_silhouette_scores": [[16, 0.9467871485943771], [15, 0.9386115892139989], [13, 0.9261845742505221], [2, 0.9200469768331058], [14, 0.9166275491576699], [12, 0.8865248363980133], [10, 0.8091356835972994], [11, 0.8082115833859651], [9, 0.7443300286582509], [8, 0.7372283455420153], [7, 0.7298035514355601], [5, 0.6869723521663428], [6, 0.6801681535687042], [4, 0.6769677328863195], [3, 0.6769641112210925]]}, "branch": {"best_k": 2, "best_silhouette_score": 0.9488151755531895, "other_silhouette_scores": [[2, 0.9488151755531895], [14, 0.9361043123543122], [15, 0.9357007575757574], [13, 0.8909721008158508], [12, 0.854134505634569], [3, 0.8259468840012779], [11, 0.7406209921210556], [9, 0.6952615353376727], [10, 0.6910032935794309], [8, 0.6893435420936898], [7, 0.6632154933169689], [5, 0.6480542384790111], [6, 0.6463033739464779], [4, 0.6178708722739127]]}}}}