{"branch": {"attack": 0.0, "normal": 0.0}, "cycles": {"attack": 0.0, "normal": 0.0}, "instructions": {"attack": 0.0, "normal": 0.0}, "time_diff": {"attack": 1.8571712245229335, "normal": 0.9106757164142568}, "branch_cycles": {"attack": 0.0, "normal": 0.0}, "branch_instructions": {"attack": 0.0, "normal": 0.0}, "branch_time_diff": {"attack": 1.52943512607771, "normal": 1.7290101888564389}, "cycles_instructions": {"attack": 0.0, "normal": 0.0}, "cycles_time_diff": {"attack": 1.52943512607771, "normal": 1.7290101888564389}, "instructions_time_diff": {"attack": 1.52943512607771, "normal": 1.7290101888564389}, "branch_cycles_instructions": {"attack": 0.0, "normal": 0.0}, "branch_cycles_time_diff": {"attack": 1.3327934670105759, "normal": 2.2200108723217484}, "branch_instructions_time_diff": {"attack": 1.3327934670105759, "normal": 2.2200108723217484}, "cycles_instructions_time_diff": {"attack": 1.3327934670105759, "normal": 2.2200108723217484}, "branch_cycles_instructions_time_diff": {"attack": 1.2016990276324864, "normal": 2.5473446612986206}}