{"0": {"AB": 1.0, "AC": 0.1142857142857143, "DS": 0.3333333333333333, "DT": 1.0, "GM": 0.08823529411764705, "GN": 1.0, "GB": 1.0, "KNN": 1.0, "KM": 0.060606060606060615, "LR": 0.9514993481095176, "LRR": 0.9514993481095176, "LRL": 0.9514993481095176, "LRE": 0.9514993481095176, "LOG_R": 1.0, "RF": 1.0, "SVM": 1.0, "DNN": 0.9677083333333334}, "1": {"AB": 1.0, "AC": 0.0, "DS": 0.3333333333333333, "DT": 1.0, "GM": 0.3333333333333333, "GN": 1.0, "GB": 1.0, "KNN": 1.0, "KM": 0.0, "LR": 0.9444444444444444, "LRR": 1.0, "LRL": 0.9444444444444444, "LRE": 0.9444444444444444, "LOG_R": 1.0, "RF": 1.0, "SVM": 1.0, "DNN": 1.0}, "2": {"AB": 1.0, "AC": 0.4589371980676329, "DS": 0.3333333333333333, "DT": 1.0, "GM": 0.4589371980676329, "GN": 1.0, "GB": 1.0, "KNN": 1.0, "KM": 0.9054187192118226, "LR": 0.9188640973630832, "LRR": 0.9515151515151515, "LRL": 0.9515151515151515, "LRE": 0.9188640973630832, "LOG_R": 0.9687194525904204, "RF": 1.0, "SVM": 1.0, "DNN": 0.9687194525904204}, "3": {"AB": 1.0, "AC": 0.9372549019607843, "DS": 0.3333333333333333, "DT": 1.0, "GM": 0.3333333333333333, "GN": 1.0, "GB": 1.0, "KNN": 1.0, "KM": 0.0, "LR": 0.9666666666666667, "LRR": 0.9666666666666667, "LRL": 0.9666666666666667, "LRE": 0.9666666666666667, "LOG_R": 1.0, "RF": 1.0, "SVM": 1.0, "DNN": 1.0}, "4": {"AB": 1.0, "AC": 0.7754010695187166, "DS": 0.3333333333333333, "DT": 1.0, "GM": 0.3333333333333333, "GN": 1.0, "GB": 1.0, "KNN": 1.0, "KM": 0.0, "LR": 1.0, "LRR": 1.0, "LRL": 1.0, "LRE": 1.0, "LOG_R": 1.0, "RF": 1.0, "SVM": 1.0, "DNN": 1.0}, "0 + 1": {"AB": 1.0, "AC": 0.0, "DS": 0.3333333333333333, "DT": 1.0, "GM": 0.0, "GN": 1.0, "GB": 1.0, "KNN": 1.0, "KM": 1.0, "LR": 0.875, "LRR": 0.875, "LRL": 0.875, "LRE": 0.875, "LOG_R": 1.0, "RF": 1.0, "SVM": 1.0, "DNN": 1.0}, "0 + 2": {"AB": 1.0, "AC": 0.5636363636363637, "DS": 0.3333333333333333, "DT": 1.0, "GM": 0.9372549019607843, "GN": 1.0, "GB": 1.0, "KNN": 1.0, "KM": 0.058823529411764705, "LR": 0.9188640973630832, "LRR": 0.9188640973630832, "LRL": 0.9188640973630832, "LRE": 0.9188640973630832, "LOG_R": 0.9687194525904204, "RF": 1.0, "SVM": 1.0, "DNN": 0.9372549019607843}, "0 + 3": {"AB": 1.0, "AC": 0.0, "DS": 0.3333333333333333, "DT": 1.0, "GM": 1.0, "GN": 1.0, "GB": 1.0, "KNN": 1.0, "KM": 0.0, "LR": 1.0, "LRR": 1.0, "LRL": 1.0, "LRE": 1.0, "LOG_R": 1.0, "RF": 1.0, "SVM": 1.0, "DNN": 1.0}, "0 + 4": {"AB": 1.0, "AC": 0.0, "DS": 0.3333333333333333, "DT": 1.0, "GM": 0.688888888888889, "GN": 1.0, "GB": 1.0, "KNN": 1.0, "KM": 1.0, "LR": 1.0, "LRR": 1.0, "LRL": 1.0, "LRE": 1.0, "LOG_R": 1.0, "RF": 1.0, "SVM": 1.0, "DNN": 0.9282051282051282}, "1 + 2": {"AB": 1.0, "AC": 0.0, "DS": 0.3333333333333333, "DT": 1.0, "GM": 1.0, "GN": 1.0, "GB": 1.0, "KNN": 1.0, "KM": 0.0, "LR": 1.0, "LRR": 1.0, "LRL": 1.0, "LRE": 1.0, "LOG_R": 1.0, "RF": 1.0, "SVM": 1.0, "DNN": 1.0}, "1 + 3": {"AB": 1.0, "AC": 0.0, "DS": 0.3333333333333333, "DT": 1.0, "GM": 0.3333333333333333, "GN": 1.0, "GB": 1.0, "KNN": 1.0, "KM": 0.0, "LR": 1.0, "LRR": 1.0, "LRL": 1.0, "LRE": 1.0, "LOG_R": 1.0, "RF": 1.0, "SVM": 1.0, "DNN": 1.0}, "1 + 4": {"AB": 1.0, "AC": 0.0, "DS": 0.3333333333333333, "DT": 1.0, "GM": 0.3333333333333333, "GN": 1.0, "GB": 1.0, "KNN": 1.0, "KM": 1.0, "LR": 1.0, "LRR": 1.0, "LRL": 1.0, "LRE": 1.0, "LOG_R": 1.0, "RF": 1.0, "SVM": 1.0, "DNN": 1.0}, "2 + 3": {"AB": 1.0, "AC": 0.4589371980676329, "DS": 0.3333333333333333, "DT": 1.0, "GM": 0.4589371980676329, "GN": 1.0, "GB": 1.0, "KNN": 1.0, "KM": 0.4589371980676329, "LR": 0.9666666666666667, "LRR": 0.9666666666666667, "LRL": 0.9666666666666667, "LRE": 0.9666666666666667, "LOG_R": 1.0, "RF": 1.0, "SVM": 1.0, "DNN": 1.0}, "2 + 4": {"AB": 1.0, "AC": 0.5906432748538012, "DS": 0.3333333333333333, "DT": 1.0, "GM": 0.5906432748538012, "GN": 1.0, "GB": 1.0, "KNN": 1.0, "KM": 0.5906432748538012, "LR": 0.8541666666666667, "LRR": 0.9282051282051282, "LRL": 1.0, "LRE": 0.8541666666666667, "LOG_R": 1.0, "RF": 1.0, "SVM": 1.0, "DNN": 1.0}, "3 + 4": {"AB": 1.0, "AC": 0.0, "DS": 0.3333333333333333, "DT": 1.0, "GM": 0.3333333333333333, "GN": 1.0, "GB": 1.0, "KNN": 1.0, "KM": 1.0, "LR": 1.0, "LRR": 1.0, "LRL": 1.0, "LRE": 1.0, "LOG_R": 1.0, "RF": 1.0, "SVM": 1.0, "DNN": 1.0}, "0 + 1 + 2": {"AB": 1.0, "AC": 0.0, "DS": 0.3333333333333333, "DT": 1.0, "GM": 1.0, "GN": 1.0, "GB": 1.0, "KNN": 1.0, "KM": 1.0, "LR": 1.0, "LRR": 1.0, "LRL": 1.0, "LRE": 1.0, "LOG_R": 1.0, "RF": 1.0, "SVM": 1.0, "DNN": 1.0}, "0 + 1 + 3": {"AB": 1.0, "AC": 0.0, "DS": 0.3333333333333333, "DT": 1.0, "GM": 1.0, "GN": 1.0, "GB": 1.0, "KNN": 1.0, "KM": 0.0, "LR": 1.0, "LRR": 1.0, "LRL": 1.0, "LRE": 1.0, "LOG_R": 1.0, "RF": 1.0, "SVM": 1.0, "DNN": 1.0}, "0 + 1 + 4": {"AB": 1.0, "AC": 0.0, "DS": 0.3333333333333333, "DT": 1.0, "GM": 0.16666666666666666, "GN": 1.0, "GB": 1.0, "KNN": 1.0, "KM": 0.0, "LR": 1.0, "LRR": 1.0, "LRL": 1.0, "LRE": 1.0, "LOG_R": 1.0, "RF": 1.0, "SVM": 1.0, "DNN": 1.0}, "0 + 2 + 3": {"AB": 1.0, "AC": 0.0, "DS": 0.3333333333333333, "DT": 1.0, "GM": 1.0, "GN": 1.0, "GB": 1.0, "KNN": 1.0, "KM": 1.0, "LR": 0.9372549019607843, "LRR": 1.0, "LRL": 1.0, "LRE": 1.0, "LOG_R": 1.0, "RF": 1.0, "SVM": 1.0, "DNN": 1.0}, "0 + 2 + 4": {"AB": 1.0, "AC": 0.47500000000000003, "DS": 0.3333333333333333, "DT": 1.0, "GM": 0.1764705882352941, "GN": 1.0, "GB": 1.0, "KNN": 1.0, "KM": 0.1764705882352941, "LR": 1.0, "LRR": 1.0, "LRL": 1.0, "LRE": 1.0, "LOG_R": 1.0, "RF": 1.0, "SVM": 1.0, "DNN": 1.0}, "0 + 3 + 4": {"AB": 1.0, "AC": 0.0, "DS": 0.3333333333333333, "DT": 1.0, "GM": 1.0, "GN": 1.0, "GB": 1.0, "KNN": 1.0, "KM": 1.0, "LR": 0.9282051282051282, "LRR": 1.0, "LRL": 1.0, "LRE": 0.9282051282051282, "LOG_R": 1.0, "RF": 1.0, "SVM": 1.0, "DNN": 1.0}, "1 + 2 + 3": {"AB": 1.0, "AC": 0.7916666666666666, "DS": 0.3333333333333333, "DT": 1.0, "GM": 1.0, "GN": 1.0, "GB": 1.0, "KNN": 1.0, "KM": 1.0, "LR": 1.0, "LRR": 1.0, "LRL": 1.0, "LRE": 1.0, "LOG_R": 1.0, "RF": 1.0, "SVM": 1.0, "DNN": 1.0}, "1 + 2 + 4": {"AB": 1.0, "AC": 0.523809523809524, "DS": 0.3333333333333333, "DT": 1.0, "GM": 0.0, "GN": 1.0, "GB": 1.0, "KNN": 1.0, "KM": 0.523809523809524, "LR": 0.9444444444444444, "LRR": 1.0, "LRL": 1.0, "LRE": 1.0, "LOG_R": 1.0, "RF": 1.0, "SVM": 1.0, "DNN": 1.0}, "1 + 3 + 4": {"AB": 1.0, "AC": 0.0, "DS": 0.3333333333333333, "DT": 1.0, "GM": 0.0, "GN": 1.0, "GB": 1.0, "KNN": 1.0, "KM": 1.0, "LR": 1.0, "LRR": 1.0, "LRL": 1.0, "LRE": 1.0, "LOG_R": 1.0, "RF": 1.0, "SVM": 1.0, "DNN": 1.0}, "2 + 3 + 4": {"AB": 1.0, "AC": 0.0, "DS": 0.3333333333333333, "DT": 1.0, "GM": 0.0, "GN": 1.0, "GB": 1.0, "KNN": 1.0, "KM": 0.0, "LR": 0.9615384615384615, "LRR": 0.9615384615384615, "LRL": 0.9615384615384615, "LRE": 0.9615384615384615, "LOG_R": 1.0, "RF": 1.0, "SVM": 1.0, "DNN": 1.0}, "0 + 1 + 2 + 3": {"AB": 1.0, "AC": 0.523809523809524, "DS": 0.3333333333333333, "DT": 1.0, "GM": 1.0, "GN": 1.0, "GB": 1.0, "KNN": 1.0, "KM": 1.0, "LR": 0.9444444444444444, "LRR": 0.875, "LRL": 0.875, "LRE": 0.9444444444444444, "LOG_R": 1.0, "RF": 1.0, "SVM": 1.0, "DNN": 1.0}, "0 + 1 + 2 + 4": {"AB": 1.0, "AC": 0.0, "DS": 0.3333333333333333, "DT": 1.0, "GM": 0.0, "GN": 1.0, "GB": 1.0, "KNN": 1.0, "KM": 1.0, "LR": 0.875, "LRR": 0.7857142857142858, "LRL": 0.9444444444444444, "LRE": 0.875, "LOG_R": 1.0, "RF": 1.0, "SVM": 1.0, "DNN": 0.898989898989899}, "0 + 1 + 3 + 4": {"AB": 1.0, "AC": 0.0, "DS": 0.3333333333333333, "DT": 1.0, "GM": 0.0, "GN": 1.0, "GB": 1.0, "KNN": 1.0, "KM": 1.0, "LR": 0.9444444444444444, "LRR": 1.0, "LRL": 0.9444444444444444, "LRE": 0.9444444444444444, "LOG_R": 1.0, "RF": 1.0, "SVM": 1.0, "DNN": 1.0}, "0 + 2 + 3 + 4": {"AB": 1.0, "AC": 0.5906432748538012, "DS": 0.3333333333333333, "DT": 1.0, "GM": 1.0, "GN": 1.0, "GB": 1.0, "KNN": 1.0, "KM": 1.0, "LR": 0.9282051282051282, "LRR": 1.0, "LRL": 1.0, "LRE": 0.9282051282051282, "LOG_R": 1.0, "RF": 1.0, "SVM": 1.0, "DNN": 1.0}, "1 + 2 + 3 + 4": {"AB": 1.0, "AC": 0.898989898989899, "DS": 0.3333333333333333, "DT": 1.0, "GM": 0.0909090909090909, "GN": 1.0, "GB": 1.0, "KNN": 1.0, "KM": 0.898989898989899, "LR": 1.0, "LRR": 1.0, "LRL": 1.0, "LRE": 1.0, "LOG_R": 1.0,