{"0": {"AB": 0.0, "AC": 0.0, "DS": 0.0, "DT": 0.0, "GM": 0.0, "GN": 0.0, "GB": 0.0, "KNN": 0.0, "KM": 0.0, "LR": 0.0, "LRR": 0.0, "LRL": 0.0, "LRE": 0.0, "LOG_R": 0.0, "RF": 0.0, "SVM": 0.0, "DNN": 0.0}, "1": {"AB": 0.0, "AC": 0.0, "DS": 0.0, "DT": 0.0, "GM": 0.0, "GN": 0.0, "GB": 0.0, "KNN": 0.0, "KM": 0.0, "LR": 0.0, "LRR": 0.0, "LRL": 0.0, "LRE": 0.0, "LOG_R": 0.0, "RF": 0.0, "SVM": 0.0, "DNN": 0.0}, "0 + 1": {"AB": 0.20882118632219543, "AC": 0.20882118632219543, "DS": 0.20882118632219543, "DT": 0.20882118632219543, "GM": 0.20882118632219543, "GN": 0.20882118632219543, "GB": 0.20882118632219543, "KNN": 0.20882118632219543, "KM": 0.20882118632219543, "LR": 0.20882118632219543, "LRR": 0.20882118632219543, "LRL": 0.20882118632219543, "LRE": 0.20882118632219543, "LOG_R": 0.20882118632219543, "RF": 0.20882118632219543, "SVM": 0.20882118632219543, "DNN": 0.20882118632219543}}