{"0": {"AB": 0.0, "AC": 0.0, "DS": 0.0, "DT": 0.0, "GM": 0.0, "GN": 0.0, "GB": 0.0, "KNN": 0.0, "KM": 0.0, "LR": 0.0, "LRR": 0.0, "LRL": 0.0, "LRE": 0.0, "LOG_R": 0.0, "RF": 0.0, "SVM": 0.0, "DNN": 0.0}, "1": {"AB": 0.0, "AC": 0.0, "DS": 0.0, "DT": 0.0, "GM": 0.0, "GN": 0.0, "GB": 0.0, "KNN": 0.0, "KM": 0.0, "LR": 0.0, "LRR": 0.0, "LRL": 0.0, "LRE": 0.0, "LOG_R": 0.0, "RF": 0.0, "SVM": 0.0, "DNN": 0.0}, "2": {"AB": 0.0, "AC": 0.0, "DS": 0.0, "DT": 0.0, "GM": 0.0, "GN": 0.0, "GB": 0.0, "KNN": 0.0, "KM": 0.0, "LR": 0.0, "LRR": 0.0, "LRL": 0.0, "LRE": 0.0, "LOG_R": 0.0, "RF": 0.0, "SVM": 0.0, "DNN": 0.0}, "3": {"AB": 0.0, "AC": 0.0, "DS": 0.0, "DT": 0.0, "GM": 0.0, "GN": 0.0, "GB": 0.0, "KNN": 0.0, "KM": 0.0, "LR": 0.0, "LRR": 0.0, "LRL": 0.0, "LRE": 0.0, "LOG_R": 0.0, "RF": 0.0, "SVM": 0.0, "DNN": 0.0}, "0 + 1": {"AB": 0.045829492503701386, "AC": 0.045829492503701386, "DS": 0.045829492503701386, "DT": 0.045829492503701386, "GM": 0.045829492503701386, "GN": 0.045829492503701386, "GB": 0.045829492503701386, "KNN": 0.045829492503701386, "KM": 0.045829492503701386, "LR": 0.045829492503701386, "LRR": 0.045829492503701386, "LRL": 0.045829492503701386, "LRE": 0.045829492503701386, "LOG_R": 0.045829492503701386, "RF": 0.045829492503701386, "SVM": 0.045829492503701386, "DNN": 0.045829492503701386}, "0 + 2": {"AB": 0.1332402263374507, "AC": 0.1332402263374507, "DS": 0.1332402263374507, "DT": 0.1332402263374507, "GM": 0.1332402263374507, "GN": 0.1332402263374507, "GB": 0.1332402263374507, "KNN": 0.1332402263374507, "KM": 0.1332402263374507, "LR": 0.1332402263374507, "LRR": 0.1332402263374507, "LRL": 0.1332402263374507, "LRE": 0.1332402263374507, "LOG_R": 0.1332402263374507, "RF": 0.1332402263374507, "SVM": 0.1332402263374507, "DNN": 0.1332402263374507}, "0 + 3": {"AB": 0.14976035945238023, "AC": 0.14976035945238023, "DS": 0.14976035945238023, "DT": 0.14976035945238023, "GM": 0.14976035945238023, "GN": 0.14976035945238023, "GB": 0.14976035945238023, "KNN": 0.14976035945238023, "KM": 0.14976035945238023, "LR": 0.14976035945238023, "LRR": 0.14976035945238023, "LRL": 0.14976035945238023, "LRE": 0.14976035945238023, "LOG_R": 0.14976035945238023, "RF": 0.14976035945238023, "SVM": 0.14976035945238023, "DNN": 0.14976035945238023}, "1 + 2": {"AB": 0.08741073383374931, "AC": 0.08741073383374931, "DS": 0.08741073383374931, "DT": 0.08741073383374931, "GM": 0.08741073383374931, "GN": 0.08741073383374931, "GB": 0.08741073383374931, "KNN": 0.08741073383374931, "KM": 0.08741073383374931, "LR": 0.08741073383374931, "LRR": 0.08741073383374931, "LRL": 0.08741073383374931, "LRE": 0.08741073383374931, "LOG_R": 0.08741073383374931, "RF": 0.08741073383374931, "SVM": 0.08741073383374931, "DNN": 0.08741073383374931}, "1 + 3": {"AB": 0.10393086694867884, "AC": 0.10393086694867884, "DS": 0.10393086694867884, "DT": 0.10393086694867884, "GM": 0.10393086694867884, "GN": 0.10393086694867884, "GB": 0.10393086694867884, "KNN": 0.10393086694867884, "KM": 0.10393086694867884, "LR": 0.10393086694867884, "LRR": 0.10393086694867884, "LRL": 0.10393086694867884, "LRE": 0.10393086694867884, "LOG_R": 0.10393086694867884, "RF": 0.10393086694867884, "SVM": 0.10393086694867884, "DNN": 0.10393086694867884}, "2 + 3": {"AB": -0.01652013311492953, "AC": -0.01652013311492953, "DS": -0.01652013311492953, "DT": -0.01652013311492953, "GM": -0.01652013311492953, "GN": -0.01652013311492953, "GB": -0.01652013311492953, "KNN": -0.01652013311492953, "KM": -0.01652013311492953, "LR": -0.01652013311492953, "LRR": -0.01652013311492953, "LRL": -0.01652013311492953, "LRE": -0.01652013311492953, "LOG_R": -0.01652013311492953, "RF": -0.01652013311492953, "SVM": -0.01652013311492953, "DNN": -0.01652013311492953}, "3 + 3": {"AB": -0.0011516101923516875, "AC": -0.0011516101923516875, "DS": -0.0011516101923516875, "DT": -0.0011516101923516875, "GM": -0.0011516101923516875, "GN": -0.0011516101923516875, "GB": -0.0011516101923516875, "KNN": -0.0011516101923516875, "KM": -0.0011516101923516875, "LR": -0.0011516101923516875, "LRR": -0.0011516101923516875, "LRL": -0.0011516101923516875, "LRE": -0.0011516101923516875, "LOG_R": -0.0011516101923516875, "RF": -0.0011516101923516875, "SVM": -0.0011516101923516875, "DNN": -0.0011516101923516875}, "0 + 1 + 2": {"AB": 0.1103254800856, "AC": 0.1103254800856, "DS": 0.1103254800856, "DT": 0.1103254800856, "GM": 0.1103254800856, "GN": 0.1103254800856, "GB": 0.1103254800856, "KNN": 0.1103254800856, "KM": 0.1103254800856, "LR": 0.1103254800856, "LRR": 0.1103254800856, "LRL": 0.1103254800856, "LRE": 0.1103254800856, "LOG_R": 0.1103254800856, "RF": 0.1103254800856, "SVM": 0.1103254800856, "DNN": 0.1103254800856}, "0 + 1 + 3": {"AB": 0.12684561320052953, "AC": 0.12684561320052953, "DS": 0.12684561320052953, "DT": 0.12684561320052953, "GM": 0.12684561320052953, "GN": 0.12684561320052953, "GB": 0.12684561320052953, "KNN": 0.12684561320052953, "KM": 0.12684561320052953, "LR": 0.12684561320052953, "LRR": 0.12684561320052953, "LRL": 0.12684561320052953, "LRE": 0.12684561320052953, "LOG_R": 0.12684561320052953, "RF": 0.12684561320052953, "SVM": 0.12684561320052953, "DNN": 0.12684561320052953}, "0 + 2 + 3": {"AB": 0.05836004661126058, "AC": 0.05836004661126058, "DS": 0.05836004661126058, "DT": 0.05836004661126058, "GM": 0.05836004661126058, "GN": 0.05836004661126058, "GB": 0.05836004661126058, "KNN": 0.05836004661126058, "KM": 0.05836004661126058, "LR": 0.05836004661126058, "LRR": 0.05836004661126058, "LRL": 0.05836004661126058, "LRE": 0.05836004661126058, "LOG_R": 0.05836004661126058, "RF": 0.05836004661126058, "SVM": 0.05836004661126058, "DNN": 0.05836004661126058}, "0 + 3 + 3": {"AB": 0.07372856953383843, "AC": 0.07372856953383843, "DS": 0.07372856953383843, "DT": 0.07372856953383843, "GM": 0.07372856953383843, "GN": 0.07372856953383843, "GB": 0.07372856953383843, "KNN": 0.07372856953383843, "KM": 0.07372856953383843, "LR": 0.07372856953383843, "LRR": 0.07372856953383843, "LRL": 0.07372856953383843, "LRE": 0.07372856953383843, "LOG_R": 0.07372856953383843, "RF": 0.07372856953383843, "SVM": 0.07372856953383843, "DNN": 0.07372856953383843}, "1 + 2 + 3": {"AB": 0.03544530035940989, "AC": 0.03544530035940989, "DS": 0.03544530035940989, "DT": 0.03544530035940989, "GM": 0.03544530035940989, "GN": 0.03544530035940989, "GB": 0.03544530035940989, "KNN": 0.03544530035940989, "KM": 0.03544530035940989, "LR": 0.03544530035940989, "LRR": 0.03544530035940989, "LRL": 0.03544530035940989, "LRE": 0.03544530035940989, "LOG_R": 0.03544530035940989, "RF": 0.03544530035940989, "SVM": 0.03544530035940989, "DNN": 0.03544530035940989}, "1 + 3 + 3": {"AB": 0.05081382328198773, "AC": 0.05081382328198773, "DS": 0.05081382328198773, "DT": 0.05081382328198773, "GM": 0.05081382328198773, "GN": 0.05081382328198773, "GB": 0.05081382328198773, "KNN": 0.05081382328198773, "KM": 0.05081382328198773, "LR": 0.05081382328198773, "LRR": 0.05081382328198773, "LRL": 0.05081382328198773, "LRE": 0.05081382328198773, "LOG_R": 0.05081382328198773, "RF": 0.05081382328198773, "SVM": 0.05081382328198773, "DNN": 0.05081382328198773}, "2 + 3 + 3": {"AB": 0.007108456365113078, "AC": 0.007108456365113078, "DS": 0.007108456365113078, "DT": 0.007108456365113078, "GM": 0.007108456365113078, "GN": 0.007108456365113078, "GB": 0.007108456365113078, "KNN": 0.007108456365113078, "KM": 0.007108456365113078, "LR": 0.007108456365113078, "LRR": 0.007108456365113078, "LRL": 0.007108456365113078, "LRE": 0.007108456365113078, "LOG_R": 0.007108456365113078, "RF": 0.007108456365113078, "SVM": 0.007108456365113078, "DNN": 0.007108456365113078}, "0 + 1 + 2 + 3": {"AB": 0.06804360901875682, "AC": 0.06804360901875682, "DS": 0.06804360901875682, "DT": 0.06804360901875682, "GM": 0.06804360901875682, "GN": 0.06804360901875682, "GB": 0.06804360901875682, "KNN": 0.06804360901875682, "KM": 0.06804360901875682, "LR": 0.06804360901875682, "LRR": 0.06804360901875682, "LRL": 0.06804360901875682, "LRE": 0.06804360901875682, "LOG_R": 0.06804360901875682, "RF": 0.06804360901875682,