{"0": {"AB": 0.0, "AC": 0.0, "DS": 0.0, "DT": 0.0, "GM": 0.0, "GN": 0.0, "GB": 0.0, "KNN": 0.0, "KM": 0.0, "LR": 0.0, "LRR": 0.0, "LRL": 0.0, "LRE": 0.0, "LOG_R": 0.0, "RF": 0.0, "SVM": 0.0, "DNN": 0.0}, "1": {"AB": 0.0, "AC": 0.0, "DS": 0.0, "DT": 0.0, "GM": 0.0, "GN": 0.0, "GB": 0.0, "KNN": 0.0, "KM": 0.0, "LR": 0.0, "LRR": 0.0, "LRL": 0.0, "LRE": 0.0, "LOG_R": 0.0, "RF": 0.0, "SVM": 0.0, "DNN": 0.0}, "2": {"AB": 0.0, "AC": 0.0, "DS": 0.0, "DT": 0.0, "GM": 0.0, "GN": 0.0, "GB": 0.0, "KNN": 0.0, "KM": 0.0, "LR": 0.0, "LRR": 0.0, "LRL": 0.0, "LRE": 0.0, "LOG_R": 0.0, "RF": 0.0, "SVM": 0.0, "DNN": 0.0}, "3": {"AB": 0.0, "AC": 0.0, "DS": 0.0, "DT": 0.0, "GM": 0.0, "GN": 0.0, "GB": 0.0, "KNN": 0.0, "KM": 0.0, "LR": 0.0, "LRR": 0.0, "LRL": 0.0, "LRE": 0.0, "LOG_R": 0.0, "RF": 0.0, "SVM": 0.0, "DNN": 0.0}, "4": {"AB": 0.0, "AC": 0.0, "DS": 0.0, "DT": 0.0, "GM": 0.0, "GN": 0.0, "GB": 0.0, "KNN": 0.0, "KM": 0.0, "LR": 0.0, "LRR": 0.0, "LRL": 0.0, "LRE": 0.0, "LOG_R": 0.0, "RF": 0.0, "SVM": 0.0, "DNN": 0.0}, "0 + 1": {"AB": 0.0746486756554195, "AC": 0.0746486756554195, "DS": 0.0746486756554195, "DT": 0.0746486756554195, "GM": 0.0746486756554195, "GN": 0.0746486756554195, "GB": 0.0746486756554195, "KNN": 0.0746486756554195, "KM": 0.0746486756554195, "LR": 0.0746486756554195, "LRR": 0.0746486756554195, "LRL": 0.0746486756554195, "LRE": 0.0746486756554195, "LOG_R": 0.0746486756554195, "RF": 0.0746486756554195, "SVM": 0.0746486756554195, "DNN": 0.0746486756554195}, "0 + 2": {"AB": 0.0845077061205573, "AC": 0.0845077061205573, "DS": 0.0845077061205573, "DT": 0.0845077061205573, "GM": 0.0845077061205573, "GN": 0.0845077061205573, "GB": 0.0845077061205573, "KNN": 0.0845077061205573, "KM": 0.0845077061205573, "LR": 0.0845077061205573, "LRR": 0.0845077061205573, "LRL": 0.0845077061205573, "LRE": 0.0845077061205573, "LOG_R": 0.0845077061205573, "RF": 0.0845077061205573, "SVM": 0.0845077061205573, "DNN": 0.0845077061205573}, "0 + 3": {"AB": 0.2702899397034019, "AC": 0.2702899397034019, "DS": 0.2702899397034019, "DT": 0.2702899397034019, "GM": 0.2702899397034019, "GN": 0.2702899397034019, "GB": 0.2702899397034019, "KNN": 0.2702899397034019, "KM": 0.2702899397034019, "LR": 0.2702899397034019, "LRR": 0.2702899397034019, "LRL": 0.2702899397034019, "LRE": 0.2702899397034019, "LOG_R": 0.2702899397034019, "RF": 0.2702899397034019, "SVM": 0.2702899397034019, "DNN": 0.2702899397034019}, "0 + 4": {"AB": 0.09479314189704882, "AC": 0.09479314189704882, "DS": 0.09479314189704882, "DT": 0.09479314189704882, "GM": 0.09479314189704882, "GN": 0.09479314189704882, "GB": 0.09479314189704882, "KNN": 0.09479314189704882, "KM": 0.09479314189704882, "LR": 0.09479314189704882, "LRR": 0.09479314189704882, "LRL": 0.09479314189704882, "LRE": 0.09479314189704882, "LOG_R": 0.09479314189704882, "RF": 0.09479314189704882, "SVM": 0.09479314189704882, "DNN": 0.09479314189704882}, "1 + 2": {"AB": 0.009859030465137808, "AC": 0.009859030465137808, "DS": 0.009859030465137808, "DT": 0.009859030465137808, "GM": 0.009859030465137808, "GN": 0.009859030465137808, "GB": 0.009859030465137808, "KNN": 0.009859030465137808, "KM": 0.009859030465137808, "LR": 0.009859030465137808, "LRR": 0.009859030465137808, "LRL": 0.009859030465137808, "LRE": 0.009859030465137808, "LOG_R": 0.009859030465137808, "RF": 0.009859030465137808, "SVM": 0.009859030465137808, "DNN": 0.009859030465137808}, "1 + 3": {"AB": 0.17587788829121287, "AC": 0.17587788829121287, "DS": 0.17587788829121287, "DT": 0.17587788829121287, "GM": 0.17587788829121287, "GN": 0.17587788829121287, "GB": 0.17587788829121287, "KNN": 0.17587788829121287, "KM": 0.17587788829121287, "LR": 0.17587788829121287, "LRR": 0.17587788829121287, "LRL": 0.17587788829121287, "LRE": 0.17587788829121287, "LOG_R": 0.17587788829121287, "RF": 0.17587788829121287, "SVM": 0.17587788829121287, "DNN": 0.17587788829121287}, "1 + 4": {"AB": 0.020144466241629327, "AC": 0.020144466241629327, "DS": 0.020144466241629327, "DT": 0.020144466241629327, "GM": 0.020144466241629327, "GN": 0.020144466241629327, "GB": 0.020144466241629327, "KNN": 0.020144466241629327, "KM": 0.020144466241629327, "LR": 0.020144466241629327, "LRR": 0.020144466241629327, "LRL": 0.020144466241629327, "LRE": 0.020144466241629327, "LOG_R": 0.020144466241629327, "RF": 0.020144466241629327, "SVM": 0.020144466241629327, "DNN": 0.020144466241629327}, "2 + 3": {"AB": 0.17587788829121287, "AC": 0.17587788829121287, "DS": 0.17587788829121287, "DT": 0.17587788829121287, "GM": 0.17587788829121287, "GN": 0.17587788829121287, "GB": 0.17587788829121287, "KNN": 0.17587788829121287, "KM": 0.17587788829121287, "LR": 0.17587788829121287, "LRR": 0.17587788829121287, "LRL": 0.17587788829121287, "LRE": 0.17587788829121287, "LOG_R": 0.17587788829121287, "RF": 0.17587788829121287, "SVM": 0.17587788829121287, "DNN": 0.17587788829121287}, "2 + 4": {"AB": -0.01028543577649152, "AC": -0.01028543577649152, "DS": -0.01028543577649152, "DT": -0.01028543577649152, "GM": -0.01028543577649152, "GN": -0.01028543577649152, "GB": -0.01028543577649152, "KNN": -0.01028543577649152, "KM": -0.01028543577649152, "LR": -0.01028543577649152, "LRR": -0.01028543577649152, "LRL": -0.01028543577649152, "LRE": -0.01028543577649152, "LOG_R": -0.01028543577649152, "RF": -0.01028543577649152, "SVM": -0.01028543577649152, "DNN": -0.01028543577649152}, "3 + 4": {"AB": 0.17587788829121287, "AC": 0.17587788829121287, "DS": 0.17587788829121287, "DT": 0.17587788829121287, "GM": 0.17587788829121287, "GN": 0.17587788829121287, "GB": 0.17587788829121287, "KNN": 0.17587788829121287, "KM": 0.17587788829121287, "LR": 0.17587788829121287, "LRR": 0.17587788829121287, "LRL": 0.17587788829121287, "LRE": 0.17587788829121287, "LOG_R": 0.17587788829121287, "RF": 0.17587788829121287, "SVM": 0.17587788829121287, "DNN": 0.17587788829121287}, "0 + 1 + 2": {"AB": 0.047183368292847555, "AC": 0.047183368292847555, "DS": 0.047183368292847555, "DT": 0.047183368292847555, "GM": 0.047183368292847555, "GN": 0.047183368292847555, "GB": 0.047183368292847555, "KNN": 0.047183368292847555, "KM": 0.047183368292847555, "LR": 0.047183368292847555, "LRR": 0.047183368292847555, "LRL": 0.047183368292847555, "LRE": 0.047183368292847555, "LOG_R": 0.047183368292847555, "RF": 0.047183368292847555, "SVM": 0.047183368292847555, "DNN": 0.047183368292847555}, "0 + 1 + 3": {"AB": 0.12526328197331618, "AC": 0.12526328197331618, "DS": 0.12526328197331618, "DT": 0.12526328197331618, "GM": 0.12526328197331618, "GN": 0.12526328197331618, "GB": 0.12526328197331618, "KNN": 0.12526328197331618, "KM": 0.12526328197331618, "LR": 0.12526328197331618, "LRR": 0.12526328197331618, "LRL": 0.12526328197331618, "LRE": 0.12526328197331618, "LOG_R": 0.12526328197331618, "RF": 0.12526328197331618, "SVM": 0.12526328197331618, "DNN": 0.12526328197331618}, "0 + 1 + 4": {"AB": 0.057468804069339074, "AC": 0.057468804069339074, "DS": 0.057468804069339074, "DT": 0.057468804069339074, "GM": 0.057468804069339074, "GN": 0.057468804069339074, "GB": 0.057468804069339074, "KNN": 0.057468804069339074, "KM": 0.057468804069339074, "LR": 0.057468804069339074, "LRR": 0.057468804069339074, "LRL": 0.057468804069339074, "LRE": 0.057468804069339074, "LOG_R": 0.057468804069339074, "RF": 0.057468804069339074, "SVM": 0.057468804069339074, "DNN": 0.057468804069339074}, "0 + 2 + 3": {"AB": 0.13019279720588509, "AC": 0.13019279720588509, "DS": 0.13019279720588509, "DT": 0.13019279720588509, "GM": 0.13019279720588509, "GN": 0.13019279720588509, "GB": 0.13019279720588509, "KNN": 0.13019279720588509, "KM": 0.13019279720588509, "LR": 0.13019279720588509, "LRR": 0.13019279720588509, "LRL": 0.13019279720588509, "LRE": 0.13019279720588509, "LOG_R": 0.13019279720588509, "RF": 0.13019279720588509, "SVM": 0.13019279720588509, "DNN": 0.13019279720588509}, "0 + 2 + 4": {"AB": 0.03711113517203289, "AC": 0.03711113517203289, "DS": 0.03711113517203289, "DT": 0.03711113517203289, "GM": 0.03711113517203289, "GN": 0.03711113517203289, "GB": 0.03711113517203289,