{"0": {"AB": 0.13987710435826642, "AC": 0.13987710435826642, "DS": 0.13987710435826642, "DT": 0.13987710435826642, "GM": 0.13987710435826642, "GN": 0.13987710435826642, "GB": 0.13987710435826642, "KNN": 0.13987710435826642, "KM": 0.13987710435826642, "LR": 0.13987710435826642, "LRR": 0.13987710435826642, "LRL": 0.13987710435826642, "LRE": 0.13987710435826642, "LOG_R": 0.13987710435826642, "RF": 0.13987710435826642, "SVM": 0.13987710435826642, "DNN": 0.13987710435826642}, "1": {"AB": 0.06189249732978939, "AC": 0.06189249732978939, "DS": 0.06189249732978939, "DT": 0.06189249732978939, "GM": 0.06189249732978939, "GN": 0.06189249732978939, "GB": 0.06189249732978939, "KNN": 0.06189249732978939, "KM": 0.06189249732978939, "LR": 0.06189249732978939, "LRR": 0.06189249732978939, "LRL": 0.06189249732978939, "LRE": 0.06189249732978939, "LOG_R": 0.06189249732978939, "RF": 0.06189249732978939, "SVM": 0.06189249732978939, "DNN": 0.06189249732978939}, "2": {"AB": 0.06693314397555322, "AC": 0.06693314397555322, "DS": 0.06693314397555322, "DT": 0.06693314397555322, "GM": 0.06693314397555322, "GN": 0.06693314397555322, "GB": 0.06693314397555322, "KNN": 0.06693314397555322, "KM": 0.06693314397555322, "LR": 0.06693314397555322, "LRR": 0.06693314397555322, "LRL": 0.06693314397555322, "LRE": 0.06693314397555322, "LOG_R": 0.06693314397555322, "RF": 0.06693314397555322, "SVM": 0.06693314397555322, "DNN": 0.06693314397555322}, "3": {"AB": 0.05589788638589465, "AC": 0.05589788638589465, "DS": 0.05589788638589465, "DT": 0.05589788638589465, "GM": 0.05589788638589465, "GN": 0.05589788638589465, "GB": 0.05589788638589465, "KNN": 0.05589788638589465, "KM": 0.05589788638589465, "LR": 0.05589788638589465, "LRR": 0.05589788638589465, "LRL": 0.05589788638589465, "LRE": 0.05589788638589465, "LOG_R": 0.05589788638589465, "RF": 0.05589788638589465, "SVM": 0.05589788638589465, "DNN": 0.05589788638589465}, "4": {"AB": 0.05370679472779519, "AC": 0.05370679472779519, "DS": 0.05370679472779519, "DT": 0.05370679472779519, "GM": 0.05370679472779519, "GN": 0.05370679472779519, "GB": 0.05370679472779519, "KNN": 0.05370679472779519, "KM": 0.05370679472779519, "LR": 0.05370679472779519, "LRR": 0.05370679472779519, "LRL": 0.05370679472779519, "LRE": 0.05370679472779519, "LOG_R": 0.05370679472779519, "RF": 0.05370679472779519, "SVM": 0.05370679472779519, "DNN": 0.05370679472779519}, "0 + 1": {"AB": 0.10952417221666971, "AC": 0.10952417221666971, "DS": 0.10952417221666971, "DT": 0.10952417221666971, "GM": 0.10952417221666971, "GN": 0.10952417221666971, "GB": 0.10952417221666971, "KNN": 0.10952417221666971, "KM": 0.10952417221666971, "LR": 0.10952417221666971, "LRR": 0.10952417221666971, "LRL": 0.10952417221666971, "LRE": 0.10952417221666971, "LOG_R": 0.10952417221666971, "RF": 0.10952417221666971, "SVM": 0.10952417221666971, "DNN": 0.10952417221666971}, "0 + 2": {"AB": 0.11427492112977607, "AC": 0.11427492112977607, "DS": 0.11427492112977607, "DT": 0.11427492112977607, "GM": 0.11427492112977607, "GN": 0.11427492112977607, "GB": 0.11427492112977607, "KNN": 0.11427492112977607, "KM": 0.11427492112977607, "LR": 0.11427492112977607, "LRR": 0.11427492112977607, "LRL": 0.11427492112977607, "LRE": 0.11427492112977607, "LOG_R": 0.11427492112977607, "RF": 0.11427492112977607, "SVM": 0.11427492112977607, "DNN": 0.11427492112977607}, "0 + 3": {"AB": 0.10391040461152186, "AC": 0.10391040461152186, "DS": 0.10391040461152186, "DT": 0.10391040461152186, "GM": 0.10391040461152186, "GN": 0.10391040461152186, "GB": 0.10391040461152186, "KNN": 0.10391040461152186, "KM": 0.10391040461152186, "LR": 0.10391040461152186, "LRR": 0.10391040461152186, "LRL": 0.10391040461152186, "LRE": 0.10391040461152186, "LOG_R": 0.10391040461152186, "RF": 0.10391040461152186, "SVM": 0.10391040461152186, "DNN": 0.10391040461152186}, "0 + 4": {"AB": 0.10186812651940585, "AC": 0.10186812651940585, "DS": 0.10186812651940585, "DT": 0.10186812651940585, "GM": 0.10186812651940585, "GN": 0.10186812651940585, "GB": 0.10186812651940585, "KNN": 0.10186812651940585, "KM": 0.10186812651940585, "LR": 0.10186812651940585, "LRR": 0.10186812651940585, "LRL": 0.10186812651940585, "LRE": 0.10186812651940585, "LOG_R": 0.10186812651940585, "RF": 0.10186812651940585, "SVM": 0.10186812651940585, "DNN": 0.10186812651940585}, "1 + 2": {"AB": 0.08499307345158898, "AC": 0.08499307345158898, "DS": 0.08499307345158898, "DT": 0.08499307345158898, "GM": 0.08499307345158898, "GN": 0.08499307345158898, "GB": 0.08499307345158898, "KNN": 0.08499307345158898, "KM": 0.08499307345158898, "LR": 0.08499307345158898, "LRR": 0.08499307345158898, "LRL": 0.08499307345158898, "LRE": 0.08499307345158898, "LOG_R": 0.08499307345158898, "RF": 0.08499307345158898, "SVM": 0.08499307345158898, "DNN": 0.08499307345158898}, "1 + 3": {"AB": 0.07943128462851673, "AC": 0.07943128462851673, "DS": 0.07943128462851673, "DT": 0.07943128462851673, "GM": 0.07943128462851673, "GN": 0.07943128462851673, "GB": 0.07943128462851673, "KNN": 0.07943128462851673, "KM": 0.07943128462851673, "LR": 0.07943128462851673, "LRR": 0.07943128462851673, "LRL": 0.07943128462851673, "LRE": 0.07943128462851673, "LOG_R": 0.07943128462851673, "RF": 0.07943128462851673, "SVM": 0.07943128462851673, "DNN": 0.07943128462851673}, "1 + 4": {"AB": 0.07825793970723026, "AC": 0.07825793970723026, "DS": 0.07825793970723026, "DT": 0.07825793970723026, "GM": 0.07825793970723026, "GN": 0.07825793970723026, "GB": 0.07825793970723026, "KNN": 0.07825793970723026, "KM": 0.07825793970723026, "LR": 0.07825793970723026, "LRR": 0.07825793970723026, "LRL": 0.07825793970723026, "LRE": 0.07825793970723026, "LOG_R": 0.07825793970723026, "RF": 0.07825793970723026, "SVM": 0.07825793970723026, "DNN": 0.07825793970723026}, "2 + 3": {"AB": 0.07996052717914522, "AC": 0.07996052717914522, "DS": 0.07996052717914522, "DT": 0.07996052717914522, "GM": 0.07996052717914522, "GN": 0.07996052717914522, "GB": 0.07996052717914522, "KNN": 0.07996052717914522, "KM": 0.07996052717914522, "LR": 0.07996052717914522, "LRR": 0.07996052717914522, "LRL": 0.07996052717914522, "LRE": 0.07996052717914522, "LOG_R": 0.07996052717914522, "RF": 0.07996052717914522, "SVM": 0.07996052717914522, "DNN": 0.07996052717914522}, "2 + 4": {"AB": 0.07812723743064524, "AC": 0.07812723743064524, "DS": 0.07812723743064524, "DT": 0.07812723743064524, "GM": 0.07812723743064524, "GN": 0.07812723743064524, "GB": 0.07812723743064524, "KNN": 0.07812723743064524, "KM": 0.07812723743064524, "LR": 0.07812723743064524, "LRR": 0.07812723743064524, "LRL": 0.07812723743064524, "LRE": 0.07812723743064524, "LOG_R": 0.07812723743064524, "RF": 0.07812723743064524, "SVM": 0.07812723743064524, "DNN": 0.07812723743064524}, "3 + 4": {"AB": 0.0727446081057972, "AC": 0.0727446081057972, "DS": 0.0727446081057972, "DT": 0.0727446081057972, "GM": 0.0727446081057972, "GN": 0.0727446081057972, "GB": 0.0727446081057972, "KNN": 0.0727446081057972, "KM": 0.0727446081057972, "LR": 0.0727446081057972, "LRR": 0.0727446081057972, "LRL": 0.0727446081057972, "LRE": 0.0727446081057972, "LOG_R": 0.0727446081057972, "RF": 0.0727446081057972, "SVM": 0.0727446081057972, "DNN": 0.0727446081057972}, "0 + 1 + 2": {"AB": 0.11494168558629933, "AC": 0.11494168558629933, "DS": 0.11494168558629933, "DT": 0.11494168558629933, "GM": 0.11494168558629933, "GN": 0.11494168558629933, "GB": 0.11494168558629933, "KNN": 0.11494168558629933, "KM": 0.11494168558629933, "LR": 0.11494168558629933, "LRR": 0.11494168558629933, "LRL": 0.11494168558629933, "LRE": 0.11494168558629933, "LOG_R": 0.11494168558629933, "RF": 0.11494168558629933, "SVM": 0.11494168558629933, "DNN": 0.11494168558629933}, "0 + 1 + 3": {"AB": 0.11077034396899514, "AC": 0.11077034396899514, "DS": 0.11077034396899514, "DT": 0.11077034396899514, "GM": 0.11077034396899514, "GN": 0.11077034396899514, "GB": 0.11077034396899514, "KNN": 0.11077034396899514, "KM": 0.11077034396899514, "LR": 0.11077034396899514, "LRR": 0.11077034396899514, "LRL": 0.11077034396899514, "LRE": 0.11077034396899514,