{"0": {"AB": 0.14089336254481938, "AC": 0.14089336254481938, "DS": 0.14089336254481938, "DT": 0.14089336254481938, "GM": 0.14089336254481938, "GN": 0.14089336254481938, "GB": 0.14089336254481938, "KNN": 0.14089336254481938, "KM": 0.14089336254481938, "LR": 0.14089336254481938, "LRR": 0.14089336254481938, "LRL": 0.14089336254481938, "LRE": 0.14089336254481938, "LOG_R": 0.14089336254481938, "RF": 0.14089336254481938, "SVM": 0.14089336254481938, "DNN": 0.14089336254481938}, "1": {"AB": 0.10744199460091247, "AC": 0.10744199460091247, "DS": 0.10744199460091247, "DT": 0.10744199460091247, "GM": 0.10744199460091247, "GN": 0.10744199460091247, "GB": 0.10744199460091247, "KNN": 0.10744199460091247, "KM": 0.10744199460091247, "LR": 0.10744199460091247, "LRR": 0.10744199460091247, "LRL": 0.10744199460091247, "LRE": 0.10744199460091247, "LOG_R": 0.10744199460091247, "RF": 0.10744199460091247, "SVM": 0.10744199460091247, "DNN": 0.10744199460091247}, "2": {"AB": 0.1025990778573919, "AC": 0.1025990778573919, "DS": 0.1025990778573919, "DT": 0.1025990778573919, "GM": 0.1025990778573919, "GN": 0.1025990778573919, "GB": 0.1025990778573919, "KNN": 0.1025990778573919, "KM": 0.1025990778573919, "LR": 0.1025990778573919, "LRR": 0.1025990778573919, "LRL": 0.1025990778573919, "LRE": 0.1025990778573919, "LOG_R": 0.1025990778573919, "RF": 0.1025990778573919, "SVM": 0.1025990778573919, "DNN": 0.1025990778573919}, "3": {"AB": 0.08776961814320723, "AC": 0.08776961814320723, "DS": 0.08776961814320723, "DT": 0.08776961814320723, "GM": 0.08776961814320723, "GN": 0.08776961814320723, "GB": 0.08776961814320723, "KNN": 0.08776961814320723, "KM": 0.08776961814320723, "LR": 0.08776961814320723, "LRR": 0.08776961814320723, "LRL": 0.08776961814320723, "LRE": 0.08776961814320723, "LOG_R": 0.08776961814320723, "RF": 0.08776961814320723, "SVM": 0.08776961814320723, "DNN": 0.08776961814320723}, "4": {"AB": 0.0847588112805116, "AC": 0.0847588112805116, "DS": 0.0847588112805116, "DT": 0.0847588112805116, "GM": 0.0847588112805116, "GN": 0.0847588112805116, "GB": 0.0847588112805116, "KNN": 0.0847588112805116, "KM": 0.0847588112805116, "LR": 0.0847588112805116, "LRR": 0.0847588112805116, "LRL": 0.0847588112805116, "LRE": 0.0847588112805116, "LOG_R": 0.0847588112805116, "RF": 0.0847588112805116, "SVM": 0.0847588112805116, "DNN": 0.0847588112805116}, "0 + 1": {"AB": 0.1537932683440509, "AC": 0.1537932683440509, "DS": 0.1537932683440509, "DT": 0.1537932683440509, "GM": 0.1537932683440509, "GN": 0.1537932683440509, "GB": 0.1537932683440509, "KNN": 0.1537932683440509, "KM": 0.1537932683440509, "LR": 0.1537932683440509, "LRR": 0.1537932683440509, "LRL": 0.1537932683440509, "LRE": 0.1537932683440509, "LOG_R": 0.1537932683440509, "RF": 0.1537932683440509, "SVM": 0.1537932683440509, "DNN": 0.1537932683440509}, "0 + 2": {"AB": 0.1489882965586017, "AC": 0.1489882965586017, "DS": 0.1489882965586017, "DT": 0.1489882965586017, "GM": 0.1489882965586017, "GN": 0.1489882965586017, "GB": 0.1489882965586017, "KNN": 0.1489882965586017, "KM": 0.1489882965586017, "LR": 0.1489882965586017, "LRR": 0.1489882965586017, "LRL": 0.1489882965586017, "LRE": 0.1489882965586017, "LOG_R": 0.1489882965586017, "RF": 0.1489882965586017, "SVM": 0.1489882965586017, "DNN": 0.1489882965586017}, "0 + 3": {"AB": 0.1344606480576507, "AC": 0.1344606480576507, "DS": 0.1344606480576507, "DT": 0.1344606480576507, "GM": 0.1344606480576507, "GN": 0.1344606480576507, "GB": 0.1344606480576507, "KNN": 0.1344606480576507, "KM": 0.1344606480576507, "LR": 0.1344606480576507, "LRR": 0.1344606480576507, "LRL": 0.1344606480576507, "LRE": 0.1344606480576507, "LOG_R": 0.1344606480576507, "RF": 0.1344606480576507, "SVM": 0.1344606480576507, "DNN": 0.1344606480576507}, "0 + 4": {"AB": 0.13154427527962512, "AC": 0.13154427527962512, "DS": 0.13154427527962512, "DT": 0.13154427527962512, "GM": 0.13154427527962512, "GN": 0.13154427527962512, "GB": 0.13154427527962512, "KNN": 0.13154427527962512, "KM": 0.13154427527962512, "LR": 0.13154427527962512, "LRR": 0.13154427527962512, "LRL": 0.13154427527962512, "LRE": 0.13154427527962512, "LOG_R": 0.13154427527962512, "RF": 0.13154427527962512, "SVM": 0.13154427527962512, "DNN": 0.13154427527962512}, "1 + 2": {"AB": 0.14136530885202422, "AC": 0.14136530885202422, "DS": 0.14136530885202422, "DT": 0.14136530885202422, "GM": 0.14136530885202422, "GN": 0.14136530885202422, "GB": 0.14136530885202422, "KNN": 0.14136530885202422, "KM": 0.14136530885202422, "LR": 0.14136530885202422, "LRR": 0.14136530885202422, "LRL": 0.14136530885202422, "LRE": 0.14136530885202422, "LOG_R": 0.14136530885202422, "RF": 0.14136530885202422, "SVM": 0.14136530885202422, "DNN": 0.14136530885202422}, "1 + 3": {"AB": 0.12472076105251578, "AC": 0.12472076105251578, "DS": 0.12472076105251578, "DT": 0.12472076105251578, "GM": 0.12472076105251578, "GN": 0.12472076105251578, "GB": 0.12472076105251578, "KNN": 0.12472076105251578, "KM": 0.12472076105251578, "LR": 0.12472076105251578, "LRR": 0.12472076105251578, "LRL": 0.12472076105251578, "LRE": 0.12472076105251578, "LOG_R": 0.12472076105251578, "RF": 0.12472076105251578, "SVM": 0.12472076105251578, "DNN": 0.12472076105251578}, "1 + 4": {"AB": 0.12192098444270201, "AC": 0.12192098444270201, "DS": 0.12192098444270201, "DT": 0.12192098444270201, "GM": 0.12192098444270201, "GN": 0.12192098444270201, "GB": 0.12192098444270201, "KNN": 0.12192098444270201, "KM": 0.12192098444270201, "LR": 0.12192098444270201, "LRR": 0.12192098444270201, "LRL": 0.12192098444270201, "LRE": 0.12192098444270201, "LOG_R": 0.12192098444270201, "RF": 0.12192098444270201, "SVM": 0.12192098444270201, "DNN": 0.12192098444270201}, "2 + 3": {"AB": 0.12297315106047384, "AC": 0.12297315106047384, "DS": 0.12297315106047384, "DT": 0.12297315106047384, "GM": 0.12297315106047384, "GN": 0.12297315106047384, "GB": 0.12297315106047384, "KNN": 0.12297315106047384, "KM": 0.12297315106047384, "LR": 0.12297315106047384, "LRR": 0.12297315106047384, "LRL": 0.12297315106047384, "LRE": 0.12297315106047384, "LOG_R": 0.12297315106047384, "RF": 0.12297315106047384, "SVM": 0.12297315106047384, "DNN": 0.12297315106047384}, "2 + 4": {"AB": 0.12019429508644296, "AC": 0.12019429508644296, "DS": 0.12019429508644296, "DT": 0.12019429508644296, "GM": 0.12019429508644296, "GN": 0.12019429508644296, "GB": 0.12019429508644296, "KNN": 0.12019429508644296, "KM": 0.12019429508644296, "LR": 0.12019429508644296, "LRR": 0.12019429508644296, "LRL": 0.12019429508644296, "LRE": 0.12019429508644296, "LOG_R": 0.12019429508644296, "RF": 0.12019429508644296, "SVM": 0.12019429508644296, "DNN": 0.12019429508644296}, "3 + 4": {"AB": 0.11570358033112083, "AC": 0.11570358033112083, "DS": 0.11570358033112083, "DT": 0.11570358033112083, "GM": 0.11570358033112083, "GN": 0.11570358033112083, "GB": 0.11570358033112083, "KNN": 0.11570358033112083, "KM": 0.11570358033112083, "LR": 0.11570358033112083, "LRR": 0.11570358033112083, "LRL": 0.11570358033112083, "LRE": 0.11570358033112083, "LOG_R": 0.11570358033112083, "RF": 0.11570358033112083, "SVM": 0.11570358033112083, "DNN": 0.11570358033112083}, "0 + 1 + 2": {"AB": 0.1676479355966001, "AC": 0.1676479355966001, "DS": 0.1676479355966001, "DT": 0.1676479355966001, "GM": 0.1676479355966001, "GN": 0.1676479355966001, "GB": 0.1676479355966001, "KNN": 0.1676479355966001, "KM": 0.1676479355966001, "LR": 0.1676479355966001, "LRR": 0.1676479355966001, "LRL": 0.1676479355966001, "LRE": 0.1676479355966001, "LOG_R": 0.1676479355966001, "RF": 0.1676479355966001, "SVM": 0.1676479355966001, "DNN": 0.1676479355966001}, "0 + 1 + 3": {"AB": 0.15050124776102125, "AC": 0.15050124776102125, "DS": 0.15050124776102125, "DT": 0.15050124776102125, "GM": 0.15050124776102125, "GN": 0.15050124776102125, "GB": 0.15050124776102125, "KNN": 0.15050124776102125, "KM": 0.15050124776102125, "LR": 0.15050124776102125, "LRR": 0.15050124776102125, "LRL": 0.15050124776102125, "LRE": 0.15050124776102125, "LOG_R": 0.15050124776102125, "RF": 0.15050124776102125, "SVM": 0.15050124776102125,