{"0": {"AB": 0.18299318224187475, "AC": 0.18299318224187475, "DS": 0.18299318224187475, "DT": 0.18299318224187475, "GM": 0.18299318224187475, "GN": 0.18299318224187475, "GB": 0.18299318224187475, "KNN": 0.18299318224187475, "KM": 0.18299318224187475, "LR": 0.18299318224187475, "LRR": 0.18299318224187475, "LRL": 0.18299318224187475, "LRE": 0.18299318224187475, "LOG_R": 0.18299318224187475, "RF": 0.18299318224187475, "SVM": 0.18299318224187475, "DNN": 0.18299318224187475}, "1": {"AB": 0.14890756715906187, "AC": 0.14890756715906187, "DS": 0.14890756715906187, "DT": 0.14890756715906187, "GM": 0.14890756715906187, "GN": 0.14890756715906187, "GB": 0.14890756715906187, "KNN": 0.14890756715906187, "KM": 0.14890756715906187, "LR": 0.14890756715906187, "LRR": 0.14890756715906187, "LRL": 0.14890756715906187, "LRE": 0.14890756715906187, "LOG_R": 0.14890756715906187, "RF": 0.14890756715906187, "SVM": 0.14890756715906187, "DNN": 0.14890756715906187}, "2": {"AB": 0.12482134518448357, "AC": 0.12482134518448357, "DS": 0.12482134518448357, "DT": 0.12482134518448357, "GM": 0.12482134518448357, "GN": 0.12482134518448357, "GB": 0.12482134518448357, "KNN": 0.12482134518448357, "KM": 0.12482134518448357, "LR": 0.12482134518448357, "LRR": 0.12482134518448357, "LRL": 0.12482134518448357, "LRE": 0.12482134518448357, "LOG_R": 0.12482134518448357, "RF": 0.12482134518448357, "SVM": 0.12482134518448357, "DNN": 0.12482134518448357}, "3": {"AB": 0.10131130285305034, "AC": 0.10131130285305034, "DS": 0.10131130285305034, "DT": 0.10131130285305034, "GM": 0.10131130285305034, "GN": 0.10131130285305034, "GB": 0.10131130285305034, "KNN": 0.10131130285305034, "KM": 0.10131130285305034, "LR": 0.10131130285305034, "LRR": 0.10131130285305034, "LRL": 0.10131130285305034, "LRE": 0.10131130285305034, "LOG_R": 0.10131130285305034, "RF": 0.10131130285305034, "SVM": 0.10131130285305034, "DNN": 0.10131130285305034}, "4": {"AB": 0.09753272678395818, "AC": 0.09753272678395818, "DS": 0.09753272678395818, "DT": 0.09753272678395818, "GM": 0.09753272678395818, "GN": 0.09753272678395818, "GB": 0.09753272678395818, "KNN": 0.09753272678395818, "KM": 0.09753272678395818, "LR": 0.09753272678395818, "LRR": 0.09753272678395818, "LRL": 0.09753272678395818, "LRE": 0.09753272678395818, "LOG_R": 0.09753272678395818, "RF": 0.09753272678395818, "SVM": 0.09753272678395818, "DNN": 0.09753272678395818}, "0 + 1": {"AB": 0.2057180854798385, "AC": 0.2057180854798385, "DS": 0.2057180854798385, "DT": 0.2057180854798385, "GM": 0.2057180854798385, "GN": 0.2057180854798385, "GB": 0.2057180854798385, "KNN": 0.2057180854798385, "KM": 0.2057180854798385, "LR": 0.2057180854798385, "LRR": 0.2057180854798385, "LRL": 0.2057180854798385, "LRE": 0.2057180854798385, "LOG_R": 0.2057180854798385, "RF": 0.2057180854798385, "SVM": 0.2057180854798385, "DNN": 0.2057180854798385}, "0 + 2": {"AB": 0.1798835847392378, "AC": 0.1798835847392378, "DS": 0.1798835847392378, "DT": 0.1798835847392378, "GM": 0.1798835847392378, "GN": 0.1798835847392378, "GB": 0.1798835847392378, "KNN": 0.1798835847392378, "KM": 0.1798835847392378, "LR": 0.1798835847392378, "LRR": 0.1798835847392378, "LRL": 0.1798835847392378, "LRE": 0.1798835847392378, "LOG_R": 0.1798835847392378, "RF": 0.1798835847392378, "SVM": 0.1798835847392378, "DNN": 0.1798835847392378}, "0 + 3": {"AB": 0.15553378102585616, "AC": 0.15553378102585616, "DS": 0.15553378102585616, "DT": 0.15553378102585616, "GM": 0.15553378102585616, "GN": 0.15553378102585616, "GB": 0.15553378102585616, "KNN": 0.15553378102585616, "KM": 0.15553378102585616, "LR": 0.15553378102585616, "LRR": 0.15553378102585616, "LRL": 0.15553378102585616, "LRE": 0.15553378102585616, "LOG_R": 0.15553378102585616, "RF": 0.15553378102585616, "SVM": 0.15553378102585616, "DNN": 0.15553378102585616}, "0 + 4": {"AB": 0.15169477886164207, "AC": 0.15169477886164207, "DS": 0.15169477886164207, "DT": 0.15169477886164207, "GM": 0.15169477886164207, "GN": 0.15169477886164207, "GB": 0.15169477886164207, "KNN": 0.15169477886164207, "KM": 0.15169477886164207, "LR": 0.15169477886164207, "LRR": 0.15169477886164207, "LRL": 0.15169477886164207, "LRE": 0.15169477886164207, "LOG_R": 0.15169477886164207, "RF": 0.15169477886164207, "SVM": 0.15169477886164207, "DNN": 0.15169477886164207}, "1 + 2": {"AB": 0.17336790950380898, "AC": 0.17336790950380898, "DS": 0.17336790950380898, "DT": 0.17336790950380898, "GM": 0.17336790950380898, "GN": 0.17336790950380898, "GB": 0.17336790950380898, "KNN": 0.17336790950380898, "KM": 0.17336790950380898, "LR": 0.17336790950380898, "LRR": 0.17336790950380898, "LRL": 0.17336790950380898, "LRE": 0.17336790950380898, "LOG_R": 0.17336790950380898, "RF": 0.17336790950380898, "SVM": 0.17336790950380898, "DNN": 0.17336790950380898}, "1 + 3": {"AB": 0.14960291241846427, "AC": 0.14960291241846427, "DS": 0.14960291241846427, "DT": 0.14960291241846427, "GM": 0.14960291241846427, "GN": 0.14960291241846427, "GB": 0.14960291241846427, "KNN": 0.14960291241846427, "KM": 0.14960291241846427, "LR": 0.14960291241846427, "LRR": 0.14960291241846427, "LRL": 0.14960291241846427, "LRE": 0.14960291241846427, "LOG_R": 0.14960291241846427, "RF": 0.14960291241846427, "SVM": 0.14960291241846427, "DNN": 0.14960291241846427}, "1 + 4": {"AB": 0.14585287717679304, "AC": 0.14585287717679304, "DS": 0.14585287717679304, "DT": 0.14585287717679304, "GM": 0.14585287717679304, "GN": 0.14585287717679304, "GB": 0.14585287717679304, "KNN": 0.14585287717679304, "KM": 0.14585287717679304, "LR": 0.14585287717679304, "LRR": 0.14585287717679304, "LRL": 0.14585287717679304, "LRE": 0.14585287717679304, "LOG_R": 0.14585287717679304, "RF": 0.14585287717679304, "SVM": 0.14585287717679304, "DNN": 0.14585287717679304}, "2 + 3": {"AB": 0.14328630511856869, "AC": 0.14328630511856869, "DS": 0.14328630511856869, "DT": 0.14328630511856869, "GM": 0.14328630511856869, "GN": 0.14328630511856869, "GB": 0.14328630511856869, "KNN": 0.14328630511856869, "KM": 0.14328630511856869, "LR": 0.14328630511856869, "LRR": 0.14328630511856869, "LRL": 0.14328630511856869, "LRE": 0.14328630511856869, "LOG_R": 0.14328630511856869, "RF": 0.14328630511856869, "SVM": 0.14328630511856869, "DNN": 0.14328630511856869}, "2 + 4": {"AB": 0.13963102313305348, "AC": 0.13963102313305348, "DS": 0.13963102313305348, "DT": 0.13963102313305348, "GM": 0.13963102313305348, "GN": 0.13963102313305348, "GB": 0.13963102313305348, "KNN": 0.13963102313305348, "KM": 0.13963102313305348, "LR": 0.13963102313305348, "LRR": 0.13963102313305348, "LRL": 0.13963102313305348, "LRE": 0.13963102313305348, "LOG_R": 0.13963102313305348, "RF": 0.13963102313305348, "SVM": 0.13963102313305348, "DNN": 0.13963102313305348}, "3 + 4": {"AB": 0.13154952905764816, "AC": 0.13154952905764816, "DS": 0.13154952905764816, "DT": 0.13154952905764816, "GM": 0.13154952905764816, "GN": 0.13154952905764816, "GB": 0.13154952905764816, "KNN": 0.13154952905764816, "KM": 0.13154952905764816, "LR": 0.13154952905764816, "LRR": 0.13154952905764816, "LRL": 0.13154952905764816, "LRE": 0.13154952905764816, "LOG_R": 0.13154952905764816, "RF": 0.13154952905764816, "SVM": 0.13154952905764816, "DNN": 0.13154952905764816}, "0 + 1 + 2": {"AB": 0.2025279480900433, "AC": 0.2025279480900433, "DS": 0.2025279480900433, "DT": 0.2025279480900433, "GM": 0.2025279480900433, "GN": 0.2025279480900433, "GB": 0.2025279480900433, "KNN": 0.2025279480900433, "KM": 0.2025279480900433, "LR": 0.2025279480900433, "LRR": 0.2025279480900433, "LRL": 0.2025279480900433, "LRE": 0.2025279480900433, "LOG_R": 0.2025279480900433, "RF": 0.2025279480900433, "SVM": 0.2025279480900433, "DNN": 0.2025279480900433}, "0 + 1 + 3": {"AB": 0.17819686865671513, "AC": 0.17819686865671513, "DS": 0.17819686865671513, "DT": 0.17819686865671513, "GM": 0.17819686865671513, "GN": 0.17819686865671513, "GB": 0.17819686865671513, "KNN": 0.17819686865671513, "KM": 0.17819686865671513, "LR": 0.17819686865671513, "LRR": 0.17819686865671513, "LRL": 0.17819686865671513, "LRE": 0.17819686865671513, "LOG_R": 0.17819686865671513,