{"0": {"AB": 0.0, "AC": 0.0, "DS": 0.0, "DT": 0.0, "GM": 0.0, "GN": 0.0, "GB": 0.0, "KNN": 0.0, "KM": 0.0, "LR": 0.0, "LRR": 0.0, "LRL": 0.0, "LRE": 0.0, "LOG_R": 0.0, "RF": 0.0, "SVM": 0.0, "DNN": 0.0}, "1": {"AB": 0.0, "AC": 0.0, "DS": 0.0, "DT": 0.0, "GM": 0.0, "GN": 0.0, "GB": 0.0, "KNN": 0.0, "KM": 0.0, "LR": 0.0, "LRR": 0.0, "LRL": 0.0, "LRE": 0.0, "LOG_R": 0.0, "RF": 0.0, "SVM": 0.0, "DNN": 0.0}, "2": {"AB": 0.0, "AC": 0.0, "DS": 0.0, "DT": 0.0, "GM": 0.0, "GN": 0.0, "GB": 0.0, "KNN": 0.0, "KM": 0.0, "LR": 0.0, "LRR": 0.0, "LRL": 0.0, "LRE": 0.0, "LOG_R": 0.0, "RF": 0.0, "SVM": 0.0, "DNN": 0.0}, "3": {"AB": 0.0, "AC": 0.0, "DS": 0.0, "DT": 0.0, "GM": 0.0, "GN": 0.0, "GB": 0.0, "KNN": 0.0, "KM": 0.0, "LR": 0.0, "LRR": 0.0, "LRL": 0.0, "LRE": 0.0, "LOG_R": 0.0, "RF": 0.0, "SVM": 0.0, "DNN": 0.0}, "4": {"AB": 0.0, "AC": 0.0, "DS": 0.0, "DT": 0.0, "GM": 0.0, "GN": 0.0, "GB": 0.0, "KNN": 0.0, "KM": 0.0, "LR": 0.0, "LRR": 0.0, "LRL": 0.0, "LRE": 0.0, "LOG_R": 0.0, "RF": 0.0, "SVM": 0.0, "DNN": 0.0}, "0 + 1": {"AB": 0.07038139120673151, "AC": 0.07038139120673151, "DS": 0.07038139120673151, "DT": 0.07038139120673151, "GM": 0.07038139120673151, "GN": 0.07038139120673151, "GB": 0.07038139120673151, "KNN": 0.07038139120673151, "KM": 0.07038139120673151, "LR": 0.07038139120673151, "LRR": 0.07038139120673151, "LRL": 0.07038139120673151, "LRE": 0.07038139120673151, "LOG_R": 0.07038139120673151, "RF": 0.07038139120673151, "SVM": 0.07038139120673151, "DNN": 0.07038139120673151}, "0 + 2": {"AB": 0.09174073838425015, "AC": 0.09174073838425015, "DS": 0.09174073838425015, "DT": 0.09174073838425015, "GM": 0.09174073838425015, "GN": 0.09174073838425015, "GB": 0.09174073838425015, "KNN": 0.09174073838425015, "KM": 0.09174073838425015, "LR": 0.09174073838425015, "LRR": 0.09174073838425015, "LRL": 0.09174073838425015, "LRE": 0.09174073838425015, "LOG_R": 0.09174073838425015, "RF": 0.09174073838425015, "SVM": 0.09174073838425015, "DNN": 0.09174073838425015}, "0 + 3": {"AB": 0.08206725708113585, "AC": 0.08206725708113585, "DS": 0.08206725708113585, "DT": 0.08206725708113585, "GM": 0.08206725708113585, "GN": 0.08206725708113585, "GB": 0.08206725708113585, "KNN": 0.08206725708113585, "KM": 0.08206725708113585, "LR": 0.08206725708113585, "LRR": 0.08206725708113585, "LRL": 0.08206725708113585, "LRE": 0.08206725708113585, "LOG_R": 0.08206725708113585, "RF": 0.08206725708113585, "SVM": 0.08206725708113585, "DNN": 0.08206725708113585}, "0 + 4": {"AB": 0.09405770281180312, "AC": 0.09405770281180312, "DS": 0.09405770281180312, "DT": 0.09405770281180312, "GM": 0.09405770281180312, "GN": 0.09405770281180312, "GB": 0.09405770281180312, "KNN": 0.09405770281180312, "KM": 0.09405770281180312, "LR": 0.09405770281180312, "LRR": 0.09405770281180312, "LRL": 0.09405770281180312, "LRE": 0.09405770281180312, "LOG_R": 0.09405770281180312, "RF": 0.09405770281180312, "SVM": 0.09405770281180312, "DNN": 0.09405770281180312}, "1 + 2": {"AB": 0.02135934717751864, "AC": 0.02135934717751864, "DS": 0.02135934717751864, "DT": 0.02135934717751864, "GM": 0.02135934717751864, "GN": 0.02135934717751864, "GB": 0.02135934717751864, "KNN": 0.02135934717751864, "KM": 0.02135934717751864, "LR": 0.02135934717751864, "LRR": 0.02135934717751864, "LRL": 0.02135934717751864, "LRE": 0.02135934717751864, "LOG_R": 0.02135934717751864, "RF": 0.02135934717751864, "SVM": 0.02135934717751864, "DNN": 0.02135934717751864}, "1 + 3": {"AB": -0.011685865874404344, "AC": -0.011685865874404344, "DS": -0.011685865874404344, "DT": -0.011685865874404344, "GM": -0.011685865874404344, "GN": -0.011685865874404344, "GB": -0.011685865874404344, "KNN": -0.011685865874404344, "KM": -0.011685865874404344, "LR": -0.011685865874404344, "LRR": -0.011685865874404344, "LRL": -0.011685865874404344, "LRE": -0.011685865874404344, "LOG_R": -0.011685865874404344, "RF": -0.011685865874404344, "SVM": -0.011685865874404344, "DNN": -0.011685865874404344}, "1 + 4": {"AB": -0.02367631160507161, "AC": -0.02367631160507161, "DS": -0.02367631160507161, "DT": -0.02367631160507161, "GM": -0.02367631160507161, "GN": -0.02367631160507161, "GB": -0.02367631160507161, "KNN": -0.02367631160507161, "KM": -0.02367631160507161, "LR": -0.02367631160507161, "LRR": -0.02367631160507161, "LRL": -0.02367631160507161, "LRE": -0.02367631160507161, "LOG_R": -0.02367631160507161, "RF": -0.02367631160507161, "SVM": -0.02367631160507161, "DNN": -0.02367631160507161}, "2 + 3": {"AB": 0.009673481303114295, "AC": 0.009673481303114295, "DS": 0.009673481303114295, "DT": 0.009673481303114295, "GM": 0.009673481303114295, "GN": 0.009673481303114295, "GB": 0.009673481303114295, "KNN": 0.009673481303114295, "KM": 0.009673481303114295, "LR": 0.009673481303114295, "LRR": 0.009673481303114295, "LRL": 0.009673481303114295, "LRE": 0.009673481303114295, "LOG_R": 0.009673481303114295, "RF": 0.009673481303114295, "SVM": 0.009673481303114295, "DNN": 0.009673481303114295}, "2 + 4": {"AB": -0.00231696442755297, "AC": -0.00231696442755297, "DS": -0.00231696442755297, "DT": -0.00231696442755297, "GM": -0.00231696442755297, "GN": -0.00231696442755297, "GB": -0.00231696442755297, "KNN": -0.00231696442755297, "KM": -0.00231696442755297, "LR": -0.00231696442755297, "LRR": -0.00231696442755297, "LRL": -0.00231696442755297, "LRE": -0.00231696442755297, "LOG_R": -0.00231696442755297, "RF": -0.00231696442755297, "SVM": -0.00231696442755297, "DNN": -0.00231696442755297}, "3 + 4": {"AB": 0.011990445730667265, "AC": 0.011990445730667265, "DS": 0.011990445730667265, "DT": 0.011990445730667265, "GM": 0.011990445730667265, "GN": 0.011990445730667265, "GB": 0.011990445730667265, "KNN": 0.011990445730667265, "KM": 0.011990445730667265, "LR": 0.011990445730667265, "LRR": 0.011990445730667265, "LRL": 0.011990445730667265, "LRE": 0.011990445730667265, "LOG_R": 0.011990445730667265, "RF": 0.011990445730667265, "SVM": 0.011990445730667265, "DNN": 0.011990445730667265}, "0 + 1 + 2": {"AB": 0.056550042780884394, "AC": 0.056550042780884394, "DS": 0.056550042780884394, "DT": 0.056550042780884394, "GM": 0.056550042780884394, "GN": 0.056550042780884394, "GB": 0.056550042780884394, "KNN": 0.056550042780884394, "KM": 0.056550042780884394, "LR": 0.056550042780884394, "LRR": 0.056550042780884394, "LRL": 0.056550042780884394, "LRE": 0.056550042780884394, "LOG_R": 0.056550042780884394, "RF": 0.056550042780884394, "SVM": 0.056550042780884394, "DNN": 0.056550042780884394}, "0 + 1 + 3": {"AB": 0.029347762666163582, "AC": 0.029347762666163582, "DS": 0.029347762666163582, "DT": 0.029347762666163582, "GM": 0.029347762666163582, "GN": 0.029347762666163582, "GB": 0.029347762666163582, "KNN": 0.029347762666163582, "KM": 0.029347762666163582, "LR": 0.029347762666163582, "LRR": 0.029347762666163582, "LRL": 0.029347762666163582, "LRE": 0.029347762666163582, "LOG_R": 0.029347762666163582, "RF": 0.029347762666163582, "SVM": 0.029347762666163582, "DNN": 0.029347762666163582}, "0 + 1 + 4": {"AB": 0.02335253980082995, "AC": 0.02335253980082995, "DS": 0.02335253980082995, "DT": 0.02335253980082995, "GM": 0.02335253980082995, "GN": 0.02335253980082995, "GB": 0.02335253980082995, "KNN": 0.02335253980082995, "KM": 0.02335253980082995, "LR": 0.02335253980082995, "LRR": 0.02335253980082995, "LRL": 0.02335253980082995, "LRE": 0.02335253980082995, "LOG_R": 0.02335253980082995, "RF": 0.02335253980082995, "SVM": 0.02335253980082995, "DNN": 0.02335253980082995}, "0 + 2 + 3": {"AB": 0.05070710984368222, "AC": 0.05070710984368222, "DS": 0.05070710984368222, "DT": 0.05070710984368222, "GM": 0.05070710984368222, "GN": 0.05070710984368222, "GB": 0.05070710984368222, "KNN": 0.05070710984368222, "KM": 0.05070710984368222, "LR": 0.05070710984368222, "LRR": 0.05070710984368222, "LRL": 0.05070710984368222, "LRE": 0.05070710984368222, "LOG_R": 0.05070710984368222, "RF": 0.05070710984368222, "SVM": 0.05070710984368222, "DNN": 0.05070710984368222}, "0 + 2 + 4": {"AB": 0.04471188697834859, "AC": 0.04471188697834859, "DS": 0.04471188697834859, "DT": 0.04471188697834859,