{"0": {"AB": 0.0, "AC": 0.0, "DS": 0.0, "DT": 0.0, "GM": 0.0, "GN": 0.0, "GB": 0.0, "KNN": 0.0, "KM": 0.0, "LR": 0.0, "LRR": 0.0, "LRL": 0.0, "LRE": 0.0, "LOG_R": 0.0, "RF": 0.0, "SVM": 0.0, "DNN": 0.0}, "1": {"AB": 0.0, "AC": 0.0, "DS": 0.0, "DT": 0.0, "GM": 0.0, "GN": 0.0, "GB": 0.0, "KNN": 0.0, "KM": 0.0, "LR": 0.0, "LRR": 0.0, "LRL": 0.0, "LRE": 0.0, "LOG_R": 0.0, "RF": 0.0, "SVM": 0.0, "DNN": 0.0}, "2": {"AB": 0.0, "AC": 0.0, "DS": 0.0, "DT": 0.0, "GM": 0.0, "GN": 0.0, "GB": 0.0, "KNN": 0.0, "KM": 0.0, "LR": 0.0, "LRR": 0.0, "LRL": 0.0, "LRE": 0.0, "LOG_R": 0.0, "RF": 0.0, "SVM": 0.0, "DNN": 0.0}, "3": {"AB": 0.0, "AC": 0.0, "DS": 0.0, "DT": 0.0, "GM": 0.0, "GN": 0.0, "GB": 0.0, "KNN": 0.0, "KM": 0.0, "LR": 0.0, "LRR": 0.0, "LRL": 0.0, "LRE": 0.0, "LOG_R": 0.0, "RF": 0.0, "SVM": 0.0, "DNN": 0.0}, "4": {"AB": 0.0, "AC": 0.0, "DS": 0.0, "DT": 0.0, "GM": 0.0, "GN": 0.0, "GB": 0.0, "KNN": 0.0, "KM": 0.0, "LR": 0.0, "LRR": 0.0, "LRL": 0.0, "LRE": 0.0, "LOG_R": 0.0, "RF": 0.0, "SVM": 0.0, "DNN": 0.0}, "0 + 1": {"AB": -0.007456618165468276, "AC": -0.007456618165468276, "DS": -0.007456618165468276, "DT": -0.007456618165468276, "GM": -0.007456618165468276, "GN": -0.007456618165468276, "GB": -0.007456618165468276, "KNN": -0.007456618165468276, "KM": -0.007456618165468276, "LR": -0.007456618165468276, "LRR": -0.007456618165468276, "LRL": -0.007456618165468276, "LRE": -0.007456618165468276, "LOG_R": -0.007456618165468276, "RF": -0.007456618165468276, "SVM": -0.007456618165468276, "DNN": -0.007456618165468276}, "0 + 2": {"AB": 0.015617561670854208, "AC": 0.015617561670854208, "DS": 0.015617561670854208, "DT": 0.015617561670854208, "GM": 0.015617561670854208, "GN": 0.015617561670854208, "GB": 0.015617561670854208, "KNN": 0.015617561670854208, "KM": 0.015617561670854208, "LR": 0.015617561670854208, "LRR": 0.015617561670854208, "LRL": 0.015617561670854208, "LRE": 0.015617561670854208, "LOG_R": 0.015617561670854208, "RF": 0.015617561670854208, "SVM": 0.015617561670854208, "DNN": 0.015617561670854208}, "0 + 3": {"AB": -0.03973316179384956, "AC": -0.03973316179384956, "DS": -0.03973316179384956, "DT": -0.03973316179384956, "GM": -0.03973316179384956, "GN": -0.03973316179384956, "GB": -0.03973316179384956, "KNN": -0.03973316179384956, "KM": -0.03973316179384956, "LR": -0.03973316179384956, "LRR": -0.03973316179384956, "LRL": -0.03973316179384956, "LRE": -0.03973316179384956, "LOG_R": -0.03973316179384956, "RF": -0.03973316179384956, "SVM": -0.03973316179384956, "DNN": -0.03973316179384956}, "0 + 4": {"AB": -0.05042470212737797, "AC": -0.05042470212737797, "DS": -0.05042470212737797, "DT": -0.05042470212737797, "GM": -0.05042470212737797, "GN": -0.05042470212737797, "GB": -0.05042470212737797, "KNN": -0.05042470212737797, "KM": -0.05042470212737797, "LR": -0.05042470212737797, "LRR": -0.05042470212737797, "LRL": -0.05042470212737797, "LRE": -0.05042470212737797, "LOG_R": -0.05042470212737797, "RF": -0.05042470212737797, "SVM": -0.05042470212737797, "DNN": -0.05042470212737797}, "1 + 2": {"AB": 0.008160943505385931, "AC": 0.008160943505385931, "DS": 0.008160943505385931, "DT": 0.008160943505385931, "GM": 0.008160943505385931, "GN": 0.008160943505385931, "GB": 0.008160943505385931, "KNN": 0.008160943505385931, "KM": 0.008160943505385931, "LR": 0.008160943505385931, "LRR": 0.008160943505385931, "LRL": 0.008160943505385931, "LRE": 0.008160943505385931, "LOG_R": 0.008160943505385931, "RF": 0.008160943505385931, "SVM": 0.008160943505385931, "DNN": 0.008160943505385931}, "1 + 3": {"AB": 0.03227654362838128, "AC": 0.03227654362838128, "DS": 0.03227654362838128, "DT": 0.03227654362838128, "GM": 0.03227654362838128, "GN": 0.03227654362838128, "GB": 0.03227654362838128, "KNN": 0.03227654362838128, "KM": 0.03227654362838128, "LR": 0.03227654362838128, "LRR": 0.03227654362838128, "LRL": 0.03227654362838128, "LRE": 0.03227654362838128, "LOG_R": 0.03227654362838128, "RF": 0.03227654362838128, "SVM": 0.03227654362838128, "DNN": 0.03227654362838128}, "1 + 4": {"AB": -0.042968083961909695, "AC": -0.042968083961909695, "DS": -0.042968083961909695, "DT": -0.042968083961909695, "GM": -0.042968083961909695, "GN": -0.042968083961909695, "GB": -0.042968083961909695, "KNN": -0.042968083961909695, "KM": -0.042968083961909695, "LR": -0.042968083961909695, "LRR": -0.042968083961909695, "LRL": -0.042968083961909695, "LRE": -0.042968083961909695, "LOG_R": -0.042968083961909695, "RF": -0.042968083961909695, "SVM": -0.042968083961909695, "DNN": -0.042968083961909695}, "2 + 3": {"AB": -0.02411560012299535, "AC": -0.02411560012299535, "DS": -0.02411560012299535, "DT": -0.02411560012299535, "GM": -0.02411560012299535, "GN": -0.02411560012299535, "GB": -0.02411560012299535, "KNN": -0.02411560012299535, "KM": -0.02411560012299535, "LR": -0.02411560012299535, "LRR": -0.02411560012299535, "LRL": -0.02411560012299535, "LRE": -0.02411560012299535, "LOG_R": -0.02411560012299535, "RF": -0.02411560012299535, "SVM": -0.02411560012299535, "DNN": -0.02411560012299535}, "2 + 4": {"AB": -0.034807140456523764, "AC": -0.034807140456523764, "DS": -0.034807140456523764, "DT": -0.034807140456523764, "GM": -0.034807140456523764, "GN": -0.034807140456523764, "GB": -0.034807140456523764, "KNN": -0.034807140456523764, "KM": -0.034807140456523764, "LR": -0.034807140456523764, "LRR": -0.034807140456523764, "LRL": -0.034807140456523764, "LRE": -0.034807140456523764, "LOG_R": -0.034807140456523764, "RF": -0.034807140456523764, "SVM": -0.034807140456523764, "DNN": -0.034807140456523764}, "3 + 4": {"AB": -0.010691540333528413, "AC": -0.010691540333528413, "DS": -0.010691540333528413, "DT": -0.010691540333528413, "GM": -0.010691540333528413, "GN": -0.010691540333528413, "GB": -0.010691540333528413, "KNN": -0.010691540333528413, "KM": -0.010691540333528413, "LR": -0.010691540333528413, "LRR": -0.010691540333528413, "LRL": -0.010691540333528413, "LRE": -0.010691540333528413, "LOG_R": -0.010691540333528413, "RF": -0.010691540333528413, "SVM": -0.010691540333528413, "DNN": -0.010691540333528413}, "0 + 1 + 2": {"AB": 0.01188925258812007, "AC": 0.01188925258812007, "DS": 0.01188925258812007, "DT": 0.01188925258812007, "GM": 0.01188925258812007, "GN": 0.01188925258812007, "GB": 0.01188925258812007, "KNN": 0.01188925258812007, "KM": 0.01188925258812007, "LR": 0.01188925258812007, "LRR": 0.01188925258812007, "LRL": 0.01188925258812007, "LRE": 0.01188925258812007, "LOG_R": 0.01188925258812007, "RF": 0.01188925258812007, "SVM": 0.01188925258812007, "DNN": 0.01188925258812007}, "0 + 1 + 3": {"AB": -0.023594889979658917, "AC": -0.023594889979658917, "DS": -0.023594889979658917, "DT": -0.023594889979658917, "GM": -0.023594889979658917, "GN": -0.023594889979658917, "GB": -0.023594889979658917, "KNN": -0.023594889979658917, "KM": -0.023594889979658917, "LR": -0.023594889979658917, "LRR": -0.023594889979658917, "LRL": -0.023594889979658917, "LRE": -0.023594889979658917, "LOG_R": -0.023594889979658917, "RF": -0.023594889979658917, "SVM": -0.023594889979658917, "DNN": -0.023594889979658917}, "0 + 1 + 4": {"AB": -0.028940660146423124, "AC": -0.028940660146423124, "DS": -0.028940660146423124, "DT": -0.028940660146423124, "GM": -0.028940660146423124, "GN": -0.028940660146423124, "GB": -0.028940660146423124, "KNN": -0.028940660146423124, "KM": -0.028940660146423124, "LR": -0.028940660146423124, "LRR": -0.028940660146423124, "LRL": -0.028940660146423124, "LRE": -0.028940660146423124, "LOG_R": -0.028940660146423124, "RF": -0.028940660146423124, "SVM": -0.028940660146423124, "DNN": -0.028940660146423124}, "0 + 2 + 3": {"AB": -0.004249019226070572, "AC": -0.004249019226070572, "DS": -0.004249019226070572, "DT": -0.004249019226070572, "GM": -0.004249019226070572, "GN": -0.004249019226070572, "GB": -0.004249019226070572, "KNN": -0.004249019226070572, "KM": -0.004249019226070572, "LR": -0.004249019226070572, "LRR": -0.004249019226070572, "LRL": -0.004249019226070572, "LRE": -0.004249019226070572, "LOG_R": -0.004249019226070572, "RF": -0.004249019226070572,