{"0": {"AB": 0.11274400406587146, "AC": 0.11274400406587146, "DS": 0.11274400406587146, "DT": 0.11274400406587146, "GM": 0.11274400406587146, "GN": 0.11274400406587146, "GB": 0.11274400406587146, "KNN": 0.11274400406587146, "KM": 0.11274400406587146, "LR": 0.11274400406587146, "LRR": 0.11274400406587146, "LRL": 0.11274400406587146, "LRE": 0.11274400406587146, "LOG_R": 0.11274400406587146, "RF": 0.11274400406587146, "SVM": 0.11274400406587146, "DNN": 0.11274400406587146}, "1": {"AB": 0.10029649701465874, "AC": 0.10029649701465874, "DS": 0.10029649701465874, "DT": 0.10029649701465874, "GM": 0.10029649701465874, "GN": 0.10029649701465874, "GB": 0.10029649701465874, "KNN": 0.10029649701465874, "KM": 0.10029649701465874, "LR": 0.10029649701465874, "LRR": 0.10029649701465874, "LRL": 0.10029649701465874, "LRE": 0.10029649701465874, "LOG_R": 0.10029649701465874, "RF": 0.10029649701465874, "SVM": 0.10029649701465874, "DNN": 0.10029649701465874}, "2": {"AB": 0.05707074006160296, "AC": 0.05707074006160296, "DS": 0.05707074006160296, "DT": 0.05707074006160296, "GM": 0.05707074006160296, "GN": 0.05707074006160296, "GB": 0.05707074006160296, "KNN": 0.05707074006160296, "KM": 0.05707074006160296, "LR": 0.05707074006160296, "LRR": 0.05707074006160296, "LRL": 0.05707074006160296, "LRE": 0.05707074006160296, "LOG_R": 0.05707074006160296, "RF": 0.05707074006160296, "SVM": 0.05707074006160296, "DNN": 0.05707074006160296}, "3": {"AB": 0.044073709807604326, "AC": 0.044073709807604326, "DS": 0.044073709807604326, "DT": 0.044073709807604326, "GM": 0.044073709807604326, "GN": 0.044073709807604326, "GB": 0.044073709807604326, "KNN": 0.044073709807604326, "KM": 0.044073709807604326, "LR": 0.044073709807604326, "LRR": 0.044073709807604326, "LRL": 0.044073709807604326, "LRE": 0.044073709807604326, "LOG_R": 0.044073709807604326, "RF": 0.044073709807604326, "SVM": 0.044073709807604326, "DNN": 0.044073709807604326}, "4": {"AB": 0.046747513880971085, "AC": 0.046747513880971085, "DS": 0.046747513880971085, "DT": 0.046747513880971085, "GM": 0.046747513880971085, "GN": 0.046747513880971085, "GB": 0.046747513880971085, "KNN": 0.046747513880971085, "KM": 0.046747513880971085, "LR": 0.046747513880971085, "LRR": 0.046747513880971085, "LRL": 0.046747513880971085, "LRE": 0.046747513880971085, "LOG_R": 0.046747513880971085, "RF": 0.046747513880971085, "SVM": 0.046747513880971085, "DNN": 0.046747513880971085}, "0 + 1": {"AB": 0.11993004597062171, "AC": 0.11993004597062171, "DS": 0.11993004597062171, "DT": 0.11993004597062171, "GM": 0.11993004597062171, "GN": 0.11993004597062171, "GB": 0.11993004597062171, "KNN": 0.11993004597062171, "KM": 0.11993004597062171, "LR": 0.11993004597062171, "LRR": 0.11993004597062171, "LRL": 0.11993004597062171, "LRE": 0.11993004597062171, "LOG_R": 0.11993004597062171, "RF": 0.11993004597062171, "SVM": 0.11993004597062171, "DNN": 0.11993004597062171}, "0 + 2": {"AB": 0.09820438998862842, "AC": 0.09820438998862842, "DS": 0.09820438998862842, "DT": 0.09820438998862842, "GM": 0.09820438998862842, "GN": 0.09820438998862842, "GB": 0.09820438998862842, "KNN": 0.09820438998862842, "KM": 0.09820438998862842, "LR": 0.09820438998862842, "LRR": 0.09820438998862842, "LRL": 0.09820438998862842, "LRE": 0.09820438998862842, "LOG_R": 0.09820438998862842, "RF": 0.09820438998862842, "SVM": 0.09820438998862842, "DNN": 0.09820438998862842}, "0 + 3": {"AB": 0.0772615535775056, "AC": 0.0772615535775056, "DS": 0.0772615535775056, "DT": 0.0772615535775056, "GM": 0.0772615535775056, "GN": 0.0772615535775056, "GB": 0.0772615535775056, "KNN": 0.0772615535775056, "KM": 0.0772615535775056, "LR": 0.0772615535775056, "LRR": 0.0772615535775056, "LRL": 0.0772615535775056, "LRE": 0.0772615535775056, "LOG_R": 0.0772615535775056, "RF": 0.0772615535775056, "SVM": 0.0772615535775056, "DNN": 0.0772615535775056}, "0 + 4": {"AB": 0.08888876089876414, "AC": 0.08888876089876414, "DS": 0.08888876089876414, "DT": 0.08888876089876414, "GM": 0.08888876089876414, "GN": 0.08888876089876414, "GB": 0.08888876089876414, "KNN": 0.08888876089876414, "KM": 0.08888876089876414, "LR": 0.08888876089876414, "LRR": 0.08888876089876414, "LRL": 0.08888876089876414, "LRE": 0.08888876089876414, "LOG_R": 0.08888876089876414, "RF": 0.08888876089876414, "SVM": 0.08888876089876414, "DNN": 0.08888876089876414}, "1 + 2": {"AB": 0.08281453663444271, "AC": 0.08281453663444271, "DS": 0.08281453663444271, "DT": 0.08281453663444271, "GM": 0.08281453663444271, "GN": 0.08281453663444271, "GB": 0.08281453663444271, "KNN": 0.08281453663444271, "KM": 0.08281453663444271, "LR": 0.08281453663444271, "LRR": 0.08281453663444271, "LRL": 0.08281453663444271, "LRE": 0.08281453663444271, "LOG_R": 0.08281453663444271, "RF": 0.08281453663444271, "SVM": 0.08281453663444271, "DNN": 0.08281453663444271}, "1 + 3": {"AB": 0.08278053836466998, "AC": 0.08278053836466998, "DS": 0.08278053836466998, "DT": 0.08278053836466998, "GM": 0.08278053836466998, "GN": 0.08278053836466998, "GB": 0.08278053836466998, "KNN": 0.08278053836466998, "KM": 0.08278053836466998, "LR": 0.08278053836466998, "LRR": 0.08278053836466998, "LRL": 0.08278053836466998, "LRE": 0.08278053836466998, "LOG_R": 0.08278053836466998, "RF": 0.08278053836466998, "SVM": 0.08278053836466998, "DNN": 0.08278053836466998}, "1 + 4": {"AB": 0.07593238584735479, "AC": 0.07593238584735479, "DS": 0.07593238584735479, "DT": 0.07593238584735479, "GM": 0.07593238584735479, "GN": 0.07593238584735479, "GB": 0.07593238584735479, "KNN": 0.07593238584735479, "KM": 0.07593238584735479, "LR": 0.07593238584735479, "LRR": 0.07593238584735479, "LRL": 0.07593238584735479, "LRE": 0.07593238584735479, "LOG_R": 0.07593238584735479, "RF": 0.07593238584735479, "SVM": 0.07593238584735479, "DNN": 0.07593238584735479}, "2 + 3": {"AB": 0.0626805665003583, "AC": 0.0626805665003583, "DS": 0.0626805665003583, "DT": 0.0626805665003583, "GM": 0.0626805665003583, "GN": 0.0626805665003583, "GB": 0.0626805665003583, "KNN": 0.0626805665003583, "KM": 0.0626805665003583, "LR": 0.0626805665003583, "LRR": 0.0626805665003583, "LRL": 0.0626805665003583, "LRE": 0.0626805665003583, "LOG_R": 0.0626805665003583, "RF": 0.0626805665003583, "SVM": 0.0626805665003583, "DNN": 0.0626805665003583}, "2 + 4": {"AB": 0.07052600236487618, "AC": 0.07052600236487618, "DS": 0.07052600236487618, "DT": 0.07052600236487618, "GM": 0.07052600236487618, "GN": 0.07052600236487618, "GB": 0.07052600236487618, "KNN": 0.07052600236487618, "KM": 0.07052600236487618, "LR": 0.07052600236487618, "LRR": 0.07052600236487618, "LRL": 0.07052600236487618, "LRE": 0.07052600236487618, "LOG_R": 0.07052600236487618, "RF": 0.07052600236487618, "SVM": 0.07052600236487618, "DNN": 0.07052600236487618}, "3 + 4": {"AB": 0.05523235198740098, "AC": 0.05523235198740098, "DS": 0.05523235198740098, "DT": 0.05523235198740098, "GM": 0.05523235198740098, "GN": 0.05523235198740098, "GB": 0.05523235198740098, "KNN": 0.05523235198740098, "KM": 0.05523235198740098, "LR": 0.05523235198740098, "LRR": 0.05523235198740098, "LRL": 0.05523235198740098, "LRE": 0.05523235198740098, "LOG_R": 0.05523235198740098, "RF": 0.05523235198740098, "SVM": 0.05523235198740098, "DNN": 0.05523235198740098}, "0 + 1 + 2": {"AB": 0.10722882493650188, "AC": 0.10722882493650188, "DS": 0.10722882493650188, "DT": 0.10722882493650188, "GM": 0.10722882493650188, "GN": 0.10722882493650188, "GB": 0.10722882493650188, "KNN": 0.10722882493650188, "KM": 0.10722882493650188, "LR": 0.10722882493650188, "LRR": 0.10722882493650188, "LRL": 0.10722882493650188, "LRE": 0.10722882493650188, "LOG_R": 0.10722882493650188, "RF": 0.10722882493650188, "SVM": 0.10722882493650188, "DNN": 0.10722882493650188}, "0 + 1 + 3": {"AB": 0.09799471405282952, "AC": 0.09799471405282952, "DS": 0.09799471405282952, "DT": 0.09799471405282952, "GM": 0.09799471405282952, "GN": 0.09799471405282952, "GB": 0.09799471405282952, "KNN": 0.09799471405282952, "KM": 0.09799471405282952, "LR": 0.09799471405282952, "LRR": 0.09799471405282952, "LRL": 0.09799471405282952,