{"0": {"AB": 0.0, "AC": 0.0, "DS": 0.0, "DT": 0.0, "GM": 0.0, "GN": 0.0, "GB": 0.0, "KNN": 0.0, "KM": 0.0, "LR": 0.0, "LRR": 0.0, "LRL": 0.0, "LRE": 0.0, "LOG_R": 0.0, "RF": 0.0, "SVM": 0.0, "DNN": 0.0}, "1": {"AB": 0.0, "AC": 0.0, "DS": 0.0, "DT": 0.0, "GM": 0.0, "GN": 0.0, "GB": 0.0, "KNN": 0.0, "KM": 0.0, "LR": 0.0, "LRR": 0.0, "LRL": 0.0, "LRE": 0.0, "LOG_R": 0.0, "RF": 0.0, "SVM": 0.0, "DNN": 0.0}, "2": {"AB": 0.0, "AC": 0.0, "DS": 0.0, "DT": 0.0, "GM": 0.0, "GN": 0.0, "GB": 0.0, "KNN": 0.0, "KM": 0.0, "LR": 0.0, "LRR": 0.0, "LRL": 0.0, "LRE": 0.0, "LOG_R": 0.0, "RF": 0.0, "SVM": 0.0, "DNN": 0.0}, "3": {"AB": 0.0, "AC": 0.0, "DS": 0.0, "DT": 0.0, "GM": 0.0, "GN": 0.0, "GB": 0.0, "KNN": 0.0, "KM": 0.0, "LR": 0.0, "LRR": 0.0, "LRL": 0.0, "LRE": 0.0, "LOG_R": 0.0, "RF": 0.0, "SVM": 0.0, "DNN": 0.0}, "4": {"AB": 0.0, "AC": 0.0, "DS": 0.0, "DT": 0.0, "GM": 0.0, "GN": 0.0, "GB": 0.0, "KNN": 0.0, "KM": 0.0, "LR": 0.0, "LRR": 0.0, "LRL": 0.0, "LRE": 0.0, "LOG_R": 0.0, "RF": 0.0, "SVM": 0.0, "DNN": 0.0}, "0 + 1": {"AB": -0.004064047870344478, "AC": -0.004064047870344478, "DS": -0.004064047870344478, "DT": -0.004064047870344478, "GM": -0.004064047870344478, "GN": -0.004064047870344478, "GB": -0.004064047870344478, "KNN": -0.004064047870344478, "KM": -0.004064047870344478, "LR": -0.004064047870344478, "LRR": -0.004064047870344478, "LRL": -0.004064047870344478, "LRE": -0.004064047870344478, "LOG_R": -0.004064047870344478, "RF": -0.004064047870344478, "SVM": -0.004064047870344478, "DNN": -0.004064047870344478}, "0 + 2": {"AB": 0.04291977495854135, "AC": 0.04291977495854135, "DS": 0.04291977495854135, "DT": 0.04291977495854135, "GM": 0.04291977495854135, "GN": 0.04291977495854135, "GB": 0.04291977495854135, "KNN": 0.04291977495854135, "KM": 0.04291977495854135, "LR": 0.04291977495854135, "LRR": 0.04291977495854135, "LRL": 0.04291977495854135, "LRE": 0.04291977495854135, "LOG_R": 0.04291977495854135, "RF": 0.04291977495854135, "SVM": 0.04291977495854135, "DNN": 0.04291977495854135}, "0 + 3": {"AB": 0.07162496453341602, "AC": 0.07162496453341602, "DS": 0.07162496453341602, "DT": 0.07162496453341602, "GM": 0.07162496453341602, "GN": 0.07162496453341602, "GB": 0.07162496453341602, "KNN": 0.07162496453341602, "KM": 0.07162496453341602, "LR": 0.07162496453341602, "LRR": 0.07162496453341602, "LRL": 0.07162496453341602, "LRE": 0.07162496453341602, "LOG_R": 0.07162496453341602, "RF": 0.07162496453341602, "SVM": 0.07162496453341602, "DNN": 0.07162496453341602}, "0 + 4": {"AB": 0.08494765569971205, "AC": 0.08494765569971205, "DS": 0.08494765569971205, "DT": 0.08494765569971205, "GM": 0.08494765569971205, "GN": 0.08494765569971205, "GB": 0.08494765569971205, "KNN": 0.08494765569971205, "KM": 0.08494765569971205, "LR": 0.08494765569971205, "LRR": 0.08494765569971205, "LRL": 0.08494765569971205, "LRE": 0.08494765569971205, "LOG_R": 0.08494765569971205, "RF": 0.08494765569971205, "SVM": 0.08494765569971205, "DNN": 0.08494765569971205}, "1 + 2": {"AB": 0.03885572708819687, "AC": 0.03885572708819687, "DS": 0.03885572708819687, "DT": 0.03885572708819687, "GM": 0.03885572708819687, "GN": 0.03885572708819687, "GB": 0.03885572708819687, "KNN": 0.03885572708819687, "KM": 0.03885572708819687, "LR": 0.03885572708819687, "LRR": 0.03885572708819687, "LRL": 0.03885572708819687, "LRE": 0.03885572708819687, "LOG_R": 0.03885572708819687, "RF": 0.03885572708819687, "SVM": 0.03885572708819687, "DNN": 0.03885572708819687}, "1 + 3": {"AB": 0.06756091666307154, "AC": 0.06756091666307154, "DS": 0.06756091666307154, "DT": 0.06756091666307154, "GM": 0.06756091666307154, "GN": 0.06756091666307154, "GB": 0.06756091666307154, "KNN": 0.06756091666307154, "KM": 0.06756091666307154, "LR": 0.06756091666307154, "LRR": 0.06756091666307154, "LRL": 0.06756091666307154, "LRE": 0.06756091666307154, "LOG_R": 0.06756091666307154, "RF": 0.06756091666307154, "SVM": 0.06756091666307154, "DNN": 0.06756091666307154}, "1 + 4": {"AB": 0.08088360782936757, "AC": 0.08088360782936757, "DS": 0.08088360782936757, "DT": 0.08088360782936757, "GM": 0.08088360782936757, "GN": 0.08088360782936757, "GB": 0.08088360782936757, "KNN": 0.08088360782936757, "KM": 0.08088360782936757, "LR": 0.08088360782936757, "LRR": 0.08088360782936757, "LRL": 0.08088360782936757, "LRE": 0.08088360782936757, "LOG_R": 0.08088360782936757, "RF": 0.08088360782936757, "SVM": 0.08088360782936757, "DNN": 0.08088360782936757}, "2 + 3": {"AB": -0.028705189574874668, "AC": -0.028705189574874668, "DS": -0.028705189574874668, "DT": -0.028705189574874668, "GM": -0.028705189574874668, "GN": -0.028705189574874668, "GB": -0.028705189574874668, "KNN": -0.028705189574874668, "KM": -0.028705189574874668, "LR": -0.028705189574874668, "LRR": -0.028705189574874668, "LRL": -0.028705189574874668, "LRE": -0.028705189574874668, "LOG_R": -0.028705189574874668, "RF": -0.028705189574874668, "SVM": -0.028705189574874668, "DNN": -0.028705189574874668}, "2 + 4": {"AB": 0.0420278807411707, "AC": 0.0420278807411707, "DS": 0.0420278807411707, "DT": 0.0420278807411707, "GM": 0.0420278807411707, "GN": 0.0420278807411707, "GB": 0.0420278807411707, "KNN": 0.0420278807411707, "KM": 0.0420278807411707, "LR": 0.0420278807411707, "LRR": 0.0420278807411707, "LRL": 0.0420278807411707, "LRE": 0.0420278807411707, "LOG_R": 0.0420278807411707, "RF": 0.0420278807411707, "SVM": 0.0420278807411707, "DNN": 0.0420278807411707}, "3 + 4": {"AB": 0.01332269116629603, "AC": 0.01332269116629603, "DS": 0.01332269116629603, "DT": 0.01332269116629603, "GM": 0.01332269116629603, "GN": 0.01332269116629603, "GB": 0.01332269116629603, "KNN": 0.01332269116629603, "KM": 0.01332269116629603, "LR": 0.01332269116629603, "LRR": 0.01332269116629603, "LRL": 0.01332269116629603, "LRE": 0.01332269116629603, "LOG_R": 0.01332269116629603, "RF": 0.01332269116629603, "SVM": 0.01332269116629603, "DNN": 0.01332269116629603}, "0 + 1 + 2": {"AB": 0.04088775102336911, "AC": 0.04088775102336911, "DS": 0.04088775102336911, "DT": 0.04088775102336911, "GM": 0.04088775102336911, "GN": 0.04088775102336911, "GB": 0.04088775102336911, "KNN": 0.04088775102336911, "KM": 0.04088775102336911, "LR": 0.04088775102336911, "LRR": 0.04088775102336911, "LRL": 0.04088775102336911, "LRE": 0.04088775102336911, "LOG_R": 0.04088775102336911, "RF": 0.04088775102336911, "SVM": 0.04088775102336911, "DNN": 0.04088775102336911}, "0 + 1 + 3": {"AB": 0.06959294059824378, "AC": 0.06959294059824378, "DS": 0.06959294059824378, "DT": 0.06959294059824378, "GM": 0.06959294059824378, "GN": 0.06959294059824378, "GB": 0.06959294059824378, "KNN": 0.06959294059824378, "KM": 0.06959294059824378, "LR": 0.06959294059824378, "LRR": 0.06959294059824378, "LRL": 0.06959294059824378, "LRE": 0.06959294059824378, "LOG_R": 0.06959294059824378, "RF": 0.06959294059824378, "SVM": 0.06959294059824378, "DNN": 0.06959294059824378}, "0 + 1 + 4": {"AB": 0.08291563176453981, "AC": 0.08291563176453981, "DS": 0.08291563176453981, "DT": 0.08291563176453981, "GM": 0.08291563176453981, "GN": 0.08291563176453981, "GB": 0.08291563176453981, "KNN": 0.08291563176453981, "KM": 0.08291563176453981, "LR": 0.08291563176453981, "LRR": 0.08291563176453981, "LRL": 0.08291563176453981, "LRE": 0.08291563176453981, "LOG_R": 0.08291563176453981, "RF": 0.08291563176453981, "SVM": 0.08291563176453981, "DNN": 0.08291563176453981}, "0 + 2 + 3": {"AB": 0.007107292691833342, "AC": 0.007107292691833342, "DS": 0.007107292691833342, "DT": 0.007107292691833342, "GM": 0.007107292691833342, "GN": 0.007107292691833342, "GB": 0.007107292691833342, "KNN": 0.007107292691833342, "KM": 0.007107292691833342, "LR": 0.007107292691833342, "LRR": 0.007107292691833342, "LRL": 0.007107292691833342, "LRE": 0.007107292691833342, "LOG_R": 0.007107292691833342, "RF": 0.007107292691833342, "SVM": 0.007107292691833342, "DNN": 0.007107292691833342}, "0 + 2 + 4": {"AB": 0.06348776822044137, "AC": 0.06348776822044137, "DS": 0.06348776822044137, "DT": 0.06348776822044137, "GM": 0.06348776822044137, "GN": 0.06348776822044137,