{"0": {"AB": 0.0, "AC": 0.0, "DS": 0.0, "DT": 0.0, "GM": 0.0, "GN": 0.0, "GB": 0.0, "KNN": 0.0, "KM": 0.0, "LR": 0.0, "LRR": 0.0, "LRL": 0.0, "LRE": 0.0, "LOG_R": 0.0, "RF": 0.0, "SVM": 0.0, "DNN": 0.0}, "1": {"AB": 0.0, "AC": 0.0, "DS": 0.0, "DT": 0.0, "GM": 0.0, "GN": 0.0, "GB": 0.0, "KNN": 0.0, "KM": 0.0, "LR": 0.0, "LRR": 0.0, "LRL": 0.0, "LRE": 0.0, "LOG_R": 0.0, "RF": 0.0, "SVM": 0.0, "DNN": 0.0}, "2": {"AB": 0.0, "AC": 0.0, "DS": 0.0, "DT": 0.0, "GM": 0.0, "GN": 0.0, "GB": 0.0, "KNN": 0.0, "KM": 0.0, "LR": 0.0, "LRR": 0.0, "LRL": 0.0, "LRE": 0.0, "LOG_R": 0.0, "RF": 0.0, "SVM": 0.0, "DNN": 0.0}, "3": {"AB": 0.0, "AC": 0.0, "DS": 0.0, "DT": 0.0, "GM": 0.0, "GN": 0.0, "GB": 0.0, "KNN": 0.0, "KM": 0.0, "LR": 0.0, "LRR": 0.0, "LRL": 0.0, "LRE": 0.0, "LOG_R": 0.0, "RF": 0.0, "SVM": 0.0, "DNN": 0.0}, "4": {"AB": 0.0, "AC": 0.0, "DS": 0.0, "DT": 0.0, "GM": 0.0, "GN": 0.0, "GB": 0.0, "KNN": 0.0, "KM": 0.0, "LR": 0.0, "LRR": 0.0, "LRL": 0.0, "LRE": 0.0, "LOG_R": 0.0, "RF": 0.0, "SVM": 0.0, "DNN": 0.0}, "0 + 1": {"AB": 0.05606188808993218, "AC": 0.05606188808993218, "DS": 0.05606188808993218, "DT": 0.05606188808993218, "GM": 0.05606188808993218, "GN": 0.05606188808993218, "GB": 0.05606188808993218, "KNN": 0.05606188808993218, "KM": 0.05606188808993218, "LR": 0.05606188808993218, "LRR": 0.05606188808993218, "LRL": 0.05606188808993218, "LRE": 0.05606188808993218, "LOG_R": 0.05606188808993218, "RF": 0.05606188808993218, "SVM": 0.05606188808993218, "DNN": 0.05606188808993218}, "0 + 2": {"AB": 0.09391526792637739, "AC": 0.09391526792637739, "DS": 0.09391526792637739, "DT": 0.09391526792637739, "GM": 0.09391526792637739, "GN": 0.09391526792637739, "GB": 0.09391526792637739, "KNN": 0.09391526792637739, "KM": 0.09391526792637739, "LR": 0.09391526792637739, "LRR": 0.09391526792637739, "LRL": 0.09391526792637739, "LRE": 0.09391526792637739, "LOG_R": 0.09391526792637739, "RF": 0.09391526792637739, "SVM": 0.09391526792637739, "DNN": 0.09391526792637739}, "0 + 3": {"AB": 0.09111263225452254, "AC": 0.09111263225452254, "DS": 0.09111263225452254, "DT": 0.09111263225452254, "GM": 0.09111263225452254, "GN": 0.09111263225452254, "GB": 0.09111263225452254, "KNN": 0.09111263225452254, "KM": 0.09111263225452254, "LR": 0.09111263225452254, "LRR": 0.09111263225452254, "LRL": 0.09111263225452254, "LRE": 0.09111263225452254, "LOG_R": 0.09111263225452254, "RF": 0.09111263225452254, "SVM": 0.09111263225452254, "DNN": 0.09111263225452254}, "0 + 4": {"AB": 0.08901211466019229, "AC": 0.08901211466019229, "DS": 0.08901211466019229, "DT": 0.08901211466019229, "GM": 0.08901211466019229, "GN": 0.08901211466019229, "GB": 0.08901211466019229, "KNN": 0.08901211466019229, "KM": 0.08901211466019229, "LR": 0.08901211466019229, "LRR": 0.08901211466019229, "LRL": 0.08901211466019229, "LRE": 0.08901211466019229, "LOG_R": 0.08901211466019229, "RF": 0.08901211466019229, "SVM": 0.08901211466019229, "DNN": 0.08901211466019229}, "1 + 2": {"AB": 0.03785337983644521, "AC": 0.03785337983644521, "DS": 0.03785337983644521, "DT": 0.03785337983644521, "GM": 0.03785337983644521, "GN": 0.03785337983644521, "GB": 0.03785337983644521, "KNN": 0.03785337983644521, "KM": 0.03785337983644521, "LR": 0.03785337983644521, "LRR": 0.03785337983644521, "LRL": 0.03785337983644521, "LRE": 0.03785337983644521, "LOG_R": 0.03785337983644521, "RF": 0.03785337983644521, "SVM": 0.03785337983644521, "DNN": 0.03785337983644521}, "1 + 3": {"AB": 0.035050744164590364, "AC": 0.035050744164590364, "DS": 0.035050744164590364, "DT": 0.035050744164590364, "GM": 0.035050744164590364, "GN": 0.035050744164590364, "GB": 0.035050744164590364, "KNN": 0.035050744164590364, "KM": 0.035050744164590364, "LR": 0.035050744164590364, "LRR": 0.035050744164590364, "LRL": 0.035050744164590364, "LRE": 0.035050744164590364, "LOG_R": 0.035050744164590364, "RF": 0.035050744164590364, "SVM": 0.035050744164590364, "DNN": 0.035050744164590364}, "1 + 4": {"AB": 0.032950226570260116, "AC": 0.032950226570260116, "DS": 0.032950226570260116, "DT": 0.032950226570260116, "GM": 0.032950226570260116, "GN": 0.032950226570260116, "GB": 0.032950226570260116, "KNN": 0.032950226570260116, "KM": 0.032950226570260116, "LR": 0.032950226570260116, "LRR": 0.032950226570260116, "LRL": 0.032950226570260116, "LRE": 0.032950226570260116, "LOG_R": 0.032950226570260116, "RF": 0.032950226570260116, "SVM": 0.032950226570260116, "DNN": 0.032950226570260116}, "2 + 3": {"AB": 0.0028026356718548473, "AC": 0.0028026356718548473, "DS": 0.0028026356718548473, "DT": 0.0028026356718548473, "GM": 0.0028026356718548473, "GN": 0.0028026356718548473, "GB": 0.0028026356718548473, "KNN": 0.0028026356718548473, "KM": 0.0028026356718548473, "LR": 0.0028026356718548473, "LRR": 0.0028026356718548473, "LRL": 0.0028026356718548473, "LRE": 0.0028026356718548473, "LOG_R": 0.0028026356718548473, "RF": 0.0028026356718548473, "SVM": 0.0028026356718548473, "DNN": 0.0028026356718548473}, "2 + 4": {"AB": 0.004903153266185095, "AC": 0.004903153266185095, "DS": 0.004903153266185095, "DT": 0.004903153266185095, "GM": 0.004903153266185095, "GN": 0.004903153266185095, "GB": 0.004903153266185095, "KNN": 0.004903153266185095, "KM": 0.004903153266185095, "LR": 0.004903153266185095, "LRR": 0.004903153266185095, "LRL": 0.004903153266185095, "LRE": 0.004903153266185095, "LOG_R": 0.004903153266185095, "RF": 0.004903153266185095, "SVM": 0.004903153266185095, "DNN": 0.004903153266185095}, "3 + 4": {"AB": 0.002100517594330248, "AC": 0.002100517594330248, "DS": 0.002100517594330248, "DT": 0.002100517594330248, "GM": 0.002100517594330248, "GN": 0.002100517594330248, "GB": 0.002100517594330248, "KNN": 0.002100517594330248, "KM": 0.002100517594330248, "LR": 0.002100517594330248, "LRR": 0.002100517594330248, "LRL": 0.002100517594330248, "LRE": 0.002100517594330248, "LOG_R": 0.002100517594330248, "RF": 0.002100517594330248, "SVM": 0.002100517594330248, "DNN": 0.002100517594330248}, "0 + 1 + 2": {"AB": 0.0658843238814113, "AC": 0.0658843238814113, "DS": 0.0658843238814113, "DT": 0.0658843238814113, "GM": 0.0658843238814113, "GN": 0.0658843238814113, "GB": 0.0658843238814113, "KNN": 0.0658843238814113, "KM": 0.0658843238814113, "LR": 0.0658843238814113, "LRR": 0.0658843238814113, "LRL": 0.0658843238814113, "LRE": 0.0658843238814113, "LOG_R": 0.0658843238814113, "RF": 0.0658843238814113, "SVM": 0.0658843238814113, "DNN": 0.0658843238814113}, "0 + 1 + 3": {"AB": 0.06308168820955645, "AC": 0.06308168820955645, "DS": 0.06308168820955645, "DT": 0.06308168820955645, "GM": 0.06308168820955645, "GN": 0.06308168820955645, "GB": 0.06308168820955645, "KNN": 0.06308168820955645, "KM": 0.06308168820955645, "LR": 0.06308168820955645, "LRR": 0.06308168820955645, "LRL": 0.06308168820955645, "LRE": 0.06308168820955645, "LOG_R": 0.06308168820955645, "RF": 0.06308168820955645, "SVM": 0.06308168820955645, "DNN": 0.06308168820955645}, "0 + 1 + 4": {"AB": 0.060981170615226205, "AC": 0.060981170615226205, "DS": 0.060981170615226205, "DT": 0.060981170615226205, "GM": 0.060981170615226205, "GN": 0.060981170615226205, "GB": 0.060981170615226205, "KNN": 0.060981170615226205, "KM": 0.060981170615226205, "LR": 0.060981170615226205, "LRR": 0.060981170615226205, "LRL": 0.060981170615226205, "LRE": 0.060981170615226205, "LOG_R": 0.060981170615226205, "RF": 0.060981170615226205, "SVM": 0.060981170615226205, "DNN": 0.060981170615226205}, "0 + 2 + 3": {"AB": 0.04835895179911612, "AC": 0.04835895179911612, "DS": 0.04835895179911612, "DT": 0.04835895179911612, "GM": 0.04835895179911612, "GN": 0.04835895179911612, "GB": 0.04835895179911612, "KNN": 0.04835895179911612, "KM": 0.04835895179911612, "LR": 0.04835895179911612, "LRR": 0.04835895179911612, "LRL": 0.04835895179911612, "LRE": 0.04835895179911612, "LOG_R": 0.04835895179911612, "RF": 0.04835895179911612, "SVM": 0.04835895179911612, "DNN": 0.04835895179911612}, "0 + 2 + 4": {"AB": 0.04940921059628124, "AC": 0.04940921059628124, "DS": 0.04940921059628124, "DT": 0.04940921059628124, "GM": 0.04940921059628124,