{"0": {"AB": 0.11056320864686321, "AC": 0.11056320864686321, "DS": 0.11056320864686321, "DT": 0.11056320864686321, "GM": 0.11056320864686321, "GN": 0.11056320864686321, "GB": 0.11056320864686321, "KNN": 0.11056320864686321, "KM": 0.11056320864686321, "LR": 0.11056320864686321, "LRR": 0.11056320864686321, "LRL": 0.11056320864686321, "LRE": 0.11056320864686321, "LOG_R": 0.11056320864686321, "RF": 0.11056320864686321, "SVM": 0.11056320864686321, "DNN": 0.11056320864686321}, "1": {"AB": 0.08253226460189712, "AC": 0.08253226460189712, "DS": 0.08253226460189712, "DT": 0.08253226460189712, "GM": 0.08253226460189712, "GN": 0.08253226460189712, "GB": 0.08253226460189712, "KNN": 0.08253226460189712, "KM": 0.08253226460189712, "LR": 0.08253226460189712, "LRR": 0.08253226460189712, "LRL": 0.08253226460189712, "LRE": 0.08253226460189712, "LOG_R": 0.08253226460189712, "RF": 0.08253226460189712, "SVM": 0.08253226460189712, "DNN": 0.08253226460189712}, "2": {"AB": 0.06360557468367452, "AC": 0.06360557468367452, "DS": 0.06360557468367452, "DT": 0.06360557468367452, "GM": 0.06360557468367452, "GN": 0.06360557468367452, "GB": 0.06360557468367452, "KNN": 0.06360557468367452, "KM": 0.06360557468367452, "LR": 0.06360557468367452, "LRR": 0.06360557468367452, "LRL": 0.06360557468367452, "LRE": 0.06360557468367452, "LOG_R": 0.06360557468367452, "RF": 0.06360557468367452, "SVM": 0.06360557468367452, "DNN": 0.06360557468367452}, "3": {"AB": 0.06500689251960194, "AC": 0.06500689251960194, "DS": 0.06500689251960194, "DT": 0.06500689251960194, "GM": 0.06500689251960194, "GN": 0.06500689251960194, "GB": 0.06500689251960194, "KNN": 0.06500689251960194, "KM": 0.06500689251960194, "LR": 0.06500689251960194, "LRR": 0.06500689251960194, "LRL": 0.06500689251960194, "LRE": 0.06500689251960194, "LOG_R": 0.06500689251960194, "RF": 0.06500689251960194, "SVM": 0.06500689251960194, "DNN": 0.06500689251960194}, "4": {"AB": 0.06605715131676707, "AC": 0.06605715131676707, "DS": 0.06605715131676707, "DT": 0.06605715131676707, "GM": 0.06605715131676707, "GN": 0.06605715131676707, "GB": 0.06605715131676707, "KNN": 0.06605715131676707, "KM": 0.06605715131676707, "LR": 0.06605715131676707, "LRR": 0.06605715131676707, "LRL": 0.06605715131676707, "LRE": 0.06605715131676707, "LOG_R": 0.06605715131676707, "RF": 0.06605715131676707, "SVM": 0.06605715131676707, "DNN": 0.06605715131676707}, "0 + 1": {"AB": 0.12091228804203676, "AC": 0.12091228804203676, "DS": 0.12091228804203676, "DT": 0.12091228804203676, "GM": 0.12091228804203676, "GN": 0.12091228804203676, "GB": 0.12091228804203676, "KNN": 0.12091228804203676, "KM": 0.12091228804203676, "LR": 0.12091228804203676, "LRR": 0.12091228804203676, "LRL": 0.12091228804203676, "LRE": 0.12091228804203676, "LOG_R": 0.12091228804203676, "RF": 0.12091228804203676, "SVM": 0.12091228804203676, "DNN": 0.12091228804203676}, "0 + 2": {"AB": 0.10349026806814916, "AC": 0.10349026806814916, "DS": 0.10349026806814916, "DT": 0.10349026806814916, "GM": 0.10349026806814916, "GN": 0.10349026806814916, "GB": 0.10349026806814916, "KNN": 0.10349026806814916, "KM": 0.10349026806814916, "LR": 0.10349026806814916, "LRR": 0.10349026806814916, "LRL": 0.10349026806814916, "LRE": 0.10349026806814916, "LOG_R": 0.10349026806814916, "RF": 0.10349026806814916, "SVM": 0.10349026806814916, "DNN": 0.10349026806814916}, "0 + 3": {"AB": 0.10476784809276214, "AC": 0.10476784809276214, "DS": 0.10476784809276214, "DT": 0.10476784809276214, "GM": 0.10476784809276214, "GN": 0.10476784809276214, "GB": 0.10476784809276214, "KNN": 0.10476784809276214, "KM": 0.10476784809276214, "LR": 0.10476784809276214, "LRR": 0.10476784809276214, "LRL": 0.10476784809276214, "LRE": 0.10476784809276214, "LOG_R": 0.10476784809276214, "RF": 0.10476784809276214, "SVM": 0.10476784809276214, "DNN": 0.10476784809276214}, "0 + 4": {"AB": 0.10572663271760181, "AC": 0.10572663271760181, "DS": 0.10572663271760181, "DT": 0.10572663271760181, "GM": 0.10572663271760181, "GN": 0.10572663271760181, "GB": 0.10572663271760181, "KNN": 0.10572663271760181, "KM": 0.10572663271760181, "LR": 0.10572663271760181, "LRR": 0.10572663271760181, "LRL": 0.10572663271760181, "LRE": 0.10572663271760181, "LOG_R": 0.10572663271760181, "RF": 0.10572663271760181, "SVM": 0.10572663271760181, "DNN": 0.10572663271760181}, "1 + 2": {"AB": 0.09341349931963767, "AC": 0.09341349931963767, "DS": 0.09341349931963767, "DT": 0.09341349931963767, "GM": 0.09341349931963767, "GN": 0.09341349931963767, "GB": 0.09341349931963767, "KNN": 0.09341349931963767, "KM": 0.09341349931963767, "LR": 0.09341349931963767, "LRR": 0.09341349931963767, "LRL": 0.09341349931963767, "LRE": 0.09341349931963767, "LOG_R": 0.09341349931963767, "RF": 0.09341349931963767, "SVM": 0.09341349931963767, "DNN": 0.09341349931963767}, "1 + 3": {"AB": 0.09463443772362312, "AC": 0.09463443772362312, "DS": 0.09463443772362312, "DT": 0.09463443772362312, "GM": 0.09463443772362312, "GN": 0.09463443772362312, "GB": 0.09463443772362312, "KNN": 0.09463443772362312, "KM": 0.09463443772362312, "LR": 0.09463443772362312, "LRR": 0.09463443772362312, "LRL": 0.09463443772362312, "LRE": 0.09463443772362312, "LOG_R": 0.09463443772362312, "RF": 0.09463443772362312, "SVM": 0.09463443772362312, "DNN": 0.09463443772362312}, "1 + 4": {"AB": 0.09555056198882651, "AC": 0.09555056198882651, "DS": 0.09555056198882651, "DT": 0.09555056198882651, "GM": 0.09555056198882651, "GN": 0.09555056198882651, "GB": 0.09555056198882651, "KNN": 0.09555056198882651, "KM": 0.09555056198882651, "LR": 0.09555056198882651, "LRR": 0.09555056198882651, "LRL": 0.09555056198882651, "LRE": 0.09555056198882651, "LOG_R": 0.09555056198882651, "RF": 0.09555056198882651, "SVM": 0.09555056198882651, "DNN": 0.09555056198882651}, "2 + 3": {"AB": 0.08549940350268496, "AC": 0.08549940350268496, "DS": 0.08549940350268496, "DT": 0.08549940350268496, "GM": 0.08549940350268496, "GN": 0.08549940350268496, "GB": 0.08549940350268496, "KNN": 0.08549940350268496, "KM": 0.08549940350268496, "LR": 0.08549940350268496, "LRR": 0.08549940350268496, "LRL": 0.08549940350268496, "LRE": 0.08549940350268496, "LOG_R": 0.08549940350268496, "RF": 0.08549940350268496, "SVM": 0.08549940350268496, "DNN": 0.08549940350268496}, "2 + 4": {"AB": 0.08601207674506624, "AC": 0.08601207674506624, "DS": 0.08601207674506624, "DT": 0.08601207674506624, "GM": 0.08601207674506624, "GN": 0.08601207674506624, "GB": 0.08601207674506624, "KNN": 0.08601207674506624, "KM": 0.08601207674506624, "LR": 0.08601207674506624, "LRR": 0.08601207674506624, "LRL": 0.08601207674506624, "LRE": 0.08601207674506624, "LOG_R": 0.08601207674506624, "RF": 0.08601207674506624, "SVM": 0.08601207674506624, "DNN": 0.08601207674506624}, "3 + 4": {"AB": 0.08719141167674466, "AC": 0.08719141167674466, "DS": 0.08719141167674466, "DT": 0.08719141167674466, "GM": 0.08719141167674466, "GN": 0.08719141167674466, "GB": 0.08719141167674466, "KNN": 0.08719141167674466, "KM": 0.08719141167674466, "LR": 0.08719141167674466, "LRR": 0.08719141167674466, "LRL": 0.08719141167674466, "LRE": 0.08719141167674466, "LOG_R": 0.08719141167674466, "RF": 0.08719141167674466, "SVM": 0.08719141167674466, "DNN": 0.08719141167674466}, "0 + 1 + 2": {"AB": 0.11587503819900288, "AC": 0.11587503819900288, "DS": 0.11587503819900288, "DT": 0.11587503819900288, "GM": 0.11587503819900288, "GN": 0.11587503819900288, "GB": 0.11587503819900288, "KNN": 0.11587503819900288, "KM": 0.11587503819900288, "LR": 0.11587503819900288, "LRR": 0.11587503819900288, "LRL": 0.11587503819900288, "LRE": 0.11587503819900288, "LOG_R": 0.11587503819900288, "RF": 0.11587503819900288, "SVM": 0.11587503819900288, "DNN": 0.11587503819900288}, "0 + 1 + 3": {"AB": 0.11704826810248797, "AC": 0.11704826810248797, "DS": 0.11704826810248797, "DT": 0.11704826810248797, "GM": 0.11704826810248797, "GN": 0.11704826810248797, "GB": 0.11704826810248797, "KNN": 0.11704826810248797, "KM": 0.11704826810248797, "LR": 0.11704826810248797, "LRR": 0.11704826810248797, "LRL": 0.11704826810248797,