{"0": {"AB": 1.0, "AC": 0.4334267040149393, "DS": 0.3333333333333333, "DT": 1.0, "GM": 0.4780869248954355, "GN": 1.0, "GB": 1.0, "KNN": 1.0, "KM": 0.02380952380952381, "LR": 0.9556277056277057, "LRR": 0.9556277056277057, "LRL": 0.9556277056277057, "LRE": 0.9556277056277057, "LOG_R": 1.0, "RF": 1.0, "SVM": 1.0, "DNN": 0.987803064108285}, "1": {"AB": 1.0, "AC": 0.5294532627865961, "DS": 0.3333333333333333, "DT": 1.0, "GM": 0.30120481927710846, "GN": 1.0, "GB": 1.0, "KNN": 1.0, "KM": 0.9827534939042522, "LR": 0.9821428571428572, "LRR": 0.9912280701754386, "LRL": 0.9912280701754386, "LRE": 0.9912280701754386, "LOG_R": 1.0, "RF": 1.0, "SVM": 1.0, "DNN": 1.0}, "2": {"AB": 1.0, "AC": 0.3746993746993747, "DS": 0.3333333333333333, "DT": 1.0, "GM": 0.30666666666666664, "GN": 1.0, "GB": 1.0, "KNN": 1.0, "KM": 0.0, "LR": 0.9901960784313725, "LRR": 0.9901960784313725, "LRL": 0.9901960784313725, "LRE": 0.9901960784313725, "LOG_R": 1.0, "RF": 1.0, "SVM": 1.0, "DNN": 1.0}, "3": {"AB": 1.0, "AC": 0.3746993746993747, "DS": 0.3333333333333333, "DT": 1.0, "GM": 0.3746993746993747, "GN": 1.0, "GB": 1.0, "KNN": 1.0, "KM": 0.3746993746993747, "LR": 1.0, "LRR": 1.0, "LRL": 1.0, "LRE": 1.0, "LOG_R": 1.0, "RF": 1.0, "SVM": 1.0, "DNN": 1.0}, "4": {"AB": 1.0, "AC": 0.308641975308642, "DS": 0.3333333333333333, "DT": 1.0, "GM": 0.308641975308642, "GN": 1.0, "GB": 1.0, "KNN": 1.0, "KM": 0.0, "LR": 0.9716981132075472, "LRR": 0.9716981132075472, "LRL": 0.9716981132075472, "LRE": 0.9716981132075472, "LOG_R": 1.0, "RF": 1.0, "SVM": 1.0, "DNN": 1.0}, "0 + 1": {"AB": 1.0, "AC": 0.0, "DS": 0.3333333333333333, "DT": 1.0, "GM": 0.5007173601147776, "GN": 1.0, "GB": 1.0, "KNN": 1.0, "KM": 1.0, "LR": 0.9912280701754386, "LRR": 0.9912280701754386, "LRL": 0.9912280701754386, "LRE": 0.9912280701754386, "LOG_R": 1.0, "RF": 1.0, "SVM": 1.0, "DNN": 1.0}, "0 + 2": {"AB": 1.0, "AC": 0.4135338345864662, "DS": 0.3333333333333333, "DT": 1.0, "GM": 0.4501149425287357, "GN": 1.0, "GB": 1.0, "KNN": 1.0, "KM": 0.0, "LR": 1.0, "LRR": 1.0, "LRL": 1.0, "LRE": 1.0, "LOG_R": 1.0, "RF": 1.0, "SVM": 1.0, "DNN": 1.0}, "0 + 3": {"AB": 1.0, "AC": 0.3746993746993747, "DS": 0.3333333333333333, "DT": 1.0, "GM": 0.3246753246753247, "GN": 1.0, "GB": 1.0, "KNN": 1.0, "KM": 1.0, "LR": 1.0, "LRR": 1.0, "LRL": 1.0, "LRE": 1.0, "LOG_R": 1.0, "RF": 1.0, "SVM": 1.0, "DNN": 1.0}, "0 + 4": {"AB": 1.0, "AC": 0.47500000000000003, "DS": 0.3333333333333333, "DT": 1.0, "GM": 0.29113924050632917, "GN": 1.0, "GB": 1.0, "KNN": 1.0, "KM": 0.0, "LR": 0.9814814814814815, "LRR": 0.9814814814814815, "LRL": 0.9814814814814815, "LRE": 0.9814814814814815, "LOG_R": 1.0, "RF": 1.0, "SVM": 1.0, "DNN": 1.0}, "1 + 2": {"AB": 0.9807621161672215, "AC": 0.0, "DS": 0.3333333333333333, "DT": 1.0, "GM": 0.2676056338028169, "GN": 1.0, "GB": 1.0, "KNN": 1.0, "KM": 0.0, "LR": 1.0, "LRR": 1.0, "LRL": 1.0, "LRE": 1.0, "LOG_R": 1.0, "RF": 1.0, "SVM": 1.0, "DNN": 1.0}, "1 + 3": {"AB": 0.9807621161672215, "AC": 0.3746993746993747, "DS": 0.3333333333333333, "DT": 1.0, "GM": 0.3746993746993747, "GN": 1.0, "GB": 1.0, "KNN": 1.0, "KM": 0.0, "LR": 0.9599537928378898, "LRR": 0.970566037735849, "LRL": 0.970566037735849, "LRE": 0.970566037735849, "LOG_R": 1.0, "RF": 1.0, "SVM": 1.0, "DNN": 1.0}, "1 + 4": {"AB": 1.0, "AC": 0.308641975308642, "DS": 0.3333333333333333, "DT": 1.0, "GM": 0.5636363636363636, "GN": 1.0, "GB": 1.0, "KNN": 1.0, "KM": 0.0, "LR": 0.9814814814814815, "LRR": 0.9814814814814815, "LRL": 0.9814814814814815, "LRE": 0.9814814814814815, "LOG_R": 1.0, "RF": 1.0, "SVM": 1.0, "DNN": 1.0}, "2 + 3": {"AB": 1.0, "AC": 0.3746993746993747, "DS": 0.3333333333333333, "DT": 1.0, "GM": 0.4135338345864662, "GN": 1.0, "GB": 1.0, "KNN": 1.0, "KM": 0.3746993746993747, "LR": 0.9807621161672215, "LRR": 0.9807621161672215, "LRL": 0.9807621161672215, "LRE": 0.9807621161672215, "LOG_R": 1.0, "RF": 1.0, "SVM": 1.0, "DNN": 0.9807621161672215}, "2 + 4": {"AB": 1.0, "AC": 0.4846846846846847, "DS": 0.3333333333333333, "DT": 1.0, "GM": 0.5486111111111112, "GN": 1.0, "GB": 1.0, "KNN": 1.0, "KM": 0.0, "LR": 0.970566037735849, "LRR": 0.970566037735849, "LRL": 0.970566037735849, "LRE": 0.970566037735849, "LOG_R": 1.0, "RF": 1.0, "SVM": 1.0, "DNN": 1.0}, "3 + 4": {"AB": 1.0, "AC": 0.3746993746993747, "DS": 0.3333333333333333, "DT": 1.0, "GM": 0.3246753246753247, "GN": 1.0, "GB": 1.0, "KNN": 1.0, "KM": 0.3746993746993747, "LR": 1.0, "LRR": 1.0, "LRL": 1.0, "LRE": 1.0, "LOG_R": 1.0, "RF": 1.0, "SVM": 1.0, "DNN": 1.0}, "0 + 1 + 2": {"AB": 1.0, "AC": 0.0, "DS": 0.3333333333333333, "DT": 1.0, "GM": 0.018867924528301886, "GN": 1.0, "GB": 1.0, "KNN": 1.0, "KM": 1.0, "LR": 0.9807621161672215, "LRR": 0.9807621161672215, "LRL": 0.9807621161672215, "LRE": 0.9807621161672215, "LOG_R": 1.0, "RF": 1.0, "SVM": 1.0, "DNN": 1.0}, "0 + 1 + 3": {"AB": 1.0, "AC": 0.4135338345864662, "DS": 0.3333333333333333, "DT": 1.0, "GM": 0.018867924528301886, "GN": 1.0, "GB": 1.0, "KNN": 1.0, "KM": 0.4135338345864662, "LR": 0.98, "LRR": 0.98, "LRL": 0.98, "LRE": 0.98, "LOG_R": 1.0, "RF": 1.0, "SVM": 1.0, "DNN": 1.0}, "0 + 1 + 4": {"AB": 1.0, "AC": 0.4424532058940661, "DS": 0.3333333333333333, "DT": 1.0, "GM": 1.0, "GN": 1.0, "GB": 1.0, "KNN": 1.0, "KM": 1.0, "LR": 0.9814814814814815, "LRR": 0.9814814814814815, "LRL": 0.9814814814814815, "LRE": 0.9814814814814815, "LOG_R": 1.0, "RF": 1.0, "SVM": 1.0, "DNN": 1.0}, "0 + 2 + 3": {"AB": 1.0, "AC": 0.3746993746993747, "DS": 0.3333333333333333, "DT": 1.0, "GM": 0.29729729729729726, "GN": 1.0, "GB": 1.0, "KNN": 1.0, "KM": 0.0, "LR": 1.0, "LRR": 1.0, "LRL": 1.0, "LRE": 1.0, "LOG_R": 1.0, "RF": 1.0, "SVM": 1.0, "DNN": 1.0}, "0 + 2 + 4": {"AB": 1.0, "AC": 0.23529411764705882, "DS": 0.3333333333333333, "DT": 1.0, "GM": 0.0, "GN": 1.0, "GB": 1.0, "KNN": 1.0, "KM": 1.0, "LR": 0.9807621161672215, "LRR": 0.9807621161672215, "LRL": 0.9807621161672215, "LRE": 0.9807621161672215, "LOG_R": 1.0, "RF": 1.0, "SVM": 1.0, "DNN": 1.0}, "0 + 3 + 4": {"AB": 1.0, "AC": 0.3746993746993747, "DS": 0.3333333333333333, "DT": 1.0, "GM": 0.0, "GN": 1.0, "GB": 1.0, "KNN": 1.0, "KM": 1.0, "LR": 0.98, "LRR": 0.98, "LRL": 0.98, "LRE": 0.98, "LOG_R": 1.0, "RF": 1.0, "SVM": 1.0, "DNN": 1.0}, "1 + 2 + 3": {"AB": 1.0, "AC": 0.3746993746993747, "DS": 0.3333333333333333, "DT": 1.0, "GM": 0.29729729729729726, "GN": 1.0, "GB": 1.0, "KNN": 1.0, "KM": 0.018867924528301886, "LR": 0.970566037735849, "LRR": 0.970566037735849, "LRL": 0.970566037735849, "LRE": 0.970566037735849, "LOG_R": 1.0, "RF": 1.0, "SVM": 1.0, "DNN": 0.9807621161672215}, "1 + 2 + 4": {"AB": 1.0, "AC": 0.0, "DS": 0.3333333333333333, "DT": 1.0, "GM": 0.4846846846846847, "GN": 1.0, "GB": 1.0, "KNN": 1.0, "KM": 1.0, "LR": 0.9807621161672215, "LRR": 0.9807621161672215, "LRL": 0.9807621161672215, "LRE": 0.9807621161672215, "LOG_R": 1.0, "RF": 1.0, "SVM": 1.0, "DNN": 1.0}, "1 + 3 + 4": {"AB": 1.0, "AC": 0.3746993746993747, "DS": 0.3333333333333333, "DT": 1.0, "GM": 0.3157894736842105, "GN": 1.0, "GB": 1.0, "KNN": 1.0, "KM": 0.0, "LR": 0.9901960784313725, "LRR": 0.9901960784313725, "LRL": 0.9901960784313725, "LRE": 0.9901960784313725, "LOG_R": 1.0, "RF": 1.0, "SVM": 1.0, "DNN": 1.0}, "2 + 3 + 4": {"AB": 1.0, "AC": 0.018867924528301886, "DS": 0.3333333333333333, "DT": 1.0, "GM": 0.4846846846846847, "GN": 1.0, "GB": 1.0, "KNN": 1.0, "KM": 0.018867924528301886, "LR": 0.9901960784313725, "LRR": 0.9901960784313725, "LRL": 0.9901960784313725, "LRE": 0.9901960784313725, "LOG_R": 1.0, "RF": 1.0, "SVM": 1.0, "DNN": 1.0}, "0 + 1 + 2 + 3": {"AB": 1.0, "AC": 0.29729729729729726, "DS": 0.3333333333333333, "DT": 1.0, "GM": 0.6067226890756303, "GN": 1.0, "GB": 1.0, "KNN": 1.0, "KM": 0.9807621161672215, "LR": 1.0, "LRR": 1.0, "LRL": 0.9807621161672215, "LRE": 1.0, "LOG_R": 1.0, "RF": 1.0, "SVM": 1.0, "DNN": 1.0}, "0 + 1 + 2 + 4": {"AB": 1.0, "AC": 0.0, "DS": 0.3333333333333333, "DT": 1.0, "GM": 0.03703703703703704, "GN": 1.0, "GB": 1.0, "KNN": 1.0, "KM": 1.0, "LR": 0.9807621161672215, "LRR": 0.9807621161672215, "LRL": 0.9807621161672215, "LRE": 1.0, "LOG_R": 1.0, "RF": 1.0,