{"0": {"AB": 1.0, "AC": 0.6812144212523719, "DS": 0.3333333333333333, "DT": 1.0, "GM": 0.3333333333333333, "GN": 1.0, "GB": 1.0, "KNN": 1.0, "KM": 0.04, "LR": 0.964747356051704, "LRR": 0.964747356051704, "LRL": 0.964747356051704, "LRE": 0.964747356051704, "LOG_R": 1.0, "RF": 1.0, "SVM": 1.0, "DNN": 0.9722007722007722}, "1": {"AB": 1.0, "AC": 0.24242424242424243, "DS": 0.33333333333333326, "DT": 1.0, "GM": 0.33333333333333326, "GN": 1.0, "GB": 1.0, "KNN": 1.0, "KM": 0.8357963875205254, "LR": 0.8212783851976451, "LRR": 0.8212783851976451, "LRL": 0.8357963875205254, "LRE": 0.8212783851976451, "LOG_R": 1.0, "RF": 1.0, "SVM": 1.0, "DNN": 0.8357963875205254}, "2": {"AB": 1.0, "AC": 0.21875, "DS": 0.33333333333333326, "DT": 1.0, "GM": 0.33333333333333326, "GN": 1.0, "GB": 1.0, "KNN": 1.0, "KM": 0.12280701754385966, "LR": 0.843358395989975, "LRR": 0.843358395989975, "LRL": 0.843358395989975, "LRE": 0.843358395989975, "LOG_R": 1.0, "RF": 1.0, "SVM": 1.0, "DNN": 0.8572011423908609}, "3": {"AB": 1.0, "AC": 0.8572011423908609, "DS": 0.33333333333333326, "DT": 1.0, "GM": 0.33333333333333326, "GN": 1.0, "GB": 1.0, "KNN": 1.0, "KM": 0.12280701754385966, "LR": 0.8572011423908609, "LRR": 0.8572011423908609, "LRL": 0.8572011423908609, "LRE": 0.8572011423908609, "LOG_R": 1.0, "RF": 1.0, "SVM": 1.0, "DNN": 0.8572011423908609}, "4": {"AB": 1.0, "AC": 0.8285714285714285, "DS": 0.3333333333333333, "DT": 1.0, "GM": 0.3333333333333333, "GN": 1.0, "GB": 1.0, "KNN": 1.0, "KM": 0.9282051282051281, "LR": 0.9761769710720364, "LRR": 0.9761769710720364, "LRL": 0.9761769710720364, "LRE": 0.9761769710720364, "LOG_R": 1.0, "RF": 1.0, "SVM": 1.0, "DNN": 0.9761769710720364}, "0 + 1": {"AB": 1.0, "AC": 0.6155585707824514, "DS": 0.33333333333333326, "DT": 1.0, "GM": 0.33333333333333326, "GN": 1.0, "GB": 1.0, "KNN": 1.0, "KM": 0.939783219590526, "LR": 0.989795918367347, "LRR": 0.989795918367347, "LRL": 1.0, "LRE": 0.989795918367347, "LOG_R": 1.0, "RF": 1.0, "SVM": 1.0, "DNN": 1.0}, "0 + 2": {"AB": 1.0, "AC": 0.4165398274987316, "DS": 0.33333333333333326, "DT": 1.0, "GM": 0.33333333333333326, "GN": 1.0, "GB": 1.0, "KNN": 1.0, "KM": 0.9599358974358975, "LR": 0.9791666666666667, "LRR": 0.9791666666666667, "LRL": 0.989795918367347, "LRE": 0.9791666666666667, "LOG_R": 1.0, "RF": 1.0, "SVM": 1.0, "DNN": 1.0}, "0 + 3": {"AB": 1.0, "AC": 0.9599358974358975, "DS": 0.33333333333333326, "DT": 1.0, "GM": 0.33333333333333326, "GN": 1.0, "GB": 1.0, "KNN": 1.0, "KM": 0.0196078431372549, "LR": 1.0, "LRR": 1.0, "LRL": 1.0, "LRE": 1.0, "LOG_R": 1.0, "RF": 1.0, "SVM": 1.0, "DNN": 1.0}, "0 + 4": {"AB": 1.0, "AC": 0.04545454545454545, "DS": 0.3333333333333333, "DT": 1.0, "GM": 0.3333333333333333, "GN": 1.0, "GB": 1.0, "KNN": 1.0, "KM": 1.0, "LR": 1.0, "LRR": 1.0, "LRL": 0.9761769710720364, "LRE": 1.0, "LOG_R": 1.0, "RF": 1.0, "SVM": 1.0, "DNN": 1.0}, "1 + 2": {"AB": 1.0, "AC": 0.2537313432835821, "DS": 0.33333333333333326, "DT": 1.0, "GM": 0.33333333333333326, "GN": 1.0, "GB": 1.0, "KNN": 1.0, "KM": 0.12280701754385966, "LR": 0.8288403936670946, "LRR": 0.8288403936670946, "LRL": 0.843358395989975, "LRE": 0.8288403936670946, "LOG_R": 1.0, "RF": 1.0, "SVM": 1.0, "DNN": 0.898989898989899}, "1 + 3": {"AB": 1.0, "AC": 0.8357963875205254, "DS": 0.33333333333333326, "DT": 1.0, "GM": 0.33333333333333326, "GN": 1.0, "GB": 1.0, "KNN": 1.0, "KM": 0.8357963875205254, "LR": 0.8212783851976451, "LRR": 0.8357963875205254, "LRL": 0.8357963875205254, "LRE": 0.8357963875205254, "LOG_R": 1.0, "RF": 1.0, "SVM": 1.0, "DNN": 1.0}, "1 + 4": {"AB": 1.0, "AC": 0.0, "DS": 0.3333333333333333, "DT": 1.0, "GM": 0.9282051282051281, "GN": 1.0, "GB": 1.0, "KNN": 1.0, "KM": 0.0, "LR": 1.0, "LRR": 1.0, "LRL": 1.0, "LRE": 1.0, "LOG_R": 1.0, "RF": 1.0, "SVM": 1.0, "DNN": 1.0}, "2 + 3": {"AB": 1.0, "AC": 0.8139727159983465, "DS": 0.33333333333333326, "DT": 1.0, "GM": 0.33333333333333326, "GN": 1.0, "GB": 1.0, "KNN": 1.0, "KM": 0.8139727159983465, "LR": 1.0, "LRR": 0.8139727159983465, "LRL": 0.8139727159983465, "LRE": 0.8139727159983465, "LOG_R": 1.0, "RF": 1.0, "SVM": 1.0, "DNN": 1.0}, "2 + 4": {"AB": 1.0, "AC": 0.0, "DS": 0.3333333333333333, "DT": 1.0, "GM": 0.10638297872340424, "GN": 1.0, "GB": 1.0, "KNN": 1.0, "KM": 1.0, "LR": 1.0, "LRR": 1.0, "LRL": 1.0, "LRE": 1.0, "LOG_R": 1.0, "RF": 1.0, "SVM": 1.0, "DNN": 1.0}, "3 + 4": {"AB": 1.0, "AC": 1.0, "DS": 0.3333333333333333, "DT": 1.0, "GM": 1.0, "GN": 1.0, "GB": 1.0, "KNN": 1.0, "KM": 0.0, "LR": 1.0, "LRR": 1.0, "LRL": 1.0, "LRE": 1.0, "LOG_R": 1.0, "RF": 1.0, "SVM": 1.0, "DNN": 1.0}, "0 + 1 + 2": {"AB": 1.0, "AC": 0.3762993762993764, "DS": 0.33333333333333326, "DT": 1.0, "GM": 0.33333333333333326, "GN": 1.0, "GB": 1.0, "KNN": 1.0, "KM": 0.0196078431372549, "LR": 0.989795918367347, "LRR": 0.989795918367347, "LRL": 0.989795918367347, "LRE": 0.989795918367347, "LOG_R": 1.0, "RF": 1.0, "SVM": 1.0, "DNN": 1.0}, "0 + 1 + 3": {"AB": 1.0, "AC": 0.8782467532467533, "DS": 0.33333333333333326, "DT": 1.0, "GM": 0.8782467532467533, "GN": 1.0, "GB": 1.0, "KNN": 1.0, "KM": 0.9799919967987194, "LR": 1.0, "LRR": 1.0, "LRL": 1.0, "LRE": 1.0, "LOG_R": 1.0, "RF": 1.0, "SVM": 1.0, "DNN": 1.0}, "0 + 1 + 4": {"AB": 1.0, "AC": 0.43121881682109764, "DS": 0.3333333333333333, "DT": 1.0, "GM": 0.3333333333333333, "GN": 1.0, "GB": 1.0, "KNN": 1.0, "KM": 1.0, "LR": 1.0, "LRR": 1.0, "LRL": 1.0, "LRE": 1.0, "LOG_R": 1.0, "RF": 1.0, "SVM": 1.0, "DNN": 1.0}, "0 + 2 + 3": {"AB": 1.0, "AC": 0.5863970588235294, "DS": 0.33333333333333326, "DT": 1.0, "GM": 0.33333333333333326, "GN": 1.0, "GB": 1.0, "KNN": 1.0, "KM": 0.0, "LR": 1.0, "LRR": 1.0, "LRL": 1.0, "LRE": 1.0, "LOG_R": 1.0, "RF": 1.0, "SVM": 1.0, "DNN": 1.0}, "0 + 2 + 4": {"AB": 1.0, "AC": 0.0, "DS": 0.3333333333333333, "DT": 1.0, "GM": 0.3333333333333333, "GN": 1.0, "GB": 1.0, "KNN": 1.0, "KM": 1.0, "LR": 1.0, "LRR": 1.0, "LRL": 1.0, "LRE": 1.0, "LOG_R": 1.0, "RF": 1.0, "SVM": 1.0, "DNN": 1.0}, "0 + 3 + 4": {"AB": 1.0, "AC": 0.43121881682109764, "DS": 0.3333333333333333, "DT": 1.0, "GM": 0.3333333333333333, "GN": 1.0, "GB": 1.0, "KNN": 1.0, "KM": 1.0, "LR": 0.9878048780487804, "LRR": 0.9878048780487804, "LRL": 0.9878048780487804, "LRE": 0.9878048780487804, "LOG_R": 1.0, "RF": 1.0, "SVM": 1.0, "DNN": 1.0}, "1 + 2 + 3": {"AB": 1.0, "AC": 0.8572011423908609, "DS": 0.33333333333333326, "DT": 1.0, "GM": 0.33333333333333326, "GN": 1.0, "GB": 1.0, "KNN": 1.0, "KM": 0.12280701754385966, "LR": 1.0, "LRR": 0.843358395989975, "LRL": 0.843358395989975, "LRE": 0.843358395989975, "LOG_R": 1.0, "RF": 1.0, "SVM": 1.0, "DNN": 1.0}, "1 + 2 + 4": {"AB": 1.0, "AC": 1.0, "DS": 0.3333333333333333, "DT": 1.0, "GM": 0.3225806451612903, "GN": 1.0, "GB": 1.0, "KNN": 1.0, "KM": 0.0, "LR": 1.0, "LRR": 1.0, "LRL": 1.0, "LRE": 1.0, "LOG_R": 1.0, "RF": 1.0, "SVM": 1.0, "DNN": 1.0}, "1 + 3 + 4": {"AB": 1.0, "AC": 1.0, "DS": 0.3333333333333333, "DT": 1.0, "GM": 0.3333333333333333, "GN": 1.0, "GB": 1.0, "KNN": 1.0, "KM": 1.0, "LR": 1.0, "LRR": 1.0, "LRL": 1.0, "LRE": 1.0, "LOG_R": 1.0, "RF": 1.0, "SVM": 1.0, "DNN": 1.0}, "2 + 3 + 4": {"AB": 1.0, "AC": 1.0, "DS": 0.3333333333333333, "DT": 1.0, "GM": 0.3333333333333333, "GN": 1.0, "GB": 1.0, "KNN": 1.0, "KM": 0.0, "LR": 1.0, "LRR": 1.0, "LRL": 1.0, "LRE": 1.0, "LOG_R": 1.0, "RF": 1.0, "SVM": 1.0, "DNN": 1.0}, "0 + 1 + 2 + 3": {"AB": 1.0, "AC": 0.4165398274987316, "DS": 0.33333333333333326, "DT": 1.0, "GM": 0.33333333333333326, "GN": 1.0, "GB": 1.0, "KNN": 1.0, "KM": 0.0, "LR": 1.0, "LRR": 0.989795918367347, "LRL": 0.989795918367347, "LRE": 0.989795918367347, "LOG_R": 1.0, "RF": 1.0, "SVM": 1.0, "DNN": 1.0}, "0 + 1 + 2 + 4": {"AB": 1.0, "AC": 1.0, "DS": 0.3333333333333333, "DT": 1.0, "GM": 0.4750000000000001, "GN": 1.0, "GB": 1.0, "KNN": 1.0, "KM": 1.0, "LR": 1.0, "LRR": 1.0, "LRL": 1.0, "LRE": 1.0, "LOG_R": 1.0, "RF": 1.0, "SVM": 1.0, "DNN": 1.0}, "0 + 1 + 3 + 4": {"AB": 1.0, "AC": 0.08695652173913043, "DS": 0.3333333333333333, "DT": 1.0, "GM": 0.8023529411764707, "GN": 1.0, "GB": 1.0, "KNN": 1.0, "KM": 1.0, "LR": 1.0, "LRR": 1.0, "LRL": 1.0, "LRE": 1.0,