{"0": {"AB": 0.0, "AC": 0.0, "DS": 0.0, "DT": 0.0, "GM": 0.0, "GN": 0.0, "GB": 0.0, "KNN": 0.0, "KM": 0.0, "LR": 0.0, "LRR": 0.0, "LRL": 0.0, "LRE": 0.0, "LOG_R": 0.0, "RF": 0.0, "SVM": 0.0, "DNN": 0.0}, "1": {"AB": 0.0, "AC": 0.0, "DS": 0.0, "DT": 0.0, "GM": 0.0, "GN": 0.0, "GB": 0.0, "KNN": 0.0, "KM": 0.0, "LR": 0.0, "LRR": 0.0, "LRL": 0.0, "LRE": 0.0, "LOG_R": 0.0, "RF": 0.0, "SVM": 0.0, "DNN": 0.0}, "2": {"AB": 0.0, "AC": 0.0, "DS": 0.0, "DT": 0.0, "GM": 0.0, "GN": 0.0, "GB": 0.0, "KNN": 0.0, "KM": 0.0, "LR": 0.0, "LRR": 0.0, "LRL": 0.0, "LRE": 0.0, "LOG_R": 0.0, "RF": 0.0, "SVM": 0.0, "DNN": 0.0}, "3": {"AB": 0.0, "AC": 0.0, "DS": 0.0, "DT": 0.0, "GM": 0.0, "GN": 0.0, "GB": 0.0, "KNN": 0.0, "KM": 0.0, "LR": 0.0, "LRR": 0.0, "LRL": 0.0, "LRE": 0.0, "LOG_R": 0.0, "RF": 0.0, "SVM": 0.0, "DNN": 0.0}, "4": {"AB": 0.0, "AC": 0.0, "DS": 0.0, "DT": 0.0, "GM": 0.0, "GN": 0.0, "GB": 0.0, "KNN": 0.0, "KM": 0.0, "LR": 0.0, "LRR": 0.0, "LRL": 0.0, "LRE": 0.0, "LOG_R": 0.0, "RF": 0.0, "SVM": 0.0, "DNN": 0.0}, "0 + 1": {"AB": 0.046480320166210454, "AC": 0.046480320166210454, "DS": 0.046480320166210454, "DT": 0.046480320166210454, "GM": 0.046480320166210454, "GN": 0.046480320166210454, "GB": 0.046480320166210454, "KNN": 0.046480320166210454, "KM": 0.046480320166210454, "LR": 0.046480320166210454, "LRR": 0.046480320166210454, "LRL": 0.046480320166210454, "LRE": 0.046480320166210454, "LOG_R": 0.046480320166210454, "RF": 0.046480320166210454, "SVM": 0.046480320166210454, "DNN": 0.046480320166210454}, "0 + 2": {"AB": 0.12931030445534444, "AC": 0.12931030445534444, "DS": 0.12931030445534444, "DT": 0.12931030445534444, "GM": 0.12931030445534444, "GN": 0.12931030445534444, "GB": 0.12931030445534444, "KNN": 0.12931030445534444, "KM": 0.12931030445534444, "LR": 0.12931030445534444, "LRR": 0.12931030445534444, "LRL": 0.12931030445534444, "LRE": 0.12931030445534444, "LOG_R": 0.12931030445534444, "RF": 0.12931030445534444, "SVM": 0.12931030445534444, "DNN": 0.12931030445534444}, "0 + 3": {"AB": 0.14821668474124453, "AC": 0.14821668474124453, "DS": 0.14821668474124453, "DT": 0.14821668474124453, "GM": 0.14821668474124453, "GN": 0.14821668474124453, "GB": 0.14821668474124453, "KNN": 0.14821668474124453, "KM": 0.14821668474124453, "LR": 0.14821668474124453, "LRR": 0.14821668474124453, "LRL": 0.14821668474124453, "LRE": 0.14821668474124453, "LOG_R": 0.14821668474124453, "RF": 0.14821668474124453, "SVM": 0.14821668474124453, "DNN": 0.14821668474124453}, "0 + 4": {"AB": 0.14903625225955539, "AC": 0.14903625225955539, "DS": 0.14903625225955539, "DT": 0.14903625225955539, "GM": 0.14903625225955539, "GN": 0.14903625225955539, "GB": 0.14903625225955539, "KNN": 0.14903625225955539, "KM": 0.14903625225955539, "LR": 0.14903625225955539, "LRR": 0.14903625225955539, "LRL": 0.14903625225955539, "LRE": 0.14903625225955539, "LOG_R": 0.14903625225955539, "RF": 0.14903625225955539, "SVM": 0.14903625225955539, "DNN": 0.14903625225955539}, "1 + 2": {"AB": 0.08282998428913399, "AC": 0.08282998428913399, "DS": 0.08282998428913399, "DT": 0.08282998428913399, "GM": 0.08282998428913399, "GN": 0.08282998428913399, "GB": 0.08282998428913399, "KNN": 0.08282998428913399, "KM": 0.08282998428913399, "LR": 0.08282998428913399, "LRR": 0.08282998428913399, "LRL": 0.08282998428913399, "LRE": 0.08282998428913399, "LOG_R": 0.08282998428913399, "RF": 0.08282998428913399, "SVM": 0.08282998428913399, "DNN": 0.08282998428913399}, "1 + 3": {"AB": 0.10173636457503407, "AC": 0.10173636457503407, "DS": 0.10173636457503407, "DT": 0.10173636457503407, "GM": 0.10173636457503407, "GN": 0.10173636457503407, "GB": 0.10173636457503407, "KNN": 0.10173636457503407, "KM": 0.10173636457503407, "LR": 0.10173636457503407, "LRR": 0.10173636457503407, "LRL": 0.10173636457503407, "LRE": 0.10173636457503407, "LOG_R": 0.10173636457503407, "RF": 0.10173636457503407, "SVM": 0.10173636457503407, "DNN": 0.10173636457503407}, "1 + 4": {"AB": 0.10255593209334493, "AC": 0.10255593209334493, "DS": 0.10255593209334493, "DT": 0.10255593209334493, "GM": 0.10255593209334493, "GN": 0.10255593209334493, "GB": 0.10255593209334493, "KNN": 0.10255593209334493, "KM": 0.10255593209334493, "LR": 0.10255593209334493, "LRR": 0.10255593209334493, "LRL": 0.10255593209334493, "LRE": 0.10255593209334493, "LOG_R": 0.10255593209334493, "RF": 0.10255593209334493, "SVM": 0.10255593209334493, "DNN": 0.10255593209334493}, "2 + 3": {"AB": -0.018906380285900082, "AC": -0.018906380285900082, "DS": -0.018906380285900082, "DT": -0.018906380285900082, "GM": -0.018906380285900082, "GN": -0.018906380285900082, "GB": -0.018906380285900082, "KNN": -0.018906380285900082, "KM": -0.018906380285900082, "LR": -0.018906380285900082, "LRR": -0.018906380285900082, "LRL": -0.018906380285900082, "LRE": -0.018906380285900082, "LOG_R": -0.018906380285900082, "RF": -0.018906380285900082, "SVM": -0.018906380285900082, "DNN": -0.018906380285900082}, "2 + 4": {"AB": -0.01972594780421094, "AC": -0.01972594780421094, "DS": -0.01972594780421094, "DT": -0.01972594780421094, "GM": -0.01972594780421094, "GN": -0.01972594780421094, "GB": -0.01972594780421094, "KNN": -0.01972594780421094, "KM": -0.01972594780421094, "LR": -0.01972594780421094, "LRR": -0.01972594780421094, "LRL": -0.01972594780421094, "LRE": -0.01972594780421094, "LOG_R": -0.01972594780421094, "RF": -0.01972594780421094, "SVM": -0.01972594780421094, "DNN": -0.01972594780421094}, "3 + 4": {"AB": -0.0008195675183108597, "AC": -0.0008195675183108597, "DS": -0.0008195675183108597, "DT": -0.0008195675183108597, "GM": -0.0008195675183108597, "GN": -0.0008195675183108597, "GB": -0.0008195675183108597, "KNN": -0.0008195675183108597, "KM": -0.0008195675183108597, "LR": -0.0008195675183108597, "LRR": -0.0008195675183108597, "LRL": -0.0008195675183108597, "LRE": -0.0008195675183108597, "LOG_R": -0.0008195675183108597, "RF": -0.0008195675183108597, "SVM": -0.0008195675183108597, "DNN": -0.0008195675183108597}, "0 + 1 + 2": {"AB": 0.10607014437223922, "AC": 0.10607014437223922, "DS": 0.10607014437223922, "DT": 0.10607014437223922, "GM": 0.10607014437223922, "GN": 0.10607014437223922, "GB": 0.10607014437223922, "KNN": 0.10607014437223922, "KM": 0.10607014437223922, "LR": 0.10607014437223922, "LRR": 0.10607014437223922, "LRL": 0.10607014437223922, "LRE": 0.10607014437223922, "LOG_R": 0.10607014437223922, "RF": 0.10607014437223922, "SVM": 0.10607014437223922, "DNN": 0.10607014437223922}, "0 + 1 + 3": {"AB": 0.1249765246581393, "AC": 0.1249765246581393, "DS": 0.1249765246581393, "DT": 0.1249765246581393, "GM": 0.1249765246581393, "GN": 0.1249765246581393, "GB": 0.1249765246581393, "KNN": 0.1249765246581393, "KM": 0.1249765246581393, "LR": 0.1249765246581393, "LRR": 0.1249765246581393, "LRL": 0.1249765246581393, "LRE": 0.1249765246581393, "LOG_R": 0.1249765246581393, "RF": 0.1249765246581393, "SVM": 0.1249765246581393, "DNN": 0.1249765246581393}, "0 + 1 + 4": {"AB": 0.12579609217645016, "AC": 0.12579609217645016, "DS": 0.12579609217645016, "DT": 0.12579609217645016, "GM": 0.12579609217645016, "GN": 0.12579609217645016, "GB": 0.12579609217645016, "KNN": 0.12579609217645016, "KM": 0.12579609217645016, "LR": 0.12579609217645016, "LRR": 0.12579609217645016, "LRL": 0.12579609217645016, "LRE": 0.12579609217645016, "LOG_R": 0.12579609217645016, "RF": 0.12579609217645016, "SVM": 0.12579609217645016, "DNN": 0.12579609217645016}, "0 + 2 + 3": {"AB": 0.05520196208472218, "AC": 0.05520196208472218, "DS": 0.05520196208472218, "DT": 0.05520196208472218, "GM": 0.05520196208472218, "GN": 0.05520196208472218, "GB": 0.05520196208472218, "KNN": 0.05520196208472218, "KM": 0.05520196208472218, "LR": 0.05520196208472218, "LRR": 0.05520196208472218, "LRL": 0.05520196208472218, "LRE": 0.05520196208472218, "LOG_R": 0.05520196208472218, "RF": 0.05520196208472218, "SVM": 0.05520196208472218, "DNN": 0.05520196208472218}, "0 + 2 + 4": {"AB": 0.05479217832556675, "AC": 0.05479217832556675, "DS": 0.05479217832556675, "DT": 0.05479217832556675, "GM": 0.05479217832556675,