{"0": {"AB": 0.10863798433949233, "AC": 0.10863798433949233, "DS": 0.10863798433949233, "DT": 0.10863798433949233, "GM": 0.10863798433949233, "GN": 0.10863798433949233, "GB": 0.10863798433949233, "KNN": 0.10863798433949233, "KM": 0.10863798433949233, "LR": 0.10863798433949233, "LRR": 0.10863798433949233, "LRL": 0.10863798433949233, "LRE": 0.10863798433949233, "LOG_R": 0.10863798433949233, "RF": 0.10863798433949233, "SVM": 0.10863798433949233, "DNN": 0.10863798433949233}, "1": {"AB": 0.10445960032643495, "AC": 0.10445960032643495, "DS": 0.10445960032643495, "DT": 0.10445960032643495, "GM": 0.10445960032643495, "GN": 0.10445960032643495, "GB": 0.10445960032643495, "KNN": 0.10445960032643495, "KM": 0.10445960032643495, "LR": 0.10445960032643495, "LRR": 0.10445960032643495, "LRL": 0.10445960032643495, "LRE": 0.10445960032643495, "LOG_R": 0.10445960032643495, "RF": 0.10445960032643495, "SVM": 0.10445960032643495, "DNN": 0.10445960032643495}, "2": {"AB": 0.09874534354832387, "AC": 0.09874534354832387, "DS": 0.09874534354832387, "DT": 0.09874534354832387, "GM": 0.09874534354832387, "GN": 0.09874534354832387, "GB": 0.09874534354832387, "KNN": 0.09874534354832387, "KM": 0.09874534354832387, "LR": 0.09874534354832387, "LRR": 0.09874534354832387, "LRL": 0.09874534354832387, "LRE": 0.09874534354832387, "LOG_R": 0.09874534354832387, "RF": 0.09874534354832387, "SVM": 0.09874534354832387, "DNN": 0.09874534354832387}, "3": {"AB": 0.07022127568479486, "AC": 0.07022127568479486, "DS": 0.07022127568479486, "DT": 0.07022127568479486, "GM": 0.07022127568479486, "GN": 0.07022127568479486, "GB": 0.07022127568479486, "KNN": 0.07022127568479486, "KM": 0.07022127568479486, "LR": 0.07022127568479486, "LRR": 0.07022127568479486, "LRL": 0.07022127568479486, "LRE": 0.07022127568479486, "LOG_R": 0.07022127568479486, "RF": 0.07022127568479486, "SVM": 0.07022127568479486, "DNN": 0.07022127568479486}, "4": {"AB": 0.059184490233375235, "AC": 0.059184490233375235, "DS": 0.059184490233375235, "DT": 0.059184490233375235, "GM": 0.059184490233375235, "GN": 0.059184490233375235, "GB": 0.059184490233375235, "KNN": 0.059184490233375235, "KM": 0.059184490233375235, "LR": 0.059184490233375235, "LRR": 0.059184490233375235, "LRL": 0.059184490233375235, "LRE": 0.059184490233375235, "LOG_R": 0.059184490233375235, "RF": 0.059184490233375235, "SVM": 0.059184490233375235, "DNN": 0.059184490233375235}, "0 + 1": {"AB": 0.1408646328045331, "AC": 0.1408646328045331, "DS": 0.1408646328045331, "DT": 0.1408646328045331, "GM": 0.1408646328045331, "GN": 0.1408646328045331, "GB": 0.1408646328045331, "KNN": 0.1408646328045331, "KM": 0.1408646328045331, "LR": 0.1408646328045331, "LRR": 0.1408646328045331, "LRL": 0.1408646328045331, "LRE": 0.1408646328045331, "LOG_R": 0.1408646328045331, "RF": 0.1408646328045331, "SVM": 0.1408646328045331, "DNN": 0.1408646328045331}, "0 + 2": {"AB": 0.13544560338287806, "AC": 0.13544560338287806, "DS": 0.13544560338287806, "DT": 0.13544560338287806, "GM": 0.13544560338287806, "GN": 0.13544560338287806, "GB": 0.13544560338287806, "KNN": 0.13544560338287806, "KM": 0.13544560338287806, "LR": 0.13544560338287806, "LRR": 0.13544560338287806, "LRL": 0.13544560338287806, "LRE": 0.13544560338287806, "LOG_R": 0.13544560338287806, "RF": 0.13544560338287806, "SVM": 0.13544560338287806, "DNN": 0.13544560338287806}, "0 + 3": {"AB": 0.10892307580479804, "AC": 0.10892307580479804, "DS": 0.10892307580479804, "DT": 0.10892307580479804, "GM": 0.10892307580479804, "GN": 0.10892307580479804, "GB": 0.10892307580479804, "KNN": 0.10892307580479804, "KM": 0.10892307580479804, "LR": 0.10892307580479804, "LRR": 0.10892307580479804, "LRL": 0.10892307580479804, "LRE": 0.10892307580479804, "LOG_R": 0.10892307580479804, "RF": 0.10892307580479804, "SVM": 0.10892307580479804, "DNN": 0.10892307580479804}, "0 + 4": {"AB": 0.09888293204886406, "AC": 0.09888293204886406, "DS": 0.09888293204886406, "DT": 0.09888293204886406, "GM": 0.09888293204886406, "GN": 0.09888293204886406, "GB": 0.09888293204886406, "KNN": 0.09888293204886406, "KM": 0.09888293204886406, "LR": 0.09888293204886406, "LRR": 0.09888293204886406, "LRL": 0.09888293204886406, "LRE": 0.09888293204886406, "LOG_R": 0.09888293204886406, "RF": 0.09888293204886406, "SVM": 0.09888293204886406, "DNN": 0.09888293204886406}, "1 + 2": {"AB": 0.13389625891272539, "AC": 0.13389625891272539, "DS": 0.13389625891272539, "DT": 0.13389625891272539, "GM": 0.13389625891272539, "GN": 0.13389625891272539, "GB": 0.13389625891272539, "KNN": 0.13389625891272539, "KM": 0.13389625891272539, "LR": 0.13389625891272539, "LRR": 0.13389625891272539, "LRL": 0.13389625891272539, "LRE": 0.13389625891272539, "LOG_R": 0.13389625891272539, "RF": 0.13389625891272539, "SVM": 0.13389625891272539, "DNN": 0.13389625891272539}, "1 + 3": {"AB": 0.10754079395559135, "AC": 0.10754079395559135, "DS": 0.10754079395559135, "DT": 0.10754079395559135, "GM": 0.10754079395559135, "GN": 0.10754079395559135, "GB": 0.10754079395559135, "KNN": 0.10754079395559135, "KM": 0.10754079395559135, "LR": 0.10754079395559135, "LRR": 0.10754079395559135, "LRL": 0.10754079395559135, "LRE": 0.10754079395559135, "LOG_R": 0.10754079395559135, "RF": 0.10754079395559135, "SVM": 0.10754079395559135, "DNN": 0.10754079395559135}, "1 + 4": {"AB": 0.09756034658485403, "AC": 0.09756034658485403, "DS": 0.09756034658485403, "DT": 0.09756034658485403, "GM": 0.09756034658485403, "GN": 0.09756034658485403, "GB": 0.09756034658485403, "KNN": 0.09756034658485403, "KM": 0.09756034658485403, "LR": 0.09756034658485403, "LRR": 0.09756034658485403, "LRL": 0.09756034658485403, "LRE": 0.09756034658485403, "LOG_R": 0.09756034658485403, "RF": 0.09756034658485403, "SVM": 0.09756034658485403, "DNN": 0.09756034658485403}, "2 + 3": {"AB": 0.10554607490468038, "AC": 0.10554607490468038, "DS": 0.10554607490468038, "DT": 0.10554607490468038, "GM": 0.10554607490468038, "GN": 0.10554607490468038, "GB": 0.10554607490468038, "KNN": 0.10554607490468038, "KM": 0.10554607490468038, "LR": 0.10554607490468038, "LRR": 0.10554607490468038, "LRL": 0.10554607490468038, "LRE": 0.10554607490468038, "LOG_R": 0.10554607490468038, "RF": 0.10554607490468038, "SVM": 0.10554607490468038, "DNN": 0.10554607490468038}, "2 + 4": {"AB": 0.0956517731466419, "AC": 0.0956517731466419, "DS": 0.0956517731466419, "DT": 0.0956517731466419, "GM": 0.0956517731466419, "GN": 0.0956517731466419, "GB": 0.0956517731466419, "KNN": 0.0956517731466419, "KM": 0.0956517731466419, "LR": 0.0956517731466419, "LRR": 0.0956517731466419, "LRL": 0.0956517731466419, "LRE": 0.0956517731466419, "LOG_R": 0.0956517731466419, "RF": 0.0956517731466419, "SVM": 0.0956517731466419, "DNN": 0.0956517731466419}, "3 + 4": {"AB": 0.0880514163823053, "AC": 0.0880514163823053, "DS": 0.0880514163823053, "DT": 0.0880514163823053, "GM": 0.0880514163823053, "GN": 0.0880514163823053, "GB": 0.0880514163823053, "KNN": 0.0880514163823053, "KM": 0.0880514163823053, "LR": 0.0880514163823053, "LRR": 0.0880514163823053, "LRL": 0.0880514163823053, "LRE": 0.0880514163823053, "LOG_R": 0.0880514163823053, "RF": 0.0880514163823053, "SVM": 0.0880514163823053, "DNN": 0.0880514163823053}, "0 + 1 + 2": {"AB": 0.15263372494754066, "AC": 0.15263372494754066, "DS": 0.15263372494754066, "DT": 0.15263372494754066, "GM": 0.15263372494754066, "GN": 0.15263372494754066, "GB": 0.15263372494754066, "KNN": 0.15263372494754066, "KM": 0.15263372494754066, "LR": 0.15263372494754066, "LRR": 0.15263372494754066, "LRL": 0.15263372494754066, "LRE": 0.15263372494754066, "LOG_R": 0.15263372494754066, "RF": 0.15263372494754066, "SVM": 0.15263372494754066, "DNN": 0.15263372494754066}, "0 + 1 + 3": {"AB": 0.1272372644778946, "AC": 0.1272372644778946, "DS": 0.1272372644778946, "DT": 0.1272372644778946, "GM": 0.1272372644778946, "GN": 0.1272372644778946, "GB": 0.1272372644778946, "KNN": 0.1272372644778946, "KM": 0.1272372644778946, "LR": 0.1272372644778946, "LRR": 0.1272372644778946, "LRL": 0.1272372644778946, "LRE": 0.1272372644778946, "LOG_R": 0.1272372644778946,