{"0": {"AB": 0.10388410439707188, "AC": 0.10388410439707188, "DS": 0.10388410439707188, "DT": 0.10388410439707188, "GM": 0.10388410439707188, "GN": 0.10388410439707188, "GB": 0.10388410439707188, "KNN": 0.10388410439707188, "KM": 0.10388410439707188, "LR": 0.10388410439707188, "LRR": 0.10388410439707188, "LRL": 0.10388410439707188, "LRE": 0.10388410439707188, "LOG_R": 0.10388410439707188, "RF": 0.10388410439707188, "SVM": 0.10388410439707188, "DNN": 0.10388410439707188}, "1": {"AB": 0.0681371694752471, "AC": 0.0681371694752471, "DS": 0.0681371694752471, "DT": 0.0681371694752471, "GM": 0.0681371694752471, "GN": 0.0681371694752471, "GB": 0.0681371694752471, "KNN": 0.0681371694752471, "KM": 0.0681371694752471, "LR": 0.0681371694752471, "LRR": 0.0681371694752471, "LRL": 0.0681371694752471, "LRE": 0.0681371694752471, "LOG_R": 0.0681371694752471, "RF": 0.0681371694752471, "SVM": 0.0681371694752471, "DNN": 0.0681371694752471}, "2": {"AB": 0.07015150804129945, "AC": 0.07015150804129945, "DS": 0.07015150804129945, "DT": 0.07015150804129945, "GM": 0.07015150804129945, "GN": 0.07015150804129945, "GB": 0.07015150804129945, "KNN": 0.07015150804129945, "KM": 0.07015150804129945, "LR": 0.07015150804129945, "LRR": 0.07015150804129945, "LRL": 0.07015150804129945, "LRE": 0.07015150804129945, "LOG_R": 0.07015150804129945, "RF": 0.07015150804129945, "SVM": 0.07015150804129945, "DNN": 0.07015150804129945}, "3": {"AB": 0.029979811300645715, "AC": 0.029979811300645715, "DS": 0.029979811300645715, "DT": 0.029979811300645715, "GM": 0.029979811300645715, "GN": 0.029979811300645715, "GB": 0.029979811300645715, "KNN": 0.029979811300645715, "KM": 0.029979811300645715, "LR": 0.029979811300645715, "LRR": 0.029979811300645715, "LRL": 0.029979811300645715, "LRE": 0.029979811300645715, "LOG_R": 0.029979811300645715, "RF": 0.029979811300645715, "SVM": 0.029979811300645715, "DNN": 0.029979811300645715}, "0 + 1": {"AB": 0.10545349573630058, "AC": 0.10545349573630058, "DS": 0.10545349573630058, "DT": 0.10545349573630058, "GM": 0.10545349573630058, "GN": 0.10545349573630058, "GB": 0.10545349573630058, "KNN": 0.10545349573630058, "KM": 0.10545349573630058, "LR": 0.10545349573630058, "LRR": 0.10545349573630058, "LRL": 0.10545349573630058, "LRE": 0.10545349573630058, "LOG_R": 0.10545349573630058, "RF": 0.10545349573630058, "SVM": 0.10545349573630058, "DNN": 0.10545349573630058}, "0 + 2": {"AB": 0.10728201455004449, "AC": 0.10728201455004449, "DS": 0.10728201455004449, "DT": 0.10728201455004449, "GM": 0.10728201455004449, "GN": 0.10728201455004449, "GB": 0.10728201455004449, "KNN": 0.10728201455004449, "KM": 0.10728201455004449, "LR": 0.10728201455004449, "LRR": 0.10728201455004449, "LRL": 0.10728201455004449, "LRE": 0.10728201455004449, "LOG_R": 0.10728201455004449, "RF": 0.10728201455004449, "SVM": 0.10728201455004449, "DNN": 0.10728201455004449}, "0 + 3": {"AB": 0.06569458812823852, "AC": 0.06569458812823852, "DS": 0.06569458812823852, "DT": 0.06569458812823852, "GM": 0.06569458812823852, "GN": 0.06569458812823852, "GB": 0.06569458812823852, "KNN": 0.06569458812823852, "KM": 0.06569458812823852, "LR": 0.06569458812823852, "LRR": 0.06569458812823852, "LRL": 0.06569458812823852, "LRE": 0.06569458812823852, "LOG_R": 0.06569458812823852, "RF": 0.06569458812823852, "SVM": 0.06569458812823852, "DNN": 0.06569458812823852}, "1 + 2": {"AB": 0.09181714200799636, "AC": 0.09181714200799636, "DS": 0.09181714200799636, "DT": 0.09181714200799636, "GM": 0.09181714200799636, "GN": 0.09181714200799636, "GB": 0.09181714200799636, "KNN": 0.09181714200799636, "KM": 0.09181714200799636, "LR": 0.09181714200799636, "LRR": 0.09181714200799636, "LRL": 0.09181714200799636, "LRE": 0.09181714200799636, "LOG_R": 0.09181714200799636, "RF": 0.09181714200799636, "SVM": 0.09181714200799636, "DNN": 0.09181714200799636}, "1 + 3": {"AB": 0.054574619880771016, "AC": 0.054574619880771016, "DS": 0.054574619880771016, "DT": 0.054574619880771016, "GM": 0.054574619880771016, "GN": 0.054574619880771016, "GB": 0.054574619880771016, "KNN": 0.054574619880771016, "KM": 0.054574619880771016, "LR": 0.054574619880771016, "LRR": 0.054574619880771016, "LRL": 0.054574619880771016, "LRE": 0.054574619880771016, "LOG_R": 0.054574619880771016, "RF": 0.054574619880771016, "SVM": 0.054574619880771016, "DNN": 0.054574619880771016}, "2 + 3": {"AB": 0.05531137253874292, "AC": 0.05531137253874292, "DS": 0.05531137253874292, "DT": 0.05531137253874292, "GM": 0.05531137253874292, "GN": 0.05531137253874292, "GB": 0.05531137253874292, "KNN": 0.05531137253874292, "KM": 0.05531137253874292, "LR": 0.05531137253874292, "LRR": 0.05531137253874292, "LRL": 0.05531137253874292, "LRE": 0.05531137253874292, "LOG_R": 0.05531137253874292, "RF": 0.05531137253874292, "SVM": 0.05531137253874292, "DNN": 0.05531137253874292}, "0 + 1 + 2": {"AB": 0.11388439357059915, "AC": 0.11388439357059915, "DS": 0.11388439357059915, "DT": 0.11388439357059915, "GM": 0.11388439357059915, "GN": 0.11388439357059915, "GB": 0.11388439357059915, "KNN": 0.11388439357059915, "KM": 0.11388439357059915, "LR": 0.11388439357059915, "LRR": 0.11388439357059915, "LRL": 0.11388439357059915, "LRE": 0.11388439357059915, "LOG_R": 0.11388439357059915, "RF": 0.11388439357059915, "SVM": 0.11388439357059915, "DNN": 0.11388439357059915}, "0 + 1 + 3": {"AB": 0.07521200035643429, "AC": 0.07521200035643429, "DS": 0.07521200035643429, "DT": 0.07521200035643429, "GM": 0.07521200035643429, "GN": 0.07521200035643429, "GB": 0.07521200035643429, "KNN": 0.07521200035643429, "KM": 0.07521200035643429, "LR": 0.07521200035643429, "LRR": 0.07521200035643429, "LRL": 0.07521200035643429, "LRE": 0.07521200035643429, "LOG_R": 0.07521200035643429, "RF": 0.07521200035643429, "SVM": 0.07521200035643429, "DNN": 0.07521200035643429}, "0 + 2 + 3": {"AB": 0.07576456484991322, "AC": 0.07576456484991322, "DS": 0.07576456484991322, "DT": 0.07576456484991322, "GM": 0.07576456484991322, "GN": 0.07576456484991322, "GB": 0.07576456484991322, "KNN": 0.07576456484991322, "KM": 0.07576456484991322, "LR": 0.07576456484991322, "LRR": 0.07576456484991322, "LRL": 0.07576456484991322, "LRE": 0.07576456484991322, "LOG_R": 0.07576456484991322, "RF": 0.07576456484991322, "SVM": 0.07576456484991322, "DNN": 0.07576456484991322}, "1 + 2 + 3": {"AB": 0.0674245886643126, "AC": 0.0674245886643126, "DS": 0.0674245886643126, "DT": 0.0674245886643126, "GM": 0.0674245886643126, "GN": 0.0674245886643126, "GB": 0.0674245886643126, "KNN": 0.0674245886643126, "KM": 0.0674245886643126, "LR": 0.0674245886643126, "LRR": 0.0674245886643126, "LRL": 0.0674245886643126, "LRE": 0.0674245886643126, "LOG_R": 0.0674245886643126, "RF": 0.0674245886643126, "SVM": 0.0674245886643126, "DNN": 0.0674245886643126}, "0 + 1 + 2 + 3": {"AB": 0.0813644992881349, "AC": 0.0813644992881349, "DS": 0.0813644992881349, "DT": 0.0813644992881349, "GM": 0.0813644992881349, "GN": 0.0813644992881349, "GB": 0.0813644992881349, "KNN": 0.0813644992881349, "KM": 0.0813644992881349, "LR": 0.0813644992881349, "LRR": 0.0813644992881349, "LRL": 0.0813644992881349, "LRE": 0.0813644992881349, "LOG_R": 0.0813644992881349, "RF": 0.0813644992881349, "SVM": 0.0813644992881349, "DNN": 0.0813644992881349}}