{"0": {"AB": 0.13538641163869122, "AC": 0.13538641163869122, "DS": 0.13538641163869122, "DT": 0.13538641163869122, "GM": 0.13538641163869122, "GN": 0.13538641163869122, "GB": 0.13538641163869122, "KNN": 0.13538641163869122, "KM": 0.13538641163869122, "LR": 0.13538641163869122, "LRR": 0.13538641163869122, "LRL": 0.13538641163869122, "LRE": 0.13538641163869122, "LOG_R": 0.13538641163869122, "RF": 0.13538641163869122, "SVM": 0.13538641163869122, "DNN": 0.13538641163869122}, "1": {"AB": 0.0919042070556854, "AC": 0.0919042070556854, "DS": 0.0919042070556854, "DT": 0.0919042070556854, "GM": 0.0919042070556854, "GN": 0.0919042070556854, "GB": 0.0919042070556854, "KNN": 0.0919042070556854, "KM": 0.0919042070556854, "LR": 0.0919042070556854, "LRR": 0.0919042070556854, "LRL": 0.0919042070556854, "LRE": 0.0919042070556854, "LOG_R": 0.0919042070556854, "RF": 0.0919042070556854, "SVM": 0.0919042070556854, "DNN": 0.0919042070556854}, "2": {"AB": 0.11039530522669741, "AC": 0.11039530522669741, "DS": 0.11039530522669741, "DT": 0.11039530522669741, "GM": 0.11039530522669741, "GN": 0.11039530522669741, "GB": 0.11039530522669741, "KNN": 0.11039530522669741, "KM": 0.11039530522669741, "LR": 0.11039530522669741, "LRR": 0.11039530522669741, "LRL": 0.11039530522669741, "LRE": 0.11039530522669741, "LOG_R": 0.11039530522669741, "RF": 0.11039530522669741, "SVM": 0.11039530522669741, "DNN": 0.11039530522669741}, "3": {"AB": 0.099332453396925, "AC": 0.099332453396925, "DS": 0.099332453396925, "DT": 0.099332453396925, "GM": 0.099332453396925, "GN": 0.099332453396925, "GB": 0.099332453396925, "KNN": 0.099332453396925, "KM": 0.099332453396925, "LR": 0.099332453396925, "LRR": 0.099332453396925, "LRL": 0.099332453396925, "LRE": 0.099332453396925, "LOG_R": 0.099332453396925, "RF": 0.099332453396925, "SVM": 0.099332453396925, "DNN": 0.099332453396925}, "4": {"AB": 0.10898103200470352, "AC": 0.10898103200470352, "DS": 0.10898103200470352, "DT": 0.10898103200470352, "GM": 0.10898103200470352, "GN": 0.10898103200470352, "GB": 0.10898103200470352, "KNN": 0.10898103200470352, "KM": 0.10898103200470352, "LR": 0.10898103200470352, "LRR": 0.10898103200470352, "LRL": 0.10898103200470352, "LRE": 0.10898103200470352, "LOG_R": 0.10898103200470352, "RF": 0.10898103200470352, "SVM": 0.10898103200470352, "DNN": 0.10898103200470352}, "0 + 1": {"AB": 0.13711805799728172, "AC": 0.13711805799728172, "DS": 0.13711805799728172, "DT": 0.13711805799728172, "GM": 0.13711805799728172, "GN": 0.13711805799728172, "GB": 0.13711805799728172, "KNN": 0.13711805799728172, "KM": 0.13711805799728172, "LR": 0.13711805799728172, "LRR": 0.13711805799728172, "LRL": 0.13711805799728172, "LRE": 0.13711805799728172, "LOG_R": 0.13711805799728172, "RF": 0.13711805799728172, "SVM": 0.13711805799728172, "DNN": 0.13711805799728172}, "0 + 2": {"AB": 0.15526823626825315, "AC": 0.15526823626825315, "DS": 0.15526823626825315, "DT": 0.15526823626825315, "GM": 0.15526823626825315, "GN": 0.15526823626825315, "GB": 0.15526823626825315, "KNN": 0.15526823626825315, "KM": 0.15526823626825315, "LR": 0.15526823626825315, "LRR": 0.15526823626825315, "LRL": 0.15526823626825315, "LRE": 0.15526823626825315, "LOG_R": 0.15526823626825315, "RF": 0.15526823626825315, "SVM": 0.15526823626825315, "DNN": 0.15526823626825315}, "0 + 3": {"AB": 0.1443577261613791, "AC": 0.1443577261613791, "DS": 0.1443577261613791, "DT": 0.1443577261613791, "GM": 0.1443577261613791, "GN": 0.1443577261613791, "GB": 0.1443577261613791, "KNN": 0.1443577261613791, "KM": 0.1443577261613791, "LR": 0.1443577261613791, "LRR": 0.1443577261613791, "LRL": 0.1443577261613791, "LRE": 0.1443577261613791, "LOG_R": 0.1443577261613791, "RF": 0.1443577261613791, "SVM": 0.1443577261613791, "DNN": 0.1443577261613791}, "0 + 4": {"AB": 0.1538646693404434, "AC": 0.1538646693404434, "DS": 0.1538646693404434, "DT": 0.1538646693404434, "GM": 0.1538646693404434, "GN": 0.1538646693404434, "GB": 0.1538646693404434, "KNN": 0.1538646693404434, "KM": 0.1538646693404434, "LR": 0.1538646693404434, "LRR": 0.1538646693404434, "LRL": 0.1538646693404434, "LRE": 0.1538646693404434, "LOG_R": 0.1538646693404434, "RF": 0.1538646693404434, "SVM": 0.1538646693404434, "DNN": 0.1538646693404434}, "1 + 2": {"AB": 0.12961923514343032, "AC": 0.12961923514343032, "DS": 0.12961923514343032, "DT": 0.12961923514343032, "GM": 0.12961923514343032, "GN": 0.12961923514343032, "GB": 0.12961923514343032, "KNN": 0.12961923514343032, "KM": 0.12961923514343032, "LR": 0.12961923514343032, "LRR": 0.12961923514343032, "LRL": 0.12961923514343032, "LRE": 0.12961923514343032, "LOG_R": 0.12961923514343032, "RF": 0.12961923514343032, "SVM": 0.12961923514343032, "DNN": 0.12961923514343032}, "1 + 3": {"AB": 0.12555240935727272, "AC": 0.12555240935727272, "DS": 0.12555240935727272, "DT": 0.12555240935727272, "GM": 0.12555240935727272, "GN": 0.12555240935727272, "GB": 0.12555240935727272, "KNN": 0.12555240935727272, "KM": 0.12555240935727272, "LR": 0.12555240935727272, "LRR": 0.12555240935727272, "LRL": 0.12555240935727272, "LRE": 0.12555240935727272, "LOG_R": 0.12555240935727272, "RF": 0.12555240935727272, "SVM": 0.12555240935727272, "DNN": 0.12555240935727272}, "1 + 4": {"AB": 0.12912639612811502, "AC": 0.12912639612811502, "DS": 0.12912639612811502, "DT": 0.12912639612811502, "GM": 0.12912639612811502, "GN": 0.12912639612811502, "GB": 0.12912639612811502, "KNN": 0.12912639612811502, "KM": 0.12912639612811502, "LR": 0.12912639612811502, "LRR": 0.12912639612811502, "LRL": 0.12912639612811502, "LRE": 0.12912639612811502, "LOG_R": 0.12912639612811502, "RF": 0.12912639612811502, "SVM": 0.12912639612811502, "DNN": 0.12912639612811502}, "2 + 3": {"AB": 0.1366327476524134, "AC": 0.1366327476524134, "DS": 0.1366327476524134, "DT": 0.1366327476524134, "GM": 0.1366327476524134, "GN": 0.1366327476524134, "GB": 0.1366327476524134, "KNN": 0.1366327476524134, "KM": 0.1366327476524134, "LR": 0.1366327476524134, "LRR": 0.1366327476524134, "LRL": 0.1366327476524134, "LRE": 0.1366327476524134, "LOG_R": 0.1366327476524134, "RF": 0.1366327476524134, "SVM": 0.1366327476524134, "DNN": 0.1366327476524134}, "2 + 4": {"AB": 0.14666306679275337, "AC": 0.14666306679275337, "DS": 0.14666306679275337, "DT": 0.14666306679275337, "GM": 0.14666306679275337, "GN": 0.14666306679275337, "GB": 0.14666306679275337, "KNN": 0.14666306679275337, "KM": 0.14666306679275337, "LR": 0.14666306679275337, "LRR": 0.14666306679275337, "LRL": 0.14666306679275337, "LRE": 0.14666306679275337, "LOG_R": 0.14666306679275337, "RF": 0.14666306679275337, "SVM": 0.14666306679275337, "DNN": 0.14666306679275337}, "3 + 4": {"AB": 0.13612504519352212, "AC": 0.13612504519352212, "DS": 0.13612504519352212, "DT": 0.13612504519352212, "GM": 0.13612504519352212, "GN": 0.13612504519352212, "GB": 0.13612504519352212, "KNN": 0.13612504519352212, "KM": 0.13612504519352212, "LR": 0.13612504519352212, "LRR": 0.13612504519352212, "LRL": 0.13612504519352212, "LRE": 0.13612504519352212, "LOG_R": 0.13612504519352212, "RF": 0.13612504519352212, "SVM": 0.13612504519352212, "DNN": 0.13612504519352212}, "0 + 1 + 2": {"AB": 0.15410086632769132, "AC": 0.15410086632769132, "DS": 0.15410086632769132, "DT": 0.15410086632769132, "GM": 0.15410086632769132, "GN": 0.15410086632769132, "GB": 0.15410086632769132, "KNN": 0.15410086632769132, "KM": 0.15410086632769132, "LR": 0.15410086632769132, "LRR": 0.15410086632769132, "LRL": 0.15410086632769132, "LRE": 0.15410086632769132, "LOG_R": 0.15410086632769132, "RF": 0.15410086632769132, "SVM": 0.15410086632769132, "DNN": 0.15410086632769132}, "0 + 1 + 3": {"AB": 0.15105074698807314, "AC": 0.15105074698807314, "DS": 0.15105074698807314, "DT": 0.15105074698807314, "GM": 0.15105074698807314, "GN": 0.15105074698807314, "GB": 0.15105074698807314, "KNN": 0.15105074698807314, "KM": 0.15105074698807314, "LR": 0.15105074698807314, "LRR": 0.15105074698807314, "LRL": 0.15105074698807314, "LRE": 0.15105074698807314, "LOG_R": 0.15105074698807314, "RF": 0.15105074698807314, "SVM": 0.15105074698807314,