{"0": {"AB": 0.0, "AC": 0.0, "DS": 0.0, "DT": 0.0, "GM": 0.0, "GN": 0.0, "GB": 0.0, "KNN": 0.0, "KM": 0.0, "LR": 0.0, "LRR": 0.0, "LRL": 0.0, "LRE": 0.0, "LOG_R": 0.0, "RF": 0.0, "SVM": 0.0, "DNN": 0.0}, "1": {"AB": 0.0, "AC": 0.0, "DS": 0.0, "DT": 0.0, "GM": 0.0, "GN": 0.0, "GB": 0.0, "KNN": 0.0, "KM": 0.0, "LR": 0.0, "LRR": 0.0, "LRL": 0.0, "LRE": 0.0, "LOG_R": 0.0, "RF": 0.0, "SVM": 0.0, "DNN": 0.0}, "2": {"AB": 0.0, "AC": 0.0, "DS": 0.0, "DT": 0.0, "GM": 0.0, "GN": 0.0, "GB": 0.0, "KNN": 0.0, "KM": 0.0, "LR": 0.0, "LRR": 0.0, "LRL": 0.0, "LRE": 0.0, "LOG_R": 0.0, "RF": 0.0, "SVM": 0.0, "DNN": 0.0}, "3": {"AB": 0.0, "AC": 0.0, "DS": 0.0, "DT": 0.0, "GM": 0.0, "GN": 0.0, "GB": 0.0, "KNN": 0.0, "KM": 0.0, "LR": 0.0, "LRR": 0.0, "LRL": 0.0, "LRE": 0.0, "LOG_R": 0.0, "RF": 0.0, "SVM": 0.0, "DNN": 0.0}, "4": {"AB": 0.0, "AC": 0.0, "DS": 0.0, "DT": 0.0, "GM": 0.0, "GN": 0.0, "GB": 0.0, "KNN": 0.0, "KM": 0.0, "LR": 0.0, "LRR": 0.0, "LRL": 0.0, "LRE": 0.0, "LOG_R": 0.0, "RF": 0.0, "SVM": 0.0, "DNN": 0.0}, "0 + 1": {"AB": 0.1586890761855958, "AC": 0.1586890761855958, "DS": 0.1586890761855958, "DT": 0.1586890761855958, "GM": 0.1586890761855958, "GN": 0.1586890761855958, "GB": 0.1586890761855958, "KNN": 0.1586890761855958, "KM": 0.1586890761855958, "LR": 0.1586890761855958, "LRR": 0.1586890761855958, "LRL": 0.1586890761855958, "LRE": 0.1586890761855958, "LOG_R": 0.1586890761855958, "RF": 0.1586890761855958, "SVM": 0.1586890761855958, "DNN": 0.1586890761855958}, "0 + 2": {"AB": 0.22902966313415057, "AC": 0.22902966313415057, "DS": 0.22902966313415057, "DT": 0.22902966313415057, "GM": 0.22902966313415057, "GN": 0.22902966313415057, "GB": 0.22902966313415057, "KNN": 0.22902966313415057, "KM": 0.22902966313415057, "LR": 0.22902966313415057, "LRR": 0.22902966313415057, "LRL": 0.22902966313415057, "LRE": 0.22902966313415057, "LOG_R": 0.22902966313415057, "RF": 0.22902966313415057, "SVM": 0.22902966313415057, "DNN": 0.22902966313415057}, "0 + 3": {"AB": 0.21718684634688207, "AC": 0.21718684634688207, "DS": 0.21718684634688207, "DT": 0.21718684634688207, "GM": 0.21718684634688207, "GN": 0.21718684634688207, "GB": 0.21718684634688207, "KNN": 0.21718684634688207, "KM": 0.21718684634688207, "LR": 0.21718684634688207, "LRR": 0.21718684634688207, "LRL": 0.21718684634688207, "LRE": 0.21718684634688207, "LOG_R": 0.21718684634688207, "RF": 0.21718684634688207, "SVM": 0.21718684634688207, "DNN": 0.21718684634688207}, "0 + 4": {"AB": 0.20651022610696224, "AC": 0.20651022610696224, "DS": 0.20651022610696224, "DT": 0.20651022610696224, "GM": 0.20651022610696224, "GN": 0.20651022610696224, "GB": 0.20651022610696224, "KNN": 0.20651022610696224, "KM": 0.20651022610696224, "LR": 0.20651022610696224, "LRR": 0.20651022610696224, "LRL": 0.20651022610696224, "LRE": 0.20651022610696224, "LOG_R": 0.20651022610696224, "RF": 0.20651022610696224, "SVM": 0.20651022610696224, "DNN": 0.20651022610696224}, "1 + 2": {"AB": 0.07034058694855477, "AC": 0.07034058694855477, "DS": 0.07034058694855477, "DT": 0.07034058694855477, "GM": 0.07034058694855477, "GN": 0.07034058694855477, "GB": 0.07034058694855477, "KNN": 0.07034058694855477, "KM": 0.07034058694855477, "LR": 0.07034058694855477, "LRR": 0.07034058694855477, "LRL": 0.07034058694855477, "LRE": 0.07034058694855477, "LOG_R": 0.07034058694855477, "RF": 0.07034058694855477, "SVM": 0.07034058694855477, "DNN": 0.07034058694855477}, "1 + 3": {"AB": 0.05849777016128627, "AC": 0.05849777016128627, "DS": 0.05849777016128627, "DT": 0.05849777016128627, "GM": 0.05849777016128627, "GN": 0.05849777016128627, "GB": 0.05849777016128627, "KNN": 0.05849777016128627, "KM": 0.05849777016128627, "LR": 0.05849777016128627, "LRR": 0.05849777016128627, "LRL": 0.05849777016128627, "LRE": 0.05849777016128627, "LOG_R": 0.05849777016128627, "RF": 0.05849777016128627, "SVM": 0.05849777016128627, "DNN": 0.05849777016128627}, "1 + 4": {"AB": 0.047821149921366435, "AC": 0.047821149921366435, "DS": 0.047821149921366435, "DT": 0.047821149921366435, "GM": 0.047821149921366435, "GN": 0.047821149921366435, "GB": 0.047821149921366435, "KNN": 0.047821149921366435, "KM": 0.047821149921366435, "LR": 0.047821149921366435, "LRR": 0.047821149921366435, "LRL": 0.047821149921366435, "LRE": 0.047821149921366435, "LOG_R": 0.047821149921366435, "RF": 0.047821149921366435, "SVM": 0.047821149921366435, "DNN": 0.047821149921366435}, "2 + 3": {"AB": 0.011842816787268506, "AC": 0.011842816787268506, "DS": 0.011842816787268506, "DT": 0.011842816787268506, "GM": 0.011842816787268506, "GN": 0.011842816787268506, "GB": 0.011842816787268506, "KNN": 0.011842816787268506, "KM": 0.011842816787268506, "LR": 0.011842816787268506, "LRR": 0.011842816787268506, "LRL": 0.011842816787268506, "LRE": 0.011842816787268506, "LOG_R": 0.011842816787268506, "RF": 0.011842816787268506, "SVM": 0.011842816787268506, "DNN": 0.011842816787268506}, "2 + 4": {"AB": 0.022519437027188338, "AC": 0.022519437027188338, "DS": 0.022519437027188338, "DT": 0.022519437027188338, "GM": 0.022519437027188338, "GN": 0.022519437027188338, "GB": 0.022519437027188338, "KNN": 0.022519437027188338, "KM": 0.022519437027188338, "LR": 0.022519437027188338, "LRR": 0.022519437027188338, "LRL": 0.022519437027188338, "LRE": 0.022519437027188338, "LOG_R": 0.022519437027188338, "RF": 0.022519437027188338, "SVM": 0.022519437027188338, "DNN": 0.022519437027188338}, "3 + 4": {"AB": 0.010676620239919832, "AC": 0.010676620239919832, "DS": 0.010676620239919832, "DT": 0.010676620239919832, "GM": 0.010676620239919832, "GN": 0.010676620239919832, "GB": 0.010676620239919832, "KNN": 0.010676620239919832, "KM": 0.010676620239919832, "LR": 0.010676620239919832, "LRR": 0.010676620239919832, "LRL": 0.010676620239919832, "LRE": 0.010676620239919832, "LOG_R": 0.010676620239919832, "RF": 0.010676620239919832, "SVM": 0.010676620239919832, "DNN": 0.010676620239919832}, "0 + 1 + 2": {"AB": 0.14968512504135267, "AC": 0.14968512504135267, "DS": 0.14968512504135267, "DT": 0.14968512504135267, "GM": 0.14968512504135267, "GN": 0.14968512504135267, "GB": 0.14968512504135267, "KNN": 0.14968512504135267, "KM": 0.14968512504135267, "LR": 0.14968512504135267, "LRR": 0.14968512504135267, "LRL": 0.14968512504135267, "LRE": 0.14968512504135267, "LOG_R": 0.14968512504135267, "RF": 0.14968512504135267, "SVM": 0.14968512504135267, "DNN": 0.14968512504135267}, "0 + 1 + 3": {"AB": 0.13784230825408417, "AC": 0.13784230825408417, "DS": 0.13784230825408417, "DT": 0.13784230825408417, "GM": 0.13784230825408417, "GN": 0.13784230825408417, "GB": 0.13784230825408417, "KNN": 0.13784230825408417, "KM": 0.13784230825408417, "LR": 0.13784230825408417, "LRR": 0.13784230825408417, "LRL": 0.13784230825408417, "LRE": 0.13784230825408417, "LOG_R": 0.13784230825408417, "RF": 0.13784230825408417, "SVM": 0.13784230825408417, "DNN": 0.13784230825408417}, "0 + 1 + 4": {"AB": 0.12716568801416434, "AC": 0.12716568801416434, "DS": 0.12716568801416434, "DT": 0.12716568801416434, "GM": 0.12716568801416434, "GN": 0.12716568801416434, "GB": 0.12716568801416434, "KNN": 0.12716568801416434, "KM": 0.12716568801416434, "LR": 0.12716568801416434, "LRR": 0.12716568801416434, "LRL": 0.12716568801416434, "LRE": 0.12716568801416434, "LOG_R": 0.12716568801416434, "RF": 0.12716568801416434, "SVM": 0.12716568801416434, "DNN": 0.12716568801416434}, "0 + 2 + 3": {"AB": 0.12043623996070954, "AC": 0.12043623996070954, "DS": 0.12043623996070954, "DT": 0.12043623996070954, "GM": 0.12043623996070954, "GN": 0.12043623996070954, "GB": 0.12043623996070954, "KNN": 0.12043623996070954, "KM": 0.12043623996070954, "LR": 0.12043623996070954, "LRR": 0.12043623996070954, "LRL": 0.12043623996070954, "LRE": 0.12043623996070954, "LOG_R": 0.12043623996070954, "RF": 0.12043623996070954, "SVM": 0.12043623996070954, "DNN": 0.12043623996070954}, "0 + 2 + 4": {"AB": 0.12577455008066946, "AC": 0.12577455008066946, "DS": 0.12577455008066946, "DT": 0.12577455008066946, "GM": 0.12577455008066946, "GN": 0.12577455008066946, "GB": 0.12577455008066946,