{"0": {"AB": 1.0, "AC": 0.3682065217391305, "DS": 0.3333333333333333, "DT": 1.0, "GM": 0.3333333333333333, "GN": 1.0, "GB": 1.0, "KNN": 1.0, "KM": 0.060606060606060615, "LR": 0.9424403183023873, "LRR": 0.9424403183023873, "LRL": 0.9424403183023873, "LRE": 0.9424403183023873, "LOG_R": 0.9677083333333334, "RF": 1.0, "SVM": 1.0, "DNN": 0.9677083333333334}, "1": {"AB": 1.0, "AC": 0.3762993762993764, "DS": 0.33333333333333326, "DT": 1.0, "GM": 0.3762993762993764, "GN": 1.0, "GB": 1.0, "KNN": 1.0, "KM": 0.939783219590526, "LR": 0.989795918367347, "LRR": 0.989795918367347, "LRL": 0.989795918367347, "LRE": 0.989795918367347, "LOG_R": 1.0, "RF": 1.0, "SVM": 1.0, "DNN": 1.0}, "2": {"AB": 1.0, "AC": 0.14285714285714288, "DS": 0.3333333333333333, "DT": 1.0, "GM": 0.3333333333333333, "GN": 1.0, "GB": 1.0, "KNN": 1.0, "KM": 0.0, "LR": 0.9893617021276596, "LRR": 0.9893617021276596, "LRL": 0.9893617021276596, "LRE": 0.9893617021276596, "LOG_R": 1.0, "RF": 1.0, "SVM": 1.0, "DNN": 1.0}, "3": {"AB": 1.0, "AC": 0.8285714285714286, "DS": 0.3333333333333333, "DT": 1.0, "GM": 0.3333333333333333, "GN": 1.0, "GB": 1.0, "KNN": 1.0, "KM": 0.8285714285714286, "LR": 0.9782608695652174, "LRR": 0.9782608695652174, "LRL": 0.9782608695652174, "LRE": 0.9782608695652174, "LOG_R": 1.0, "RF": 1.0, "SVM": 1.0, "DNN": 1.0}, "4": {"AB": 1.0, "AC": 0.43573667711598746, "DS": 0.3333333333333333, "DT": 1.0, "GM": 0.3103448275862069, "GN": 1.0, "GB": 1.0, "KNN": 1.0, "KM": 0.2, "LR": 0.9736842105263157, "LRR": 0.9736842105263157, "LRL": 0.9736842105263157, "LRE": 0.9736842105263157, "LOG_R": 1.0, "RF": 1.0, "SVM": 1.0, "DNN": 1.0}, "0 + 1": {"AB": 1.0, "AC": 0.3762993762993764, "DS": 0.33333333333333326, "DT": 1.0, "GM": 0.4165398274987316, "GN": 1.0, "GB": 1.0, "KNN": 1.0, "KM": 0.9599358974358975, "LR": 0.9488543371522096, "LRR": 0.9488543371522096, "LRL": 0.9488543371522096, "LRE": 0.9488543371522096, "LOG_R": 1.0, "RF": 1.0, "SVM": 1.0, "DNN": 0.9799919967987194}, "0 + 2": {"AB": 1.0, "AC": 0.02040816326530612, "DS": 0.3333333333333333, "DT": 1.0, "GM": 0.3333333333333333, "GN": 1.0, "GB": 1.0, "KNN": 1.0, "KM": 0.9791576204950064, "LR": 1.0, "LRR": 1.0, "LRL": 1.0, "LRE": 1.0, "LOG_R": 1.0, "RF": 1.0, "SVM": 1.0, "DNN": 1.0}, "0 + 3": {"AB": 1.0, "AC": 0.8285714285714286, "DS": 0.3333333333333333, "DT": 1.0, "GM": 0.4589371980676329, "GN": 1.0, "GB": 1.0, "KNN": 1.0, "KM": 0.9582608695652176, "LR": 1.0, "LRR": 1.0, "LRL": 1.0, "LRE": 1.0, "LOG_R": 1.0, "RF": 1.0, "SVM": 1.0, "DNN": 1.0}, "0 + 4": {"AB": 1.0, "AC": 0.2, "DS": 0.3333333333333333, "DT": 1.0, "GM": 0.7333333333333333, "GN": 1.0, "GB": 1.0, "KNN": 1.0, "KM": 0.7333333333333333, "LR": 0.9444444444444444, "LRR": 0.9444444444444444, "LRL": 0.9444444444444444, "LRE": 0.9444444444444444, "LOG_R": 1.0, "RF": 1.0, "SVM": 1.0, "DNN": 1.0}, "1 + 2": {"AB": 1.0, "AC": 0.7581310123683006, "DS": 0.3333333333333333, "DT": 1.0, "GM": 0.7581310123683006, "GN": 1.0, "GB": 1.0, "KNN": 1.0, "KM": 0.9582608695652176, "LR": 1.0, "LRR": 1.0, "LRL": 1.0, "LRE": 1.0, "LOG_R": 1.0, "RF": 1.0, "SVM": 1.0, "DNN": 1.0}, "1 + 3": {"AB": 1.0, "AC": 0.0, "DS": 0.3333333333333333, "DT": 1.0, "GM": 0.3780281690140845, "GN": 1.0, "GB": 1.0, "KNN": 1.0, "KM": 1.0, "LR": 0.9782608695652174, "LRR": 0.9782608695652174, "LRL": 0.9782608695652174, "LRE": 0.9782608695652174, "LOG_R": 1.0, "RF": 1.0, "SVM": 1.0, "DNN": 1.0}, "1 + 4": {"AB": 1.0, "AC": 0.23076923076923075, "DS": 0.3333333333333333, "DT": 0.949874686716792, "GM": 0.23076923076923075, "GN": 1.0, "GB": 1.0, "KNN": 1.0, "KM": 0.23076923076923075, "LR": 1.0, "LRR": 1.0, "LRL": 1.0, "LRE": 1.0, "LOG_R": 1.0, "RF": 1.0, "SVM": 1.0, "DNN": 1.0}, "2 + 3": {"AB": 1.0, "AC": 1.0, "DS": 0.3333333333333333, "DT": 1.0, "GM": 0.3333333333333333, "GN": 1.0, "GB": 1.0, "KNN": 1.0, "KM": 0.0, "LR": 1.0, "LRR": 1.0, "LRL": 1.0, "LRE": 1.0, "LOG_R": 1.0, "RF": 1.0, "SVM": 1.0, "DNN": 1.0}, "2 + 4": {"AB": 1.0, "AC": 0.6011396011396011, "DS": 0.3333333333333333, "DT": 1.0, "GM": 0.6011396011396011, "GN": 1.0, "GB": 1.0, "KNN": 1.0, "KM": 0.6011396011396011, "LR": 1.0, "LRR": 1.0, "LRL": 1.0, "LRE": 1.0, "LOG_R": 1.0, "RF": 1.0, "SVM": 1.0, "DNN": 1.0}, "3 + 4": {"AB": 1.0, "AC": 0.43573667711598746, "DS": 0.3333333333333333, "DT": 1.0, "GM": 0.43573667711598746, "GN": 1.0, "GB": 1.0, "KNN": 1.0, "KM": 0.43573667711598746, "LR": 1.0, "LRR": 1.0, "LRL": 1.0, "LRE": 1.0, "LOG_R": 1.0, "RF": 1.0, "SVM": 1.0, "DNN": 1.0}, "0 + 1 + 2": {"AB": 1.0, "AC": 0.04, "DS": 0.3333333333333333, "DT": 1.0, "GM": 0.7077283372365338, "GN": 1.0, "GB": 1.0, "KNN": 1.0, "KM": 0.9791576204950064, "LR": 1.0, "LRR": 1.0, "LRL": 1.0, "LRE": 1.0, "LOG_R": 1.0, "RF": 1.0, "SVM": 1.0, "DNN": 1.0}, "0 + 1 + 3": {"AB": 1.0, "AC": 0.0, "DS": 0.3333333333333333, "DT": 1.0, "GM": 0.9582608695652176, "GN": 1.0, "GB": 1.0, "KNN": 1.0, "KM": 0.0, "LR": 1.0, "LRR": 1.0, "LRL": 1.0, "LRE": 1.0, "LOG_R": 1.0, "RF": 1.0, "SVM": 1.0, "DNN": 1.0}, "0 + 1 + 4": {"AB": 1.0, "AC": 0.6703296703296704, "DS": 0.3333333333333333, "DT": 1.0, "GM": 0.2, "GN": 1.0, "GB": 1.0, "KNN": 1.0, "KM": 0.6703296703296704, "LR": 0.949874686716792, "LRR": 0.949874686716792, "LRL": 0.949874686716792, "LRE": 0.949874686716792, "LOG_R": 1.0, "RF": 1.0, "SVM": 1.0, "DNN": 1.0}, "0 + 2 + 3": {"AB": 1.0, "AC": 0.0, "DS": 0.3333333333333333, "DT": 1.0, "GM": 0.0, "GN": 1.0, "GB": 1.0, "KNN": 1.0, "KM": 1.0, "LR": 1.0, "LRR": 1.0, "LRL": 1.0, "LRE": 1.0, "LOG_R": 1.0, "RF": 1.0, "SVM": 1.0, "DNN": 1.0}, "0 + 2 + 4": {"AB": 1.0, "AC": 0.43573667711598746, "DS": 0.3333333333333333, "DT": 1.0, "GM": 0.2857142857142857, "GN": 1.0, "GB": 1.0, "KNN": 1.0, "KM": 0.04761904761904762, "LR": 0.9736842105263157, "LRR": 0.9736842105263157, "LRL": 1.0, "LRE": 0.9736842105263157, "LOG_R": 1.0, "RF": 1.0, "SVM": 1.0, "DNN": 0.949874686716792}, "0 + 3 + 4": {"AB": 1.0, "AC": 0.43573667711598746, "DS": 0.3333333333333333, "DT": 1.0, "GM": 0.25925925925925924, "GN": 1.0, "GB": 1.0, "KNN": 1.0, "KM": 0.0, "LR": 0.9736842105263157, "LRR": 0.9736842105263157, "LRL": 0.9736842105263157, "LRE": 0.9736842105263157, "LOG_R": 1.0, "RF": 1.0, "SVM": 1.0, "DNN": 1.0}, "1 + 2 + 3": {"AB": 1.0, "AC": 0.0, "DS": 0.3333333333333333, "DT": 1.0, "GM": 0.873015873015873, "GN": 1.0, "GB": 1.0, "KNN": 1.0, "KM": 0.0, "LR": 1.0, "LRR": 1.0, "LRL": 1.0, "LRE": 1.0, "LOG_R": 1.0, "RF": 1.0, "SVM": 1.0, "DNN": 1.0}, "1 + 2 + 4": {"AB": 1.0, "AC": 0.523809523809524, "DS": 0.3333333333333333, "DT": 1.0, "GM": 0.23076923076923075, "GN": 1.0, "GB": 1.0, "KNN": 1.0, "KM": 0.13043478260869565, "LR": 1.0, "LRR": 1.0, "LRL": 1.0, "LRE": 1.0, "LOG_R": 1.0, "RF": 1.0, "SVM": 1.0, "DNN": 1.0}, "1 + 3 + 4": {"AB": 1.0, "AC": 0.6011396011396011, "DS": 0.3333333333333333, "DT": 1.0, "GM": 0.8465473145780052, "GN": 1.0, "GB": 1.0, "KNN": 1.0, "KM": 1.0, "LR": 1.0, "LRR": 1.0, "LRL": 1.0, "LRE": 1.0, "LOG_R": 1.0, "RF": 1.0, "SVM": 1.0, "DNN": 1.0}, "2 + 3 + 4": {"AB": 1.0, "AC": 0.6011396011396011, "DS": 0.3333333333333333, "DT": 1.0, "GM": 0.16666666666666666, "GN": 1.0, "GB": 1.0, "KNN": 1.0, "KM": 1.0, "LR": 1.0, "LRR": 1.0, "LRL": 1.0, "LRE": 1.0, "LOG_R": 1.0, "RF": 1.0, "SVM": 1.0, "DNN": 1.0}, "0 + 1 + 2 + 3": {"AB": 1.0, "AC": 0.0, "DS": 0.3333333333333333, "DT": 1.0, "GM": 0.0, "GN": 1.0, "GB": 1.0, "KNN": 1.0, "KM": 1.0, "LR": 1.0, "LRR": 1.0, "LRL": 1.0, "LRE": 1.0, "LOG_R": 1.0, "RF": 1.0, "SVM": 1.0, "DNN": 1.0}, "0 + 1 + 2 + 4": {"AB": 1.0, "AC": 0.0, "DS": 0.3333333333333333, "DT": 1.0, "GM": 0.7916666666666666, "GN": 1.0, "GB": 1.0, "KNN": 1.0, "KM": 1.0, "LR": 1.0, "LRR": 1.0, "LRL": 1.0, "LRE": 1.0, "LOG_R": 1.0, "RF": 1.0, "SVM": 1.0, "DNN": 1.0}, "0 + 1 + 3 + 4": {"AB": 1.0, "AC": 0.23076923076923075, "DS": 0.3333333333333333, "DT": 1.0, "GM": 0.23076923076923075, "GN": 1.0, "GB": 1.0, "KNN": 1.0, "KM": 1.0, "LR": 1.0, "LRR": 1.0, "LRL": 1.0, "LRE": 1.0, "LOG_R": 1.0, "RF": 1.0, "SVM": 1.0, "DNN": 1.0}, "0 + 2 + 3 + 4": {"AB": 1.0, "AC": 0.7333333333333333, "DS": 0.3333333333333333, "DT": 1.0, "GM": 0.0, "GN": 1.0, "GB": 1.0,