{"0": {"AB": 1.0, "AC": 0.2857142857142857, "DS": 0.3333333333333333, "DT": 1.0, "GM": 1.0, "GN": 1.0, "GB": 1.0, "KNN": 1.0, "KM": 1.0, "LR": 0.898989898989899, "LRR": 1.0, "LRL": 1.0, "LRE": 0.898989898989899, "LOG_R": 1.0, "RF": 1.0, "SVM": 1.0, "DNN": 1.0}, "1": {"AB": 1.0, "AC": 1.0, "DS": 0.3333333333333333, "DT": 1.0, "GM": 0.23076923076923075, "GN": 1.0, "GB": 1.0, "KNN": 1.0, "KM": 1.0, "LR": 1.0, "LRR": 0.9444444444444444, "LRL": 1.0, "LRE": 1.0, "LOG_R": 1.0, "RF": 1.0, "SVM": 1.0, "DNN": 1.0}, "2": {"AB": 1.0, "AC": 0.2, "DS": 0.3333333333333333, "DT": 1.0, "GM": 0.2, "GN": 1.0, "GB": 1.0, "KNN": 1.0, "KM": 0.2, "LR": 1.0, "LRR": 1.0, "LRL": 1.0, "LRE": 1.0, "LOG_R": 1.0, "RF": 1.0, "SVM": 1.0, "DNN": 1.0}, "3": {"AB": 1.0, "AC": 1.0, "DS": 0.0, "DT": 1.0, "GM": 0.0, "GN": 1.0, "GB": 1.0, "KNN": 1.0, "KM": 1.0, "LR": 0.5, "LRR": 0.5, "LRL": 1.0, "LRE": 0.5, "LOG_R": 1.0, "RF": 1.0, "SVM": 1.0, "DNN": 1.0}, "4": {"AB": 1.0, "AC": 1.0, "DS": 0.3333333333333333, "DT": 1.0, "GM": 0.0, "GN": 1.0, "GB": 1.0, "KNN": 1.0, "KM": 0.0, "LR": 1.0, "LRR": 1.0, "LRL": 1.0, "LRE": 1.0, "LOG_R": 1.0, "RF": 1.0, "SVM": 1.0, "DNN": 1.0}, "0 + 1": {"AB": 1.0, "AC": 1.0, "DS": 0.3333333333333333, "DT": 1.0, "GM": 0.0, "GN": 1.0, "GB": 1.0, "KNN": 1.0, "KM": 0.0, "LR": 1.0, "LRR": 1.0, "LRL": 1.0, "LRE": 1.0, "LOG_R": 1.0, "RF": 1.0, "SVM": 1.0, "DNN": 1.0}, "0 + 2": {"AB": 1.0, "AC": 0.2727272727272727, "DS": 0.3333333333333333, "DT": 1.0, "GM": 0.2727272727272727, "GN": 1.0, "GB": 1.0, "KNN": 1.0, "KM": 0.2727272727272727, "LR": 1.0, "LRR": 0.9285714285714286, "LRL": 0.9285714285714286, "LRE": 1.0, "LOG_R": 1.0, "RF": 1.0, "SVM": 1.0, "DNN": 1.0}, "0 + 3": {"AB": 1.0, "AC": 0.0, "DS": 0.0, "DT": 1.0, "GM": 1.0, "GN": 1.0, "GB": 1.0, "KNN": 1.0, "KM": 0.0, "LR": 1.0, "LRR": 1.0, "LRL": 1.0, "LRE": 1.0, "LOG_R": 1.0, "RF": 1.0, "SVM": 1.0, "DNN": 1.0}, "0 + 4": {"AB": 1.0, "AC": 0.14285714285714288, "DS": 0.3333333333333333, "DT": 1.0, "GM": 0.0, "GN": 1.0, "GB": 1.0, "KNN": 1.0, "KM": 0.8285714285714286, "LR": 1.0, "LRR": 1.0, "LRL": 1.0, "LRE": 1.0, "LOG_R": 1.0, "RF": 1.0, "SVM": 1.0, "DNN": 1.0}, "1 + 2": {"AB": 1.0, "AC": 1.0, "DS": 0.3333333333333333, "DT": 1.0, "GM": 1.0, "GN": 1.0, "GB": 1.0, "KNN": 1.0, "KM": 0.0, "LR": 1.0, "LRR": 1.0, "LRL": 1.0, "LRE": 1.0, "LOG_R": 1.0, "RF": 1.0, "SVM": 1.0, "DNN": 1.0}, "1 + 3": {"AB": 1.0, "AC": 1.0, "DS": 0.0, "DT": 1.0, "GM": 0.0, "GN": 1.0, "GB": 1.0, "KNN": 1.0, "KM": 1.0, "LR": 1.0, "LRR": 0.5, "LRL": 1.0, "LRE": 1.0, "LOG_R": 1.0, "RF": 1.0, "SVM": 1.0, "DNN": 0.3333333333333333}, "1 + 4": {"AB": 1.0, "AC": 1.0, "DS": 0.3333333333333333, "DT": 1.0, "GM": 1.0, "GN": 1.0, "GB": 1.0, "KNN": 1.0, "KM": 0.0, "LR": 0.9, "LRR": 0.9, "LRL": 0.9, "LRE": 0.9, "LOG_R": 1.0, "RF": 1.0, "SVM": 1.0, "DNN": 1.0}, "2 + 3": {"AB": 1.0, "AC": 1.0, "DS": 0.0, "DT": 1.0, "GM": 0.0, "GN": 1.0, "GB": 1.0, "KNN": 1.0, "KM": 1.0, "LR": 1.0, "LRR": 1.0, "LRL": 1.0, "LRE": 1.0, "LOG_R": 1.0, "RF": 1.0, "SVM": 1.0, "DNN": 1.0}, "2 + 4": {"AB": 1.0, "AC": 0.25, "DS": 0.3333333333333333, "DT": 1.0, "GM": 0.25, "GN": 1.0, "GB": 1.0, "KNN": 1.0, "KM": 0.25, "LR": 0.6785714285714285, "LRR": 1.0, "LRL": 1.0, "LRE": 1.0, "LOG_R": 1.0, "RF": 1.0, "SVM": 1.0, "DNN": 1.0}, "3 + 4": {"AB": 1.0, "AC": 1.0, "DS": 0.0, "DT": 1.0, "GM": 0.0, "GN": 1.0, "GB": 1.0, "KNN": 1.0, "KM": 1.0, "LR": 1.0, "LRR": 1.0, "LRL": 1.0, "LRE": 1.0, "LOG_R": 1.0, "RF": 1.0, "SVM": 1.0, "DNN": 1.0}, "0 + 1 + 2": {"AB": 1.0, "AC": 1.0, "DS": 0.3333333333333333, "DT": 1.0, "GM": 1.0, "GN": 1.0, "GB": 1.0, "KNN": 1.0, "KM": 0.0, "LR": 0.873015873015873, "LRR": 1.0, "LRL": 1.0, "LRE": 1.0, "LOG_R": 1.0, "RF": 1.0, "SVM": 1.0, "DNN": 1.0}, "0 + 1 + 3": {"AB": 1.0, "AC": 0.0, "DS": 0.0, "DT": 1.0, "GM": 1.0, "GN": 1.0, "GB": 1.0, "KNN": 1.0, "KM": 0.0, "LR": 1.0, "LRR": 1.0, "LRL": 1.0, "LRE": 1.0, "LOG_R": 1.0, "RF": 1.0, "SVM": 1.0, "DNN": 1.0}, "0 + 1 + 4": {"AB": 1.0, "AC": 1.0, "DS": 0.3333333333333333, "DT": 1.0, "GM": 1.0, "GN": 1.0, "GB": 1.0, "KNN": 1.0, "KM": 0.0, "LR": 1.0, "LRR": 1.0, "LRL": 1.0, "LRE": 1.0, "LOG_R": 1.0, "RF": 1.0, "SVM": 1.0, "DNN": 1.0}, "0 + 2 + 3": {"AB": 1.0, "AC": 1.0, "DS": 0.0, "DT": 1.0, "GM": 0.0, "GN": 1.0, "GB": 1.0, "KNN": 1.0, "KM": 1.0, "LR": 1.0, "LRR": 0.5, "LRL": 0.5, "LRE": 0.5, "LOG_R": 1.0, "RF": 1.0, "SVM": 1.0, "DNN": 1.0}, "0 + 2 + 4": {"AB": 1.0, "AC": 1.0, "DS": 0.3333333333333333, "DT": 1.0, "GM": 0.0, "GN": 1.0, "GB": 1.0, "KNN": 1.0, "KM": 1.0, "LR": 1.0, "LRR": 1.0, "LRL": 1.0, "LRE": 1.0, "LOG_R": 1.0, "RF": 1.0, "SVM": 1.0, "DNN": 1.0}, "0 + 3 + 4": {"AB": 1.0, "AC": 1.0, "DS": 0.0, "DT": 1.0, "GM": 0.0, "GN": 1.0, "GB": 1.0, "KNN": 1.0, "KM": 1.0, "LR": 1.0, "LRR": 1.0, "LRL": 1.0, "LRE": 1.0, "LOG_R": 1.0, "RF": 1.0, "SVM": 1.0, "DNN": 1.0}, "1 + 2 + 3": {"AB": 1.0, "AC": 1.0, "DS": 0.0, "DT": 1.0, "GM": 0.0, "GN": 1.0, "GB": 1.0, "KNN": 1.0, "KM": 1.0, "LR": 1.0, "LRR": 1.0, "LRL": 1.0, "LRE": 1.0, "LOG_R": 1.0, "RF": 1.0, "SVM": 1.0, "DNN": 0.3333333333333333}, "1 + 2 + 4": {"AB": 1.0, "AC": 1.0, "DS": 0.3333333333333333, "DT": 1.0, "GM": 0.0, "GN": 1.0, "GB": 1.0, "KNN": 1.0, "KM": 0.0, "LR": 0.9, "LRR": 1.0, "LRL": 1.0, "LRE": 1.0, "LOG_R": 1.0, "RF": 1.0, "SVM": 1.0, "DNN": 1.0}, "1 + 3 + 4": {"AB": 1.0, "AC": 0.0, "DS": 0.0, "DT": 1.0, "GM": 1.0, "GN": 1.0, "GB": 1.0, "KNN": 1.0, "KM": 0.0, "LR": 1.0, "LRR": 1.0, "LRL": 1.0, "LRE": 1.0, "LOG_R": 1.0, "RF": 1.0, "SVM": 1.0, "DNN": 1.0}, "2 + 3 + 4": {"AB": 1.0, "AC": 0.0, "DS": 0.0, "DT": 1.0, "GM": 1.0, "GN": 1.0, "GB": 1.0, "KNN": 1.0, "KM": 0.0, "LR": 1.0, "LRR": 1.0, "LRL": 1.0, "LRE": 1.0, "LOG_R": 1.0, "RF": 1.0, "SVM": 1.0, "DNN": 1.0}, "0 + 1 + 2 + 3": {"AB": 1.0, "AC": 1.0, "DS": 0.0, "DT": 1.0, "GM": 0.0, "GN": 1.0, "GB": 1.0, "KNN": 1.0, "KM": 1.0, "LR": 0.5, "LRR": 0.5, "LRL": 1.0, "LRE": 0.5, "LOG_R": 1.0, "RF": 1.0, "SVM": 1.0, "DNN": 1.0}, "0 + 1 + 2 + 4": {"AB": 1.0, "AC": 1.0, "DS": 0.3333333333333333, "DT": 0.8285714285714286, "GM": 1.0, "GN": 1.0, "GB": 1.0, "KNN": 1.0, "KM": 0.0, "LR": 1.0, "LRR": 1.0, "LRL": 1.0, "LRE": 1.0, "LOG_R": 1.0, "RF": 1.0, "SVM": 1.0, "DNN": 1.0}, "0 + 1 + 3 + 4": {"AB": 1.0, "AC": 0.0, "DS": 0.0, "DT": 1.0, "GM": 1.0, "GN": 1.0, "GB": 1.0, "KNN": 1.0, "KM": 0.0, "LR": 1.0, "LRR": 1.0, "LRL": 1.0, "LRE": 1.0, "LOG_R": 1.0, "RF": 1.0, "SVM": 1.0, "DNN": 1.0}, "0 + 2 + 3 + 4": {"AB": 1.0, "AC": 0.0, "DS": 0.0, "DT": 1.0, "GM": 1.0, "GN": 1.0, "GB": 1.0, "KNN": 1.0, "KM": 0.0, "LR": 1.0, "LRR": 1.0, "LRL": 1.0, "LRE": 1.0, "LOG_R": 1.0, "RF": 1.0, "SVM": 1.0, "DNN": 1.0}, "1 + 2 + 3 + 4": {"AB": 1.0, "AC": 0.0, "DS": 0.0, "DT": 1.0, "GM": 1.0, "GN": 1.0, "GB": 1.0, "KNN": 1.0, "KM": 0.0, "LR": 1.0, "LRR": 1.0, "LRL": 1.0, "LRE": 1.0, "LOG_R": 1.0, "RF": 1.0, "SVM": 1.0, "DNN": 1.0}, "0 + 1 + 2 + 3 + 4": {"AB": 1.0, "AC": 0.0, "DS": 0.0, "DT": 1.0, "GM": 1.0, "GN": 1.0, "GB": 1.0, "KNN": 1.0, "KM": 0.0, "LR": 1.0, "LRR": 1.0, "LRL": 1.0, "LRE": 1.0, "LOG_R": 1.0, "RF": 1.0, "SVM": 1.0, "DNN": 1.0}}