{"0": {"AB": 1.0, "AC": 0.34627357626808275, "DS": 0.3333333333333333, "DT": 1.0, "GM": 0.3589568851937668, "GN": 1.0, "GB": 1.0, "KNN": 1.0, "KM": 0.08108108108108107, "LR": 0.9758933635847985, "LRR": 0.9758933635847985, "LRL": 0.9758933635847985, "LRE": 0.9758933635847985, "LOG_R": 0.988233665559247, "RF": 1.0, "SVM": 1.0, "DNN": 0.988233665559247}, "1": {"AB": 1.0, "AC": 0.34879454926624737, "DS": 0.3333333333333333, "DT": 1.0, "GM": 0.39304625199362037, "GN": 1.0, "GB": 1.0, "KNN": 1.0, "KM": 0.9434825870646766, "LR": 0.9782553213210148, "LRR": 0.9782553213210148, "LRL": 0.9782553213210148, "LRE": 0.9782553213210148, "LOG_R": 0.9929573972127164, "RF": 1.0, "SVM": 1.0, "DNN": 0.9929573972127164}, "2": {"AB": 1.0, "AC": 0.34858235106721885, "DS": 0.3333333333333333, "DT": 1.0, "GM": 0.5192263412387751, "GN": 1.0, "GB": 1.0, "KNN": 1.0, "KM": 0.9442724458204333, "LR": 0.960939041231012, "LRR": 0.960939041231012, "LRL": 0.960939041231012, "LRE": 0.960939041231012, "LOG_R": 1.0, "RF": 1.0, "SVM": 1.0, "DNN": 0.98610843141038}, "3": {"AB": 1.0, "AC": 0.9511031604054859, "DS": 0.3333333333333333, "DT": 1.0, "GM": 0.3333333333333333, "GN": 1.0, "GB": 1.0, "KNN": 1.0, "KM": 0.9755952380952382, "LR": 0.9755952380952382, "LRR": 0.9755952380952382, "LRL": 0.9755952380952382, "LRE": 0.9755952380952382, "LOG_R": 0.987803064108285, "RF": 1.0, "SVM": 1.0, "DNN": 0.987803064108285}, "4": {"AB": 1.0, "AC": 0.552178318135765, "DS": 0.3333333333333333, "DT": 1.0, "GM": 0.3652050919377652, "GN": 1.0, "GB": 1.0, "KNN": 1.0, "KM": 0.9852909366212416, "LR": 0.9852909366212416, "LRR": 0.9852909366212416, "LRL": 0.9852909366212416, "LRE": 0.9852909366212416, "LOG_R": 0.9852909366212416, "RF": 1.0, "SVM": 1.0, "DNN": 0.9852909366212416}, "0 + 1": {"AB": 1.0, "AC": 0.34879454926624737, "DS": 0.3333333333333333, "DT": 1.0, "GM": 0.34879454926624737, "GN": 1.0, "GB": 1.0, "KNN": 1.0, "KM": 0.013888888888888888, "LR": 1.0, "LRR": 1.0, "LRL": 1.0, "LRE": 1.0, "LOG_R": 1.0, "RF": 1.0, "SVM": 1.0, "DNN": 1.0}, "0 + 2": {"AB": 1.0, "AC": 0.34858235106721885, "DS": 0.3333333333333333, "DT": 1.0, "GM": 0.4197802197802198, "GN": 1.0, "GB": 1.0, "KNN": 1.0, "KM": 0.006896551724137931, "LR": 0.9895094706168044, "LRR": 0.9895094706168044, "LRL": 0.9895094706168044, "LRE": 0.9895094706168044, "LOG_R": 1.0, "RF": 1.0, "SVM": 1.0, "DNN": 0.9930552206414275}, "0 + 3": {"AB": 1.0, "AC": 0.19607843137254902, "DS": 0.3333333333333333, "DT": 1.0, "GM": 0.2931034482758621, "GN": 1.0, "GB": 1.0, "KNN": 1.0, "KM": 0.02380952380952381, "LR": 0.987803064108285, "LRR": 0.987803064108285, "LRL": 0.987803064108285, "LRE": 0.987803064108285, "LOG_R": 0.987803064108285, "RF": 1.0, "SVM": 1.0, "DNN": 0.987803064108285}, "0 + 4": {"AB": 1.0, "AC": 0.47872059212265394, "DS": 0.3333333333333333, "DT": 1.0, "GM": 0.5286264441591785, "GN": 1.0, "GB": 1.0, "KNN": 1.0, "KM": 0.9852909366212416, "LR": 0.9776021080368906, "LRR": 0.9776021080368906, "LRL": 0.9776021080368906, "LRE": 0.9776021080368906, "LOG_R": 0.9852909366212416, "RF": 1.0, "SVM": 1.0, "DNN": 0.9852909366212416}, "1 + 2": {"AB": 1.0, "AC": 0.34879454926624737, "DS": 0.3333333333333333, "DT": 1.0, "GM": 0.0, "GN": 1.0, "GB": 1.0, "KNN": 1.0, "KM": 0.0, "LR": 0.9928571428571429, "LRR": 0.9928571428571429, "LRL": 0.9928571428571429, "LRE": 0.9928571428571429, "LOG_R": 1.0, "RF": 1.0, "SVM": 1.0, "DNN": 1.0}, "1 + 3": {"AB": 1.0, "AC": 0.595784463708992, "DS": 0.3333333333333333, "DT": 1.0, "GM": 1.0, "GN": 1.0, "GB": 1.0, "KNN": 1.0, "KM": 1.0, "LR": 1.0, "LRR": 1.0, "LRL": 1.0, "LRE": 1.0, "LOG_R": 1.0, "RF": 1.0, "SVM": 1.0, "DNN": 1.0}, "1 + 4": {"AB": 1.0, "AC": 0.3652050919377652, "DS": 0.3333333333333333, "DT": 1.0, "GM": 0.0, "GN": 1.0, "GB": 1.0, "KNN": 1.0, "KM": 0.0, "LR": 0.9925373134328358, "LRR": 0.9925373134328358, "LRL": 0.9925373134328358, "LRE": 0.9925373134328358, "LOG_R": 1.0, "RF": 1.0, "SVM": 1.0, "DNN": 1.0}, "2 + 3": {"AB": 1.0, "AC": 0.6134680134680135, "DS": 0.3333333333333333, "DT": 1.0, "GM": 0.987803064108285, "GN": 1.0, "GB": 1.0, "KNN": 1.0, "KM": 1.0, "LR": 1.0, "LRR": 1.0, "LRL": 1.0, "LRE": 1.0, "LOG_R": 1.0, "RF": 1.0, "SVM": 1.0, "DNN": 1.0}, "2 + 4": {"AB": 1.0, "AC": 0.3652050919377652, "DS": 0.3333333333333333, "DT": 1.0, "GM": 0.618070818070818, "GN": 1.0, "GB": 1.0, "KNN": 1.0, "KM": 0.0, "LR": 0.9925373134328358, "LRR": 0.9925373134328358, "LRL": 0.9925373134328358, "LRE": 0.9925373134328358, "LOG_R": 1.0, "RF": 1.0, "SVM": 1.0, "DNN": 1.0}, "3 + 4": {"AB": 1.0, "AC": 0.3652050919377652, "DS": 0.3333333333333333, "DT": 1.0, "GM": 0.32, "GN": 1.0, "GB": 1.0, "KNN": 1.0, "KM": 0.9705627705627705, "LR": 0.9852909366212416, "LRR": 0.9852909366212416, "LRL": 0.9852909366212416, "LRE": 0.9852909366212416, "LOG_R": 0.9852909366212416, "RF": 1.0, "SVM": 1.0, "DNN": 0.9852909366212416}, "0 + 1 + 2": {"AB": 1.0, "AC": 0.34879454926624737, "DS": 0.3333333333333333, "DT": 1.0, "GM": 0.9929573972127164, "GN": 1.0, "GB": 1.0, "KNN": 1.0, "KM": 1.0, "LR": 1.0, "LRR": 1.0, "LRL": 0.9964539007092198, "LRE": 1.0, "LOG_R": 1.0, "RF": 1.0, "SVM": 1.0, "DNN": 1.0}, "0 + 1 + 3": {"AB": 1.0, "AC": 0.3598750975800156, "DS": 0.3333333333333333, "DT": 1.0, "GM": 0.0, "GN": 1.0, "GB": 1.0, "KNN": 1.0, "KM": 0.0, "LR": 0.987803064108285, "LRR": 0.987803064108285, "LRL": 0.987803064108285, "LRE": 0.987803064108285, "LOG_R": 1.0, "RF": 1.0, "SVM": 1.0, "DNN": 1.0}, "0 + 1 + 4": {"AB": 1.0, "AC": 0.0, "DS": 0.3333333333333333, "DT": 1.0, "GM": 1.0, "GN": 1.0, "GB": 1.0, "KNN": 1.0, "KM": 1.0, "LR": 0.9848484848484849, "LRR": 0.9848484848484849, "LRL": 0.9848484848484849, "LRE": 0.9848484848484849, "LOG_R": 1.0, "RF": 1.0, "SVM": 1.0, "DNN": 1.0}, "0 + 2 + 3": {"AB": 1.0, "AC": 0.3598750975800156, "DS": 0.3333333333333333, "DT": 1.0, "GM": 0.2807017543859649, "GN": 1.0, "GB": 1.0, "KNN": 1.0, "KM": 0.012048192771084338, "LR": 0.9814759036144578, "LRR": 0.9814759036144578, "LRL": 0.9814759036144578, "LRE": 0.9814759036144578, "LOG_R": 0.987803064108285, "RF": 1.0, "SVM": 1.0, "DNN": 0.987803064108285}, "0 + 2 + 4": {"AB": 1.0, "AC": 0.3652050919377652, "DS": 0.3333333333333333, "DT": 1.0, "GM": 0.0, "GN": 1.0, "GB": 1.0, "KNN": 1.0, "KM": 1.0, "LR": 0.9769230769230769, "LRR": 0.9769230769230769, "LRL": 0.9769230769230769, "LRE": 0.9769230769230769, "LOG_R": 1.0, "RF": 1.0, "SVM": 1.0, "DNN": 1.0}, "0 + 3 + 4": {"AB": 1.0, "AC": 0.3652050919377652, "DS": 0.3333333333333333, "DT": 1.0, "GM": 0.4522019334049409, "GN": 1.0, "GB": 1.0, "KNN": 1.0, "KM": 0.0, "LR": 0.9848484848484849, "LRR": 0.9848484848484849, "LRL": 0.9848484848484849, "LRE": 0.9848484848484849, "LOG_R": 1.0, "RF": 1.0, "SVM": 1.0, "DNN": 1.0}, "1 + 2 + 3": {"AB": 1.0, "AC": 0.3853546031135883, "DS": 0.3333333333333333, "DT": 1.0, "GM": 1.0, "GN": 1.0, "GB": 1.0, "KNN": 1.0, "KM": 0.0, "LR": 0.9814759036144578, "LRR": 0.9814759036144578, "LRL": 0.9814759036144578, "LRE": 0.9814759036144578, "LOG_R": 1.0, "RF": 1.0, "SVM": 1.0, "DNN": 1.0}, "1 + 2 + 4": {"AB": 1.0, "AC": 0.47872059212265394, "DS": 0.3333333333333333, "DT": 1.0, "GM": 1.0, "GN": 1.0, "GB": 1.0, "KNN": 1.0, "KM": 0.0, "LR": 0.9925373134328358, "LRR": 0.9925373134328358, "LRL": 1.0, "LRE": 0.9925373134328358, "LOG_R": 1.0, "RF": 1.0, "SVM": 1.0, "DNN": 1.0}, "1 + 3 + 4": {"AB": 1.0, "AC": 0.0, "DS": 0.3333333333333333, "DT": 1.0, "GM": 0.0, "GN": 1.0, "GB": 1.0, "KNN": 1.0, "KM": 0.0, "LR": 0.9925373134328358, "LRR": 0.9925373134328358, "LRL": 0.9925373134328358, "LRE": 0.9925373134328358, "LOG_R": 1.0, "RF": 1.0, "SVM": 1.0, "DNN": 1.0}, "2 + 3 + 4": {"AB": 1.0, "AC": 0.3652050919377652, "DS": 0.3333333333333333, "DT": 1.0, "GM": 0.5286264441591785, "GN": 1.0, "GB": 1.0, "KNN": 0.9852909366212416, "KM": 0.014492753623188404, "LR": 0.9776021080368906, "LRR": 0.9696767001114827, "LRL": 0.9776021080368906, "LRE": 0.9696767001114827, "LOG_R": 0.9852909366212416, "RF": 1.0, "SVM": 1.0, "DNN": 0.9852909366212416}, "0 + 1 + 2 + 3": {"AB": 1.0, "AC": 0.3853546031135883, "DS": 0.3333333333333333, "DT": 1.0,