{"0": {"AB": 1.0, "AC": 0.35837924601969545, "DS": 0.3333333333333333, "DT": 1.0, "GM": 0.4602448979591838, "GN": 1.0, "GB": 1.0, "KNN": 1.0, "KM": 0.03867403314917127, "LR": 0.9971098265895956, "LRR": 0.9971098265895956, "LRL": 0.9971098265895956, "LRE": 0.9971098265895956, "LOG_R": 1.0, "RF": 1.0, "SVM": 1.0, "DNN": 1.0}, "1": {"AB": 0.9883705206220419, "AC": 0.4064872325741891, "DS": 0.3333333333333333, "DT": 1.0, "GM": 0.45094086021505375, "GN": 1.0, "GB": 1.0, "KNN": 1.0, "KM": 0.9883705206220419, "LR": 0.9691358024691359, "LRR": 0.9691358024691359, "LRL": 0.9756097560975611, "LRE": 0.9691358024691359, "LOG_R": 1.0, "RF": 1.0, "SVM": 1.0, "DNN": 1.0}, "2": {"AB": 1.0, "AC": 0.5418181818181818, "DS": 0.3333333333333333, "DT": 1.0, "GM": 0.5847382431233363, "GN": 1.0, "GB": 1.0, "KNN": 1.0, "KM": 0.5418181818181818, "LR": 0.8500000000000001, "LRR": 0.8693548387096774, "LRL": 0.8693548387096774, "LRE": 0.8693548387096774, "LOG_R": 1.0, "RF": 1.0, "SVM": 1.0, "DNN": 1.0}, "3": {"AB": 1.0, "AC": 0.4135338345864662, "DS": 0.3333333333333333, "DT": 1.0, "GM": 0.4135338345864662, "GN": 1.0, "GB": 1.0, "KNN": 0.9807621161672215, "KM": 0.4135338345864662, "LR": 0.931060606060606, "LRR": 0.931060606060606, "LRL": 0.931060606060606, "LRE": 0.931060606060606, "LOG_R": 0.9807621161672215, "RF": 1.0, "SVM": 0.9807621161672215, "DNN": 0.9421150278293136}, "4": {"AB": 1.0, "AC": 0.39225422045680236, "DS": 0.3333333333333333, "DT": 1.0, "GM": 0.4714657826189913, "GN": 1.0, "GB": 1.0, "KNN": 1.0, "KM": 0.39225422045680236, "LR": 0.9476961394769615, "LRR": 0.9476961394769615, "LRL": 0.9476961394769615, "LRE": 0.962686567164179, "LOG_R": 1.0, "RF": 1.0, "SVM": 1.0, "DNN": 1.0}, "0 + 1": {"AB": 1.0, "AC": 0.3586647727272727, "DS": 0.3333333333333333, "DT": 1.0, "GM": 0.2892561983471074, "GN": 1.0, "GB": 1.0, "KNN": 1.0, "KM": 0.9767316017316019, "LR": 0.9883705206220419, "LRR": 0.9883705206220419, "LRL": 0.9883705206220419, "LRE": 0.9883705206220419, "LOG_R": 1.0, "RF": 1.0, "SVM": 1.0, "DNN": 1.0}, "0 + 2": {"AB": 1.0, "AC": 0.4461538461538461, "DS": 0.3333333333333333, "DT": 1.0, "GM": 0.30769230769230765, "GN": 1.0, "GB": 1.0, "KNN": 1.0, "KM": 0.4461538461538461, "LR": 0.9570747217806042, "LRR": 0.9570747217806042, "LRL": 0.9570747217806042, "LRE": 0.9570747217806042, "LOG_R": 1.0, "RF": 1.0, "SVM": 1.0, "DNN": 1.0}, "0 + 3": {"AB": 1.0, "AC": 0.4135338345864662, "DS": 0.3333333333333333, "DT": 1.0, "GM": 0.4135338345864662, "GN": 1.0, "GB": 1.0, "KNN": 1.0, "KM": 0.4135338345864662, "LR": 0.9901960784313725, "LRR": 0.9901960784313725, "LRL": 0.9901960784313725, "LRE": 0.9901960784313725, "LOG_R": 1.0, "RF": 1.0, "SVM": 1.0, "DNN": 1.0}, "0 + 4": {"AB": 1.0, "AC": 0.39225422045680236, "DS": 0.3333333333333333, "DT": 1.0, "GM": 0.28, "GN": 1.0, "GB": 1.0, "KNN": 1.0, "KM": 0.873015873015873, "LR": 0.9857142857142855, "LRR": 0.9857142857142855, "LRL": 0.9857142857142855, "LRE": 0.9857142857142855, "LOG_R": 1.0, "RF": 1.0, "SVM": 1.0, "DNN": 1.0}, "1 + 2": {"AB": 1.0, "AC": 0.39225422045680236, "DS": 0.3333333333333333, "DT": 1.0, "GM": 0.625, "GN": 1.0, "GB": 1.0, "KNN": 1.0, "KM": 0.32075471698113206, "LR": 0.9545454545454545, "LRR": 0.9545454545454545, "LRL": 0.9545454545454545, "LRE": 0.9545454545454545, "LOG_R": 1.0, "RF": 1.0, "SVM": 1.0, "DNN": 1.0}, "1 + 3": {"AB": 0.9807621161672215, "AC": 0.4135338345864662, "DS": 0.3333333333333333, "DT": 1.0, "GM": 0.4846846846846847, "GN": 1.0, "GB": 1.0, "KNN": 1.0, "KM": 0.4135338345864662, "LR": 0.970566037735849, "LRR": 0.970566037735849, "LRL": 0.970566037735849, "LRE": 0.970566037735849, "LOG_R": 1.0, "RF": 1.0, "SVM": 1.0, "DNN": 1.0}, "1 + 4": {"AB": 1.0, "AC": 0.36347562515786813, "DS": 0.3333333333333333, "DT": 1.0, "GM": 0.28, "GN": 1.0, "GB": 1.0, "KNN": 1.0, "KM": 0.0, "LR": 0.9491730536506656, "LRR": 0.9491730536506656, "LRL": 0.9705882352941175, "LRE": 0.9491730536506656, "LOG_R": 1.0, "RF": 1.0, "SVM": 1.0, "DNN": 1.0}, "2 + 3": {"AB": 1.0, "AC": 0.39225422045680236, "DS": 0.3333333333333333, "DT": 1.0, "GM": 0.4957983193277311, "GN": 1.0, "GB": 1.0, "KNN": 1.0, "KM": 0.4957983193277311, "LR": 0.9857142857142855, "LRR": 0.9857142857142855, "LRL": 0.9857142857142855, "LRE": 0.9857142857142855, "LOG_R": 1.0, "RF": 1.0, "SVM": 1.0, "DNN": 1.0}, "2 + 4": {"AB": 1.0, "AC": 0.39225422045680236, "DS": 0.3333333333333333, "DT": 1.0, "GM": 0.39225422045680236, "GN": 1.0, "GB": 1.0, "KNN": 1.0, "KM": 0.39225422045680236, "LR": 0.9705882352941175, "LRR": 0.9705882352941175, "LRL": 0.9705882352941175, "LRE": 0.9705882352941175, "LOG_R": 1.0, "RF": 1.0, "SVM": 1.0, "DNN": 1.0}, "3 + 4": {"AB": 1.0, "AC": 0.4135338345864662, "DS": 0.3333333333333333, "DT": 1.0, "GM": 0.4135338345864662, "GN": 1.0, "GB": 1.0, "KNN": 1.0, "KM": 0.4135338345864662, "LR": 0.9901960784313725, "LRR": 0.9901960784313725, "LRL": 0.9901960784313725, "LRE": 0.9901960784313725, "LOG_R": 1.0, "RF": 1.0, "SVM": 1.0, "DNN": 1.0}, "0 + 1 + 2": {"AB": 1.0, "AC": 0.5418181818181818, "DS": 0.3333333333333333, "DT": 1.0, "GM": 0.2, "GN": 1.0, "GB": 1.0, "KNN": 1.0, "KM": 0.02702702702702703, "LR": 0.9857142857142855, "LRR": 0.9857142857142855, "LRL": 0.9857142857142855, "LRE": 0.9857142857142855, "LOG_R": 1.0, "RF": 1.0, "SVM": 1.0, "DNN": 0.9722007722007722}, "0 + 1 + 3": {"AB": 1.0, "AC": 0.4135338345864662, "DS": 0.3333333333333333, "DT": 1.0, "GM": 0.5486111111111112, "GN": 1.0, "GB": 1.0, "KNN": 1.0, "KM": 0.27777777777777773, "LR": 0.98, "LRR": 0.98, "LRL": 0.98, "LRE": 0.98, "LOG_R": 1.0, "RF": 1.0, "SVM": 1.0, "DNN": 1.0}, "0 + 1 + 4": {"AB": 1.0, "AC": 0.36347562515786813, "DS": 0.3333333333333333, "DT": 1.0, "GM": 0.36347562515786813, "GN": 1.0, "GB": 1.0, "KNN": 1.0, "KM": 0.02702702702702703, "LR": 0.9857142857142855, "LRR": 0.9857142857142855, "LRL": 0.9857142857142855, "LRE": 0.9857142857142855, "LOG_R": 1.0, "RF": 1.0, "SVM": 1.0, "DNN": 1.0}, "0 + 2 + 3": {"AB": 1.0, "AC": 0.39225422045680236, "DS": 0.3333333333333333, "DT": 1.0, "GM": 0.7333333333333333, "GN": 1.0, "GB": 1.0, "KNN": 1.0, "KM": 1.0, "LR": 0.9545454545454545, "LRR": 0.9545454545454545, "LRL": 0.9857142857142855, "LRE": 0.9545454545454545, "LOG_R": 1.0, "RF": 1.0, "SVM": 1.0, "DNN": 1.0}, "0 + 2 + 4": {"AB": 1.0, "AC": 0.39225422045680236, "DS": 0.3333333333333333, "DT": 1.0, "GM": 0.25, "GN": 1.0, "GB": 1.0, "KNN": 1.0, "KM": 0.9722007722007722, "LR": 0.9857142857142855, "LRR": 0.9857142857142855, "LRL": 0.9857142857142855, "LRE": 0.9857142857142855, "LOG_R": 1.0, "RF": 1.0, "SVM": 1.0, "DNN": 1.0}, "0 + 3 + 4": {"AB": 1.0, "AC": 0.5174547061422891, "DS": 0.3333333333333333, "DT": 1.0, "GM": 0.2676056338028169, "GN": 1.0, "GB": 1.0, "KNN": 1.0, "KM": 0.5174547061422891, "LR": 0.9901960784313725, "LRR": 0.9901960784313725, "LRL": 0.98, "LRE": 0.9901960784313725, "LOG_R": 1.0, "RF": 1.0, "SVM": 1.0, "DNN": 1.0}, "1 + 2 + 3": {"AB": 1.0, "AC": 0.4957983193277311, "DS": 0.3333333333333333, "DT": 1.0, "GM": 0.4957983193277311, "GN": 1.0, "GB": 1.0, "KNN": 1.0, "KM": 0.29411764705882354, "LR": 0.9239864864864865, "LRR": 0.9545454545454545, "LRL": 0.9705882352941175, "LRE": 0.9545454545454545, "LOG_R": 1.0, "RF": 1.0, "SVM": 1.0, "DNN": 1.0}, "1 + 2 + 4": {"AB": 1.0, "AC": 0.39225422045680236, "DS": 0.3333333333333333, "DT": 1.0, "GM": 0.0, "GN": 1.0, "GB": 1.0, "KNN": 1.0, "KM": 0.0, "LR": 0.9442724458204333, "LRR": 0.9442724458204333, "LRL": 0.9857142857142855, "LRE": 0.9442724458204333, "LOG_R": 1.0, "RF": 1.0, "SVM": 1.0, "DNN": 1.0}, "1 + 3 + 4": {"AB": 1.0, "AC": 0.3746993746993747, "DS": 0.3333333333333333, "DT": 1.0, "GM": 0.4501149425287357, "GN": 1.0, "GB": 1.0, "KNN": 1.0, "KM": 1.0, "LR": 0.9901960784313725, "LRR": 0.9901960784313725, "LRL": 0.9901960784313725, "LRE": 0.9901960784313725, "LOG_R": 1.0, "RF": 1.0, "SVM": 1.0, "DNN": 1.0}, "2 + 3 + 4": {"AB": 1.0, "AC": 0.39225422045680236, "DS": 0.3333333333333333, "DT": 1.0, "GM": 0.4957983193277311, "GN": 1.0, "GB": 1.0, "KNN": 1.0, "KM": 0.29411764705882354, "LR": 0.9857142857142855, "LRR": 0.9857142857142855,