{"0": {"AB": 0.0, "AC": 0.0, "DS": 0.0, "DT": 0.0, "GM": 0.0, "GN": 0.0, "GB": 0.0, "KNN": 0.0, "KM": 0.0, "LR": 0.0, "LRR": 0.0, "LRL": 0.0, "LRE": 0.0, "LOG_R": 0.0, "RF": 0.0, "SVM": 0.0, "DNN": 0.0}, "1": {"AB": 0.0, "AC": 0.0, "DS": 0.0, "DT": 0.0, "GM": 0.0, "GN": 0.0, "GB": 0.0, "KNN": 0.0, "KM": 0.0, "LR": 0.0, "LRR": 0.0, "LRL": 0.0, "LRE": 0.0, "LOG_R": 0.0, "RF": 0.0, "SVM": 0.0, "DNN": 0.0}, "2": {"AB": 0.0, "AC": 0.0, "DS": 0.0, "DT": 0.0, "GM": 0.0, "GN": 0.0, "GB": 0.0, "KNN": 0.0, "KM": 0.0, "LR": 0.0, "LRR": 0.0, "LRL": 0.0, "LRE": 0.0, "LOG_R": 0.0, "RF": 0.0, "SVM": 0.0, "DNN": 0.0}, "3": {"AB": 0.0, "AC": 0.0, "DS": 0.0, "DT": 0.0, "GM": 0.0, "GN": 0.0, "GB": 0.0, "KNN": 0.0, "KM": 0.0, "LR": 0.0, "LRR": 0.0, "LRL": 0.0, "LRE": 0.0, "LOG_R": 0.0, "RF": 0.0, "SVM": 0.0, "DNN": 0.0}, "4": {"AB": 0.0, "AC": 0.0, "DS": 0.0, "DT": 0.0, "GM": 0.0, "GN": 0.0, "GB": 0.0, "KNN": 0.0, "KM": 0.0, "LR": 0.0, "LRR": 0.0, "LRL": 0.0, "LRE": 0.0, "LOG_R": 0.0, "RF": 0.0, "SVM": 0.0, "DNN": 0.0}, "0 + 1": {"AB": 0.03521682647588939, "AC": 0.03521682647588939, "DS": 0.03521682647588939, "DT": 0.03521682647588939, "GM": 0.03521682647588939, "GN": 0.03521682647588939, "GB": 0.03521682647588939, "KNN": 0.03521682647588939, "KM": 0.03521682647588939, "LR": 0.03521682647588939, "LRR": 0.03521682647588939, "LRL": 0.03521682647588939, "LRE": 0.03521682647588939, "LOG_R": 0.03521682647588939, "RF": 0.03521682647588939, "SVM": 0.03521682647588939, "DNN": 0.03521682647588939}, "0 + 2": {"AB": 0.04396866975318604, "AC": 0.04396866975318604, "DS": 0.04396866975318604, "DT": 0.04396866975318604, "GM": 0.04396866975318604, "GN": 0.04396866975318604, "GB": 0.04396866975318604, "KNN": 0.04396866975318604, "KM": 0.04396866975318604, "LR": 0.04396866975318604, "LRR": 0.04396866975318604, "LRL": 0.04396866975318604, "LRE": 0.04396866975318604, "LOG_R": 0.04396866975318604, "RF": 0.04396866975318604, "SVM": 0.04396866975318604, "DNN": 0.04396866975318604}, "0 + 3": {"AB": 0.05983302356749809, "AC": 0.05983302356749809, "DS": 0.05983302356749809, "DT": 0.05983302356749809, "GM": 0.05983302356749809, "GN": 0.05983302356749809, "GB": 0.05983302356749809, "KNN": 0.05983302356749809, "KM": 0.05983302356749809, "LR": 0.05983302356749809, "LRR": 0.05983302356749809, "LRL": 0.05983302356749809, "LRE": 0.05983302356749809, "LOG_R": 0.05983302356749809, "RF": 0.05983302356749809, "SVM": 0.05983302356749809, "DNN": 0.05983302356749809}, "0 + 4": {"AB": 0.060004532835586946, "AC": 0.060004532835586946, "DS": 0.060004532835586946, "DT": 0.060004532835586946, "GM": 0.060004532835586946, "GN": 0.060004532835586946, "GB": 0.060004532835586946, "KNN": 0.060004532835586946, "KM": 0.060004532835586946, "LR": 0.060004532835586946, "LRR": 0.060004532835586946, "LRL": 0.060004532835586946, "LRE": 0.060004532835586946, "LOG_R": 0.060004532835586946, "RF": 0.060004532835586946, "SVM": 0.060004532835586946, "DNN": 0.060004532835586946}, "1 + 2": {"AB": 0.008751843277296653, "AC": 0.008751843277296653, "DS": 0.008751843277296653, "DT": 0.008751843277296653, "GM": 0.008751843277296653, "GN": 0.008751843277296653, "GB": 0.008751843277296653, "KNN": 0.008751843277296653, "KM": 0.008751843277296653, "LR": 0.008751843277296653, "LRR": 0.008751843277296653, "LRL": 0.008751843277296653, "LRE": 0.008751843277296653, "LOG_R": 0.008751843277296653, "RF": 0.008751843277296653, "SVM": 0.008751843277296653, "DNN": 0.008751843277296653}, "1 + 3": {"AB": 0.0246161970916087, "AC": 0.0246161970916087, "DS": 0.0246161970916087, "DT": 0.0246161970916087, "GM": 0.0246161970916087, "GN": 0.0246161970916087, "GB": 0.0246161970916087, "KNN": 0.0246161970916087, "KM": 0.0246161970916087, "LR": 0.0246161970916087, "LRR": 0.0246161970916087, "LRL": 0.0246161970916087, "LRE": 0.0246161970916087, "LOG_R": 0.0246161970916087, "RF": 0.0246161970916087, "SVM": 0.0246161970916087, "DNN": 0.0246161970916087}, "1 + 4": {"AB": 0.024787706359697556, "AC": 0.024787706359697556, "DS": 0.024787706359697556, "DT": 0.024787706359697556, "GM": 0.024787706359697556, "GN": 0.024787706359697556, "GB": 0.024787706359697556, "KNN": 0.024787706359697556, "KM": 0.024787706359697556, "LR": 0.024787706359697556, "LRR": 0.024787706359697556, "LRL": 0.024787706359697556, "LRE": 0.024787706359697556, "LOG_R": 0.024787706359697556, "RF": 0.024787706359697556, "SVM": 0.024787706359697556, "DNN": 0.024787706359697556}, "2 + 3": {"AB": 0.015864353814312046, "AC": 0.015864353814312046, "DS": 0.015864353814312046, "DT": 0.015864353814312046, "GM": 0.015864353814312046, "GN": 0.015864353814312046, "GB": 0.015864353814312046, "KNN": 0.015864353814312046, "KM": 0.015864353814312046, "LR": 0.015864353814312046, "LRR": 0.015864353814312046, "LRL": 0.015864353814312046, "LRE": 0.015864353814312046, "LOG_R": 0.015864353814312046, "RF": 0.015864353814312046, "SVM": 0.015864353814312046, "DNN": 0.015864353814312046}, "2 + 4": {"AB": 0.016035863082400903, "AC": 0.016035863082400903, "DS": 0.016035863082400903, "DT": 0.016035863082400903, "GM": 0.016035863082400903, "GN": 0.016035863082400903, "GB": 0.016035863082400903, "KNN": 0.016035863082400903, "KM": 0.016035863082400903, "LR": 0.016035863082400903, "LRR": 0.016035863082400903, "LRL": 0.016035863082400903, "LRE": 0.016035863082400903, "LOG_R": 0.016035863082400903, "RF": 0.016035863082400903, "SVM": 0.016035863082400903, "DNN": 0.016035863082400903}, "3 + 4": {"AB": -0.00017150926808885691, "AC": -0.00017150926808885691, "DS": -0.00017150926808885691, "DT": -0.00017150926808885691, "GM": -0.00017150926808885691, "GN": -0.00017150926808885691, "GB": -0.00017150926808885691, "KNN": -0.00017150926808885691, "KM": -0.00017150926808885691, "LR": -0.00017150926808885691, "LRR": -0.00017150926808885691, "LRL": -0.00017150926808885691, "LRE": -0.00017150926808885691, "LOG_R": -0.00017150926808885691, "RF": -0.00017150926808885691, "SVM": -0.00017150926808885691, "DNN": -0.00017150926808885691}, "0 + 1 + 2": {"AB": 0.026360256515241348, "AC": 0.026360256515241348, "DS": 0.026360256515241348, "DT": 0.026360256515241348, "GM": 0.026360256515241348, "GN": 0.026360256515241348, "GB": 0.026360256515241348, "KNN": 0.026360256515241348, "KM": 0.026360256515241348, "LR": 0.026360256515241348, "LRR": 0.026360256515241348, "LRL": 0.026360256515241348, "LRE": 0.026360256515241348, "LOG_R": 0.026360256515241348, "RF": 0.026360256515241348, "SVM": 0.026360256515241348, "DNN": 0.026360256515241348}, "0 + 1 + 3": {"AB": 0.042224610329553394, "AC": 0.042224610329553394, "DS": 0.042224610329553394, "DT": 0.042224610329553394, "GM": 0.042224610329553394, "GN": 0.042224610329553394, "GB": 0.042224610329553394, "KNN": 0.042224610329553394, "KM": 0.042224610329553394, "LR": 0.042224610329553394, "LRR": 0.042224610329553394, "LRL": 0.042224610329553394, "LRE": 0.042224610329553394, "LOG_R": 0.042224610329553394, "RF": 0.042224610329553394, "SVM": 0.042224610329553394, "DNN": 0.042224610329553394}, "0 + 1 + 4": {"AB": 0.04239611959764225, "AC": 0.04239611959764225, "DS": 0.04239611959764225, "DT": 0.04239611959764225, "GM": 0.04239611959764225, "GN": 0.04239611959764225, "GB": 0.04239611959764225, "KNN": 0.04239611959764225, "KM": 0.04239611959764225, "LR": 0.04239611959764225, "LRR": 0.04239611959764225, "LRL": 0.04239611959764225, "LRE": 0.04239611959764225, "LOG_R": 0.04239611959764225, "RF": 0.04239611959764225, "SVM": 0.04239611959764225, "DNN": 0.04239611959764225}, "0 + 2 + 3": {"AB": 0.03784868869090507, "AC": 0.03784868869090507, "DS": 0.03784868869090507, "DT": 0.03784868869090507, "GM": 0.03784868869090507, "GN": 0.03784868869090507, "GB": 0.03784868869090507, "KNN": 0.03784868869090507, "KM": 0.03784868869090507, "LR": 0.03784868869090507, "LRR": 0.03784868869090507, "LRL": 0.03784868869090507, "LRE": 0.03784868869090507, "LOG_R": 0.03784868869090507, "RF": 0.03784868869090507, "SVM": 0.03784868869090507, "DNN": 0.03784868869090507}, "0 + 2 + 4": {"AB": 0.038020197958993925, "AC": 0.038020197958993925,