{"0": {"AB": 0.08011950214689387, "AC": 0.08011950214689387, "DS": 0.08011950214689387, "DT": 0.08011950214689387, "GM": 0.08011950214689387, "GN": 0.08011950214689387, "GB": 0.08011950214689387, "KNN": 0.08011950214689387, "KM": 0.08011950214689387, "LR": 0.08011950214689387, "LRR": 0.08011950214689387, "LRL": 0.08011950214689387, "LRE": 0.08011950214689387, "LOG_R": 0.08011950214689387, "RF": 0.08011950214689387, "SVM": 0.08011950214689387, "DNN": 0.08011950214689387}, "1": {"AB": 0.06251108890894917, "AC": 0.06251108890894917, "DS": 0.06251108890894917, "DT": 0.06251108890894917, "GM": 0.06251108890894917, "GN": 0.06251108890894917, "GB": 0.06251108890894917, "KNN": 0.06251108890894917, "KM": 0.06251108890894917, "LR": 0.06251108890894917, "LRR": 0.06251108890894917, "LRL": 0.06251108890894917, "LRE": 0.06251108890894917, "LOG_R": 0.06251108890894917, "RF": 0.06251108890894917, "SVM": 0.06251108890894917, "DNN": 0.06251108890894917}, "2": {"AB": 0.058135167270300846, "AC": 0.058135167270300846, "DS": 0.058135167270300846, "DT": 0.058135167270300846, "GM": 0.058135167270300846, "GN": 0.058135167270300846, "GB": 0.058135167270300846, "KNN": 0.058135167270300846, "KM": 0.058135167270300846, "LR": 0.058135167270300846, "LRR": 0.058135167270300846, "LRL": 0.058135167270300846, "LRE": 0.058135167270300846, "LOG_R": 0.058135167270300846, "RF": 0.058135167270300846, "SVM": 0.058135167270300846, "DNN": 0.058135167270300846}, "3": {"AB": 0.05020299036314482, "AC": 0.05020299036314482, "DS": 0.05020299036314482, "DT": 0.05020299036314482, "GM": 0.05020299036314482, "GN": 0.05020299036314482, "GB": 0.05020299036314482, "KNN": 0.05020299036314482, "KM": 0.05020299036314482, "LR": 0.05020299036314482, "LRR": 0.05020299036314482, "LRL": 0.05020299036314482, "LRE": 0.05020299036314482, "LOG_R": 0.05020299036314482, "RF": 0.05020299036314482, "SVM": 0.05020299036314482, "DNN": 0.05020299036314482}, "4": {"AB": 0.050117235729100394, "AC": 0.050117235729100394, "DS": 0.050117235729100394, "DT": 0.050117235729100394, "GM": 0.050117235729100394, "GN": 0.050117235729100394, "GB": 0.050117235729100394, "KNN": 0.050117235729100394, "KM": 0.050117235729100394, "LR": 0.050117235729100394, "LRR": 0.050117235729100394, "LRL": 0.050117235729100394, "LRE": 0.050117235729100394, "LOG_R": 0.050117235729100394, "RF": 0.050117235729100394, "SVM": 0.050117235729100394, "DNN": 0.050117235729100394}, "0 + 1": {"AB": 0.0914544196281642, "AC": 0.0914544196281642, "DS": 0.0914544196281642, "DT": 0.0914544196281642, "GM": 0.0914544196281642, "GN": 0.0914544196281642, "GB": 0.0914544196281642, "KNN": 0.0914544196281642, "KM": 0.0914544196281642, "LR": 0.0914544196281642, "LRR": 0.0914544196281642, "LRL": 0.0914544196281642, "LRE": 0.0914544196281642, "LOG_R": 0.0914544196281642, "RF": 0.0914544196281642, "SVM": 0.0914544196281642, "DNN": 0.0914544196281642}, "0 + 2": {"AB": 0.08767338024172007, "AC": 0.08767338024172007, "DS": 0.08767338024172007, "DT": 0.08767338024172007, "GM": 0.08767338024172007, "GN": 0.08767338024172007, "GB": 0.08767338024172007, "KNN": 0.08767338024172007, "KM": 0.08767338024172007, "LR": 0.08767338024172007, "LRR": 0.08767338024172007, "LRL": 0.08767338024172007, "LRE": 0.08767338024172007, "LOG_R": 0.08767338024172007, "RF": 0.08767338024172007, "SVM": 0.08767338024172007, "DNN": 0.08767338024172007}, "0 + 3": {"AB": 0.08085756581645383, "AC": 0.08085756581645383, "DS": 0.08085756581645383, "DT": 0.08085756581645383, "GM": 0.08085756581645383, "GN": 0.08085756581645383, "GB": 0.08085756581645383, "KNN": 0.08085756581645383, "KM": 0.08085756581645383, "LR": 0.08085756581645383, "LRR": 0.08085756581645383, "LRL": 0.08085756581645383, "LRE": 0.08085756581645383, "LOG_R": 0.08085756581645383, "RF": 0.08085756581645383, "SVM": 0.08085756581645383, "DNN": 0.08085756581645383}, "0 + 4": {"AB": 0.08078414357501425, "AC": 0.08078414357501425, "DS": 0.08078414357501425, "DT": 0.08078414357501425, "GM": 0.08078414357501425, "GN": 0.08078414357501425, "GB": 0.08078414357501425, "KNN": 0.08078414357501425, "KM": 0.08078414357501425, "LR": 0.08078414357501425, "LRR": 0.08078414357501425, "LRL": 0.08078414357501425, "LRE": 0.08078414357501425, "LOG_R": 0.08078414357501425, "RF": 0.08078414357501425, "SVM": 0.08078414357501425, "DNN": 0.08078414357501425}, "1 + 2": {"AB": 0.07970773472547671, "AC": 0.07970773472547671, "DS": 0.07970773472547671, "DT": 0.07970773472547671, "GM": 0.07970773472547671, "GN": 0.07970773472547671, "GB": 0.07970773472547671, "KNN": 0.07970773472547671, "KM": 0.07970773472547671, "LR": 0.07970773472547671, "LRR": 0.07970773472547671, "LRL": 0.07970773472547671, "LRE": 0.07970773472547671, "LOG_R": 0.07970773472547671, "RF": 0.07970773472547671, "SVM": 0.07970773472547671, "DNN": 0.07970773472547671}, "1 + 3": {"AB": 0.07314069245854314, "AC": 0.07314069245854314, "DS": 0.07314069245854314, "DT": 0.07314069245854314, "GM": 0.07314069245854314, "GN": 0.07314069245854314, "GB": 0.07314069245854314, "KNN": 0.07314069245854314, "KM": 0.07314069245854314, "LR": 0.07314069245854314, "LRR": 0.07314069245854314, "LRL": 0.07314069245854314, "LRE": 0.07314069245854314, "LOG_R": 0.07314069245854314, "RF": 0.07314069245854314, "SVM": 0.07314069245854314, "DNN": 0.07314069245854314}, "1 + 4": {"AB": 0.0730699167937683, "AC": 0.0730699167937683, "DS": 0.0730699167937683, "DT": 0.0730699167937683, "GM": 0.0730699167937683, "GN": 0.0730699167937683, "GB": 0.0730699167937683, "KNN": 0.0730699167937683, "KM": 0.0730699167937683, "LR": 0.0730699167937683, "LRR": 0.0730699167937683, "LRL": 0.0730699167937683, "LRE": 0.0730699167937683, "LOG_R": 0.0730699167937683, "RF": 0.0730699167937683, "SVM": 0.0730699167937683, "DNN": 0.0730699167937683}, "2 + 3": {"AB": 0.07101503967454363, "AC": 0.07101503967454363, "DS": 0.07101503967454363, "DT": 0.07101503967454363, "GM": 0.07101503967454363, "GN": 0.07101503967454363, "GB": 0.07101503967454363, "KNN": 0.07101503967454363, "KM": 0.07101503967454363, "LR": 0.07101503967454363, "LRR": 0.07101503967454363, "LRL": 0.07101503967454363, "LRE": 0.07101503967454363, "LOG_R": 0.07101503967454363, "RF": 0.07101503967454363, "SVM": 0.07101503967454363, "DNN": 0.07101503967454363}, "2 + 4": {"AB": 0.07094499302303552, "AC": 0.07094499302303552, "DS": 0.07094499302303552, "DT": 0.07094499302303552, "GM": 0.07094499302303552, "GN": 0.07094499302303552, "GB": 0.07094499302303552, "KNN": 0.07094499302303552, "KM": 0.07094499302303552, "LR": 0.07094499302303552, "LRR": 0.07094499302303552, "LRL": 0.07094499302303552, "LRE": 0.07094499302303552, "LOG_R": 0.07094499302303552, "RF": 0.07094499302303552, "SVM": 0.07094499302303552, "DNN": 0.07094499302303552}, "3 + 4": {"AB": 0.06689161345457295, "AC": 0.06689161345457295, "DS": 0.06689161345457295, "DT": 0.06689161345457295, "GM": 0.06689161345457295, "GN": 0.06689161345457295, "GB": 0.06689161345457295, "KNN": 0.06689161345457295, "KM": 0.06689161345457295, "LR": 0.06689161345457295, "LRR": 0.06689161345457295, "LRL": 0.06689161345457295, "LRE": 0.06689161345457295, "LOG_R": 0.06689161345457295, "RF": 0.06689161345457295, "SVM": 0.06689161345457295, "DNN": 0.06689161345457295}, "0 + 1 + 2": {"AB": 0.09646825259024716, "AC": 0.09646825259024716, "DS": 0.09646825259024716, "DT": 0.09646825259024716, "GM": 0.09646825259024716, "GN": 0.09646825259024716, "GB": 0.09646825259024716, "KNN": 0.09646825259024716, "KM": 0.09646825259024716, "LR": 0.09646825259024716, "LRR": 0.09646825259024716, "LRL": 0.09646825259024716, "LRE": 0.09646825259024716, "LOG_R": 0.09646825259024716, "RF": 0.09646825259024716, "SVM": 0.09646825259024716, "DNN": 0.09646825259024716}, "0 + 1 + 3": {"AB": 0.0903971985246753, "AC": 0.0903971985246753, "DS": 0.0903971985246753, "DT": 0.0903971985246753, "GM": 0.0903971985246753, "GN": 0.0903971985246753, "GB": 0.0903971985246753, "KNN": 0.0903971985246753, "KM": 0.0903971985246753, "LR": 0.0903971985246753, "LRR": 0.0903971985246753, "LRL": 0.0903971985246753,