{"0": {"AB": 0.19127512254151555, "AC": 0.19127512254151555, "DS": 0.19127512254151555, "DT": 0.19127512254151555, "GM": 0.19127512254151555, "GN": 0.19127512254151555, "GB": 0.19127512254151555, "KNN": 0.19127512254151555, "KM": 0.19127512254151555, "LR": 0.19127512254151555, "LRR": 0.19127512254151555, "LRL": 0.19127512254151555, "LRE": 0.19127512254151555, "LOG_R": 0.19127512254151555, "RF": 0.19127512254151555, "SVM": 0.19127512254151555, "DNN": 0.19127512254151555}, "1": {"AB": 0.11193058444871765, "AC": 0.11193058444871765, "DS": 0.11193058444871765, "DT": 0.11193058444871765, "GM": 0.11193058444871765, "GN": 0.11193058444871765, "GB": 0.11193058444871765, "KNN": 0.11193058444871765, "KM": 0.11193058444871765, "LR": 0.11193058444871765, "LRR": 0.11193058444871765, "LRL": 0.11193058444871765, "LRE": 0.11193058444871765, "LOG_R": 0.11193058444871765, "RF": 0.11193058444871765, "SVM": 0.11193058444871765, "DNN": 0.11193058444871765}, "2": {"AB": 0.07676029097444026, "AC": 0.07676029097444026, "DS": 0.07676029097444026, "DT": 0.07676029097444026, "GM": 0.07676029097444026, "GN": 0.07676029097444026, "GB": 0.07676029097444026, "KNN": 0.07676029097444026, "KM": 0.07676029097444026, "LR": 0.07676029097444026, "LRR": 0.07676029097444026, "LRL": 0.07676029097444026, "LRE": 0.07676029097444026, "LOG_R": 0.07676029097444026, "RF": 0.07676029097444026, "SVM": 0.07676029097444026, "DNN": 0.07676029097444026}, "3": {"AB": 0.08268169936807451, "AC": 0.08268169936807451, "DS": 0.08268169936807451, "DT": 0.08268169936807451, "GM": 0.08268169936807451, "GN": 0.08268169936807451, "GB": 0.08268169936807451, "KNN": 0.08268169936807451, "KM": 0.08268169936807451, "LR": 0.08268169936807451, "LRR": 0.08268169936807451, "LRL": 0.08268169936807451, "LRE": 0.08268169936807451, "LOG_R": 0.08268169936807451, "RF": 0.08268169936807451, "SVM": 0.08268169936807451, "DNN": 0.08268169936807451}, "4": {"AB": 0.08802000948803443, "AC": 0.08802000948803443, "DS": 0.08802000948803443, "DT": 0.08802000948803443, "GM": 0.08802000948803443, "GN": 0.08802000948803443, "GB": 0.08802000948803443, "KNN": 0.08802000948803443, "KM": 0.08802000948803443, "LR": 0.08802000948803443, "LRR": 0.08802000948803443, "LRL": 0.08802000948803443, "LRE": 0.08802000948803443, "LOG_R": 0.08802000948803443, "RF": 0.08802000948803443, "SVM": 0.08802000948803443, "DNN": 0.08802000948803443}, "0 + 1": {"AB": 0.16745964523397464, "AC": 0.16745964523397464, "DS": 0.16745964523397464, "DT": 0.16745964523397464, "GM": 0.16745964523397464, "GN": 0.16745964523397464, "GB": 0.16745964523397464, "KNN": 0.16745964523397464, "KM": 0.16745964523397464, "LR": 0.16745964523397464, "LRR": 0.16745964523397464, "LRL": 0.16745964523397464, "LRE": 0.16745964523397464, "LOG_R": 0.16745964523397464, "RF": 0.16745964523397464, "SVM": 0.16745964523397464, "DNN": 0.16745964523397464}, "0 + 2": {"AB": 0.1318291395277892, "AC": 0.1318291395277892, "DS": 0.1318291395277892, "DT": 0.1318291395277892, "GM": 0.1318291395277892, "GN": 0.1318291395277892, "GB": 0.1318291395277892, "KNN": 0.1318291395277892, "KM": 0.1318291395277892, "LR": 0.1318291395277892, "LRR": 0.1318291395277892, "LRL": 0.1318291395277892, "LRE": 0.1318291395277892, "LOG_R": 0.1318291395277892, "RF": 0.1318291395277892, "SVM": 0.1318291395277892, "DNN": 0.1318291395277892}, "0 + 3": {"AB": 0.1377099283580195, "AC": 0.1377099283580195, "DS": 0.1377099283580195, "DT": 0.1377099283580195, "GM": 0.1377099283580195, "GN": 0.1377099283580195, "GB": 0.1377099283580195, "KNN": 0.1377099283580195, "KM": 0.1377099283580195, "LR": 0.1377099283580195, "LRR": 0.1377099283580195, "LRL": 0.1377099283580195, "LRE": 0.1377099283580195, "LOG_R": 0.1377099283580195, "RF": 0.1377099283580195, "SVM": 0.1377099283580195, "DNN": 0.1377099283580195}, "0 + 4": {"AB": 0.14305130354722073, "AC": 0.14305130354722073, "DS": 0.14305130354722073, "DT": 0.14305130354722073, "GM": 0.14305130354722073, "GN": 0.14305130354722073, "GB": 0.14305130354722073, "KNN": 0.14305130354722073, "KM": 0.14305130354722073, "LR": 0.14305130354722073, "LRR": 0.14305130354722073, "LRL": 0.14305130354722073, "LRE": 0.14305130354722073, "LOG_R": 0.14305130354722073, "RF": 0.14305130354722073, "SVM": 0.14305130354722073, "DNN": 0.14305130354722073}, "1 + 2": {"AB": 0.11600120360768869, "AC": 0.11600120360768869, "DS": 0.11600120360768869, "DT": 0.11600120360768869, "GM": 0.11600120360768869, "GN": 0.11600120360768869, "GB": 0.11600120360768869, "KNN": 0.11600120360768869, "KM": 0.11600120360768869, "LR": 0.11600120360768869, "LRR": 0.11600120360768869, "LRL": 0.11600120360768869, "LRE": 0.11600120360768869, "LOG_R": 0.11600120360768869, "RF": 0.11600120360768869, "SVM": 0.11600120360768869, "DNN": 0.11600120360768869}, "1 + 3": {"AB": 0.12150262267655838, "AC": 0.12150262267655838, "DS": 0.12150262267655838, "DT": 0.12150262267655838, "GM": 0.12150262267655838, "GN": 0.12150262267655838, "GB": 0.12150262267655838, "KNN": 0.12150262267655838, "KM": 0.12150262267655838, "LR": 0.12150262267655838, "LRR": 0.12150262267655838, "LRL": 0.12150262267655838, "LRE": 0.12150262267655838, "LOG_R": 0.12150262267655838, "RF": 0.12150262267655838, "SVM": 0.12150262267655838, "DNN": 0.12150262267655838}, "1 + 4": {"AB": 0.1264941979806339, "AC": 0.1264941979806339, "DS": 0.1264941979806339, "DT": 0.1264941979806339, "GM": 0.1264941979806339, "GN": 0.1264941979806339, "GB": 0.1264941979806339, "KNN": 0.1264941979806339, "KM": 0.1264941979806339, "LR": 0.1264941979806339, "LRR": 0.1264941979806339, "LRL": 0.1264941979806339, "LRE": 0.1264941979806339, "LOG_R": 0.1264941979806339, "RF": 0.1264941979806339, "SVM": 0.1264941979806339, "DNN": 0.1264941979806339}, "2 + 3": {"AB": 0.10500442165015121, "AC": 0.10500442165015121, "DS": 0.10500442165015121, "DT": 0.10500442165015121, "GM": 0.10500442165015121, "GN": 0.10500442165015121, "GB": 0.10500442165015121, "KNN": 0.10500442165015121, "KM": 0.10500442165015121, "LR": 0.10500442165015121, "LRR": 0.10500442165015121, "LRL": 0.10500442165015121, "LRE": 0.10500442165015121, "LOG_R": 0.10500442165015121, "RF": 0.10500442165015121, "SVM": 0.10500442165015121, "DNN": 0.10500442165015121}, "2 + 4": {"AB": 0.10726928488536817, "AC": 0.10726928488536817, "DS": 0.10726928488536817, "DT": 0.10726928488536817, "GM": 0.10726928488536817, "GN": 0.10726928488536817, "GB": 0.10726928488536817, "KNN": 0.10726928488536817, "KM": 0.10726928488536817, "LR": 0.10726928488536817, "LRR": 0.10726928488536817, "LRL": 0.10726928488536817, "LRE": 0.10726928488536817, "LOG_R": 0.10726928488536817, "RF": 0.10726928488536817, "SVM": 0.10726928488536817, "DNN": 0.10726928488536817}, "3 + 4": {"AB": 0.112561414130307, "AC": 0.112561414130307, "DS": 0.112561414130307, "DT": 0.112561414130307, "GM": 0.112561414130307, "GN": 0.112561414130307, "GB": 0.112561414130307, "KNN": 0.112561414130307, "KM": 0.112561414130307, "LR": 0.112561414130307, "LRR": 0.112561414130307, "LRL": 0.112561414130307, "LRE": 0.112561414130307, "LOG_R": 0.112561414130307, "RF": 0.112561414130307, "SVM": 0.112561414130307, "DNN": 0.112561414130307}, "0 + 1 + 2": {"AB": 0.14749261186438828, "AC": 0.14749261186438828, "DS": 0.14749261186438828, "DT": 0.14749261186438828, "GM": 0.14749261186438828, "GN": 0.14749261186438828, "GB": 0.14749261186438828, "KNN": 0.14749261186438828, "KM": 0.14749261186438828, "LR": 0.14749261186438828, "LRR": 0.14749261186438828, "LRL": 0.14749261186438828, "LRE": 0.14749261186438828, "LOG_R": 0.14749261186438828, "RF": 0.14749261186438828, "SVM": 0.14749261186438828, "DNN": 0.14749261186438828}, "0 + 1 + 3": {"AB": 0.1530685635918962, "AC": 0.1530685635918962, "DS": 0.1530685635918962, "DT": 0.1530685635918962, "GM": 0.1530685635918962, "GN": 0.1530685635918962, "GB": 0.1530685635918962, "KNN": 0.1530685635918962, "KM": 0.1530685635918962, "LR": 0.1530685635918962, "LRR": 0.1530685635918962, "LRL": 0.1530685635918962, "LRE": 0.1530685635918962, "LOG_R": 0.1530685635918962, "RF": 0.1530685635918962,