{"0": {"AB": 0.0, "AC": 0.0, "DS": 0.0, "DT": 0.0, "GM": 0.0, "GN": 0.0, "GB": 0.0, "KNN": 0.0, "KM": 0.0, "LR": 0.0, "LRR": 0.0, "LRL": 0.0, "LRE": 0.0, "LOG_R": 0.0, "RF": 0.0, "SVM": 0.0, "DNN": 0.0}, "1": {"AB": 0.0, "AC": 0.0, "DS": 0.0, "DT": 0.0, "GM": 0.0, "GN": 0.0, "GB": 0.0, "KNN": 0.0, "KM": 0.0, "LR": 0.0, "LRR": 0.0, "LRL": 0.0, "LRE": 0.0, "LOG_R": 0.0, "RF": 0.0, "SVM": 0.0, "DNN": 0.0}, "2": {"AB": 0.0, "AC": 0.0, "DS": 0.0, "DT": 0.0, "GM": 0.0, "GN": 0.0, "GB": 0.0, "KNN": 0.0, "KM": 0.0, "LR": 0.0, "LRR": 0.0, "LRL": 0.0, "LRE": 0.0, "LOG_R": 0.0, "RF": 0.0, "SVM": 0.0, "DNN": 0.0}, "3": {"AB": 0.0, "AC": 0.0, "DS": 0.0, "DT": 0.0, "GM": 0.0, "GN": 0.0, "GB": 0.0, "KNN": 0.0, "KM": 0.0, "LR": 0.0, "LRR": 0.0, "LRL": 0.0, "LRE": 0.0, "LOG_R": 0.0, "RF": 0.0, "SVM": 0.0, "DNN": 0.0}, "4": {"AB": 0.0, "AC": 0.0, "DS": 0.0, "DT": 0.0, "GM": 0.0, "GN": 0.0, "GB": 0.0, "KNN": 0.0, "KM": 0.0, "LR": 0.0, "LRR": 0.0, "LRL": 0.0, "LRE": 0.0, "LOG_R": 0.0, "RF": 0.0, "SVM": 0.0, "DNN": 0.0}, "0 + 1": {"AB": -0.020299588865920204, "AC": -0.020299588865920204, "DS": -0.020299588865920204, "DT": -0.020299588865920204, "GM": -0.020299588865920204, "GN": -0.020299588865920204, "GB": -0.020299588865920204, "KNN": -0.020299588865920204, "KM": -0.020299588865920204, "LR": -0.020299588865920204, "LRR": -0.020299588865920204, "LRL": -0.020299588865920204, "LRE": -0.020299588865920204, "LOG_R": -0.020299588865920204, "RF": -0.020299588865920204, "SVM": -0.020299588865920204, "DNN": -0.020299588865920204}, "0 + 2": {"AB": 0.04346761385765291, "AC": 0.04346761385765291, "DS": 0.04346761385765291, "DT": 0.04346761385765291, "GM": 0.04346761385765291, "GN": 0.04346761385765291, "GB": 0.04346761385765291, "KNN": 0.04346761385765291, "KM": 0.04346761385765291, "LR": 0.04346761385765291, "LRR": 0.04346761385765291, "LRL": 0.04346761385765291, "LRE": 0.04346761385765291, "LOG_R": 0.04346761385765291, "RF": 0.04346761385765291, "SVM": 0.04346761385765291, "DNN": 0.04346761385765291}, "0 + 3": {"AB": 0.09141653381681365, "AC": 0.09141653381681365, "DS": 0.09141653381681365, "DT": 0.09141653381681365, "GM": 0.09141653381681365, "GN": 0.09141653381681365, "GB": 0.09141653381681365, "KNN": 0.09141653381681365, "KM": 0.09141653381681365, "LR": 0.09141653381681365, "LRR": 0.09141653381681365, "LRL": 0.09141653381681365, "LRE": 0.09141653381681365, "LOG_R": 0.09141653381681365, "RF": 0.09141653381681365, "SVM": 0.09141653381681365, "DNN": 0.09141653381681365}, "0 + 4": {"AB": 0.0888775687876701, "AC": 0.0888775687876701, "DS": 0.0888775687876701, "DT": 0.0888775687876701, "GM": 0.0888775687876701, "GN": 0.0888775687876701, "GB": 0.0888775687876701, "KNN": 0.0888775687876701, "KM": 0.0888775687876701, "LR": 0.0888775687876701, "LRR": 0.0888775687876701, "LRL": 0.0888775687876701, "LRE": 0.0888775687876701, "LOG_R": 0.0888775687876701, "RF": 0.0888775687876701, "SVM": 0.0888775687876701, "DNN": 0.0888775687876701}, "1 + 2": {"AB": 0.023168024991732705, "AC": 0.023168024991732705, "DS": 0.023168024991732705, "DT": 0.023168024991732705, "GM": 0.023168024991732705, "GN": 0.023168024991732705, "GB": 0.023168024991732705, "KNN": 0.023168024991732705, "KM": 0.023168024991732705, "LR": 0.023168024991732705, "LRR": 0.023168024991732705, "LRL": 0.023168024991732705, "LRE": 0.023168024991732705, "LOG_R": 0.023168024991732705, "RF": 0.023168024991732705, "SVM": 0.023168024991732705, "DNN": 0.023168024991732705}, "1 + 3": {"AB": 0.07111694495089345, "AC": 0.07111694495089345, "DS": 0.07111694495089345, "DT": 0.07111694495089345, "GM": 0.07111694495089345, "GN": 0.07111694495089345, "GB": 0.07111694495089345, "KNN": 0.07111694495089345, "KM": 0.07111694495089345, "LR": 0.07111694495089345, "LRR": 0.07111694495089345, "LRL": 0.07111694495089345, "LRE": 0.07111694495089345, "LOG_R": 0.07111694495089345, "RF": 0.07111694495089345, "SVM": 0.07111694495089345, "DNN": 0.07111694495089345}, "1 + 4": {"AB": 0.0685779799217499, "AC": 0.0685779799217499, "DS": 0.0685779799217499, "DT": 0.0685779799217499, "GM": 0.0685779799217499, "GN": 0.0685779799217499, "GB": 0.0685779799217499, "KNN": 0.0685779799217499, "KM": 0.0685779799217499, "LR": 0.0685779799217499, "LRR": 0.0685779799217499, "LRL": 0.0685779799217499, "LRE": 0.0685779799217499, "LOG_R": 0.0685779799217499, "RF": 0.0685779799217499, "SVM": 0.0685779799217499, "DNN": 0.0685779799217499}, "2 + 3": {"AB": 0.04794891995916074, "AC": 0.04794891995916074, "DS": 0.04794891995916074, "DT": 0.04794891995916074, "GM": 0.04794891995916074, "GN": 0.04794891995916074, "GB": 0.04794891995916074, "KNN": 0.04794891995916074, "KM": 0.04794891995916074, "LR": 0.04794891995916074, "LRR": 0.04794891995916074, "LRL": 0.04794891995916074, "LRE": 0.04794891995916074, "LOG_R": 0.04794891995916074, "RF": 0.04794891995916074, "SVM": 0.04794891995916074, "DNN": 0.04794891995916074}, "2 + 4": {"AB": 0.04540995493001719, "AC": 0.04540995493001719, "DS": 0.04540995493001719, "DT": 0.04540995493001719, "GM": 0.04540995493001719, "GN": 0.04540995493001719, "GB": 0.04540995493001719, "KNN": 0.04540995493001719, "KM": 0.04540995493001719, "LR": 0.04540995493001719, "LRR": 0.04540995493001719, "LRL": 0.04540995493001719, "LRE": 0.04540995493001719, "LOG_R": 0.04540995493001719, "RF": 0.04540995493001719, "SVM": 0.04540995493001719, "DNN": 0.04540995493001719}, "3 + 4": {"AB": 0.002538965029143553, "AC": 0.002538965029143553, "DS": 0.002538965029143553, "DT": 0.002538965029143553, "GM": 0.002538965029143553, "GN": 0.002538965029143553, "GB": 0.002538965029143553, "KNN": 0.002538965029143553, "KM": 0.002538965029143553, "LR": 0.002538965029143553, "LRR": 0.002538965029143553, "LRL": 0.002538965029143553, "LRE": 0.002538965029143553, "LOG_R": 0.002538965029143553, "RF": 0.002538965029143553, "SVM": 0.002538965029143553, "DNN": 0.002538965029143553}, "0 + 1 + 2": {"AB": 0.03331781942469281, "AC": 0.03331781942469281, "DS": 0.03331781942469281, "DT": 0.03331781942469281, "GM": 0.03331781942469281, "GN": 0.03331781942469281, "GB": 0.03331781942469281, "KNN": 0.03331781942469281, "KM": 0.03331781942469281, "LR": 0.03331781942469281, "LRR": 0.03331781942469281, "LRL": 0.03331781942469281, "LRE": 0.03331781942469281, "LOG_R": 0.03331781942469281, "RF": 0.03331781942469281, "SVM": 0.03331781942469281, "DNN": 0.03331781942469281}, "0 + 1 + 3": {"AB": 0.08126673938385355, "AC": 0.08126673938385355, "DS": 0.08126673938385355, "DT": 0.08126673938385355, "GM": 0.08126673938385355, "GN": 0.08126673938385355, "GB": 0.08126673938385355, "KNN": 0.08126673938385355, "KM": 0.08126673938385355, "LR": 0.08126673938385355, "LRR": 0.08126673938385355, "LRL": 0.08126673938385355, "LRE": 0.08126673938385355, "LOG_R": 0.08126673938385355, "RF": 0.08126673938385355, "SVM": 0.08126673938385355, "DNN": 0.08126673938385355}, "0 + 1 + 4": {"AB": 0.07872777435471, "AC": 0.07872777435471, "DS": 0.07872777435471, "DT": 0.07872777435471, "GM": 0.07872777435471, "GN": 0.07872777435471, "GB": 0.07872777435471, "KNN": 0.07872777435471, "KM": 0.07872777435471, "LR": 0.07872777435471, "LRR": 0.07872777435471, "LRL": 0.07872777435471, "LRE": 0.07872777435471, "LOG_R": 0.07872777435471, "RF": 0.07872777435471, "SVM": 0.07872777435471, "DNN": 0.07872777435471}, "0 + 2 + 3": {"AB": 0.0696827268879872, "AC": 0.0696827268879872, "DS": 0.0696827268879872, "DT": 0.0696827268879872, "GM": 0.0696827268879872, "GN": 0.0696827268879872, "GB": 0.0696827268879872, "KNN": 0.0696827268879872, "KM": 0.0696827268879872, "LR": 0.0696827268879872, "LRR": 0.0696827268879872, "LRL": 0.0696827268879872, "LRE": 0.0696827268879872, "LOG_R": 0.0696827268879872, "RF": 0.0696827268879872, "SVM": 0.0696827268879872, "DNN": 0.0696827268879872}, "0 + 2 + 4": {"AB": 0.06714376185884365, "AC": 0.06714376185884365, "DS": 0.06714376185884365, "DT": 0.06714376185884365, "GM": 0.06714376185884365, "GN": 0.06714376185884365, "GB": 0.06714376185884365, "KNN": 0.06714376185884365, "KM": 0.06714376185884365, "LR": 0.06714376185884365,