{"attack": {"2-39-139-28": {"cycles": {"best_k": 5, "best_silhouette_score": 0.998062015503876, "other_silhouette_scores": [[5, 0.998062015503876], [6, 0.998062015503876], [7, 0.998062015503876], [8, 0.998062015503876], [9, 0.998062015503876], [10, 0.998062015503876], [11, 0.998062015503876], [12, 0.998062015503876], [13, 0.998062015503876], [14, 0.998062015503876], [15, 0.998062015503876], [16, 0.998062015503876], [17, 0.998062015503876], [18, 0.998062015503876], [19, 0.998062015503876], [20, 0.998062015503876], [21, 0.998062015503876], [22, 0.998062015503876], [23, 0.998062015503876], [24, 0.998062015503876], [25, 0.998062015503876], [26, 0.998062015503876], [27, 0.998062015503876], [28, 0.998062015503876], [29, 0.998062015503876], [30, 0.998062015503876], [31, 0.998062015503876], [32, 0.998062015503876], [33, 0.998062015503876], [34, 0.998062015503876], [35, 0.998062015503876], [36, 0.998062015503876], [37, 0.998062015503876], [38, 0.998062015503876], [39, 0.998062015503876], [40, 0.998062015503876], [41, 0.998062015503876], [42, 0.998062015503876], [43, 0.998062015503876], [44, 0.998062015503876], [45, 0.998062015503876], [46, 0.998062015503876], [47, 0.998062015503876], [48, 0.998062015503876], [49, 0.998062015503876], [50, 0.998062015503876], [51, 0.998062015503876], [52, 0.998062015503876], [53, 0.998062015503876], [54, 0.998062015503876], [55, 0.998062015503876], [56, 0.998062015503876], [4, 0.9922480620155039], [3, 0.9848238714090286], [2, 0.9673726467331115]]}, "instructions": {"best_k": 3, "best_silhouette_score": 0.9971428571428571, "other_silhouette_scores": [[3, 0.9971428571428571], [4, 0.9971428571428571], [5, 0.9971428571428571], [6, 0.9971428571428571], [7, 0.9971428571428571], [8, 0.9971428571428571], [2, 0.9840777230432401]]}, "branch": {"best_k": 3, "best_silhouette_score": 0.9970760233918129, "other_silhouette_scores": [[3, 0.9970760233918129], [4, 0.9970760233918129], [5, 0.9970760233918129], [6, 0.9970760233918129], [7, 0.9970760233918129], [8, 0.9970760233918129], [9, 0.9970760233918129], [10, 0.9970760233918129], [11, 0.9970760233918129], [12, 0.9970760233918129], [2, 0.9879815961472311]]}}, "2-39-131-30": {"cycles": {"best_k": 5, "best_silhouette_score": 0.9980119284294234, "other_silhouette_scores": [[5, 0.9980119284294234], [6, 0.9980119284294234], [7, 0.9980119284294234], [8, 0.9980119284294234], [9, 0.9980119284294234], [10, 0.9980119284294234], [11, 0.9980119284294234], [12, 0.9980119284294234], [13, 0.9980119284294234], [14, 0.9980119284294234], [15, 0.9980119284294234], [16, 0.9980119284294234], [17, 0.9980119284294234], [18, 0.9980119284294234], [19, 0.9980119284294234], [20, 0.9980119284294234], [21, 0.9980119284294234], [22, 0.9980119284294234], [23, 0.9980119284294234], [24, 0.9980119284294234], [25, 0.9980119284294234], [26, 0.9980119284294234], [27, 0.9980119284294234], [28, 0.9980119284294234], [29, 0.9980119284294234], [30, 0.9980119284294234], [31, 0.9980119284294234], [32, 0.9980119284294234], [33, 0.9980119284294234], [34, 0.9980119284294234], [35, 0.9980119284294234], [36, 0.9980119284294234], [37, 0.9980119284294234], [38, 0.9980119284294234], [39, 0.9980119284294234], [40, 0.9980119284294234], [41, 0.9980119284294234], [42, 0.9980119284294234], [43, 0.9980119284294234], [44, 0.9980119284294234], [45, 0.9980119284294234], [46, 0.9980119284294234], [47, 0.9980119284294234], [48, 0.9980119284294234], [49, 0.9980119284294234], [50, 0.9980119284294234], [51, 0.9980119284294234], [52, 0.9980119284294234], [53, 0.9980119284294234], [54, 0.9980119284294234], [55, 0.9980119284294234], [56, 0.9980119284294234], [57, 0.9980119284294234], [58, 0.9980119284294234], [4, 0.99250649946475], [3, 0.9880715705765407], [2, 0.9559470761637069]]}, "instructions": {"best_k": 3, "best_silhouette_score": 0.9972144846796658, "other_silhouette_scores": [[3, 0.9972144846796658], [4, 0.9972144846796658], [5, 0.9972144846796658], [6, 0.9972144846796658], [7, 0.9972144846796658], [8, 0.9972144846796658], [9, 0.9972144846796658], [10, 0.9972144846796658], [11, 0.9972144846796658], [2, 0.9838124107581754]]}, "branch": {"best_k": 4, "best_silhouette_score": 0.9941176470588236, "other_silhouette_scores": [[4, 0.9941176470588236], [5, 0.9941176470588236], [6, 0.9941176470588236], [7, 0.9941176470588236], [8, 0.9941176470588236], [9, 0.9941176470588236], [10, 0.9941176470588236], [11, 0.9941176470588236], [12, 0.9941176470588236], [3, 0.9926470588235294], [2, 0.9869854080685528]]}}, "2-39-89-25": {"cycles": {"best_k": 8, "best_silhouette_score": 0.9951456310679612, "other_silhouette_scores": [[8, 0.9951456310679612], [9, 0.9951456310679612], [10, 0.9951456310679612], [11, 0.9951456310679612], [12, 0.9951456310679612], [13, 0.9951456310679612], [14, 0.9951456310679612], [15, 0.9951456310679612], [16, 0.9951456310679612], [17, 0.9951456310679612], [18, 0.9951456310679612], [19, 0.9951456310679612], [20, 0.9951456310679612], [21, 0.9951456310679612], [22, 0.9951456310679612], [23, 0.9951456310679612], [24, 0.9951456310679612], [25, 0.9951456310679612], [26, 0.9951456310679612], [27, 0.9951456310679612], [28, 0.9951456310679612], [29, 0.9951456310679612], [30, 0.9951456310679612], [31, 0.9951456310679612], [32, 0.9951456310679612], [33, 0.9951456310679612], [34, 0.9951456310679612], [35, 0.9951456310679612], [36, 0.9951456310679612], [37, 0.9951456310679612], [38, 0.9951456310679612], [6, 0.989571549176868], [7, 0.9878640776699029], [5, 0.967234668472427], [4, 0.9186105023779847], [3, 0.8894354769329899], [2, 0.8377208231845679]]}, "instructions": {"best_k": 3, "best_silhouette_score": 1.0, "other_silhouette_scores": [[3, 1.0], [4, 1.0], [5, 1.0], [6, 1.0], [7, 1.0], [8, 1.0], [9, 1.0], [10, 1.0], [11, 1.0], [12, 1.0], [13, 1.0], [14, 1.0], [15, 1.0], [16, 1.0], [17, 1.0], [18, 1.0], [19, 1.0], [20, 1.0], [21, 1.0], [22, 1.0], [23, 1.0], [24, 1.0], [25, 1.0], [26, 1.0], [27, 1.0], [28, 1.0], [29, 1.0], [30, 1.0], [31, 1.0], [32, 1.0], [33, 1.0], [34, 1.0], [35, 1.0], [36, 1.0], [37, 1.0], [2, 0.98255217242559]]}, "branch": {"best_k": 4, "best_silhouette_score": 0.9969135802469136, "other_silhouette_scores": [[4, 0.9969135802469136], [2, 0.9800195172003318], [3, 0.9796870513924776]]}}}, "normal": {"2-39-89-25": {"cycles": {"best_k": 2, "best_silhouette_score": 1.0, "other_silhouette_scores": [[2, 1.0]]}, "instructions": {"best_k": 2, "best_silhouette_score": -1.0,