{"attack": {"2431386": {"cycles": {"best_k": 44, "best_silhouette_score": 0.9587635321115495, "other_silhouette_scores": [[44, 0.9587635321115495], [43, 0.9495124307899644], [42, 0.9463057653310962], [41, 0.9392132543178804], [40, 0.9352084485509602], [37, 0.9317068351374521], [38, 0.9306162712715581], [39, 0.9287807352950531], [34, 0.9229498764669811], [33, 0.9209114969377891], [35, 0.9203895427508394], [36, 0.9197778057960696], [32, 0.9059560908452685], [31, 0.8803592385487092], [2, 0.8645552928335893], [30, 0.851037320373157], [29, 0.8488401807483397], [28, 0.8221801624983665], [27, 0.8203209618265007], [26, 0.7440270792525676], [3, 0.7206849982025981], [25, 0.7066296723610268], [21, 0.6948106287499632], [4, 0.6818085250473772], [22, 0.6608806447369022], [19, 0.6603338201059337], [24, 0.6544282331302687], [23, 0.6505833906755073], [5, 0.6493254287745241], [20, 0.6384055534531635], [7, 0.6214684454237268], [16, 0.6152003813201237], [15, 0.6143464441295295], [17, 0.6093936457848055], [18, 0.6080180991572621], [12, 0.6057818678825401], [14, 0.6055911719108695], [13, 0.6047870997679672], [6, 0.6040771492881706], [8, 0.6033125970238331], [11, 0.6000522721529566], [10, 0.595258909899873], [9, 0.5927804088901838]]}, "instructions": {"best_k": 38, "best_silhouette_score": 0.9734234963826799, "other_silhouette_scores": [[38, 0.9734234963826799], [34, 0.9696105670595465], [37, 0.9691582982399308], [35, 0.9688883489903896], [40, 0.968631897203326], [36, 0.9683646474462804], [33, 0.9673429933634013], [39, 0.9663643235071809], [41, 0.9659863945578231], [42, 0.9659863945578231], [43, 0.9659863945578231], [31, 0.9647305352747528], [2, 0.9635239810033532], [32, 0.962192112498235], [30, 0.9568291396182553], [29, 0.9465268946221324], [28, 0.9288419897191827], [27, 0.9276767006117168], [26, 0.9202008271396029], [25, 0.9085157028792905], [24, 0.9052606255085154], [21, 0.8887829810743252], [23, 0.8886993451256198], [22, 0.8781165322811106], [20, 0.8703295076093407], [18, 0.8083062764520849], [3, 0.808165468119628], [19, 0.779474217550623], [17, 0.7306415210042152], [16, 0.720070994850086], [15, 0.7159265407267391], [4, 0.6858231398214936], [5, 0.6787644213954822], [14, 0.6644251644339436], [11, 0.6440286806953291], [12, 0.6399963753685673], [13, 0.6350775593765674], [10, 0.634615233927821], [9, 0.6306525300625114], [8, 0.6293656999138314], [7, 0.6217911118183687], [6, 0.6102865688787897]]}, "branch": {"best_k": 2, "best_silhouette_score": 0.9711924139022623, "other_silhouette_scores": [[2, 0.9711924139022623], [40, 0.9622425629290612], [39, 0.961098398169337], [41, 0.9610983981693364], [42, 0.9610983981693364], [43, 0.9610983981693364], [38, 0.9576659038901597], [37, 0.9565217391304341], [36, 0.955731225296442], [34, 0.9489577699188678], [33, 0.948489207207743], [35, 0.9475357365746389], [32, 0.9435418255784391], [31, 0.9410780574624967], [30, 0.9368438055266698], [29, 0.9214379363035771], [26, 0.9115771127438247], [28, 0.908171524180341], [27, 0.9057799056311208], [24, 0.8978862905951367], [23, 0.8947221150145047], [22, 0.8939497118773092], [25, 0.8891956773207099], [21, 0.8585520600159474], [20, 0.8541837412061631], [19, 0.8473139429375304], [18, 0.8471537041838408], [3, 0.8025904390390399], [4, 0.7802964923030169], [16, 0.7338570743290715], [5, 0.7008549760533282], [17, 0.6821251548021346], [14, 0.6646032225458425], [13, 0.6645027366740681], [15, 0.6578323213697502], [6, 0.6509173365122367], [8, 0.6291760949886337], [9, 0.6281928581380785], [10, 0.6268542570884462], [7, 0.6237284467349197], [12, 0.6207179548297334], [11, 0.6204889082863672]]}}}, "normal": {"2-39-89-25": {"cycles": {"best_k": 2, "best_silhouette_score": 1.0, "other_silhouette_scores": [[2, 1.0], [3, 1.0], [4, 1.0], [5, 1.0], [6, 1.0], [7, 1.0], [8, 1.0], [9, 1.0], [10, 1.0], [11, 1.0], [12, 1.0], [13, 1.0], [14, 1.0], [15, 1.0], [16, 1.0], [17, 1.0], [18, 1.0], [19, 1.0], [20, 1.0], [21, 1.0], [22, 1.0], [23, 1.0], [24, 1.0], [25, 1.0], [26, 1.0], [27, 1.0]]}, "instructions": {"best_k": 2, "best_silhouette_score": -1.0, "other_silhouette_scores": [[2, -1.0], [3, -1.0], [4, -1.0], [5, -1.0], [6, -1.0], [7, -1.0], [8, -1.0], [9, -1.0], [10, -1.0], [11, -1.0], [12, -1.0], [13, -1.0], [14, -1.0], [15, -1.0], [16, -1.0], [17, -1.0], [18, -1.0], [19, -1.0]]}, "branch": {"best_k": 2, "best_silhouette_score": -1.0, "other_silhouette_scores": [[2, -1.0], [3, -1.0], [4, -1.0], [5, -1.0], [6, -1.0], [7, -1.0], [8, -1.0], [9, -1.0], [10, -1.0], [11, -1.0], [12, -1.0], [13, -1.0], [14, -1.0], [15, -1.0], [16, -1.0], [17, -1.0], [18, -1.0]]}}, "2-39-139-28": {"cycles": {"best_k": 14, "best_silhouette_score": 0.9746835443037974, "other_silhouette_scores": [[14, 0.9746835443037974], [15, 0.9746835443037974], [13, 0.9746835443037973], [11, 0.9695147679324893], [12, 0.9651898734177216], [9, 0.9650655446998115], [10, 0.9623707211065639], [8, 0.923519475496999], [7, 0.8342436498825159], [2, 0.7891069372375406], [6, 0.7646474032304073], [5, 0.7453576258159151], [4, 0.7292573175914628], [3, 0.7168598652030158]]}, "instructions": {"best_k": 6, "best_silhouette_score": 0.987858719646799, "other_silhouette_scores": [[6, 0.987858719646799], [7, 0.9867549668874173], [8, 0.9867549668874173], [9, 0.9867549668874173], [10, 0.9867549668874173], [11, 0.9867549668874173], [12, 0.9867549668874173], [13, 0.9867549668874173], [14, 0.9867549668874173], [5, 0.9628336038115589], [2, 0.9386130578259759], [4, 0.817697229456676], [3, 0.7140184407292214]]}, "branch": {"best_k": 10, "best_silhouette_score": 0.9773731714908185, "other_silhouette_scores": [[10, 0.9773731714908185], [11, 0.9749455337690631], [9, 0.9744164332399625], [12, 0.9673202614379085], [13, 0.9673202614379085], [14, 0.9673202614379085], [2, 0.9470209855499012], [8, 0.9395580454403981], [7, 0.855941862511763], [6, 0.8545565106131451], [3, 0.8176846134118099], [4, 0.7456477552484612], [5, 0.7448787410708111]]}}, "2-39-131-30": {"cycles": {"best_k": 11, "best_silhouette_score": 0.9840823970037454, "other_silhouette_scores": [[11, 0.9840823970037454], [10, 0.9824140279196459], [12, 0.9775280898876404], [13, 0.9775280898876404], [14, 0.9775280898876404], [15, 0.9775280898876404], [16, 0.9775280898876404], [17, 0.9775280898876404], [9, 0.9525451140619681], [8, 0.9189733829703685], [7, 0.9082008550987074], [6, 0.8208810159990771], [2, 0.7200187232819301], [5, 0.7045877951479705], [4, 0.6810786837976326], [3, 0.6540849926027326]]}, "instructions": {"best_k": 8, "best_silhouette_score": 0.9915966386554622, "other_silhouette_scores": [[8, 0.9915966386554622], [9, 0.9915966386554622], [10, 0.9915966386554622], [11, 0.9915966386554622], [7, 0.9747899159663865], [6, 0.945747324570854], [2, 0.9058007349311198], [5, 0.9024127272574666], [4, 0.8476272379325357], [3, 0.7364308040893284]]}, "branch": {"best_k": 2, "best_silhouette_score": 0.8637434397368478, "other_silhouette_scores": [[2, 0.8637434397368478], [5, 0.7197633209875902], [6, 0.7057059101141417], [4, 0.7041675371915357], [3, 0.6396523273684509]]}}}}