{"attack": {"2431386": {"cycles": {"best_k": 31, "best_silhouette_score": 0.8700794037425619, "other_silhouette_scores": [[31, 0.8700794037425619], [2, 0.8645552928335893], [29, 0.8556364150286607], [30, 0.8496302630131908], [26, 0.8253796760070303], [28, 0.8039060317964587], [27, 0.8006650147039601], [25, 0.737396147657371], [3, 0.7206849982025981], [24, 0.7049935874069005], [22, 0.7046525916018138], [21, 0.6924237512805819], [4, 0.6714182948543189], [5, 0.6392541469108206], [17, 0.6384771412656289], [6, 0.6277111779132328], [19, 0.6198021463511498], [20, 0.6191729778107532], [15, 0.6172855992342193], [23, 0.6172823748928767], [14, 0.6129985257521292], [16, 0.6101342866793352], [13, 0.6085938903482475], [11, 0.6067920182570086], [7, 0.6047606761124429], [12, 0.6045054176325413], [8, 0.6033125970238331], [9, 0.6015641451022306], [10, 0.5996745438143781], [18, 0.599465650588149]]}, "instructions": {"best_k": 2, "best_silhouette_score": 0.9635239810033532, "other_silhouette_scores": [[2, 0.9635239810033532], [27, 0.9231290025167573], [26, 0.9202008271396029], [25, 0.9085157028792905], [22, 0.8922111941599925], [24, 0.89140888972829], [23, 0.8877106783939728], [21, 0.883674112163529], [20, 0.8248212271237503], [19, 0.8167608494798707], [3, 0.808165468119628], [18, 0.7679569843461327], [17, 0.739648222487438], [15, 0.7178023972948808], [4, 0.6860523992804013], [5, 0.6796719098998304], [16, 0.6694284533431147], [13, 0.6643195138188704], [6, 0.6439252071540273], [11, 0.6434162050906636], [14, 0.6432092534609236], [10, 0.6346339141138843], [9, 0.6326413692874343], [8, 0.6257125045311764], [12, 0.6244989061119501], [7, 0.621528789767787]]}, "branch": {"best_k": 2, "best_silhouette_score": 0.9711924139022623, "other_silhouette_scores": [[2, 0.9711924139022623], [3, 0.8025904390390399], [4, 0.7802964923030169], [18, 0.7502110763015274], [16, 0.7369791940326159], [17, 0.7340173130827611], [5, 0.7008549760533282], [14, 0.6646461265405084], [13, 0.6645027366740681], [15, 0.6629644884417316], [6, 0.6509173365122367], [11, 0.6398061301457625], [10, 0.638648190228618], [8, 0.6291760949886337], [7, 0.6267770374529908], [12, 0.6207179548297334], [9, 0.6192337294710621]]}}}, "normal": {"2549122": {"cycles": {"best_k": 2, "best_silhouette_score": 0.8856840606049067, "other_silhouette_scores": [[2, 0.8856840606049067], [3, 0.7656158203406214], [4, 0.7354012948815949], [19, 0.7096228253591498], [17, 0.6897769469959698], [18, 0.6869883918616245], [16, 0.6866929611186947], [14, 0.678606294108983], [15, 0.6758247007266961], [13, 0.6755522030251159], [5, 0.6568794248097424], [12, 0.6371970455236082], [11, 0.6356080482712149], [7, 0.635458299176158], [8, 0.6324531938470805], [9, 0.6293396731192692], [6, 0.6281412936818545], [10, 0.6253684239322532]]}, "instructions": {"best_k": 2, "best_silhouette_score": 0.9239218294664889, "other_silhouette_scores": [[2, 0.9239218294664889], [3, 0.7902855246167397], [4, 0.7835386206352697], [5, 0.6653599162223452], [6, 0.6642156007289424], [7, 0.6610591316382195], [13, 0.6517953429222915], [12, 0.6505423817989924], [11, 0.6452692651556984], [10, 0.6411009327190599], [8, 0.597176427746753], [9, 0.5943944750194654]]}, "branch": {"best_k": 2, "best_silhouette_score": 0.9347970089607586, "other_silhouette_scores": [[2, 0.9347970089607586], [3, 0.8476257521595553], [4, 0.7969240762812869], [5, 0.6939557422047573], [6, 0.6686516008250168], [9, 0.66061593383715], [10, 0.6578507689727892], [8, 0.5932657396545586], [7, 0.5790616926106804]]}}}}