{"attack": {"2431386": {"cycles": {"best_k": 44, "best_silhouette_score": 0.9565608889397441, "other_silhouette_scores": [[44, 0.9565608889397441], [43, 0.9510542810102279], [42, 0.9430686665268169], [39, 0.9375913079822775], [41, 0.9334331356357787], [40, 0.9327904199324902], [36, 0.9326039463087347], [37, 0.9313464894136704], [38, 0.9295217111571742], [35, 0.920674916967352], [33, 0.9102480957109752], [32, 0.9063914080763193], [34, 0.9054518285449245], [31, 0.889907493993266], [2, 0.8645552928335893], [30, 0.8535294824736828], [29, 0.8510446019684069], [27, 0.8009804519027384], [28, 0.7931102545896068], [26, 0.7840653335819735], [25, 0.72751256885659], [3, 0.7206849982025981], [21, 0.7135530977317123], [4, 0.6818085250473772], [24, 0.6612409347771087], [22, 0.6609782210887427], [23, 0.6537124828006347], [5, 0.6493254287745241], [19, 0.6378249555274547], [7, 0.6214684454237268], [6, 0.6207485269966401], [20, 0.6194245049820974], [18, 0.6179017213393738], [15, 0.6115093204249796], [17, 0.6063799261953485], [16, 0.6049560094819546], [8, 0.6041275404743155], [13, 0.6030193901711511], [14, 0.598804178079925], [11, 0.5969757526101295], [10, 0.5944500658188333], [9, 0.5919014845481669], [12, 0.5855244763213648]]}, "instructions": {"best_k": 38, "best_silhouette_score": 0.971425871936076, "other_silhouette_scores": [[38, 0.971425871936076], [37, 0.9691582982399308], [36, 0.9688883489903899], [40, 0.968631897203326], [34, 0.968476780211474], [33, 0.9680946981967393], [35, 0.9677545621423173], [39, 0.9663643235071808], [41, 0.9659863945578231], [42, 0.9659863945578231], [43, 0.9659863945578231], [32, 0.9652533369880306], [31, 0.9647305352747528], [2, 0.9635239810033532], [30, 0.9568291396182553], [29, 0.9465268946221324], [28, 0.9453616055146664], [26, 0.9311914398407418], [27, 0.9252809888524173], [25, 0.9085157028792905], [24, 0.9052606255085154], [23, 0.8886993451256198], [22, 0.8866350567422736], [21, 0.846886016959313], [20, 0.8414206771787657], [19, 0.8277787616221046], [3, 0.808165468119628], [18, 0.7424833984872319], [15, 0.733683845934587], [17, 0.7185651329771043], [4, 0.6859694725121316], [5, 0.6796719098998304], [16, 0.6593389123756727], [14, 0.6431041780245494], [12, 0.6380683659357407], [10, 0.6346339141138843], [9, 0.6289214353295015], [8, 0.6287354741115793], [6, 0.6260103173231725], [13, 0.6258104847287541], [7, 0.625418894510726], [11, 0.6248989204592782]]}, "branch": {"best_k": 2, "best_silhouette_score": 0.9711924139022623, "other_silhouette_scores": [[2, 0.9711924139022623], [39, 0.961098398169337], [41, 0.9610983981693364], [42, 0.9610983981693364], [43, 0.9610983981693364], [40, 0.9588100686498856], [38, 0.9588100686498849], [37, 0.9565217391304343], [36, 0.9553775743707099], [33, 0.9510554053116984], [35, 0.950434782608695], [34, 0.9489577699188678], [32, 0.9465591515019437], [31, 0.938131801074593], [28, 0.9229362472984552], [30, 0.9216136086002406], [29, 0.9214379363035771], [26, 0.9149818212950834], [25, 0.9119639607918039], [22, 0.8970387389668161], [24, 0.8932408172841547], [27, 0.8905376599867306], [23, 0.8650106406932081], [21, 0.8604442395497576], [20, 0.8555702935683308], [3, 0.8025904390390399], [4, 0.7802964923030169], [19, 0.7615469197125361], [17, 0.7494682466966912], [18, 0.7436358770581049], [5, 0.7183410323094449], [13, 0.6645027366740681], [15, 0.6642602510209713], [16, 0.6617792833124189], [14, 0.6549358115061297], [6, 0.6509173365122367], [12, 0.6400351766891286], [10, 0.6350976473879791], [8, 0.6291760949886337], [9, 0.6269857036953512], [7, 0.6237284467349197], [11, 0.6052383673654925]]}}}, "normal": {"2-39-89-25": {"cycles": {"best_k": 2, "best_silhouette_score": 1.0, "other_silhouette_scores": [[2, 1.0], [3, 1.0], [4, 1.0], [5, 1.0], [6, 1.0], [7, 1.0], [8, 1.0], [9, 1.0], [10, 1.0], [11, 1.0], [12, 1.0], [13, 1.0], [14, 1.0], [15, 1.0], [16, 1.0], [17, 1.0], [18, 1.0], [19, 1.0], [20, 1.0], [21, 1.0], [22, 1.0], [23, 1.0], [24, 1.0], [25, 1.0], [26, 1.0], [27, 1.0]]}, "instructions": {"best_k": 2, "best_silhouette_score": -1.0, "other_silhouette_scores": [[2, -1.0], [3, -1.0], [4, -1.0], [5, -1.0], [6, -1.0], [7, -1.0], [8, -1.0], [9, -1.0], [10, -1.0], [11, -1.0], [12, -1.0], [13, -1.0], [14, -1.0], [15, -1.0], [16, -1.0], [17, -1.0], [18, -1.0], [19, -1.0]]}, "branch": {"best_k": 2, "best_silhouette_score": -1.0, "other_silhouette_scores": [[2, -1.0], [3, -1.0], [4, -1.0], [5, -1.0], [6, -1.0], [7, -1.0], [8, -1.0], [9, -1.0], [10, -1.0], [11, -1.0], [12, -1.0], [13, -1.0], [14, -1.0], [15, -1.0], [16, -1.0], [17, -1.0], [18, -1.0]]}}, "2-39-139-28": {"cycles": {"best_k": 14, "best_silhouette_score": 0.9746835443037974, "other_silhouette_scores": [[14, 0.9746835443037974], [15, 0.9746835443037974], [13, 0.9715189873417721], [11, 0.9695147679324893], [12, 0.9651898734177216], [9, 0.9650655446998115], [10, 0.9623707211065639], [8, 0.923519475496999], [7, 0.8342436498825159], [2, 0.7891069372375406], [6, 0.7646474032304073], [5, 0.7453576258159151], [4, 0.7292573175914628], [3, 0.7168598652030158]]}, "instructions": {"best_k": 6, "best_silhouette_score": 0.987858719646799, "other_silhouette_scores": [[6, 0.987858719646799], [7, 0.9867549668874173], [8, 0.9867549668874173], [9, 0.9867549668874173], [10, 0.9867549668874173], [11, 0.9867549668874173], [12, 0.9867549668874173], [13, 0.9867549668874173], [14, 0.9867549668874173], [5, 0.9628336038115589], [2, 0.9386130578259759], [4, 0.817697229456676], [3, 0.7140184407292214]]}, "branch": {"best_k": 10, "best_silhouette_score": 0.9773731714908185, "other_silhouette_scores": [[10, 0.9773731714908185], [11, 0.9749455337690631], [9, 0.9744164332399625], [12, 0.9673202614379085], [13, 0.9673202614379085], [14, 0.9673202614379085], [2, 0.9470209855499012], [8, 0.9395580454403981], [7, 0.855941862511763], [6, 0.8545565106131451], [3, 0.8176846134118099], [4, 0.7456477552484612], [5, 0.7448787410708111]]}}, "2-39-131-30": {"cycles": {"best_k": 11, "best_silhouette_score": 0.9840823970037454, "other_silhouette_scores": [[11, 0.9840823970037454], [10, 0.9824140279196459], [12, 0.9775280898876404], [13, 0.9775280898876404], [14, 0.9775280898876404], [15, 0.9775280898876404], [16, 0.9775280898876404], [17, 0.9775280898876404], [9, 0.9525451140619681], [8, 0.9353556115903507], [7, 0.9082008550987074], [6, 0.8208810159990771], [2, 0.7200187232819301], [5, 0.7045877951479705], [3, 0.6974314317256334], [4, 0.6896467567006732]]}, "instructions": {"best_k": 8, "best_silhouette_score": 0.9915966386554622, "other_silhouette_scores": [[8, 0.9915966386554622], [9, 0.9915966386554622], [10, 0.9915966386554622], [11, 0.9915966386554622], [7, 0.9747899159663865], [6, 0.945747324570854], [2, 0.9058007349311198], [5, 0.9024127272574666], [4, 0.8476272379325357], [3, 0.7364308040893284]]}, "branch": {"best_k": 2, "best_silhouette_score": 0.8637434397368478, "other_silhouette_scores": [[2, 0.8637434397368478], [6, 0.7057059101141417], [4, 0.7041675371915357], [5, 0.6901101263180871], [3, 0.6396523273684509]]}}}}