{"0": {"AB": 0.7498776732909268, "AC": 0.2553183485375717, "DS": 0.33589663848915785, "DT": 0.7233848055515736, "GM": 0.5601902809186025, "GN": 0.7333542435721121, "GB": 0.738325335466098, "KNN": 0.6881835130721621, "KM": 0.7283602978890907, "LR": 0.7416282642089094, "LRR": 0.7416282642089094, "LRL": 0.7416282642089094, "LRE": 0.7416282642089094, "LOG_R": 0.7279950808828056, "RF": 0.7283602978890907, "SVM": 0.7446902125097493, "DNN": 0.7283602978890907}, "1": {"AB": 0.7238095238095237, "AC": 0.6208208458208458, "DS": 0.3439687546943067, "DT": 0.7076310887417679, "GM": 0.3439687546943067, "GN": 0.6930137587376892, "GB": 0.7238095238095238, "KNN": 0.6455936097195557, "KM": 0.6640749473082557, "LR": 0.7112228929130338, "LRR": 0.7112228929130338, "LRL": 0.7112228929130338, "LRE": 0.7112228929130338, "LOG_R": 0.7093853336662806, "RF": 0.7041182755234894, "SVM": 0.6942683982683984, "DNN": 0.7142857142857143}, "2": {"AB": 0.7741376286981136, "AC": 0.5098472727272728, "DS": 0.35578947368421054, "DT": 0.7042212445003142, "GM": 0.34897009966777404, "GN": 0.7518292590630439, "GB": 0.7528749214330608, "KNN": 0.6635246222500588, "KM": 0.21539436173582513, "LR": 0.7426209430496019, "LRR": 0.7426209430496019, "LRL": 0.7426209430496019, "LRE": 0.7426209430496019, "LOG_R": 0.7744086505969813, "RF": 0.7528749214330608, "SVM": 0.7533207802967538, "DNN": 0.7850806431447076}, "3": {"AB": 0.6860902545613219, "AC": 0.3486816649162567, "DS": 0.3405732198835647, "DT": 0.6318865812709862, "GM": 0.3373376623376624, "GN": 0.5688450663069953, "GB": 0.6945100354191264, "KNN": 0.5891191769871521, "KM": 0.3561507616807156, "LR": 0.6267022801157623, "LRR": 0.6267022801157623, "LRL": 0.6267022801157623, "LRE": 0.6267022801157623, "LOG_R": 0.6398995322425058, "RF": 0.6884718289229568, "SVM": 0.6413813459268005, "DNN": 0.6325382708248917}, "4": {"AB": 0.7209302325581395, "AC": 0.37996301105733277, "DS": 0.3907751937984496, "DT": 0.6169796879599647, "GM": 0.3907751937984496, "GN": 0.5860956189273564, "GB": 0.6360403592961733, "KNN": 0.625310268453813, "KM": 0.5192722145792749, "LR": 0.543626041848808, "LRR": 0.543626041848808, "LRL": 0.5592057361628819, "LRE": 0.543626041848808, "LOG_R": 0.543626041848808, "RF": 0.6319664913513774, "SVM": 0.5706854345165239, "DNN": 0.5581395348837208}, "0 + 1": {"AB": 0.8137920962701171, "AC": 0.24513882107867072, "DS": 0.3439687546943067, "DT": 0.789558651669773, "GM": 0.3439687546943067, "GN": 0.7889469591321613, "GB": 0.8226650386650386, "KNN": 0.7375084568138704, "KM": 0.7536815116214257, "LR": 0.8223738113172273, "LRR": 0.8223738113172273, "LRL": 0.8223738113172273, "LRE": 0.8223738113172273, "LOG_R": 0.822923177146846, "RF": 0.8266884602811375, "SVM": 0.8170600414078675, "DNN": 0.8212983515684854}, "0 + 2": {"AB": 0.8399199919991999, "AC": 0.31166279455692003, "DS": 0.35578947368421054, "DT": 0.8449651241281032, "GM": 0.32231154156577885, "GN": 0.8137320177750997, "GB": 0.8234820867379007, "KNN": 0.7581293653203767, "KM": 0.19263617559181795, "LR": 0.8081642512077295, "LRR": 0.803308610936518, "LRL": 0.803308610936518, "LRE": 0.803308610936518, "LOG_R": 0.8044874971840505, "RF": 0.8081642512077295, "SVM": 0.803308610936518, "DNN": 0.803308610936518}, "0 + 3": {"AB": 0.8181818181818182, "AC": 0.2665755297334244, "DS": 0.3405732198835647, "DT": 0.7595881388460848, "GM": 0.24719095719095716, "GN": 0.7981654547759252, "GB": 0.7919973697188887, "KNN": 0.7547354960991912, "KM": 0.24137291280148418, "LR": 0.7921376513781577, "LRR": 0.7921376513781577, "LRL": 0.7855786103221838, "LRE": 0.7921376513781577, "LOG_R": 0.7855786103221838, "RF": 0.8051290481670229, "SVM": 0.7986758339699516, "DNN": 0.7974813065722157}, "0 + 4": {"AB": 0.8297649809277715, "AC": 0.7370070778564208, "DS": 0.3907751937984496, "DT": 0.7419808895946663, "GM": 0.37257006559332134, "GN": 0.7512220768034721, "GB": 0.7674418604651163, "KNN": 0.6718730378230158, "KM": 0.2558139534883721, "LR": 0.7370070778564208, "LRR": 0.7370070778564208, "LRL": 0.7370070778564208, "LRE": 0.7370070778564208, "LOG_R": 0.7446500099119454, "RF": 0.768030544280236, "SVM": 0.7525351487125512, "DNN": 0.7115962664135422}, "1 + 2": {"AB": 0.8050341668543965, "AC": 0.664066924066924, "DS": 0.35578947368421054, "DT": 0.7792914653784218, "GM": 0.35578947368421054, "GN": 0.7795375838254429, "GB": 0.7797350461661984, "KNN": 0.6968061919184074, "KM": 0.7932218730358264, "LR": 0.784650406504065, "LRR": 0.784650406504065, "LRL": 0.779735894357743, "LRE": 0.784650406504065, "LOG_R": 0.7749493737343434, "RF": 0.7949537814073498, "SVM": 0.7848225850816434, "DNN": 0.7750844277673545}, "1 + 3": {"AB": 0.7519905853522008, "AC": 0.32576234338348875, "DS": 0.3405732198835647, "DT": 0.6730055658627087, "GM": 0.3405732198835647, "GN": 0.7640074211502783, "GB": 0.7529966654966653, "KNN": 0.665478312537136, "KM": 0.24511843643614678, "LR": 0.7401721085931612, "LRR": 0.7401721085931612, "LRL": 0.7401721085931612, "LRE": 0.7401721085931612, "LOG_R": 0.7402597402597403, "RF": 0.7393812005684152, "SVM": 0.7593853109871852, "DNN": 0.7460791205245508}, "1 + 4": {"AB": 0.7213018751055802, "AC": 0.3836034766267325, "DS": 0.3907751937984496, "DT": 0.7439682663140702, "GM": 0.2789039505865772, "GN": 0.7441860465116279, "GB": 0.7757362517319926, "KNN": 0.659609562584821, "KM": 0.723748222016406, "LR": 0.768030544280236, "LRR": 0.768030544280236, "LRL": 0.7757362517319926, "LRE": 0.768030544280236, "LOG_R": 0.7598647252284064, "RF": 0.7602697863341988, "SVM": 0.7525659138989182, "DNN": 0.768030544280236}, "2 + 3": {"AB": 0.8426716141001853, "AC": 0.3813298723723934, "DS": 0.3405732198835647, "DT": 0.7657599157599159, "GM": 0.33176430556343217, "GN": 0.7999416314023056, "GB": 0.8762949561529862, "KNN": 0.7758119389617074, "KM": 0.7535507046145345, "LR": 0.811734481440043, "LRR": 0.811734481440043, "LRL": 0.811734481440043, "LRE": 0.8188196338666559, "LOG_R": 0.8359001264369277, "RF": 0.848097823820367, "SVM": 0.8485901770573304, "DNN": 0.8279827909266922}, "2 + 4": {"AB": 0.814087656529517, "AC": 0.3454560448622794, "DS": 0.3907751937984496, "DT": 0.8376210583811264, "GM": 0.2789039505865772, "GN": 0.7811142756759585, "GB": 0.8144013615344134, "KNN": 0.7806948033304624, "KM": 0.752884681347328, "LR": 0.7755216635952863, "LRR": 0.7755216635952863, "LRL": 0.767229672381599, "LRE": 0.7837590545177278, "LOG_R": 0.7988131592782756, "RF": 0.7903202584321021, "SVM": 0.7823193172030382, "DNN": 0.7885764950316424}, "3 + 4": {"AB": 0.6751263902932254, "AC": 0.4079799866498436, "DS": 0.3907751937984496, "DT": 0.6427591912598033, "GM": 0.3907751937984496, "GN": 0.6272842762225977, "GB": 0.7048880275624461, "KNN": 0.5799369826664075, "KM": 0.34314077389221376, "LR": 0.6818999672386933, "LRR": 0.6818999672386933, "LRL": 0.681239458476154, "LRE": 0.6818999672386933, "LOG_R": 0.681239458476154, "RF": 0.6974170420075374, "SVM": 0.6751263902932254, "DNN": 0.7138703901408181}, "0 + 1 + 2": {"AB": 0.8450271582688793, "AC": 0.21000000000000005, "DS": 0.35578947368421054, "DT": 0.8399197994987468, "GM": 0.3436981276514306, "GN": 0.8647804878048783, "GB": 0.8648885999349855, "KNN": 0.803654288531055, "KM": 0.8640747156737215, "LR": 0.8695833333333334, "LRR": 0.8695833333333334, "LRL": 0.8695833333333334, "LRE": 0.8695833333333334, "LOG_R": 0.8647804878048783, "RF": 0.8849051036483209, "SVM": 0.8745209048322855, "DNN": 0.8646451903581888}, "0 + 1 + 3": {"AB": 0.7844155844155845, "AC": 0.6024905990639857, "DS": 0.3405732198835647, "DT": 0.7650459296800761, "GM": 0.3376623376623377, "GN": 0.8172579453067259, "GB": 0.7650459296800761, "KNN": 0.8227669372502256, "KM": 0.25327824189304265, "LR": 0.7851438712130814, "LRR": 0.7851438712130814, "LRL": 0.7851438712130814, "LRE": 0.7851438712130814, "LOG_R": 0.7851438712130814, "RF": 0.7771181199752628, "SVM": 0.7978581181881372, "DNN": 0.8159497791211346}, "0 + 1 + 4": {"AB": 0.82183511871785, "AC": 0.658156430648918, "DS": 0.3907751937984496, "DT": 0.7739538304322356, "GM": 0.3907751937984496, "GN": 0.7592565930146358,