{"0": {"AB": 1.0, "AC": 0.30769230769230765, "DS": 0.3333333333333333, "DT": 1.0, "GM": 0.3333333333333333, "GN": 1.0, "GB": 1.0, "KNN": 1.0, "KM": 0.7662337662337663, "LR": 0.9705882352941175, "LRR": 0.9705882352941175, "LRL": 0.9705882352941175, "LRE": 0.9705882352941175, "LOG_R": 1.0, "RF": 1.0, "SVM": 1.0, "DNN": 1.0}, "1": {"AB": 0.6258503401360545, "AC": 0.14285714285714288, "DS": 0.5952380952380951, "DT": 0.6258503401360545, "GM": 0.5952380952380951, "GN": 0.7354037267080746, "GB": 0.6796536796536797, "KNN": 0.6796536796536797, "KM": 0.8571428571428571, "LR": 0.5952380952380951, "LRR": 0.5952380952380951, "LRL": 0.5952380952380951, "LRE": 0.5952380952380951, "LOG_R": 0.5952380952380951, "RF": 0.6796536796536797, "SVM": 0.5952380952380951, "DNN": 0.5952380952380951}, "2": {"AB": 0.6564102564102564, "AC": 0.43724696356275305, "DS": 0.5664335664335665, "DT": 0.6564102564102564, "GM": 0.5664335664335665, "GN": 0.5980335454019664, "GB": 0.6564102564102564, "KNN": 0.6564102564102564, "KM": 0.521978021978022, "LR": 0.612685560053981, "LRR": 0.612685560053981, "LRL": 0.6564102564102564, "LRE": 0.612685560053981, "LOG_R": 0.6564102564102564, "RF": 0.6564102564102564, "SVM": 0.6564102564102564, "DNN": 0.8461538461538461}, "3": {"AB": 1.0, "AC": 0.0, "DS": 0.3333333333333333, "DT": 1.0, "GM": 0.3333333333333333, "GN": 1.0, "GB": 1.0, "KNN": 1.0, "KM": 1.0, "LR": 0.873015873015873, "LRR": 0.873015873015873, "LRL": 0.873015873015873, "LRE": 0.873015873015873, "LOG_R": 1.0, "RF": 1.0, "SVM": 1.0, "DNN": 1.0}, "4": {"AB": 1.0, "AC": 0.3, "DS": 0.3333333333333333, "DT": 1.0, "GM": 0.3, "GN": 1.0, "GB": 1.0, "KNN": 1.0, "KM": 0.47500000000000003, "LR": 0.9615384615384615, "LRR": 0.9615384615384615, "LRL": 0.9615384615384615, "LRE": 0.9615384615384615, "LOG_R": 1.0, "RF": 1.0, "SVM": 1.0, "DNN": 1.0}, "0 + 1": {"AB": 1.0, "AC": 0.3328671328671329, "DS": 0.5664335664335665, "DT": 1.0, "GM": 0.29230769230769227, "GN": 1.0, "GB": 1.0, "KNN": 1.0, "KM": 0.1538461538461538, "LR": 0.9592760180995475, "LRR": 0.9592760180995475, "LRL": 0.9592760180995475, "LRE": 0.9592760180995475, "LOG_R": 1.0, "RF": 1.0, "SVM": 1.0, "DNN": 1.0}, "0 + 2": {"AB": 1.0, "AC": 1.0, "DS": 0.5664335664335665, "DT": 1.0, "GM": 0.5664335664335665, "GN": 1.0, "GB": 1.0, "KNN": 1.0, "KM": 0.0, "LR": 1.0, "LRR": 1.0, "LRL": 1.0, "LRE": 1.0, "LOG_R": 1.0, "RF": 1.0, "SVM": 1.0, "DNN": 1.0}, "0 + 3": {"AB": 1.0, "AC": 0.2, "DS": 0.3333333333333333, "DT": 1.0, "GM": 0.7333333333333334, "GN": 1.0, "GB": 1.0, "KNN": 1.0, "KM": 1.0, "LR": 0.8333333333333333, "LRR": 0.8333333333333333, "LRL": 0.8333333333333333, "LRE": 0.8333333333333333, "LOG_R": 1.0, "RF": 1.0, "SVM": 1.0, "DNN": 1.0}, "0 + 4": {"AB": 1.0, "AC": 1.0, "DS": 0.3333333333333333, "DT": 1.0, "GM": 0.3333333333333333, "GN": 1.0, "GB": 1.0, "KNN": 1.0, "KM": 0.0, "LR": 1.0, "LRR": 1.0, "LRL": 1.0, "LRE": 1.0, "LOG_R": 1.0, "RF": 1.0, "SVM": 1.0, "DNN": 1.0}, "1 + 2": {"AB": 0.77526395173454, "AC": 0.8282051282051281, "DS": 0.5664335664335665, "DT": 0.9196067090803933, "GM": 0.5664335664335665, "GN": 0.9196067090803933, "GB": 0.9196067090803933, "KNN": 0.9196067090803933, "KM": 0.9196067090803933, "LR": 0.8282051282051281, "LRR": 0.8282051282051281, "LRL": 0.8282051282051281, "LRE": 0.8282051282051281, "LOG_R": 0.8282051282051281, "RF": 0.8282051282051281, "SVM": 0.8282051282051281, "DNN": 0.9196067090803933}, "1 + 3": {"AB": 1.0, "AC": 0.2727272727272727, "DS": 0.3333333333333333, "DT": 1.0, "GM": 0.6190476190476191, "GN": 0.873015873015873, "GB": 1.0, "KNN": 0.873015873015873, "KM": 0.6190476190476191, "LR": 0.873015873015873, "LRR": 0.873015873015873, "LRL": 0.873015873015873, "LRE": 0.873015873015873, "LOG_R": 0.873015873015873, "RF": 1.0, "SVM": 0.873015873015873, "DNN": 0.873015873015873}, "1 + 4": {"AB": 1.0, "AC": 0.4491978609625668, "DS": 0.494949494949495, "DT": 1.0, "GM": 0.4491978609625668, "GN": 1.0, "GB": 1.0, "KNN": 0.9106449106449106, "KM": 0.7319347319347319, "LR": 0.8535353535353536, "LRR": 0.8535353535353536, "LRL": 0.9510489510489509, "LRE": 0.8535353535353536, "LOG_R": 1.0, "RF": 1.0, "SVM": 1.0, "DNN": 0.9106449106449106}, "2 + 3": {"AB": 1.0, "AC": 0.0, "DS": 0.3333333333333333, "DT": 1.0, "GM": 0.3333333333333333, "GN": 1.0, "GB": 1.0, "KNN": 1.0, "KM": 1.0, "LR": 1.0, "LRR": 1.0, "LRL": 1.0, "LRE": 1.0, "LOG_R": 1.0, "RF": 1.0, "SVM": 1.0, "DNN": 1.0}, "2 + 4": {"AB": 1.0, "AC": 0.8181818181818182, "DS": 0.494949494949495, "DT": 1.0, "GM": 0.494949494949495, "GN": 1.0, "GB": 1.0, "KNN": 1.0, "KM": 0.18181818181818182, "LR": 0.9056277056277057, "LRR": 0.9056277056277057, "LRL": 0.9056277056277057, "LRE": 0.9056277056277057, "LOG_R": 1.0, "RF": 1.0, "SVM": 1.0, "DNN": 0.9106449106449106}, "3 + 4": {"AB": 1.0, "AC": 0.0, "DS": 0.3333333333333333, "DT": 1.0, "GM": 0.3333333333333333, "GN": 1.0, "GB": 1.0, "KNN": 1.0, "KM": 1.0, "LR": 1.0, "LRR": 1.0, "LRL": 1.0, "LRE": 1.0, "LOG_R": 1.0, "RF": 1.0, "SVM": 1.0, "DNN": 1.0}, "0 + 1 + 2": {"AB": 1.0, "AC": 0.5274725274725275, "DS": 0.5664335664335665, "DT": 1.0, "GM": 0.29230769230769227, "GN": 1.0, "GB": 1.0, "KNN": 1.0, "KM": 0.5274725274725275, "LR": 1.0, "LRR": 1.0, "LRL": 1.0, "LRE": 1.0, "LOG_R": 1.0, "RF": 1.0, "SVM": 1.0, "DNN": 1.0}, "0 + 1 + 3": {"AB": 1.0, "AC": 0.0, "DS": 0.3333333333333333, "DT": 1.0, "GM": 0.873015873015873, "GN": 1.0, "GB": 1.0, "KNN": 1.0, "KM": 1.0, "LR": 0.7, "LRR": 0.7, "LRL": 0.7, "LRE": 0.7, "LOG_R": 1.0, "RF": 1.0, "SVM": 1.0, "DNN": 1.0}, "0 + 1 + 4": {"AB": 1.0, "AC": 0.4491978609625668, "DS": 0.494949494949495, "DT": 1.0, "GM": 0.494949494949495, "GN": 1.0, "GB": 1.0, "KNN": 1.0, "KM": 0.0, "LR": 0.9510489510489509, "LRR": 0.9510489510489509, "LRL": 0.9510489510489509, "LRE": 0.9510489510489509, "LOG_R": 1.0, "RF": 1.0, "SVM": 1.0, "DNN": 0.7992424242424243}, "0 + 2 + 3": {"AB": 1.0, "AC": 0.5636363636363637, "DS": 0.3333333333333333, "DT": 1.0, "GM": 0.5636363636363637, "GN": 1.0, "GB": 1.0, "KNN": 1.0, "KM": 0.2727272727272727, "LR": 1.0, "LRR": 1.0, "LRL": 1.0, "LRE": 1.0, "LOG_R": 1.0, "RF": 1.0, "SVM": 1.0, "DNN": 1.0}, "0 + 2 + 4": {"AB": 1.0, "AC": 0.9056277056277057, "DS": 0.494949494949495, "DT": 1.0, "GM": 0.19393939393939394, "GN": 1.0, "GB": 1.0, "KNN": 0.9056277056277057, "KM": 0.9056277056277057, "LR": 0.8571428571428572, "LRR": 0.8571428571428572, "LRL": 0.8571428571428572, "LRE": 0.8571428571428572, "LOG_R": 0.9056277056277057, "RF": 1.0, "SVM": 1.0, "DNN": 0.9056277056277057}, "0 + 3 + 4": {"AB": 1.0, "AC": 0.0, "DS": 0.3333333333333333, "DT": 1.0, "GM": 0.3333333333333333, "GN": 1.0, "GB": 1.0, "KNN": 1.0, "KM": 0.0, "LR": 1.0, "LRR": 1.0, "LRL": 1.0, "LRE": 1.0, "LOG_R": 1.0, "RF": 1.0, "SVM": 1.0, "DNN": 1.0}, "1 + 2 + 3": {"AB": 1.0, "AC": 0.0, "DS": 0.3333333333333333, "DT": 1.0, "GM": 0.3333333333333333, "GN": 1.0, "GB": 1.0, "KNN": 1.0, "KM": 0.11111111111111112, "LR": 1.0, "LRR": 1.0, "LRL": 1.0, "LRE": 1.0, "LOG_R": 1.0, "RF": 1.0, "SVM": 1.0, "DNN": 1.0}, "1 + 2 + 4": {"AB": 1.0, "AC": 0.4491978609625668, "DS": 0.494949494949495, "DT": 1.0, "GM": 0.4491978609625668, "GN": 1.0, "GB": 1.0, "KNN": 0.9056277056277057, "KM": 0.366883116883117, "LR": 0.8535353535353536, "LRR": 0.8535353535353536, "LRL": 0.7622377622377621, "LRE": 0.8535353535353536, "LOG_R": 0.7319347319347319, "RF": 1.0, "SVM": 1.0, "DNN": 0.8212121212121212}, "1 + 3 + 4": {"AB": 1.0, "AC": 0.11111111111111112, "DS": 0.3333333333333333, "DT": 1.0, "GM": 0.873015873015873, "GN": 1.0, "GB": 1.0, "KNN": 1.0, "KM": 1.0, "LR": 1.0, "LRR": 1.0, "LRL": 1.0, "LRE": 1.0, "LOG_R": 1.0, "RF": 1.0, "SVM": 1.0, "DNN": 0.873015873015873}, "2 + 3 + 4": {"AB": 1.0, "AC": 0.2727272727272727, "DS": 0.3333333333333333, "DT": 1.0, "GM": 0.2727272727272727, "GN": 1.0, "GB": 1.0, "KNN": 1.0, "KM": 0.5636363636363637, "LR": 0.9285714285714286, "LRR": 0.9285714285714286, "LRL": 0.9285714285714286, "LRE": 0.9285714285714286, "LOG_R": 1.0, "RF": 1.0, "SVM": 1.0, "DNN": 1.0}, "0 + 1 + 2 + 3": {"AB": 1.0, "AC": 0.2727272727272727, "DS": 0.3333333333333333, "DT": 1.0,