{"0": {"AB": 0.44079133826320704, "AC": 0.44079133826320704, "DS": 0.44079133826320704, "DT": 0.44079133826320704, "GM": 0.44079133826320704, "GN": 0.44079133826320704, "GB": 0.44079133826320704, "KNN": 0.44079133826320704, "KM": 0.44079133826320704, "LR": 0.44079133826320704, "LRR": 0.44079133826320704, "LRL": 0.44079133826320704, "LRE": 0.44079133826320704, "LOG_R": 0.44079133826320704, "RF": 0.44079133826320704, "SVM": 0.44079133826320704, "DNN": 0.44079133826320704}, "1": {"AB": 0.4198599622914204, "AC": 0.4198599622914204, "DS": 0.4198599622914204, "DT": 0.4198599622914204, "GM": 0.4198599622914204, "GN": 0.4198599622914204, "GB": 0.4198599622914204, "KNN": 0.4198599622914204, "KM": 0.4198599622914204, "LR": 0.4198599622914204, "LRR": 0.4198599622914204, "LRL": 0.4198599622914204, "LRE": 0.4198599622914204, "LOG_R": 0.4198599622914204, "RF": 0.4198599622914204, "SVM": 0.4198599622914204, "DNN": 0.4198599622914204}, "2": {"AB": 0.3637069153032808, "AC": 0.3637069153032808, "DS": 0.3637069153032808, "DT": 0.3637069153032808, "GM": 0.3637069153032808, "GN": 0.3637069153032808, "GB": 0.3637069153032808, "KNN": 0.3637069153032808, "KM": 0.3637069153032808, "LR": 0.3637069153032808, "LRR": 0.3637069153032808, "LRL": 0.3637069153032808, "LRE": 0.3637069153032808, "LOG_R": 0.3637069153032808, "RF": 0.3637069153032808, "SVM": 0.3637069153032808, "DNN": 0.3637069153032808}, "3": {"AB": 0.2724981189889717, "AC": 0.2724981189889717, "DS": 0.2724981189889717, "DT": 0.2724981189889717, "GM": 0.2724981189889717, "GN": 0.2724981189889717, "GB": 0.2724981189889717, "KNN": 0.2724981189889717, "KM": 0.2724981189889717, "LR": 0.2724981189889717, "LRR": 0.2724981189889717, "LRL": 0.2724981189889717, "LRE": 0.2724981189889717, "LOG_R": 0.2724981189889717, "RF": 0.2724981189889717, "SVM": 0.2724981189889717, "DNN": 0.2724981189889717}, "4": {"AB": 0.26822279209100436, "AC": 0.26822279209100436, "DS": 0.26822279209100436, "DT": 0.26822279209100436, "GM": 0.26822279209100436, "GN": 0.26822279209100436, "GB": 0.26822279209100436, "KNN": 0.26822279209100436, "KM": 0.26822279209100436, "LR": 0.26822279209100436, "LRR": 0.26822279209100436, "LRL": 0.26822279209100436, "LRE": 0.26822279209100436, "LOG_R": 0.26822279209100436, "RF": 0.26822279209100436, "SVM": 0.26822279209100436, "DNN": 0.26822279209100436}, "0 + 1": {"AB": 0.56155415360963, "AC": 0.56155415360963, "DS": 0.56155415360963, "DT": 0.56155415360963, "GM": 0.56155415360963, "GN": 0.56155415360963, "GB": 0.56155415360963, "KNN": 0.56155415360963, "KM": 0.56155415360963, "LR": 0.56155415360963, "LRR": 0.56155415360963, "LRL": 0.56155415360963, "LRE": 0.56155415360963, "LOG_R": 0.56155415360963, "RF": 0.56155415360963, "SVM": 0.56155415360963, "DNN": 0.56155415360963}, "0 + 2": {"AB": 0.49531769714443663, "AC": 0.49531769714443663, "DS": 0.49531769714443663, "DT": 0.49531769714443663, "GM": 0.49531769714443663, "GN": 0.49531769714443663, "GB": 0.49531769714443663, "KNN": 0.49531769714443663, "KM": 0.49531769714443663, "LR": 0.49531769714443663, "LRR": 0.49531769714443663, "LRL": 0.49531769714443663, "LRE": 0.49531769714443663, "LOG_R": 0.49531769714443663, "RF": 0.49531769714443663, "SVM": 0.49531769714443663, "DNN": 0.49531769714443663}, "0 + 3": {"AB": 0.39142021941295313, "AC": 0.39142021941295313, "DS": 0.39142021941295313, "DT": 0.39142021941295313, "GM": 0.39142021941295313, "GN": 0.39142021941295313, "GB": 0.39142021941295313, "KNN": 0.39142021941295313, "KM": 0.39142021941295313, "LR": 0.39142021941295313, "LRR": 0.39142021941295313, "LRL": 0.39142021941295313, "LRE": 0.39142021941295313, "LOG_R": 0.39142021941295313, "RF": 0.39142021941295313, "SVM": 0.39142021941295313, "DNN": 0.39142021941295313}, "0 + 4": {"AB": 0.3876519453715724, "AC": 0.3876519453715724, "DS": 0.3876519453715724, "DT": 0.3876519453715724, "GM": 0.3876519453715724, "GN": 0.3876519453715724, "GB": 0.3876519453715724, "KNN": 0.3876519453715724, "KM": 0.3876519453715724, "LR": 0.3876519453715724, "LRR": 0.3876519453715724, "LRL": 0.3876519453715724, "LRE": 0.3876519453715724, "LOG_R": 0.3876519453715724, "RF": 0.3876519453715724, "SVM": 0.3876519453715724, "DNN": 0.3876519453715724}, "1 + 2": {"AB": 0.49366990676374495, "AC": 0.49366990676374495, "DS": 0.49366990676374495, "DT": 0.49366990676374495, "GM": 0.49366990676374495, "GN": 0.49366990676374495, "GB": 0.49366990676374495, "KNN": 0.49366990676374495, "KM": 0.49366990676374495, "LR": 0.49366990676374495, "LRR": 0.49366990676374495, "LRL": 0.49366990676374495, "LRE": 0.49366990676374495, "LOG_R": 0.49366990676374495, "RF": 0.49366990676374495, "SVM": 0.49366990676374495, "DNN": 0.49366990676374495}, "1 + 3": {"AB": 0.39013368117216146, "AC": 0.39013368117216146, "DS": 0.39013368117216146, "DT": 0.39013368117216146, "GM": 0.39013368117216146, "GN": 0.39013368117216146, "GB": 0.39013368117216146, "KNN": 0.39013368117216146, "KM": 0.39013368117216146, "LR": 0.39013368117216146, "LRR": 0.39013368117216146, "LRL": 0.39013368117216146, "LRE": 0.39013368117216146, "LOG_R": 0.39013368117216146, "RF": 0.39013368117216146, "SVM": 0.39013368117216146, "DNN": 0.39013368117216146}, "1 + 4": {"AB": 0.3862931807656805, "AC": 0.3862931807656805, "DS": 0.3862931807656805, "DT": 0.3862931807656805, "GM": 0.3862931807656805, "GN": 0.3862931807656805, "GB": 0.3862931807656805, "KNN": 0.3862931807656805, "KM": 0.3862931807656805, "LR": 0.3862931807656805, "LRR": 0.3862931807656805, "LRL": 0.3862931807656805, "LRE": 0.3862931807656805, "LOG_R": 0.3862931807656805, "RF": 0.3862931807656805, "SVM": 0.3862931807656805, "DNN": 0.3862931807656805}, "2 + 3": {"AB": 0.38219948235419415, "AC": 0.38219948235419415, "DS": 0.38219948235419415, "DT": 0.38219948235419415, "GM": 0.38219948235419415, "GN": 0.38219948235419415, "GB": 0.38219948235419415, "KNN": 0.38219948235419415, "KM": 0.38219948235419415, "LR": 0.38219948235419415, "LRR": 0.38219948235419415, "LRL": 0.38219948235419415, "LRE": 0.38219948235419415, "LOG_R": 0.38219948235419415, "RF": 0.38219948235419415, "SVM": 0.38219948235419415, "DNN": 0.38219948235419415}, "2 + 4": {"AB": 0.37906575210232973, "AC": 0.37906575210232973, "DS": 0.37906575210232973, "DT": 0.37906575210232973, "GM": 0.37906575210232973, "GN": 0.37906575210232973, "GB": 0.37906575210232973, "KNN": 0.37906575210232973, "KM": 0.37906575210232973, "LR": 0.37906575210232973, "LRR": 0.37906575210232973, "LRL": 0.37906575210232973, "LRE": 0.37906575210232973, "LOG_R": 0.37906575210232973, "RF": 0.37906575210232973, "SVM": 0.37906575210232973, "DNN": 0.37906575210232973}, "3 + 4": {"AB": 0.3421560641866996, "AC": 0.3421560641866996, "DS": 0.3421560641866996, "DT": 0.3421560641866996, "GM": 0.3421560641866996, "GN": 0.3421560641866996, "GB": 0.3421560641866996, "KNN": 0.3421560641866996, "KM": 0.3421560641866996, "LR": 0.3421560641866996, "LRR": 0.3421560641866996, "LRL": 0.3421560641866996, "LRE": 0.3421560641866996, "LOG_R": 0.3421560641866996, "RF": 0.3421560641866996, "SVM": 0.3421560641866996, "DNN": 0.3421560641866996}, "0 + 1 + 2": {"AB": 0.5598872452794958, "AC": 0.5598872452794958, "DS": 0.5598872452794958, "DT": 0.5598872452794958, "GM": 0.5598872452794958, "GN": 0.5598872452794958, "GB": 0.5598872452794958, "KNN": 0.5598872452794958, "KM": 0.5598872452794958, "LR": 0.5598872452794958, "LRR": 0.5598872452794958, "LRL": 0.5598872452794958, "LRE": 0.5598872452794958, "LOG_R": 0.5598872452794958, "RF": 0.5598872452794958, "SVM": 0.5598872452794958, "DNN": 0.5598872452794958}, "0 + 1 + 3": {"AB": 0.4499163659443501, "AC": 0.4499163659443501, "DS": 0.4499163659443501, "DT": 0.4499163659443501, "GM": 0.4499163659443501, "GN": 0.4499163659443501, "GB": 0.4499163659443501, "KNN": 0.4499163659443501, "KM": 0.4499163659443501, "LR": 0.4499163659443501, "LRR": 0.4499163659443501, "LRL": 0.4499163659443501, "LRE": 0.4499163659443501, "LOG_R": 0.4499163659443501, "RF": 0.4499163659443501, "SVM": 0.4499163659443501, "DNN": 0.4499163659443501}, "0 + 1 + 4": {"AB": 0.44634744855743747,