{"0": {"AB": 1.0, "AC": 0.518014705882353, "DS": 0.3333333333333333, "DT": 1.0, "GM": 0.3333333333333333, "GN": 1.0, "GB": 1.0, "KNN": 1.0, "KM": 0.008695652173913044, "LR": 0.9821386603995299, "LRR": 0.9821386603995299, "LRL": 0.9821386603995299, "LRE": 0.9821386603995299, "LOG_R": 1.0, "RF": 1.0, "SVM": 1.0, "DNN": 1.0}, "1": {"AB": 0.876949793370263, "AC": 0.3623326750054861, "DS": 0.01539440203562341, "DT": 0.876949793370263, "GM": 0.8647016011644832, "GN": 0.8647016011644832, "GB": 0.8563142437591776, "KNN": 0.8833333333333333, "KM": 0.3623326750054861, "LR": 0.8647016011644832, "LRR": 0.8647016011644832, "LRL": 0.8647016011644832, "LRE": 0.8647016011644832, "LOG_R": 0.8647016011644832, "RF": 0.8563142437591776, "SVM": 0.8647016011644832, "DNN": 0.8647016011644832}, "2": {"AB": 0.9005200308166409, "AC": 0.31265494973458235, "DS": 0.015898042307186968, "DT": 0.8818944573023592, "GM": 0.032814461707470176, "GN": 0.8624482109227872, "GB": 0.8624482109227872, "KNN": 0.8519659875592078, "KM": 0.6042154701208029, "LR": 0.8624482109227872, "LRR": 0.8624482109227872, "LRL": 0.8624482109227872, "LRE": 0.8624482109227872, "LOG_R": 0.8624482109227872, "RF": 0.8582021791767556, "SVM": 0.8624482109227872, "DNN": 0.8624482109227872}, "3": {"AB": 0.9059722528499795, "AC": 0.06365593131636908, "DS": 0.011751051791672712, "DT": 0.9197576509314697, "GM": 0.06365593131636908, "GN": 0.88218261897965, "GB": 0.88218261897965, "KNN": 0.9182019930807569, "KM": 0.7040062601936967, "LR": 0.88218261897965, "LRR": 0.88218261897965, "LRL": 0.88218261897965, "LRE": 0.88218261897965, "LOG_R": 0.88218261897965, "RF": 0.88218261897965, "SVM": 0.88218261897965, "DNN": 0.88218261897965}, "4": {"AB": 0.9035639412997902, "AC": 0.10055911190341138, "DS": 0.009523809523809525, "DT": 0.8809523809523809, "GM": 0.009523809523809525, "GN": 0.8941798941798942, "GB": 0.8941798941798942, "KNN": 0.8591970121381886, "KM": 0.5948435485761163, "LR": 0.8941798941798942, "LRR": 0.8941798941798942, "LRL": 0.8941798941798942, "LRE": 0.8941798941798942, "LOG_R": 0.8941798941798942, "RF": 0.9116071428571428, "SVM": 0.8941798941798942, "DNN": 0.8941798941798942}, "0 + 1": {"AB": 1.0, "AC": 0.2394406943105111, "DS": 0.04504839910647803, "DT": 1.0, "GM": 0.7437922537436028, "GN": 1.0, "GB": 1.0, "KNN": 1.0, "KM": 0.6798462974933563, "LR": 0.9925819885476315, "LRR": 0.9925819885476315, "LRL": 0.9925819885476315, "LRE": 0.9925819885476315, "LOG_R": 1.0, "RF": 1.0, "SVM": 1.0, "DNN": 1.0}, "0 + 2": {"AB": 1.0, "AC": 0.10304799886056115, "DS": 0.04504839910647803, "DT": 1.0, "GM": 0.7231591937474291, "GN": 1.0, "GB": 1.0, "KNN": 1.0, "KM": 0.5261725202901673, "LR": 0.9695187165775403, "LRR": 0.9695187165775403, "LRL": 0.9773449920508743, "LRE": 0.9695187165775403, "LOG_R": 1.0, "RF": 1.0, "SVM": 1.0, "DNN": 0.9579332273449921}, "0 + 3": {"AB": 1.0, "AC": 0.20007528703180877, "DS": 0.03272727272727273, "DT": 1.0, "GM": 0.03272727272727273, "GN": 1.0, "GB": 1.0, "KNN": 1.0, "KM": 0.5397727272727273, "LR": 0.9845779220779222, "LRR": 0.9845779220779222, "LRL": 0.9845779220779222, "LRE": 0.9845779220779222, "LOG_R": 1.0, "RF": 1.0, "SVM": 1.0, "DNN": 0.9851801668289791}, "0 + 4": {"AB": 1.0, "AC": 0.048005409060175794, "DS": 0.016563146997929604, "DT": 1.0, "GM": 0.048005409060175794, "GN": 1.0, "GB": 1.0, "KNN": 1.0, "KM": 0.6342660775650466, "LR": 0.9919932574799831, "LRR": 0.9919932574799831, "LRL": 0.9919932574799831, "LRE": 0.9919932574799831, "LOG_R": 1.0, "RF": 1.0, "SVM": 1.0, "DNN": 1.0}, "1 + 2": {"AB": 0.9005200308166409, "AC": 0.27421329703591824, "DS": 0.015898042307186968, "DT": 0.932631329755027, "GM": 0.8191196817710135, "GN": 0.8624482109227872, "GB": 0.8624482109227872, "KNN": 0.9183855665707282, "KM": 0.46609901053886166, "LR": 0.8624482109227872, "LRR": 0.8624482109227872, "LRL": 0.8624482109227872, "LRE": 0.8624482109227872, "LOG_R": 0.8624482109227872, "RF": 0.8624482109227872, "SVM": 0.8624482109227872, "DNN": 0.8624482109227872}, "1 + 3": {"AB": 0.9492997680213077, "AC": 0.4775385336693431, "DS": 0.011751051791672712, "DT": 0.9395336487942956, "GM": 0.12389380530973451, "GN": 0.9212520809603084, "GB": 0.88218261897965, "KNN": 0.9301175538238015, "KM": 0.7612701717855285, "LR": 0.88218261897965, "LRR": 0.88218261897965, "LRL": 0.88218261897965, "LRE": 0.88218261897965, "LOG_R": 0.8963086306572622, "RF": 0.8963086306572622, "SVM": 0.88218261897965, "DNN": 0.88218261897965}, "1 + 4": {"AB": 0.8966323998582062, "AC": 0.702018911321237, "DS": 0.009523809523809525, "DT": 0.9047619047619048, "GM": 0.009523809523809525, "GN": 0.8941798941798942, "GB": 0.8941798941798942, "KNN": 0.8655043586550436, "KM": 0.6636810631229236, "LR": 0.8941798941798942, "LRR": 0.8941798941798942, "LRL": 0.8941798941798942, "LRE": 0.8941798941798942, "LOG_R": 0.8941798941798942, "RF": 0.8941798941798942, "SVM": 0.8941798941798942, "DNN": 0.8941798941798942}, "2 + 3": {"AB": 0.9197576509314697, "AC": 0.5567573473178193, "DS": 0.011751051791672712, "DT": 0.8960437606733928, "GM": 0.88218261897965, "GN": 0.8936123809923249, "GB": 0.88218261897965, "KNN": 0.9233492171545268, "KM": 0.5646343449698681, "LR": 0.88218261897965, "LRR": 0.88218261897965, "LRL": 0.88218261897965, "LRE": 0.88218261897965, "LOG_R": 0.88218261897965, "RF": 0.88218261897965, "SVM": 0.88218261897965, "DNN": 0.88218261897965}, "2 + 4": {"AB": 0.9116071428571428, "AC": 0.5862744605491221, "DS": 0.009523809523809525, "DT": 0.8966323998582062, "GM": 0.009523809523809525, "GN": 0.8941798941798942, "GB": 0.8941798941798942, "KNN": 0.8573570357678303, "KM": 0.6802168021680218, "LR": 0.8941798941798942, "LRR": 0.8941798941798942, "LRL": 0.8941798941798942, "LRE": 0.8941798941798942, "LOG_R": 0.8941798941798942, "RF": 0.8941798941798942, "SVM": 0.8941798941798942, "DNN": 0.8941798941798942}, "3 + 4": {"AB": 0.9739602169981916, "AC": 0.5571428571428572, "DS": 0.009523809523809525, "DT": 0.9196029776674939, "GM": 0.056168831168831174, "GN": 0.9410714285714286, "GB": 0.9116071428571428, "KNN": 0.9523809523809523, "KM": 0.5678866587957498, "LR": 0.8941798941798942, "LRR": 0.8941798941798942, "LRL": 0.8941798941798942, "LRE": 0.8941798941798942, "LOG_R": 0.8941798941798942, "RF": 0.8941798941798942, "SVM": 0.8941798941798942, "DNN": 0.8941798941798942}, "0 + 1 + 2": {"AB": 1.0, "AC": 0.70470202823144, "DS": 0.04504839910647803, "DT": 1.0, "GM": 0.764470588235294, "GN": 1.0, "GB": 1.0, "KNN": 1.0, "KM": 0.4134948096885814, "LR": 1.0, "LRR": 1.0, "LRL": 1.0, "LRE": 1.0, "LOG_R": 1.0, "RF": 1.0, "SVM": 1.0, "DNN": 1.0}, "0 + 1 + 3": {"AB": 1.0, "AC": 0.169451871657754, "DS": 0.03272727272727273, "DT": 1.0, "GM": 0.15729047072330654, "GN": 1.0, "GB": 1.0, "KNN": 1.0, "KM": 0.270863339828857, "LR": 1.0, "LRR": 1.0, "LRL": 1.0, "LRE": 1.0, "LOG_R": 1.0, "RF": 1.0, "SVM": 1.0, "DNN": 1.0}, "0 + 1 + 4": {"AB": 1.0, "AC": 0.20389000670690813, "DS": 0.016563146997929604, "DT": 1.0, "GM": 0.24787997390737115, "GN": 1.0, "GB": 1.0, "KNN": 1.0, "KM": 0.26898326898326896, "LR": 0.9919932574799831, "LRR": 0.9919932574799831, "LRL": 0.9919932574799831, "LRE": 0.9919932574799831, "LOG_R": 1.0, "RF": 1.0, "SVM": 1.0, "DNN": 1.0}, "0 + 2 + 3": {"AB": 1.0, "AC": 0.14783484813500977, "DS": 0.03272727272727273, "DT": 1.0, "GM": 0.03272727272727273, "GN": 1.0, "GB": 1.0, "KNN": 1.0, "KM": 0.5520149953139645, "LR": 1.0, "LRR": 1.0, "LRL": 1.0, "LRE": 1.0, "LOG_R": 1.0, "RF": 1.0, "SVM": 1.0, "DNN": 1.0}, "0 + 2 + 4": {"AB": 1.0, "AC": 0.048005409060175794, "DS": 0.016563146997929604, "DT": 1.0, "GM": 0.8595238095238096, "GN": 1.0, "GB": 1.0, "KNN": 1.0, "KM": 0.535548172757475, "LR": 1.0, "LRR": 1.0, "LRL": 0.8595238095238096, "LRE": 1.0, "LOG_R": 1.0, "RF": 1.0, "SVM": 1.0, "DNN": 0.9846672501539758}, "0 + 3 + 4": {"AB": 1.0, "AC": 0.6462585034013605, "DS": 0.016563146997929604, "DT": 1.0, "GM": 0.6462585034013605, "GN": 1.0, "GB": 1.0, "KNN": 1.0, "KM": 0.6815033331887265, "LR": 1.0, "LRR": 1.0, "LRL": 0.9834744965179748, "LRE": 1.0, "LOG_R": 1.0, "RF": 1.0, "SVM": 1.0,