{"0": {"AB": 0.0, "AC": 0.0, "DS": 0.0, "DT": 0.0, "GM": 0.0, "GN": 0.0, "GB": 0.0, "KNN": 0.0, "KM": 0.0, "LR": 0.0, "LRR": 0.0, "LRL": 0.0, "LRE": 0.0, "LOG_R": 0.0, "RF": 0.0, "SVM": 0.0, "DNN": 0.0}, "1": {"AB": 0.0, "AC": 0.0, "DS": 0.0, "DT": 0.0, "GM": 0.0, "GN": 0.0, "GB": 0.0, "KNN": 0.0, "KM": 0.0, "LR": 0.0, "LRR": 0.0, "LRL": 0.0, "LRE": 0.0, "LOG_R": 0.0, "RF": 0.0, "SVM": 0.0, "DNN": 0.0}, "2": {"AB": 0.0, "AC": 0.0, "DS": 0.0, "DT": 0.0, "GM": 0.0, "GN": 0.0, "GB": 0.0, "KNN": 0.0, "KM": 0.0, "LR": 0.0, "LRR": 0.0, "LRL": 0.0, "LRE": 0.0, "LOG_R": 0.0, "RF": 0.0, "SVM": 0.0, "DNN": 0.0}, "3": {"AB": 0.0, "AC": 0.0, "DS": 0.0, "DT": 0.0, "GM": 0.0, "GN": 0.0, "GB": 0.0, "KNN": 0.0, "KM": 0.0, "LR": 0.0, "LRR": 0.0, "LRL": 0.0, "LRE": 0.0, "LOG_R": 0.0, "RF": 0.0, "SVM": 0.0, "DNN": 0.0}, "4": {"AB": 0.0, "AC": 0.0, "DS": 0.0, "DT": 0.0, "GM": 0.0, "GN": 0.0, "GB": 0.0, "KNN": 0.0, "KM": 0.0, "LR": 0.0, "LRR": 0.0, "LRL": 0.0, "LRE": 0.0, "LOG_R": 0.0, "RF": 0.0, "SVM": 0.0, "DNN": 0.0}, "0 + 1": {"AB": 0.041862751943573306, "AC": 0.041862751943573306, "DS": 0.041862751943573306, "DT": 0.041862751943573306, "GM": 0.041862751943573306, "GN": 0.041862751943573306, "GB": 0.041862751943573306, "KNN": 0.041862751943573306, "KM": 0.041862751943573306, "LR": 0.041862751943573306, "LRR": 0.041862751943573306, "LRL": 0.041862751943573306, "LRE": 0.041862751943573306, "LOG_R": 0.041862751943573306, "RF": 0.041862751943573306, "SVM": 0.041862751943573306, "DNN": 0.041862751943573306}, "0 + 2": {"AB": 0.15416884591985247, "AC": 0.15416884591985247, "DS": 0.15416884591985247, "DT": 0.15416884591985247, "GM": 0.15416884591985247, "GN": 0.15416884591985247, "GB": 0.15416884591985247, "KNN": 0.15416884591985247, "KM": 0.15416884591985247, "LR": 0.15416884591985247, "LRR": 0.15416884591985247, "LRL": 0.15416884591985247, "LRE": 0.15416884591985247, "LOG_R": 0.15416884591985247, "RF": 0.15416884591985247, "SVM": 0.15416884591985247, "DNN": 0.15416884591985247}, "0 + 3": {"AB": 0.3365864385484707, "AC": 0.3365864385484707, "DS": 0.3365864385484707, "DT": 0.3365864385484707, "GM": 0.3365864385484707, "GN": 0.3365864385484707, "GB": 0.3365864385484707, "KNN": 0.3365864385484707, "KM": 0.3365864385484707, "LR": 0.3365864385484707, "LRR": 0.3365864385484707, "LRL": 0.3365864385484707, "LRE": 0.3365864385484707, "LOG_R": 0.3365864385484707, "RF": 0.3365864385484707, "SVM": 0.3365864385484707, "DNN": 0.3365864385484707}, "0 + 4": {"AB": 0.3451370923444055, "AC": 0.3451370923444055, "DS": 0.3451370923444055, "DT": 0.3451370923444055, "GM": 0.3451370923444055, "GN": 0.3451370923444055, "GB": 0.3451370923444055, "KNN": 0.3451370923444055, "KM": 0.3451370923444055, "LR": 0.3451370923444055, "LRR": 0.3451370923444055, "LRL": 0.3451370923444055, "LRE": 0.3451370923444055, "LOG_R": 0.3451370923444055, "RF": 0.3451370923444055, "SVM": 0.3451370923444055, "DNN": 0.3451370923444055}, "1 + 2": {"AB": 0.11230609397627916, "AC": 0.11230609397627916, "DS": 0.11230609397627916, "DT": 0.11230609397627916, "GM": 0.11230609397627916, "GN": 0.11230609397627916, "GB": 0.11230609397627916, "KNN": 0.11230609397627916, "KM": 0.11230609397627916, "LR": 0.11230609397627916, "LRR": 0.11230609397627916, "LRL": 0.11230609397627916, "LRE": 0.11230609397627916, "LOG_R": 0.11230609397627916, "RF": 0.11230609397627916, "SVM": 0.11230609397627916, "DNN": 0.11230609397627916}, "1 + 3": {"AB": 0.2947236866048974, "AC": 0.2947236866048974, "DS": 0.2947236866048974, "DT": 0.2947236866048974, "GM": 0.2947236866048974, "GN": 0.2947236866048974, "GB": 0.2947236866048974, "KNN": 0.2947236866048974, "KM": 0.2947236866048974, "LR": 0.2947236866048974, "LRR": 0.2947236866048974, "LRL": 0.2947236866048974, "LRE": 0.2947236866048974, "LOG_R": 0.2947236866048974, "RF": 0.2947236866048974, "SVM": 0.2947236866048974, "DNN": 0.2947236866048974}, "1 + 4": {"AB": 0.3032743404008321, "AC": 0.3032743404008321, "DS": 0.3032743404008321, "DT": 0.3032743404008321, "GM": 0.3032743404008321, "GN": 0.3032743404008321, "GB": 0.3032743404008321, "KNN": 0.3032743404008321, "KM": 0.3032743404008321, "LR": 0.3032743404008321, "LRR": 0.3032743404008321, "LRL": 0.3032743404008321, "LRE": 0.3032743404008321, "LOG_R": 0.3032743404008321, "RF": 0.3032743404008321, "SVM": 0.3032743404008321, "DNN": 0.3032743404008321}, "2 + 3": {"AB": 0.18241759262861823, "AC": 0.18241759262861823, "DS": 0.18241759262861823, "DT": 0.18241759262861823, "GM": 0.18241759262861823, "GN": 0.18241759262861823, "GB": 0.18241759262861823, "KNN": 0.18241759262861823, "KM": 0.18241759262861823, "LR": 0.18241759262861823, "LRR": 0.18241759262861823, "LRL": 0.18241759262861823, "LRE": 0.18241759262861823, "LOG_R": 0.18241759262861823, "RF": 0.18241759262861823, "SVM": 0.18241759262861823, "DNN": 0.18241759262861823}, "2 + 4": {"AB": 0.19096824642455298, "AC": 0.19096824642455298, "DS": 0.19096824642455298, "DT": 0.19096824642455298, "GM": 0.19096824642455298, "GN": 0.19096824642455298, "GB": 0.19096824642455298, "KNN": 0.19096824642455298, "KM": 0.19096824642455298, "LR": 0.19096824642455298, "LRR": 0.19096824642455298, "LRL": 0.19096824642455298, "LRE": 0.19096824642455298, "LOG_R": 0.19096824642455298, "RF": 0.19096824642455298, "SVM": 0.19096824642455298, "DNN": 0.19096824642455298}, "3 + 4": {"AB": 0.09835352373495806, "AC": 0.09835352373495806, "DS": 0.09835352373495806, "DT": 0.09835352373495806, "GM": 0.09835352373495806, "GN": 0.09835352373495806, "GB": 0.09835352373495806, "KNN": 0.09835352373495806, "KM": 0.09835352373495806, "LR": 0.09835352373495806, "LRR": 0.09835352373495806, "LRL": 0.09835352373495806, "LRE": 0.09835352373495806, "LOG_R": 0.09835352373495806, "RF": 0.09835352373495806, "SVM": 0.09835352373495806, "DNN": 0.09835352373495806}, "0 + 1 + 2": {"AB": 0.13323746994806582, "AC": 0.13323746994806582, "DS": 0.13323746994806582, "DT": 0.13323746994806582, "GM": 0.13323746994806582, "GN": 0.13323746994806582, "GB": 0.13323746994806582, "KNN": 0.13323746994806582, "KM": 0.13323746994806582, "LR": 0.13323746994806582, "LRR": 0.13323746994806582, "LRL": 0.13323746994806582, "LRE": 0.13323746994806582, "LOG_R": 0.13323746994806582, "RF": 0.13323746994806582, "SVM": 0.13323746994806582, "DNN": 0.13323746994806582}, "0 + 1 + 3": {"AB": 0.3156550625766841, "AC": 0.3156550625766841, "DS": 0.3156550625766841, "DT": 0.3156550625766841, "GM": 0.3156550625766841, "GN": 0.3156550625766841, "GB": 0.3156550625766841, "KNN": 0.3156550625766841, "KM": 0.3156550625766841, "LR": 0.3156550625766841, "LRR": 0.3156550625766841, "LRL": 0.3156550625766841, "LRE": 0.3156550625766841, "LOG_R": 0.3156550625766841, "RF": 0.3156550625766841, "SVM": 0.3156550625766841, "DNN": 0.3156550625766841}, "0 + 1 + 4": {"AB": 0.3242057163726188, "AC": 0.3242057163726188, "DS": 0.3242057163726188, "DT": 0.3242057163726188, "GM": 0.3242057163726188, "GN": 0.3242057163726188, "GB": 0.3242057163726188, "KNN": 0.3242057163726188, "KM": 0.3242057163726188, "LR": 0.3242057163726188, "LRR": 0.3242057163726188, "LRL": 0.3242057163726188, "LRE": 0.3242057163726188, "LOG_R": 0.3242057163726188, "RF": 0.3242057163726188, "SVM": 0.3242057163726188, "DNN": 0.3242057163726188}, "0 + 2 + 3": {"AB": 0.25950201558854447, "AC": 0.25950201558854447, "DS": 0.25950201558854447, "DT": 0.25950201558854447, "GM": 0.25950201558854447, "GN": 0.25950201558854447, "GB": 0.25950201558854447, "KNN": 0.25950201558854447, "KM": 0.25950201558854447, "LR": 0.25950201558854447, "LRR": 0.25950201558854447, "LRL": 0.25950201558854447, "LRE": 0.25950201558854447, "LOG_R": 0.25950201558854447, "RF": 0.25950201558854447, "SVM": 0.25950201558854447, "DNN": 0.25950201558854447}, "0 + 2 + 4": {"AB": 0.26805266938447925, "AC": 0.26805266938447925, "DS": 0.26805266938447925, "DT": 0.26805266938447925, "GM": 0.26805266938447925, "GN": 0.26805266938447925, "GB": 0.26805266938447925, "KNN": 0.26805266938447925, "KM": 0.26805266938447925, "LR": 0.26805266938447925, "LRR": 0.26805266938447925, "LRL": 0.26805266938447925,