{"0": {"AB": 1.0, "AC": 0.31249999999999994, "DS": 0.3333333333333333, "DT": 1.0, "GM": 0.31249999999999994, "GN": 1.0, "GB": 1.0, "KNN": 1.0, "KM": 0.6459770114942529, "LR": 0.7603485838779956, "LRR": 0.7603485838779956, "LRL": 0.7603485838779956, "LRE": 0.7603485838779956, "LOG_R": 1.0, "RF": 1.0, "SVM": 1.0, "DNN": 0.8610526315789474}, "1": {"AB": 1.0, "AC": 0.04761904761904762, "DS": 0.3333333333333333, "DT": 1.0, "GM": 0.3333333333333333, "GN": 1.0, "GB": 1.0, "KNN": 1.0, "KM": 0.949874686716792, "LR": 0.43573667711598746, "LRR": 0.43573667711598746, "LRL": 0.43573667711598746, "LRE": 0.43573667711598746, "LOG_R": 0.949874686716792, "RF": 1.0, "SVM": 0.898989898989899, "DNN": 0.523809523809524}, "2": {"AB": 0.6293706293706294, "AC": 0.6327356853672642, "DS": 0.6688963210702342, "DT": 0.6293706293706294, "GM": 0.6688963210702342, "GN": 0.6688963210702342, "GB": 0.6688963210702342, "KNN": 0.6688963210702342, "KM": 0.40659340659340654, "LR": 0.6688963210702342, "LRR": 0.6688963210702342, "LRL": 0.6688963210702342, "LRE": 0.6688963210702342, "LOG_R": 0.6688963210702342, "RF": 0.6688963210702342, "SVM": 0.6688963210702342, "DNN": 0.6688963210702342}, "3": {"AB": 0.8461538461538461, "AC": 1.0, "DS": 0.6688963210702342, "DT": 0.8461538461538461, "GM": 0.6688963210702342, "GN": 0.9172161172161173, "GB": 1.0, "KNN": 0.9172161172161173, "KM": 0.9265471370734529, "LR": 0.9172161172161173, "LRR": 0.9172161172161173, "LRL": 0.9172161172161173, "LRE": 0.9172161172161173, "LOG_R": 0.8146853146853146, "RF": 1.0, "SVM": 1.0, "DNN": 0.6688963210702342}, "4": {"AB": 0.6923076923076924, "AC": 0.8461538461538461, "DS": 0.6688963210702342, "DT": 0.6923076923076924, "GM": 0.08653846153846154, "GN": 0.6688963210702342, "GB": 0.6688963210702342, "KNN": 0.6688963210702342, "KM": 0.15384615384615383, "LR": 0.6688963210702342, "LRR": 0.6688963210702342, "LRL": 0.6688963210702342, "LRE": 0.6688963210702342, "LOG_R": 0.6688963210702342, "RF": 0.6688963210702342, "SVM": 0.6688963210702342, "DNN": 0.6688963210702342}, "0 + 1": {"AB": 1.0, "AC": 0.6011396011396011, "DS": 0.3333333333333333, "DT": 1.0, "GM": 0.2857142857142857, "GN": 1.0, "GB": 1.0, "KNN": 1.0, "KM": 0.25925925925925924, "LR": 0.8465473145780052, "LRR": 0.8465473145780052, "LRL": 0.8465473145780052, "LRE": 0.8465473145780052, "LOG_R": 1.0, "RF": 1.0, "SVM": 1.0, "DNN": 0.7916666666666666}, "0 + 2": {"AB": 1.0, "AC": 0.6293706293706294, "DS": 0.6688963210702342, "DT": 1.0, "GM": 0.23216783216783218, "GN": 1.0, "GB": 1.0, "KNN": 1.0, "KM": 0.23216783216783218, "LR": 0.6293706293706294, "LRR": 0.6293706293706294, "LRL": 0.6293706293706294, "LRE": 0.6293706293706294, "LOG_R": 0.8146853146853146, "RF": 1.0, "SVM": 1.0, "DNN": 1.0}, "0 + 3": {"AB": 1.0, "AC": 0.46153846153846156, "DS": 0.6688963210702342, "DT": 1.0, "GM": 0.6293706293706294, "GN": 1.0, "GB": 1.0, "KNN": 0.9172161172161173, "KM": 0.5860805860805861, "LR": 0.8461538461538461, "LRR": 0.8461538461538461, "LRL": 0.8461538461538461, "LRE": 0.8461538461538461, "LOG_R": 0.9172161172161173, "RF": 0.9172161172161173, "SVM": 0.9172161172161173, "DNN": 0.8461538461538461}, "0 + 4": {"AB": 1.0, "AC": 0.46153846153846156, "DS": 0.6688963210702342, "DT": 1.0, "GM": 0.6293706293706294, "GN": 1.0, "GB": 1.0, "KNN": 1.0, "KM": 0.5384615384615384, "LR": 0.8146853146853146, "LRR": 0.8146853146853146, "LRL": 0.8146853146853146, "LRE": 0.8146853146853146, "LOG_R": 0.8146853146853146, "RF": 1.0, "SVM": 0.8146853146853146, "DNN": 0.8146853146853146}, "1 + 2": {"AB": 1.0, "AC": 0.6293706293706294, "DS": 0.6688963210702342, "DT": 1.0, "GM": 0.6293706293706294, "GN": 1.0, "GB": 1.0, "KNN": 1.0, "KM": 0.23216783216783218, "LR": 0.8815628815628815, "LRR": 0.8815628815628815, "LRL": 0.8815628815628815, "LRE": 0.8815628815628815, "LOG_R": 1.0, "RF": 1.0, "SVM": 1.0, "DNN": 0.8461538461538461}, "1 + 3": {"AB": 1.0, "AC": 0.9265471370734529, "DS": 0.6688963210702342, "DT": 1.0, "GM": 0.6688963210702342, "GN": 1.0, "GB": 1.0, "KNN": 0.8461538461538461, "KM": 0.10989010989010992, "LR": 0.8461538461538461, "LRR": 0.7516483516483518, "LRL": 0.7516483516483518, "LRE": 0.8461538461538461, "LOG_R": 0.7516483516483518, "RF": 1.0, "SVM": 0.8461538461538461, "DNN": 0.9265471370734529}, "1 + 4": {"AB": 1.0, "AC": 0.6293706293706294, "DS": 0.6688963210702342, "DT": 1.0, "GM": 0.6293706293706294, "GN": 1.0, "GB": 1.0, "KNN": 1.0, "KM": 0.23216783216783218, "LR": 0.9595141700404859, "LRR": 0.9595141700404859, "LRL": 0.9595141700404859, "LRE": 0.9595141700404859, "LOG_R": 1.0, "RF": 1.0, "SVM": 1.0, "DNN": 0.9265471370734529}, "2 + 3": {"AB": 0.9265471370734529, "AC": 0.10989010989010992, "DS": 0.6688963210702342, "DT": 0.9265471370734529, "GM": 0.08653846153846154, "GN": 0.8461538461538461, "GB": 0.9265471370734529, "KNN": 0.9172161172161173, "KM": 0.10989010989010992, "LR": 0.9265471370734529, "LRR": 0.9265471370734529, "LRL": 0.9265471370734529, "LRE": 0.9265471370734529, "LOG_R": 0.9265471370734529, "RF": 0.8461538461538461, "SVM": 0.9265471370734529, "DNN": 0.8461538461538461}, "2 + 4": {"AB": 0.5860805860805861, "AC": 0.10989010989010992, "DS": 0.6688963210702342, "DT": 0.5384615384615384, "GM": 0.08653846153846154, "GN": 0.6293706293706294, "GB": 0.6688963210702342, "KNN": 0.6688963210702342, "KM": 0.8568376068376069, "LR": 0.6688963210702342, "LRR": 0.6688963210702342, "LRL": 0.6688963210702342, "LRE": 0.6688963210702342, "LOG_R": 0.6688963210702342, "RF": 0.6688963210702342, "SVM": 0.6688963210702342, "DNN": 0.6688963210702342}, "3 + 4": {"AB": 1.0, "AC": 0.20512820512820512, "DS": 0.6688963210702342, "DT": 1.0, "GM": 0.6688963210702342, "GN": 0.8146853146853146, "GB": 1.0, "KNN": 0.9172161172161173, "KM": 0.10989010989010992, "LR": 0.6688963210702342, "LRR": 0.6688963210702342, "LRL": 0.6688963210702342, "LRE": 0.6688963210702342, "LOG_R": 0.6688963210702342, "RF": 1.0, "SVM": 0.9172161172161173, "DNN": 0.9172161172161173}, "0 + 1 + 2": {"AB": 1.0, "AC": 0.6293706293706294, "DS": 0.6688963210702342, "DT": 1.0, "GM": 0.6293706293706294, "GN": 1.0, "GB": 1.0, "KNN": 1.0, "KM": 0.23216783216783218, "LR": 0.9595141700404859, "LRR": 0.9595141700404859, "LRL": 0.9595141700404859, "LRE": 0.9595141700404859, "LOG_R": 1.0, "RF": 1.0, "SVM": 1.0, "DNN": 1.0}, "0 + 1 + 3": {"AB": 1.0, "AC": 0.5860805860805861, "DS": 0.6688963210702342, "DT": 1.0, "GM": 0.5860805860805861, "GN": 1.0, "GB": 1.0, "KNN": 1.0, "KM": 0.5860805860805861, "LR": 1.0, "LRR": 1.0, "LRL": 1.0, "LRE": 1.0, "LOG_R": 0.9265471370734529, "RF": 1.0, "SVM": 0.9265471370734529, "DNN": 1.0}, "0 + 1 + 4": {"AB": 1.0, "AC": 0.3553113553113553, "DS": 0.6688963210702342, "DT": 1.0, "GM": 0.6293706293706294, "GN": 1.0, "GB": 1.0, "KNN": 1.0, "KM": 0.3553113553113553, "LR": 0.847985347985348, "LRR": 0.847985347985348, "LRL": 0.847985347985348, "LRE": 0.847985347985348, "LOG_R": 0.8146853146853146, "RF": 1.0, "SVM": 0.9172161172161173, "DNN": 0.9172161172161173}, "0 + 2 + 3": {"AB": 1.0, "AC": 0.6293706293706294, "DS": 0.6688963210702342, "DT": 1.0, "GM": 0.6293706293706294, "GN": 1.0, "GB": 1.0, "KNN": 0.8146853146853146, "KM": 0.5384615384615384, "LR": 0.8769230769230769, "LRR": 0.8769230769230769, "LRL": 0.8769230769230769, "LRE": 0.8769230769230769, "LOG_R": 0.9172161172161173, "RF": 0.9172161172161173, "SVM": 1.0, "DNN": 0.7516483516483518}, "0 + 2 + 4": {"AB": 1.0, "AC": 0.3553113553113553, "DS": 0.6688963210702342, "DT": 1.0, "GM": 0.6293706293706294, "GN": 1.0, "GB": 1.0, "KNN": 0.9172161172161173, "KM": 0.5860805860805861, "LR": 0.6293706293706294, "LRR": 0.6293706293706294, "LRL": 0.6293706293706294, "LRE": 0.6293706293706294, "LOG_R": 0.8146853146853146, "RF": 1.0, "SVM": 1.0, "DNN": 0.9265471370734529}, "0 + 3 + 4": {"AB": 1.0, "AC": 0.46153846153846156, "DS": 0.6688963210702342, "DT": 1.0, "GM": 0.6293706293706294, "GN": 1.0, "GB": 1.0, "KNN": 0.9172161172161173, "KM": 0.46153846153846156, "LR": 1.0, "LRR": 0.9172161172161173, "LRL": 0.9172161172161173, "LRE": 1.0, "LOG_R": 0.9172161172161173, "RF": 0.9172161172161173,