{"0": {"AB": 0.0, "AC": 0.0, "DS": 0.0, "DT": 0.0, "GM": 0.0, "GN": 0.0, "GB": 0.0, "KNN": 0.0, "KM": 0.0, "LR": 0.0, "LRR": 0.0, "LRL": 0.0, "LRE": 0.0, "LOG_R": 0.0, "RF": 0.0, "SVM": 0.0, "DNN": 0.0}, "1": {"AB": 0.0, "AC": 0.0, "DS": 0.0, "DT": 0.0, "GM": 0.0, "GN": 0.0, "GB": 0.0, "KNN": 0.0, "KM": 0.0, "LR": 0.0, "LRR": 0.0, "LRL": 0.0, "LRE": 0.0, "LOG_R": 0.0, "RF": 0.0, "SVM": 0.0, "DNN": 0.0}, "2": {"AB": 0.0, "AC": 0.0, "DS": 0.0, "DT": 0.0, "GM": 0.0, "GN": 0.0, "GB": 0.0, "KNN": 0.0, "KM": 0.0, "LR": 0.0, "LRR": 0.0, "LRL": 0.0, "LRE": 0.0, "LOG_R": 0.0, "RF": 0.0, "SVM": 0.0, "DNN": 0.0}, "3": {"AB": 0.0, "AC": 0.0, "DS": 0.0, "DT": 0.0, "GM": 0.0, "GN": 0.0, "GB": 0.0, "KNN": 0.0, "KM": 0.0, "LR": 0.0, "LRR": 0.0, "LRL": 0.0, "LRE": 0.0, "LOG_R": 0.0, "RF": 0.0, "SVM": 0.0, "DNN": 0.0}, "4": {"AB": 0.0, "AC": 0.0, "DS": 0.0, "DT": 0.0, "GM": 0.0, "GN": 0.0, "GB": 0.0, "KNN": 0.0, "KM": 0.0, "LR": 0.0, "LRR": 0.0, "LRL": 0.0, "LRE": 0.0, "LOG_R": 0.0, "RF": 0.0, "SVM": 0.0, "DNN": 0.0}, "0 + 1": {"AB": 0.019270527293271722, "AC": 0.019270527293271722, "DS": 0.019270527293271722, "DT": 0.019270527293271722, "GM": 0.019270527293271722, "GN": 0.019270527293271722, "GB": 0.019270527293271722, "KNN": 0.019270527293271722, "KM": 0.019270527293271722, "LR": 0.019270527293271722, "LRR": 0.019270527293271722, "LRL": 0.019270527293271722, "LRE": 0.019270527293271722, "LOG_R": 0.019270527293271722, "RF": 0.019270527293271722, "SVM": 0.019270527293271722, "DNN": 0.019270527293271722}, "0 + 2": {"AB": 0.019270527293271722, "AC": 0.019270527293271722, "DS": 0.019270527293271722, "DT": 0.019270527293271722, "GM": 0.019270527293271722, "GN": 0.019270527293271722, "GB": 0.019270527293271722, "KNN": 0.019270527293271722, "KM": 0.019270527293271722, "LR": 0.019270527293271722, "LRR": 0.019270527293271722, "LRL": 0.019270527293271722, "LRE": 0.019270527293271722, "LOG_R": 0.019270527293271722, "RF": 0.019270527293271722, "SVM": 0.019270527293271722, "DNN": 0.019270527293271722}, "0 + 3": {"AB": 0.0385410545865435, "AC": 0.0385410545865435, "DS": 0.0385410545865435, "DT": 0.0385410545865435, "GM": 0.0385410545865435, "GN": 0.0385410545865435, "GB": 0.0385410545865435, "KNN": 0.0385410545865435, "KM": 0.0385410545865435, "LR": 0.0385410545865435, "LRR": 0.0385410545865435, "LRL": 0.0385410545865435, "LRE": 0.0385410545865435, "LOG_R": 0.0385410545865435, "RF": 0.0385410545865435, "SVM": 0.0385410545865435, "DNN": 0.0385410545865435}, "0 + 4": {"AB": 0.0385410545865435, "AC": 0.0385410545865435, "DS": 0.0385410545865435, "DT": 0.0385410545865435, "GM": 0.0385410545865435, "GN": 0.0385410545865435, "GB": 0.0385410545865435, "KNN": 0.0385410545865435, "KM": 0.0385410545865435, "LR": 0.0385410545865435, "LRR": 0.0385410545865435, "LRL": 0.0385410545865435, "LRE": 0.0385410545865435, "LOG_R": 0.0385410545865435, "RF": 0.0385410545865435, "SVM": 0.0385410545865435, "DNN": 0.0385410545865435}, "1 + 2": {"AB": 0.0, "AC": 0.0, "DS": 0.0, "DT": 0.0, "GM": 0.0, "GN": 0.0, "GB": 0.0, "KNN": 0.0, "KM": 0.0, "LR": 0.0, "LRR": 0.0, "LRL": 0.0, "LRE": 0.0, "LOG_R": 0.0, "RF": 0.0, "SVM": 0.0, "DNN": 0.0}, "1 + 3": {"AB": 0.019270527293271777, "AC": 0.019270527293271777, "DS": 0.019270527293271777, "DT": 0.019270527293271777, "GM": 0.019270527293271777, "GN": 0.019270527293271777, "GB": 0.019270527293271777, "KNN": 0.019270527293271777, "KM": 0.019270527293271777, "LR": 0.019270527293271777, "LRR": 0.019270527293271777, "LRL": 0.019270527293271777, "LRE": 0.019270527293271777, "LOG_R": 0.019270527293271777, "RF": 0.019270527293271777, "SVM": 0.019270527293271777, "DNN": 0.019270527293271777}, "1 + 4": {"AB": 0.019270527293271777, "AC": 0.019270527293271777, "DS": 0.019270527293271777, "DT": 0.019270527293271777, "GM": 0.019270527293271777, "GN": 0.019270527293271777, "GB": 0.019270527293271777, "KNN": 0.019270527293271777, "KM": 0.019270527293271777, "LR": 0.019270527293271777, "LRR": 0.019270527293271777, "LRL": 0.019270527293271777, "LRE": 0.019270527293271777, "LOG_R": 0.019270527293271777, "RF": 0.019270527293271777, "SVM": 0.019270527293271777, "DNN": 0.019270527293271777}, "2 + 3": {"AB": 0.03706880172208868, "AC": 0.03706880172208868, "DS": 0.03706880172208868, "DT": 0.03706880172208868, "GM": 0.03706880172208868, "GN": 0.03706880172208868, "GB": 0.03706880172208868, "KNN": 0.03706880172208868, "KM": 0.03706880172208868, "LR": 0.03706880172208868, "LRR": 0.03706880172208868, "LRL": 0.03706880172208868, "LRE": 0.03706880172208868, "LOG_R": 0.03706880172208868, "RF": 0.03706880172208868, "SVM": 0.03706880172208868, "DNN": 0.03706880172208868}, "2 + 4": {"AB": 0.019270527293271777, "AC": 0.019270527293271777, "DS": 0.019270527293271777, "DT": 0.019270527293271777, "GM": 0.019270527293271777, "GN": 0.019270527293271777, "GB": 0.019270527293271777, "KNN": 0.019270527293271777, "KM": 0.019270527293271777, "LR": 0.019270527293271777, "LRR": 0.019270527293271777, "LRL": 0.019270527293271777, "LRE": 0.019270527293271777, "LOG_R": 0.019270527293271777, "RF": 0.019270527293271777, "SVM": 0.019270527293271777, "DNN": 0.019270527293271777}, "3 + 4": {"AB": 0.0177982744288169, "AC": 0.0177982744288169, "DS": 0.0177982744288169, "DT": 0.0177982744288169, "GM": 0.0177982744288169, "GN": 0.0177982744288169, "GB": 0.0177982744288169, "KNN": 0.0177982744288169, "KM": 0.0177982744288169, "LR": 0.0177982744288169, "LRR": 0.0177982744288169, "LRL": 0.0177982744288169, "LRE": 0.0177982744288169, "LOG_R": 0.0177982744288169, "RF": 0.0177982744288169, "SVM": 0.0177982744288169, "DNN": 0.0177982744288169}, "0 + 1 + 2": {"AB": 0.009635263646635861, "AC": 0.009635263646635861, "DS": 0.009635263646635861, "DT": 0.009635263646635861, "GM": 0.009635263646635861, "GN": 0.009635263646635861, "GB": 0.009635263646635861, "KNN": 0.009635263646635861, "KM": 0.009635263646635861, "LR": 0.009635263646635861, "LRR": 0.009635263646635861, "LRL": 0.009635263646635861, "LRE": 0.009635263646635861, "LOG_R": 0.009635263646635861, "RF": 0.009635263646635861, "SVM": 0.009635263646635861, "DNN": 0.009635263646635861}, "0 + 1 + 3": {"AB": 0.02890579093990764, "AC": 0.02890579093990764, "DS": 0.02890579093990764, "DT": 0.02890579093990764, "GM": 0.02890579093990764, "GN": 0.02890579093990764, "GB": 0.02890579093990764, "KNN": 0.02890579093990764, "KM": 0.02890579093990764, "LR": 0.02890579093990764, "LRR": 0.02890579093990764, "LRL": 0.02890579093990764, "LRE": 0.02890579093990764, "LOG_R": 0.02890579093990764, "RF": 0.02890579093990764, "SVM": 0.02890579093990764, "DNN": 0.02890579093990764}, "0 + 1 + 4": {"AB": 0.02890579093990764, "AC": 0.02890579093990764, "DS": 0.02890579093990764, "DT": 0.02890579093990764, "GM": 0.02890579093990764, "GN": 0.02890579093990764, "GB": 0.02890579093990764, "KNN": 0.02890579093990764, "KM": 0.02890579093990764, "LR": 0.02890579093990764, "LRR": 0.02890579093990764, "LRL": 0.02890579093990764, "LRE": 0.02890579093990764, "LOG_R": 0.02890579093990764, "RF": 0.02890579093990764, "SVM": 0.02890579093990764, "DNN": 0.02890579093990764}, "0 + 2 + 3": {"AB": 0.03780492815431609, "AC": 0.03780492815431609, "DS": 0.03780492815431609, "DT": 0.03780492815431609, "GM": 0.03780492815431609, "GN": 0.03780492815431609, "GB": 0.03780492815431609, "KNN": 0.03780492815431609, "KM": 0.03780492815431609, "LR": 0.03780492815431609, "LRR": 0.03780492815431609, "LRL": 0.03780492815431609, "LRE": 0.03780492815431609, "LOG_R": 0.03780492815431609, "RF": 0.03780492815431609, "SVM": 0.03780492815431609, "DNN": 0.03780492815431609}, "0 + 2 + 4": {"AB": 0.02890579093990764, "AC": 0.02890579093990764, "DS": 0.02890579093990764, "DT": 0.02890579093990764, "GM": 0.02890579093990764, "GN": 0.02890579093990764, "GB": 0.02890579093990764, "KNN": 0.02890579093990764, "KM": 0.02890579093990764, "LR": 0.02890579093990764, "LRR": 0.02890579093990764, "LRL": 0.02890579093990764, "LRE": 0.02890579093990764, "LOG_R": 0.02890579093990764, "RF": 0.02890579093990764, "SVM": 0.02890579093990764, "DNN": 0.02890579093990764},