{"0": {"AB": 1.6331456817593155, "AC": 1.6331456817593155, "DS": 1.6331456817593155, "DT": 1.6331456817593155, "GM": 1.6331456817593155, "GN": 1.6331456817593155, "GB": 1.6331456817593155, "KNN": 1.6331456817593155, "KM": 1.6331456817593155, "LR": 1.6331456817593155, "LRR": 1.6331456817593155, "LRL": 1.6331456817593155, "LRE": 1.6331456817593155, "LOG_R": 1.6331456817593155, "RF": 1.6331456817593155, "SVM": 1.6331456817593155, "DNN": 1.6331456817593155}, "1": {"AB": 3.2644237930239, "AC": 3.2644237930239, "DS": 3.2644237930239, "DT": 3.2644237930239, "GM": 3.2644237930239, "GN": 3.2644237930239, "GB": 3.2644237930239, "KNN": 3.2644237930239, "KM": 3.2644237930239, "LR": 3.2644237930239, "LRR": 3.2644237930239, "LRL": 3.2644237930239, "LRE": 3.2644237930239, "LOG_R": 3.2644237930239, "RF": 3.2644237930239, "SVM": 3.2644237930239, "DNN": 3.2644237930239}, "2": {"AB": 3.2131207873141836, "AC": 3.2131207873141836, "DS": 3.2131207873141836, "DT": 3.2131207873141836, "GM": 3.2131207873141836, "GN": 3.2131207873141836, "GB": 3.2131207873141836, "KNN": 3.2131207873141836, "KM": 3.2131207873141836, "LR": 3.2131207873141836, "LRR": 3.2131207873141836, "LRL": 3.2131207873141836, "LRE": 3.2131207873141836, "LOG_R": 3.2131207873141836, "RF": 3.2131207873141836, "SVM": 3.2131207873141836, "DNN": 3.2131207873141836}, "3": {"AB": 3.1079758706599985, "AC": 3.1079758706599985, "DS": 3.1079758706599985, "DT": 3.1079758706599985, "GM": 3.1079758706599985, "GN": 3.1079758706599985, "GB": 3.1079758706599985, "KNN": 3.1079758706599985, "KM": 3.1079758706599985, "LR": 3.1079758706599985, "LRR": 3.1079758706599985, "LRL": 3.1079758706599985, "LRE": 3.1079758706599985, "LOG_R": 3.1079758706599985, "RF": 3.1079758706599985, "SVM": 3.1079758706599985, "DNN": 3.1079758706599985}, "4": {"AB": 2.325648775338043, "AC": 2.325648775338043, "DS": 2.325648775338043, "DT": 2.325648775338043, "GM": 2.325648775338043, "GN": 2.325648775338043, "GB": 2.325648775338043, "KNN": 2.325648775338043, "KM": 2.325648775338043, "LR": 2.325648775338043, "LRR": 2.325648775338043, "LRL": 2.325648775338043, "LRE": 2.325648775338043, "LOG_R": 2.325648775338043, "RF": 2.325648775338043, "SVM": 2.325648775338043, "DNN": 2.325648775338043}, "0 + 1": {"AB": 1.2074768192390752, "AC": 1.2074768192390752, "DS": 1.2074768192390752, "DT": 1.2074768192390752, "GM": 1.2074768192390752, "GN": 1.2074768192390752, "GB": 1.2074768192390752, "KNN": 1.2074768192390752, "KM": 1.2074768192390752, "LR": 1.2074768192390752, "LRR": 1.2074768192390752, "LRL": 1.2074768192390752, "LRE": 1.2074768192390752, "LOG_R": 1.2074768192390752, "RF": 1.2074768192390752, "SVM": 1.2074768192390752, "DNN": 1.2074768192390752}, "0 + 2": {"AB": 1.208711349617787, "AC": 1.208711349617787, "DS": 1.208711349617787, "DT": 1.208711349617787, "GM": 1.208711349617787, "GN": 1.208711349617787, "GB": 1.208711349617787, "KNN": 1.208711349617787, "KM": 1.208711349617787, "LR": 1.208711349617787, "LRR": 1.208711349617787, "LRL": 1.208711349617787, "LRE": 1.208711349617787, "LOG_R": 1.208711349617787, "RF": 1.208711349617787, "SVM": 1.208711349617787, "DNN": 1.208711349617787}, "0 + 3": {"AB": 1.192260787835277, "AC": 1.192260787835277, "DS": 1.192260787835277, "DT": 1.192260787835277, "GM": 1.192260787835277, "GN": 1.192260787835277, "GB": 1.192260787835277, "KNN": 1.192260787835277, "KM": 1.192260787835277, "LR": 1.192260787835277, "LRR": 1.192260787835277, "LRL": 1.192260787835277, "LRE": 1.192260787835277, "LOG_R": 1.192260787835277, "RF": 1.192260787835277, "SVM": 1.192260787835277, "DNN": 1.192260787835277}, "0 + 4": {"AB": 1.2871713498700632, "AC": 1.2871713498700632, "DS": 1.2871713498700632, "DT": 1.2871713498700632, "GM": 1.2871713498700632, "GN": 1.2871713498700632, "GB": 1.2871713498700632, "KNN": 1.2871713498700632, "KM": 1.2871713498700632, "LR": 1.2871713498700632, "LRR": 1.2871713498700632, "LRL": 1.2871713498700632, "LRE": 1.2871713498700632, "LOG_R": 1.2871713498700632, "RF": 1.2871713498700632, "SVM": 1.2871713498700632, "DNN": 1.2871713498700632}, "1 + 2": {"AB": 3.935527536319431, "AC": 3.935527536319431, "DS": 3.935527536319431, "DT": 3.935527536319431, "GM": 3.935527536319431, "GN": 3.935527536319431, "GB": 3.935527536319431, "KNN": 3.935527536319431, "KM": 3.935527536319431, "LR": 3.935527536319431, "LRR": 3.935527536319431, "LRL": 3.935527536319431, "LRE": 3.935527536319431, "LOG_R": 3.935527536319431, "RF": 3.935527536319431, "SVM": 3.935527536319431, "DNN": 3.935527536319431}, "1 + 3": {"AB": 3.408107257121217, "AC": 3.408107257121217, "DS": 3.408107257121217, "DT": 3.408107257121217, "GM": 3.408107257121217, "GN": 3.408107257121217, "GB": 3.408107257121217, "KNN": 3.408107257121217, "KM": 3.408107257121217, "LR": 3.408107257121217, "LRR": 3.408107257121217, "LRL": 3.408107257121217, "LRE": 3.408107257121217, "LOG_R": 3.408107257121217, "RF": 3.408107257121217, "SVM": 3.408107257121217, "DNN": 3.408107257121217}, "1 + 4": {"AB": 1.699130154686507, "AC": 1.699130154686507, "DS": 1.699130154686507, "DT": 1.699130154686507, "GM": 1.699130154686507, "GN": 1.699130154686507, "GB": 1.699130154686507, "KNN": 1.699130154686507, "KM": 1.699130154686507, "LR": 1.699130154686507, "LRR": 1.699130154686507, "LRL": 1.699130154686507, "LRE": 1.699130154686507, "LOG_R": 1.699130154686507, "RF": 1.699130154686507, "SVM": 1.699130154686507, "DNN": 1.699130154686507}, "2 + 3": {"AB": 3.664369993310804, "AC": 3.664369993310804, "DS": 3.664369993310804, "DT": 3.664369993310804, "GM": 3.664369993310804, "GN": 3.664369993310804, "GB": 3.664369993310804, "KNN": 3.664369993310804, "KM": 3.664369993310804, "LR": 3.664369993310804, "LRR": 3.664369993310804, "LRL": 3.664369993310804, "LRE": 3.664369993310804, "LOG_R": 3.664369993310804, "RF": 3.664369993310804, "SVM": 3.664369993310804, "DNN": 3.664369993310804}, "2 + 4": {"AB": 1.7126590921074838, "AC": 1.7126590921074838, "DS": 1.7126590921074838, "DT": 1.7126590921074838, "GM": 1.7126590921074838, "GN": 1.7126590921074838, "GB": 1.7126590921074838, "KNN": 1.7126590921074838, "KM": 1.7126590921074838, "LR": 1.7126590921074838, "LRR": 1.7126590921074838, "LRL": 1.7126590921074838, "LRE": 1.7126590921074838, "LOG_R": 1.7126590921074838, "RF": 1.7126590921074838, "SVM": 1.7126590921074838, "DNN": 1.7126590921074838}, "3 + 4": {"AB": 1.732726631745186, "AC": 1.732726631745186, "DS": 1.732726631745186, "DT": 1.732726631745186, "GM": 1.732726631745186, "GN": 1.732726631745186, "GB": 1.732726631745186, "KNN": 1.732726631745186, "KM": 1.732726631745186, "LR": 1.732726631745186, "LRR": 1.732726631745186, "LRL": 1.732726631745186, "LRE": 1.732726631745186, "LOG_R": 1.732726631745186, "RF": 1.732726631745186, "SVM": 1.732726631745186, "DNN": 1.732726631745186}, "0 + 1 + 2": {"AB": 0.9955682857629891, "AC": 0.9955682857629891, "DS": 0.9955682857629891, "DT": 0.9955682857629891, "GM": 0.9955682857629891, "GN": 0.9955682857629891, "GB": 0.9955682857629891, "KNN": 0.9955682857629891, "KM": 0.9955682857629891, "LR": 0.9955682857629891, "LRR": 0.9955682857629891, "LRL": 0.9955682857629891, "LRE": 0.9955682857629891, "LOG_R": 0.9955682857629891, "RF": 0.9955682857629891, "SVM": 0.9955682857629891, "DNN": 0.9955682857629891}, "0 + 1 + 3": {"AB": 0.9742119921486908, "AC": 0.9742119921486908, "DS": 0.9742119921486908, "DT": 0.9742119921486908, "GM": 0.9742119921486908, "GN": 0.9742119921486908, "GB": 0.9742119921486908, "KNN": 0.9742119921486908, "KM": 0.9742119921486908, "LR": 0.9742119921486908, "LRR": 0.9742119921486908, "LRL": 0.9742119921486908, "LRE": 0.9742119921486908, "LOG_R": 0.9742119921486908, "RF": 0.9742119921486908, "SVM": 0.9742119921486908, "DNN": 0.9742119921486908}, "0 + 1 + 4": {"AB": 1.032450269437613, "AC": 1.032450269437613, "DS": 1.032450269437613, "DT": 1.032450269437613, "GM": 1.032450269437613, "GN": 1.032450269437613, "GB": 1.032450269437613, "KNN": 1.032450269437613, "KM": 1.032450269437613, "LR": 1.032450269437613, "LRR": 1.032450269437613, "LRL": 1.032450269437613, "LRE": 1.032450269437613,