{"0": {"AB": 0.0, "AC": 0.0, "DS": 0.0, "DT": 0.0, "GM": 0.0, "GN": 0.0, "GB": 0.0, "KNN": 0.0, "KM": 0.0, "LR": 0.0, "LRR": 0.0, "LRL": 0.0, "LRE": 0.0, "LOG_R": 0.0, "RF": 0.0, "SVM": 0.0, "DNN": 0.0}, "1": {"AB": 0.0, "AC": 0.0, "DS": 0.0, "DT": 0.0, "GM": 0.0, "GN": 0.0, "GB": 0.0, "KNN": 0.0, "KM": 0.0, "LR": 0.0, "LRR": 0.0, "LRL": 0.0, "LRE": 0.0, "LOG_R": 0.0, "RF": 0.0, "SVM": 0.0, "DNN": 0.0}, "2": {"AB": 0.0, "AC": 0.0, "DS": 0.0, "DT": 0.0, "GM": 0.0, "GN": 0.0, "GB": 0.0, "KNN": 0.0, "KM": 0.0, "LR": 0.0, "LRR": 0.0, "LRL": 0.0, "LRE": 0.0, "LOG_R": 0.0, "RF": 0.0, "SVM": 0.0, "DNN": 0.0}, "3": {"AB": 0.0, "AC": 0.0, "DS": 0.0, "DT": 0.0, "GM": 0.0, "GN": 0.0, "GB": 0.0, "KNN": 0.0, "KM": 0.0, "LR": 0.0, "LRR": 0.0, "LRL": 0.0, "LRE": 0.0, "LOG_R": 0.0, "RF": 0.0, "SVM": 0.0, "DNN": 0.0}, "4": {"AB": 0.0, "AC": 0.0, "DS": 0.0, "DT": 0.0, "GM": 0.0, "GN": 0.0, "GB": 0.0, "KNN": 0.0, "KM": 0.0, "LR": 0.0, "LRR": 0.0, "LRL": 0.0, "LRE": 0.0, "LOG_R": 0.0, "RF": 0.0, "SVM": 0.0, "DNN": 0.0}, "0 + 1": {"AB": 0.11276163235843883, "AC": 0.11276163235843883, "DS": 0.11276163235843883, "DT": 0.11276163235843883, "GM": 0.11276163235843883, "GN": 0.11276163235843883, "GB": 0.11276163235843883, "KNN": 0.11276163235843883, "KM": 0.11276163235843883, "LR": 0.11276163235843883, "LRR": 0.11276163235843883, "LRL": 0.11276163235843883, "LRE": 0.11276163235843883, "LOG_R": 0.11276163235843883, "RF": 0.11276163235843883, "SVM": 0.11276163235843883, "DNN": 0.11276163235843883}, "0 + 2": {"AB": 0.13079641950904314, "AC": 0.13079641950904314, "DS": 0.13079641950904314, "DT": 0.13079641950904314, "GM": 0.13079641950904314, "GN": 0.13079641950904314, "GB": 0.13079641950904314, "KNN": 0.13079641950904314, "KM": 0.13079641950904314, "LR": 0.13079641950904314, "LRR": 0.13079641950904314, "LRL": 0.13079641950904314, "LRE": 0.13079641950904314, "LOG_R": 0.13079641950904314, "RF": 0.13079641950904314, "SVM": 0.13079641950904314, "DNN": 0.13079641950904314}, "0 + 3": {"AB": 0.13079641950904314, "AC": 0.13079641950904314, "DS": 0.13079641950904314, "DT": 0.13079641950904314, "GM": 0.13079641950904314, "GN": 0.13079641950904314, "GB": 0.13079641950904314, "KNN": 0.13079641950904314, "KM": 0.13079641950904314, "LR": 0.13079641950904314, "LRR": 0.13079641950904314, "LRL": 0.13079641950904314, "LRE": 0.13079641950904314, "LOG_R": 0.13079641950904314, "RF": 0.13079641950904314, "SVM": 0.13079641950904314, "DNN": 0.13079641950904314}, "0 + 4": {"AB": 0.14696363616491664, "AC": 0.14696363616491664, "DS": 0.14696363616491664, "DT": 0.14696363616491664, "GM": 0.14696363616491664, "GN": 0.14696363616491664, "GB": 0.14696363616491664, "KNN": 0.14696363616491664, "KM": 0.14696363616491664, "LR": 0.14696363616491664, "LRR": 0.14696363616491664, "LRL": 0.14696363616491664, "LRE": 0.14696363616491664, "LOG_R": 0.14696363616491664, "RF": 0.14696363616491664, "SVM": 0.14696363616491664, "DNN": 0.14696363616491664}, "1 + 2": {"AB": 0.08457122426882913, "AC": 0.08457122426882913, "DS": 0.08457122426882913, "DT": 0.08457122426882913, "GM": 0.08457122426882913, "GN": 0.08457122426882913, "GB": 0.08457122426882913, "KNN": 0.08457122426882913, "KM": 0.08457122426882913, "LR": 0.08457122426882913, "LRR": 0.08457122426882913, "LRL": 0.08457122426882913, "LRE": 0.08457122426882913, "LOG_R": 0.08457122426882913, "RF": 0.08457122426882913, "SVM": 0.08457122426882913, "DNN": 0.08457122426882913}, "1 + 3": {"AB": 0.08457122426882913, "AC": 0.08457122426882913, "DS": 0.08457122426882913, "DT": 0.08457122426882913, "GM": 0.08457122426882913, "GN": 0.08457122426882913, "GB": 0.08457122426882913, "KNN": 0.08457122426882913, "KM": 0.08457122426882913, "LR": 0.08457122426882913, "LRR": 0.08457122426882913, "LRL": 0.08457122426882913, "LRE": 0.08457122426882913, "LOG_R": 0.08457122426882913, "RF": 0.08457122426882913, "SVM": 0.08457122426882913, "DNN": 0.08457122426882913}, "1 + 4": {"AB": 0.0, "AC": 0.0, "DS": 0.0, "DT": 0.0, "GM": 0.0, "GN": 0.0, "GB": 0.0, "KNN": 0.0, "KM": 0.0, "LR": 0.0, "LRR": 0.0, "LRL": 0.0, "LRE": 0.0, "LOG_R": 0.0, "RF": 0.0, "SVM": 0.0, "DNN": 0.0}, "2 + 3": {"AB": 0.0, "AC": 0.0, "DS": 0.0, "DT": 0.0, "GM": 0.0, "GN": 0.0, "GB": 0.0, "KNN": 0.0, "KM": 0.0, "LR": 0.0, "LRR": 0.0, "LRL": 0.0, "LRE": 0.0, "LOG_R": 0.0, "RF": 0.0, "SVM": 0.0, "DNN": 0.0}, "2 + 4": {"AB": 0.15297523188178475, "AC": 0.15297523188178475, "DS": 0.15297523188178475, "DT": 0.15297523188178475, "GM": 0.15297523188178475, "GN": 0.15297523188178475, "GB": 0.15297523188178475, "KNN": 0.15297523188178475, "KM": 0.15297523188178475, "LR": 0.15297523188178475, "LRR": 0.15297523188178475, "LRL": 0.15297523188178475, "LRE": 0.15297523188178475, "LOG_R": 0.15297523188178475, "RF": 0.15297523188178475, "SVM": 0.15297523188178475, "DNN": 0.15297523188178475}, "3 + 4": {"AB": 0.15297523188178475, "AC": 0.15297523188178475, "DS": 0.15297523188178475, "DT": 0.15297523188178475, "GM": 0.15297523188178475, "GN": 0.15297523188178475, "GB": 0.15297523188178475, "KNN": 0.15297523188178475, "KM": 0.15297523188178475, "LR": 0.15297523188178475, "LRR": 0.15297523188178475, "LRL": 0.15297523188178475, "LRE": 0.15297523188178475, "LOG_R": 0.15297523188178475, "RF": 0.15297523188178475, "SVM": 0.15297523188178475, "DNN": 0.15297523188178475}, "0 + 1 + 2": {"AB": 0.1499694340233507, "AC": 0.1499694340233507, "DS": 0.1499694340233507, "DT": 0.1499694340233507, "GM": 0.1499694340233507, "GN": 0.1499694340233507, "GB": 0.1499694340233507, "KNN": 0.1499694340233507, "KM": 0.1499694340233507, "LR": 0.1499694340233507, "LRR": 0.1499694340233507, "LRL": 0.1499694340233507, "LRE": 0.1499694340233507, "LOG_R": 0.1499694340233507, "RF": 0.1499694340233507, "SVM": 0.1499694340233507, "DNN": 0.1499694340233507}, "0 + 1 + 3": {"AB": 0.1499694340233507, "AC": 0.1499694340233507, "DS": 0.1499694340233507, "DT": 0.1499694340233507, "GM": 0.1499694340233507, "GN": 0.1499694340233507, "GB": 0.1499694340233507, "KNN": 0.1499694340233507, "KM": 0.1499694340233507, "LR": 0.1499694340233507, "LRR": 0.1499694340233507, "LRL": 0.1499694340233507, "LRE": 0.1499694340233507, "LOG_R": 0.1499694340233507, "RF": 0.1499694340233507, "SVM": 0.1499694340233507, "DNN": 0.1499694340233507}, "0 + 1 + 4": {"AB": 0.07348181808245832, "AC": 0.07348181808245832, "DS": 0.07348181808245832, "DT": 0.07348181808245832, "GM": 0.07348181808245832, "GN": 0.07348181808245832, "GB": 0.07348181808245832, "KNN": 0.07348181808245832, "KM": 0.07348181808245832, "LR": 0.07348181808245832, "LRR": 0.07348181808245832, "LRL": 0.07348181808245832, "LRE": 0.07348181808245832, "LOG_R": 0.07348181808245832, "RF": 0.07348181808245832, "SVM": 0.07348181808245832, "DNN": 0.07348181808245832}, "0 + 2 + 3": {"AB": 0.06539820975452157, "AC": 0.06539820975452157, "DS": 0.06539820975452157, "DT": 0.06539820975452157, "GM": 0.06539820975452157, "GN": 0.06539820975452157, "GB": 0.06539820975452157, "KNN": 0.06539820975452157, "KM": 0.06539820975452157, "LR": 0.06539820975452157, "LRR": 0.06539820975452157, "LRL": 0.06539820975452157, "LRE": 0.06539820975452157, "LOG_R": 0.06539820975452157, "RF": 0.06539820975452157, "SVM": 0.06539820975452157, "DNN": 0.06539820975452157}, "0 + 2 + 4": {"AB": 0.1841714378298285, "AC": 0.1841714378298285, "DS": 0.1841714378298285, "DT": 0.1841714378298285, "GM": 0.1841714378298285, "GN": 0.1841714378298285, "GB": 0.1841714378298285, "KNN": 0.1841714378298285, "KM": 0.1841714378298285, "LR": 0.1841714378298285, "LRR": 0.1841714378298285, "LRL": 0.1841714378298285, "LRE": 0.1841714378298285, "LOG_R": 0.1841714378298285, "RF": 0.1841714378298285, "SVM": 0.1841714378298285, "DNN": 0.1841714378298285}, "0 + 3 + 4": {"AB": 0.1841714378298285, "AC": 0.1841714378298285, "DS": 0.1841714378298285, "DT": 0.1841714378298285, "GM": 0.1841714378298285, "GN": 0.1841714378298285, "GB": 0.1841714378298285, "KNN": 0.1841714378298285, "KM": 0.1841714378298285, "LR": 0.1841714378298285, "LRR": 0.1841714378298285, "LRL": 0.1841714378298285, "LRE": 0.1841714378298285,