{"0": {"AB": 0.0, "AC": 0.0, "DS": 0.0, "DT": 0.0, "GM": 0.0, "GN": 0.0, "GB": 0.0, "KNN": 0.0, "KM": 0.0, "LR": 0.0, "LRR": 0.0, "LRL": 0.0, "LRE": 0.0, "LOG_R": 0.0, "RF": 0.0, "SVM": 0.0, "DNN": 0.0}, "1": {"AB": 0.0, "AC": 0.0, "DS": 0.0, "DT": 0.0, "GM": 0.0, "GN": 0.0, "GB": 0.0, "KNN": 0.0, "KM": 0.0, "LR": 0.0, "LRR": 0.0, "LRL": 0.0, "LRE": 0.0, "LOG_R": 0.0, "RF": 0.0, "SVM": 0.0, "DNN": 0.0}, "2": {"AB": 0.0, "AC": 0.0, "DS": 0.0, "DT": 0.0, "GM": 0.0, "GN": 0.0, "GB": 0.0, "KNN": 0.0, "KM": 0.0, "LR": 0.0, "LRR": 0.0, "LRL": 0.0, "LRE": 0.0, "LOG_R": 0.0, "RF": 0.0, "SVM": 0.0, "DNN": 0.0}, "3": {"AB": 0.0, "AC": 0.0, "DS": 0.0, "DT": 0.0, "GM": 0.0, "GN": 0.0, "GB": 0.0, "KNN": 0.0, "KM": 0.0, "LR": 0.0, "LRR": 0.0, "LRL": 0.0, "LRE": 0.0, "LOG_R": 0.0, "RF": 0.0, "SVM": 0.0, "DNN": 0.0}, "4": {"AB": 0.0, "AC": 0.0, "DS": 0.0, "DT": 0.0, "GM": 0.0, "GN": 0.0, "GB": 0.0, "KNN": 0.0, "KM": 0.0, "LR": 0.0, "LRR": 0.0, "LRL": 0.0, "LRE": 0.0, "LOG_R": 0.0, "RF": 0.0, "SVM": 0.0, "DNN": 0.0}, "0 + 1": {"AB": 0.027045119030496945, "AC": 0.027045119030496945, "DS": 0.027045119030496945, "DT": 0.027045119030496945, "GM": 0.027045119030496945, "GN": 0.027045119030496945, "GB": 0.027045119030496945, "KNN": 0.027045119030496945, "KM": 0.027045119030496945, "LR": 0.027045119030496945, "LRR": 0.027045119030496945, "LRL": 0.027045119030496945, "LRE": 0.027045119030496945, "LOG_R": 0.027045119030496945, "RF": 0.027045119030496945, "SVM": 0.027045119030496945, "DNN": 0.027045119030496945}, "0 + 2": {"AB": 0.0695752660676005, "AC": 0.0695752660676005, "DS": 0.0695752660676005, "DT": 0.0695752660676005, "GM": 0.0695752660676005, "GN": 0.0695752660676005, "GB": 0.0695752660676005, "KNN": 0.0695752660676005, "KM": 0.0695752660676005, "LR": 0.0695752660676005, "LRR": 0.0695752660676005, "LRL": 0.0695752660676005, "LRE": 0.0695752660676005, "LOG_R": 0.0695752660676005, "RF": 0.0695752660676005, "SVM": 0.0695752660676005, "DNN": 0.0695752660676005}, "0 + 3": {"AB": 0.2635917476907157, "AC": 0.2635917476907157, "DS": 0.2635917476907157, "DT": 0.2635917476907157, "GM": 0.2635917476907157, "GN": 0.2635917476907157, "GB": 0.2635917476907157, "KNN": 0.2635917476907157, "KM": 0.2635917476907157, "LR": 0.2635917476907157, "LRR": 0.2635917476907157, "LRL": 0.2635917476907157, "LRE": 0.2635917476907157, "LOG_R": 0.2635917476907157, "RF": 0.2635917476907157, "SVM": 0.2635917476907157, "DNN": 0.2635917476907157}, "0 + 4": {"AB": 0.3743172751597614, "AC": 0.3743172751597614, "DS": 0.3743172751597614, "DT": 0.3743172751597614, "GM": 0.3743172751597614, "GN": 0.3743172751597614, "GB": 0.3743172751597614, "KNN": 0.3743172751597614, "KM": 0.3743172751597614, "LR": 0.3743172751597614, "LRR": 0.3743172751597614, "LRL": 0.3743172751597614, "LRE": 0.3743172751597614, "LOG_R": 0.3743172751597614, "RF": 0.3743172751597614, "SVM": 0.3743172751597614, "DNN": 0.3743172751597614}, "1 + 2": {"AB": 0.04253014703710356, "AC": 0.04253014703710356, "DS": 0.04253014703710356, "DT": 0.04253014703710356, "GM": 0.04253014703710356, "GN": 0.04253014703710356, "GB": 0.04253014703710356, "KNN": 0.04253014703710356, "KM": 0.04253014703710356, "LR": 0.04253014703710356, "LRR": 0.04253014703710356, "LRL": 0.04253014703710356, "LRE": 0.04253014703710356, "LOG_R": 0.04253014703710356, "RF": 0.04253014703710356, "SVM": 0.04253014703710356, "DNN": 0.04253014703710356}, "1 + 3": {"AB": 0.23654662866021875, "AC": 0.23654662866021875, "DS": 0.23654662866021875, "DT": 0.23654662866021875, "GM": 0.23654662866021875, "GN": 0.23654662866021875, "GB": 0.23654662866021875, "KNN": 0.23654662866021875, "KM": 0.23654662866021875, "LR": 0.23654662866021875, "LRR": 0.23654662866021875, "LRL": 0.23654662866021875, "LRE": 0.23654662866021875, "LOG_R": 0.23654662866021875, "RF": 0.23654662866021875, "SVM": 0.23654662866021875, "DNN": 0.23654662866021875}, "1 + 4": {"AB": 0.34727215612926443, "AC": 0.34727215612926443, "DS": 0.34727215612926443, "DT": 0.34727215612926443, "GM": 0.34727215612926443, "GN": 0.34727215612926443, "GB": 0.34727215612926443, "KNN": 0.34727215612926443, "KM": 0.34727215612926443, "LR": 0.34727215612926443, "LRR": 0.34727215612926443, "LRL": 0.34727215612926443, "LRE": 0.34727215612926443, "LOG_R": 0.34727215612926443, "RF": 0.34727215612926443, "SVM": 0.34727215612926443, "DNN": 0.34727215612926443}, "2 + 3": {"AB": 0.1940164816231152, "AC": 0.1940164816231152, "DS": 0.1940164816231152, "DT": 0.1940164816231152, "GM": 0.1940164816231152, "GN": 0.1940164816231152, "GB": 0.1940164816231152, "KNN": 0.1940164816231152, "KM": 0.1940164816231152, "LR": 0.1940164816231152, "LRR": 0.1940164816231152, "LRL": 0.1940164816231152, "LRE": 0.1940164816231152, "LOG_R": 0.1940164816231152, "RF": 0.1940164816231152, "SVM": 0.1940164816231152, "DNN": 0.1940164816231152}, "2 + 4": {"AB": 0.30474200909216087, "AC": 0.30474200909216087, "DS": 0.30474200909216087, "DT": 0.30474200909216087, "GM": 0.30474200909216087, "GN": 0.30474200909216087, "GB": 0.30474200909216087, "KNN": 0.30474200909216087, "KM": 0.30474200909216087, "LR": 0.30474200909216087, "LRR": 0.30474200909216087, "LRL": 0.30474200909216087, "LRE": 0.30474200909216087, "LOG_R": 0.30474200909216087, "RF": 0.30474200909216087, "SVM": 0.30474200909216087, "DNN": 0.30474200909216087}, "3 + 4": {"AB": 0.11072552746904568, "AC": 0.11072552746904568, "DS": 0.11072552746904568, "DT": 0.11072552746904568, "GM": 0.11072552746904568, "GN": 0.11072552746904568, "GB": 0.11072552746904568, "KNN": 0.11072552746904568, "KM": 0.11072552746904568, "LR": 0.11072552746904568, "LRR": 0.11072552746904568, "LRL": 0.11072552746904568, "LRE": 0.11072552746904568, "LOG_R": 0.11072552746904568, "RF": 0.11072552746904568, "SVM": 0.11072552746904568, "DNN": 0.11072552746904568}, "0 + 1 + 2": {"AB": 0.05605270655235203, "AC": 0.05605270655235203, "DS": 0.05605270655235203, "DT": 0.05605270655235203, "GM": 0.05605270655235203, "GN": 0.05605270655235203, "GB": 0.05605270655235203, "KNN": 0.05605270655235203, "KM": 0.05605270655235203, "LR": 0.05605270655235203, "LRR": 0.05605270655235203, "LRL": 0.05605270655235203, "LRE": 0.05605270655235203, "LOG_R": 0.05605270655235203, "RF": 0.05605270655235203, "SVM": 0.05605270655235203, "DNN": 0.05605270655235203}, "0 + 1 + 3": {"AB": 0.2500691881754672, "AC": 0.2500691881754672, "DS": 0.2500691881754672, "DT": 0.2500691881754672, "GM": 0.2500691881754672, "GN": 0.2500691881754672, "GB": 0.2500691881754672, "KNN": 0.2500691881754672, "KM": 0.2500691881754672, "LR": 0.2500691881754672, "LRR": 0.2500691881754672, "LRL": 0.2500691881754672, "LRE": 0.2500691881754672, "LOG_R": 0.2500691881754672, "RF": 0.2500691881754672, "SVM": 0.2500691881754672, "DNN": 0.2500691881754672}, "0 + 1 + 4": {"AB": 0.36079471564451293, "AC": 0.36079471564451293, "DS": 0.36079471564451293, "DT": 0.36079471564451293, "GM": 0.36079471564451293, "GN": 0.36079471564451293, "GB": 0.36079471564451293, "KNN": 0.36079471564451293, "KM": 0.36079471564451293, "LR": 0.36079471564451293, "LRR": 0.36079471564451293, "LRL": 0.36079471564451293, "LRE": 0.36079471564451293, "LOG_R": 0.36079471564451293, "RF": 0.36079471564451293, "SVM": 0.36079471564451293, "DNN": 0.36079471564451293}, "0 + 2 + 3": {"AB": 0.22880411465691544, "AC": 0.22880411465691544, "DS": 0.22880411465691544, "DT": 0.22880411465691544, "GM": 0.22880411465691544, "GN": 0.22880411465691544, "GB": 0.22880411465691544, "KNN": 0.22880411465691544, "KM": 0.22880411465691544, "LR": 0.22880411465691544, "LRR": 0.22880411465691544, "LRL": 0.22880411465691544, "LRE": 0.22880411465691544, "LOG_R": 0.22880411465691544, "RF": 0.22880411465691544, "SVM": 0.22880411465691544, "DNN": 0.22880411465691544}, "0 + 2 + 4": {"AB": 0.33952964212596115, "AC": 0.33952964212596115, "DS": 0.33952964212596115, "DT": 0.33952964212596115, "GM": 0.33952964212596115, "GN": 0.33952964212596115, "GB": 0.33952964212596115, "KNN": 0.33952964212596115, "KM": 0.33952964212596115, "LR": 0.33952964212596115, "LRR": 0.33952964212596115,