{"0": {"AB": 0.6486115349404943, "AC": 0.30089285714285713, "DS": 0.2793103448275862, "DT": 0.5908617755980383, "GM": 0.30089285714285713, "GN": 0.6505674653215636, "GB": 0.64140625, "KNN": 0.5394776799271181, "KM": 0.3857142857142857, "LR": 0.6707453416149067, "LRR": 0.6707453416149067, "LRL": 0.6598774407976735, "LRE": 0.6707453416149067, "LOG_R": 0.6580579355365157, "RF": 0.6752377015295576, "SVM": 0.6566502463054187, "DNN": 0.5791360294117647}, "1": {"AB": 0.8327505827505828, "AC": 0.2451550387596899, "DS": 0.3104460093896714, "DT": 0.802147766323024, "GM": 0.3104460093896714, "GN": 0.8736772486772487, "GB": 0.8429802955665026, "KNN": 0.7801789794364051, "KM": 0.6027622021154582, "LR": 0.8839348218562323, "LRR": 0.8839348218562323, "LRL": 0.8839348218562323, "LRE": 0.8839348218562323, "LOG_R": 0.8642731173411876, "RF": 0.8429802955665026, "SVM": 0.853206815854907, "DNN": 0.853206815854907}, "2": {"AB": 0.7525396418500752, "AC": 0.3404255319148936, "DS": 0.3452202577165118, "DT": 0.7553468434297824, "GM": 0.33556231003039516, "GN": 0.6895296752519596, "GB": 0.754902599989858, "KNN": 0.7411559663569337, "KM": 0.2899874843554443, "LR": 0.7215756048137988, "LRR": 0.7215756048137988, "LRL": 0.7115483209433479, "LRE": 0.7215756048137988, "LOG_R": 0.7218955512572534, "RF": 0.7543445467070552, "SVM": 0.7095179654179374, "DNN": 0.7226516138370241}, "3": {"AB": 0.7732877599948164, "AC": 0.23928307464892837, "DS": 0.24890909090909094, "DT": 0.6601674641148325, "GM": 0.23928307464892837, "GN": 0.7241955069823921, "GB": 0.7673160173160173, "KNN": 0.6156361754187841, "KM": 0.5199186991869917, "LR": 0.6691935483870968, "LRR": 0.6691935483870968, "LRL": 0.6654545454545455, "LRE": 0.6691935483870968, "LOG_R": 0.7324663939216832, "RF": 0.6522245989304813, "SVM": 0.6545336174242423, "DNN": 0.8519780193207512}, "4": {"AB": 0.7233637116818559, "AC": 0.6672190002761669, "DS": 0.196311891970379, "DT": 0.6588854868340477, "GM": 0.4917435648372997, "GN": 0.6558904830854284, "GB": 0.7233637116818559, "KNN": 0.6681054066333485, "KM": 0.6672190002761669, "LR": 0.6558904830854284, "LRR": 0.6558904830854284, "LRL": 0.6558904830854284, "LRE": 0.6558904830854284, "LOG_R": 0.6558904830854284, "RF": 0.6926263463131732, "SVM": 0.6672190002761669, "DNN": 0.6806548054324497}, "0 + 1": {"AB": 0.8419998711875918, "AC": 0.26555023923444976, "DS": 0.30451127819548873, "DT": 0.7662538699690404, "GM": 0.29988640666414235, "GN": 0.8524017262407354, "GB": 0.8524017262407354, "KNN": 0.7423748049368705, "KM": 0.19106590004422822, "LR": 0.8536656748451295, "LRR": 0.8536656748451295, "LRL": 0.8706706525349519, "LRE": 0.8536656748451295, "LOG_R": 0.842175368491158, "RF": 0.8627913942875266, "SVM": 0.8524017262407354, "DNN": 0.883561845790948}, "0 + 2": {"AB": 0.835045346100076, "AC": 0.32234432234432236, "DS": 0.3272462831286361, "DT": 0.8129155780698429, "GM": 0.32234432234432236, "GN": 0.7500137500137501, "GB": 0.7686723439899484, "KNN": 0.7333690699544357, "KM": 0.537827062010609, "LR": 0.7104712330276239, "LRR": 0.7104712330276239, "LRL": 0.7207132490151358, "LRE": 0.7104712330276239, "LOG_R": 0.7327084680025857, "RF": 0.7470695306867833, "SVM": 0.7293887840064602, "DNN": 0.735624840276003}, "0 + 3": {"AB": 0.7416294642857143, "AC": 0.4681818181818182, "DS": 0.24890909090909094, "DT": 0.7844614461446144, "GM": 0.4746099399384071, "GN": 0.6158829676071055, "GB": 0.7272727272727273, "KNN": 0.705461592670895, "KM": 0.2464617425917736, "LR": 0.6300529009257662, "LRR": 0.6300529009257662, "LRL": 0.6522245989304813, "LRE": 0.6300529009257662, "LOG_R": 0.6539655284131407, "RF": 0.731137781137781, "SVM": 0.6394064613072877, "DNN": 0.6915033184133353}, "0 + 4": {"AB": 0.721236468063824, "AC": 0.22591345172484179, "DS": 0.196311891970379, "DT": 0.7228196766807743, "GM": 0.48499693815064293, "GN": 0.6558904830854284, "GB": 0.771896289594607, "KNN": 0.6111373183278298, "KM": 0.6448566293507499, "LR": 0.6214788732394367, "LRR": 0.6214788732394367, "LRL": 0.6214788732394367, "LRE": 0.6214788732394367, "LOG_R": 0.6448566293507499, "RF": 0.771896289594607, "SVM": 0.6214788732394367, "DNN": 0.6448566293507499}, "1 + 2": {"AB": 0.7608695652173914, "AC": 0.3284671532846716, "DS": 0.3333333333333333, "DT": 0.7825059101654847, "GM": 0.3284671532846716, "GN": 0.823076923076923, "GB": 0.7997097242380262, "KNN": 0.7485442661913251, "KM": 0.2463768115942029, "LR": 0.8117998506348022, "LRR": 0.8117998506348022, "LRL": 0.8117998506348022, "LRE": 0.8117998506348022, "LOG_R": 0.8471760797342194, "RF": 0.8240076518412244, "SVM": 0.8471760797342194, "DNN": 0.8353811284742932}, "1 + 3": {"AB": 0.784164945177181, "AC": 0.7317463987482322, "DS": 0.25380051909529106, "DT": 0.784164945177181, "GM": 0.41949828005705175, "GN": 0.8034086405073324, "GB": 0.7756324622192536, "KNN": 0.7599071883112407, "KM": 0.20145190562613427, "LR": 0.7695772937152248, "LRR": 0.7695772937152248, "LRL": 0.7695772937152248, "LRE": 0.7695772937152248, "LOG_R": 0.8338231452455591, "RF": 0.8432476058503463, "SVM": 0.8338231452455591, "DNN": 0.8301875378100424}, "1 + 4": {"AB": 0.8737231529947118, "AC": 0.1850259451445515, "DS": 0.196311891970379, "DT": 0.832195191350121, "GM": 0.196311891970379, "GN": 0.8816796885207349, "GB": 0.8494299128101945, "KNN": 0.7786785755181496, "KM": 0.13469321677189572, "LR": 0.815575807787904, "LRR": 0.815575807787904, "LRL": 0.815575807787904, "LRE": 0.815575807787904, "LOG_R": 0.8657356400559807, "RF": 0.8834966319657072, "SVM": 0.8657356400559807, "DNN": 0.8327239457027118}, "2 + 3": {"AB": 0.7214125590575795, "AC": 0.6831134060049723, "DS": 0.2748995983935743, "DT": 0.7707471512208799, "GM": 0.39525544036611565, "GN": 0.746836402212624, "GB": 0.7802036477241499, "KNN": 0.7207950089314044, "KM": 0.2380566684505127, "LR": 0.7180138177229993, "LRR": 0.7180138177229993, "LRL": 0.7180138177229993, "LRE": 0.7180138177229993, "LOG_R": 0.7294779116465864, "RF": 0.7802036477241499, "SVM": 0.7654355426274786, "DNN": 0.7215200424338866}, "2 + 4": {"AB": 0.7337792991716533, "AC": 0.17920287683548095, "DS": 0.196311891970379, "DT": 0.7799235274188083, "GM": 0.196311891970379, "GN": 0.7505799977413162, "GB": 0.6672190002761669, "KNN": 0.7917847643134348, "KM": 0.18251173708920185, "LR": 0.7165530178959593, "LRR": 0.7165530178959593, "LRL": 0.7165530178959593, "LRE": 0.7165530178959593, "LOG_R": 0.7505799977413162, "RF": 0.7590878604963112, "SVM": 0.7414824615405546, "DNN": 0.7463895423279635}, "3 + 4": {"AB": 0.7633593770414696, "AC": 0.19072769953051644, "DS": 0.196311891970379, "DT": 0.7334155452110586, "GM": 0.5231453131024472, "GN": 0.6769716833495732, "GB": 0.7463895423279635, "KNN": 0.7203253189168682, "KM": 0.18713133501865897, "LR": 0.6339409003037836, "LRR": 0.6339409003037836, "LRL": 0.6339409003037836, "LRE": 0.6339409003037836, "LOG_R": 0.697264669095655, "RF": 0.7633593770414696, "SVM": 0.6769716833495732, "DNN": 0.6769716833495732}, "0 + 1 + 2": {"AB": 0.8017186302070024, "AC": 0.3123192596876808, "DS": 0.3272462831286361, "DT": 0.7904490900245903, "GM": 0.36345240437312043, "GN": 0.8663542340012929, "GB": 0.8340414605474846, "KNN": 0.8351648351648352, "KM": 0.6343495214462956, "LR": 0.7954657954657953, "LRR": 0.7954657954657953, "LRL": 0.7831793693299286, "LRE": 0.7954657954657953, "LOG_R": 0.788911858218789, "RF": 0.8218056453350571, "SVM": 0.8340414605474846, "DNN": 0.8324908469925061}, "0 + 1 + 3": {"AB": 0.8856100795755969, "AC": 0.2784016886822012, "DS": 0.25380051909529106, "DT": 0.8399792125213988, "GM": 0.2784016886822012, "GN": 0.8845879347907746, "GB": 0.8615055217489297, "KNN": 0.8284079858654017, "KM": 0.41413116970926306, "LR": 0.8083320485807768, "LRR": 0.8083320485807768, "LRL": 0.8083320485807768, "LRE": 0.8083320485807768, "LOG_R": 0.8502909809167031, "RF": 0.8278648554510625, "SVM": 0.8375773651635721, "DNN": 0.8575626959247649}, "0 + 1 + 4": {"AB": 0.8873239436619719, "AC": 0.17325458125094653, "DS": 0.196311891970379, "DT": 0.7646705226252347, "GM": 0.1850259451445515, "GN": 0.8987587338138573,