{"0": {"AB": 0.6012655529638179, "AC": 0.29838627829087583, "DS": 0.34279184917158634, "DT": 0.6304060298846508, "GM": 0.33898305084745756, "GN": 0.5673427478757757, "GB": 0.6006919166236812, "KNN": 0.5699484328471539, "KM": 0.37169309986302046, "LR": 0.5081918466630595, "LRR": 0.5081918466630595, "LRL": 0.5081918466630595, "LRE": 0.5081918466630595, "LOG_R": 0.5081918466630595, "RF": 0.5846490379607447, "SVM": 0.530259222333001, "DNN": 0.576271186440678}, "1": {"AB": 0.7854408749145592, "AC": 0.5135447311465637, "DS": 0.36351294903926484, "DT": 0.7941979688449238, "GM": 0.304004329004329, "GN": 0.7477564102564102, "GB": 0.7571728691476591, "KNN": 0.7307525199860966, "KM": 0.6915537470048748, "LR": 0.7357544468243622, "LRR": 0.7357544468243622, "LRL": 0.7357544468243622, "LRE": 0.7357544468243622, "LOG_R": 0.7947247183972846, "RF": 0.7571728691476591, "SVM": 0.776304917659126, "DNN": 0.7571728691476591}, "2": {"AB": 0.6899766092003812, "AC": 0.3071966693100714, "DS": 0.29403223464498324, "DT": 0.5262785526581767, "GM": 0.3741783712724002, "GN": 0.6676918189956396, "GB": 0.7231715055592852, "KNN": 0.5193621389330778, "KM": 0.253425551350646, "LR": 0.6965523069122865, "LRR": 0.6965523069122865, "LRL": 0.6965523069122865, "LRE": 0.6965523069122865, "LOG_R": 0.6965523069122865, "RF": 0.7208507476548714, "SVM": 0.6273352636335136, "DNN": 0.7059594863447278}, "3": {"AB": 0.6154213366542133, "AC": 0.3112115972868733, "DS": 0.3720645792563601, "DT": 0.6009288529836476, "GM": 0.2959928306234797, "GN": 0.6195270318062858, "GB": 0.5022307916507859, "KNN": 0.5607918749859875, "KM": 0.5698794356328604, "LR": 0.6168709444844989, "LRR": 0.6168709444844989, "LRL": 0.6304154451861421, "LRE": 0.6168709444844989, "LOG_R": 0.6304154451861421, "RF": 0.5283441701912758, "SVM": 0.5791743234213165, "DNN": 0.6031873432375071}, "4": {"AB": 0.6901408450704225, "AC": 0.22060785767234986, "DS": 0.26539629936481635, "DT": 0.6491536632381703, "GM": 0.26539629936481635, "GN": 0.6856623612643603, "GB": 0.6940673082378093, "KNN": 0.6286924096412607, "KM": 0.6054681027340513, "LR": 0.6775610930540508, "LRR": 0.6775610930540508, "LRL": 0.6902045758715186, "LRE": 0.6775610930540508, "LOG_R": 0.6775610930540508, "RF": 0.7068737209582279, "SVM": 0.6856623612643603, "DNN": 0.6484533077508653}, "0 + 1": {"AB": 0.6954593139937969, "AC": 0.5295069826491748, "DS": 0.36351294903926484, "DT": 0.723413014986609, "GM": 0.36351294903926484, "GN": 0.7382666979975011, "GB": 0.7477564102564102, "KNN": 0.6629451460465988, "KM": 0.37370453159926836, "LR": 0.7844807894376171, "LRR": 0.7844807894376171, "LRL": 0.7937406570584142, "LRE": 0.7844807894376171, "LOG_R": 0.8120961308336658, "RF": 0.7391856742697078, "SVM": 0.8029442619959861, "DNN": 0.7850301039956212}, "0 + 2": {"AB": 0.6313113833269975, "AC": 0.2756611385029135, "DS": 0.29403223464498324, "DT": 0.5633552014995313, "GM": 0.29403223464498324, "GN": 0.6714808304432515, "GB": 0.6656504836012095, "KNN": 0.5577799088947495, "KM": 0.6012301827947675, "LR": 0.6187644684636189, "LRR": 0.6187644684636189, "LRL": 0.6145764231286419, "LRE": 0.6187644684636189, "LOG_R": 0.6187644684636189, "RF": 0.6405493559799834, "SVM": 0.5761278935120124, "DNN": 0.6748774716917356}, "0 + 3": {"AB": 0.6304154451861421, "AC": 0.33952118806810905, "DS": 0.3720645792563601, "DT": 0.6022894026486261, "GM": 0.34627092846270935, "GN": 0.5753424657534246, "GB": 0.6103362391033625, "KNN": 0.6294194390084801, "KM": 0.4544310875034946, "LR": 0.5055417185554172, "LRR": 0.5055417185554172, "LRL": 0.49084026070327436, "LRE": 0.5055417185554172, "LOG_R": 0.49084026070327436, "RF": 0.588578304331729, "SVM": 0.5423083990486272, "DNN": 0.575153083769964}, "0 + 4": {"AB": 0.6731659522351501, "AC": 0.24697681035709207, "DS": 0.26539629936481635, "DT": 0.6843502877731504, "GM": 0.2593780504811044, "GN": 0.6432537953955116, "GB": 0.616702956098553, "KNN": 0.6773456660360171, "KM": 0.3841567464643381, "LR": 0.6313533374157991, "LRR": 0.6313533374157991, "LRL": 0.6432537953955116, "LRE": 0.6432537953955116, "LOG_R": 0.6378483667965239, "RF": 0.6927944478464994, "SVM": 0.6383457608395472, "DNN": 0.6383457608395472}, "1 + 2": {"AB": 0.687221420143067, "AC": 0.2803530371579025, "DS": 0.29403223464498324, "DT": 0.6963273829435677, "GM": 0.29403223464498324, "GN": 0.724697445091887, "GB": 0.7087923566849246, "KNN": 0.6703134862192299, "KM": 0.27345439606162925, "LR": 0.6848327739151283, "LRR": 0.6848327739151283, "LRL": 0.6848327739151283, "LRE": 0.6848327739151283, "LOG_R": 0.730363293226782, "RF": 0.7208507476548714, "SVM": 0.7059040185290772, "DNN": 0.730363293226782}, "1 + 3": {"AB": 0.7808219178082192, "AC": 0.3326440940811579, "DS": 0.3720645792563601, "DT": 0.655973149123834, "GM": 0.3720645792563601, "GN": 0.7945205479452054, "GB": 0.7942876220596342, "KNN": 0.7052672874150341, "KM": 0.646836268754077, "LR": 0.7579752298742729, "LRR": 0.7579752298742729, "LRL": 0.7579752298742729, "LRE": 0.7579752298742729, "LOG_R": 0.7537027500257493, "RF": 0.8219178082191781, "SVM": 0.7809864659179728, "DNN": 0.7810691111339995}, "1 + 4": {"AB": 0.8035222463557177, "AC": 0.736318022683639, "DS": 0.26539629936481635, "DT": 0.8024256651017214, "GM": 0.26539629936481635, "GN": 0.8278274296944457, "GB": 0.8591549295774648, "KNN": 0.6255868544600938, "KM": 0.19192075530103697, "LR": 0.8511000943854408, "LRR": 0.8511000943854408, "LRL": 0.8551240100535875, "LRE": 0.8453603266252748, "LOG_R": 0.8868201076376961, "RF": 0.9012089130614491, "SVM": 0.8702724182083094, "DNN": 0.8873239436619719}, "2 + 3": {"AB": 0.6333684029716152, "AC": 0.5105524612373927, "DS": 0.3720645792563601, "DT": 0.6138072168392917, "GM": 0.2959928306234797, "GN": 0.5871871459470595, "GB": 0.6027397260273972, "KNN": 0.5535958904109589, "KM": 0.36554042766455064, "LR": 0.6022894026486261, "LRR": 0.6022894026486261, "LRL": 0.6022894026486261, "LRE": 0.6022894026486261, "LOG_R": 0.6154213366542133, "RF": 0.6167263153564524, "SVM": 0.6168709444844989, "DNN": 0.5807582032494424}, "2 + 4": {"AB": 0.6556548593888916, "AC": 0.2826909208647917, "DS": 0.26539629936481635, "DT": 0.6348298122065729, "GM": 0.26539629936481635, "GN": 0.6432537953955116, "GB": 0.6736748857449374, "KNN": 0.6543878656554714, "KM": 0.297449029843396, "LR": 0.6803779000993644, "LRR": 0.6803779000993644, "LRL": 0.6982069723304366, "LRE": 0.6803779000993644, "LOG_R": 0.6803779000993644, "RF": 0.6499377001088276, "SVM": 0.6383457608395472, "DNN": 0.6473507712944333}, "3 + 4": {"AB": 0.7385854609735208, "AC": 0.36231271995977876, "DS": 0.30801282051282053, "DT": 0.6755348256422499, "GM": 0.30801282051282053, "GN": 0.6645741451400423, "GB": 0.6599918599918599, "KNN": 0.5932950191570882, "KM": 0.6645741451400423, "LR": 0.65069033530572, "LRR": 0.65069033530572, "LRL": 0.65069033530572, "LRE": 0.65069033530572, "LOG_R": 0.6683731362976645, "RF": 0.6683731362976645, "SVM": 0.6463076923076924, "DNN": 0.6999566471264584}, "0 + 1 + 2": {"AB": 0.8135539039399026, "AC": 0.2895371792059662, "DS": 0.29403223464498324, "DT": 0.7425973059560694, "GM": 0.3968769307182575, "GN": 0.7928376710443361, "GB": 0.8128665149283705, "KNN": 0.751787672735249, "KM": 0.37782112008916136, "LR": 0.7500396510705789, "LRR": 0.7500396510705789, "LRL": 0.7500396510705789, "LRE": 0.7500396510705789, "LOG_R": 0.7702324077732677, "RF": 0.7800991393729283, "SVM": 0.7800991393729283, "DNN": 0.8020401472146597}, "0 + 1 + 3": {"AB": 0.8202149760162634, "AC": 0.31849315068493156, "DS": 0.3720645792563601, "DT": 0.8202149760162634, "GM": 0.3720645792563601, "GN": 0.8357398494384796, "GB": 0.8220518810155498, "KNN": 0.7935838894743005, "KM": 0.5235183114341627, "LR": 0.8631681944587497, "LRR": 0.8631681944587497, "LRL": 0.8494848543314683, "LRE": 0.8631681944587497, "LOG_R": 0.8494285147054653, "RF": 0.8768051483953806, "SVM": 0.8631681944587497, "DNN": 0.8494848543314683}, "0 + 1 + 4": {"AB": 0.7614244910019557, "AC": 0.616702956098553, "DS": 0.26539629936481635, "DT": 0.8309859154929577, "GM": 0.26539629936481635,