{"0": {"AB": 0.6305365012154003, "AC": 0.31032215647600264, "DS": 0.3380924630924631, "DT": 0.7093592491020895, "GM": 0.3380924630924631, "GN": 0.628507060572278, "GB": 0.6716427667582534, "KNN": 0.6142816100799294, "KM": 0.6381479631479632, "LR": 0.6996251862306908, "LRR": 0.6996251862306908, "LRL": 0.6996251862306908, "LRE": 0.6996251862306908, "LOG_R": 0.6816662295358297, "RF": 0.6275232881974455, "SVM": 0.6801185033743172, "DNN": 0.6906796906796907}, "1": {"AB": 0.6806788388183737, "AC": 0.7574621959237344, "DS": 0.3380924630924631, "DT": 0.7008109821409053, "GM": 0.3285958485958486, "GN": 0.7508269426801538, "GB": 0.7233399079552926, "KNN": 0.6318142641672053, "KM": 0.7169577604360213, "LR": 0.7381839433121484, "LRR": 0.7381839433121484, "LRL": 0.7381839433121484, "LRE": 0.7381839433121484, "LOG_R": 0.7344605393385882, "RF": 0.7233399079552926, "SVM": 0.7350040127533733, "DNN": 0.7601583298304608}, "2": {"AB": 0.6170728137878023, "AC": 0.3391812865497076, "DS": 0.34312525499796004, "DT": 0.6033376123234917, "GM": 0.3427941028984054, "GN": 0.4967045993361782, "GB": 0.6133203378817415, "KNN": 0.5501973347401322, "KM": 0.3721144967682364, "LR": 0.5378970301570921, "LRR": 0.5378970301570921, "LRL": 0.5378970301570921, "LRE": 0.5378970301570921, "LOG_R": 0.561133437040878, "RF": 0.5781676413255361, "SVM": 0.5204062788550324, "DNN": 0.5101214574898786}, "3": {"AB": 0.5706061389152095, "AC": 0.3726181000983192, "DS": 0.36586840832123857, "DT": 0.573985171455051, "GM": 0.36586840832123857, "GN": 0.5911264806249132, "GB": 0.5961538461538461, "KNN": 0.5823952470293934, "KM": 0.38864704286726803, "LR": 0.6156695156695158, "LRR": 0.6059518972363009, "LRL": 0.5961538461538461, "LRE": 0.6059518972363009, "LOG_R": 0.6240568234746158, "RF": 0.6332515002727769, "SVM": 0.6251733703190013, "DNN": 0.5081578726616894}, "4": {"AB": 0.603911118078144, "AC": 0.4072398190045249, "DS": 0.43572984749455335, "DT": 0.5988794244681278, "GM": 0.43572984749455335, "GN": 0.5682113694284079, "GB": 0.5691667892435447, "KNN": 0.6157415870962298, "KM": 0.3601440576230493, "LR": 0.5905534627644161, "LRR": 0.5905534627644161, "LRL": 0.5353793691389598, "LRE": 0.5542602410316266, "LOG_R": 0.5691667892435447, "RF": 0.6017825311942959, "SVM": 0.5767750022383382, "DNN": 0.6486191293493524}, "0 + 1": {"AB": 0.7862311033666534, "AC": 0.20730023383325272, "DS": 0.3380924630924631, "DT": 0.7692307692307695, "GM": 0.6071607807826672, "GN": 0.8094345825115056, "GB": 0.7680112914608328, "KNN": 0.7098834393589454, "KM": 0.2455472842569617, "LR": 0.7238348653442994, "LRR": 0.7238348653442994, "LRL": 0.7238348653442994, "LRE": 0.7238348653442994, "LOG_R": 0.7685208660818418, "RF": 0.7680112914608328, "SVM": 0.7328979635992661, "DNN": 0.7492820702123028}, "0 + 2": {"AB": 0.7542345849214717, "AC": 0.545530492898914, "DS": 0.34312525499796004, "DT": 0.7267436884895164, "GM": 0.3970789780514247, "GN": 0.6811712674757383, "GB": 0.7073111905978537, "KNN": 0.6435185185185186, "KM": 0.6632012129088153, "LR": 0.6336018757071389, "LRR": 0.6336018757071389, "LRL": 0.6336018757071389, "LRE": 0.6336018757071389, "LOG_R": 0.6137974245959726, "RF": 0.7143859649122807, "SVM": 0.6623093681917211, "DNN": 0.642982456140351}, "0 + 3": {"AB": 0.6681956527981163, "AC": 0.3525641025641026, "DS": 0.36586840832123857, "DT": 0.6632427431396504, "GM": 0.35705536501714846, "GN": 0.5558017251565638, "GB": 0.6771442442550436, "KNN": 0.6424011939439709, "KM": 0.32584982242516486, "LR": 0.6412238963785355, "LRR": 0.6412238963785355, "LRL": 0.6412238963785355, "LRE": 0.6412238963785355, "LOG_R": 0.6424174703991218, "RF": 0.559729980333655, "SVM": 0.6138466622604096, "DNN": 0.5966234620080774}, "0 + 4": {"AB": 0.8247678018575852, "AC": 0.4145658263305322, "DS": 0.43572984749455335, "DT": 0.7647058823529412, "GM": 0.4145658263305322, "GN": 0.7352941176470589, "GB": 0.7889466484268127, "KNN": 0.8168449197860962, "KM": 0.6116967773118575, "LR": 0.6685555353383068, "LRR": 0.6685555353383068, "LRL": 0.6980392156862745, "LRE": 0.6685555353383068, "LOG_R": 0.6935390549662488, "RF": 0.7810993249758919, "SVM": 0.7079248366013073, "DNN": 0.7950278254537889}, "1 + 2": {"AB": 0.7104594473015525, "AC": 0.30782555425288083, "DS": 0.34312525499796004, "DT": 0.7104594884672243, "GM": 0.34312525499796004, "GN": 0.7488336225178329, "GB": 0.7455552718710612, "KNN": 0.6390945607906715, "KM": 0.7358276216227546, "LR": 0.7977012147205574, "LRR": 0.7977012147205574, "LRL": 0.7890844213770173, "LRE": 0.7977012147205574, "LOG_R": 0.7980125874862717, "RF": 0.7710832912779941, "SVM": 0.7977012147205574, "DNN": 0.7982611395746002}, "1 + 3": {"AB": 0.7975690587940238, "AC": 0.3387380593262946, "DS": 0.36586840832123857, "DT": 0.7490740740740741, "GM": 0.36586840832123857, "GN": 0.7668269230769231, "GB": 0.7876719212105551, "KNN": 0.6966280845591192, "KM": 0.211226149924101, "LR": 0.7979462285287527, "LRR": 0.7979462285287527, "LRL": 0.7979462285287527, "LRE": 0.7979462285287527, "LOG_R": 0.7886180597057402, "RF": 0.8163681806739309, "SVM": 0.7886180597057402, "DNN": 0.8168512573759172}, "1 + 4": {"AB": 0.7519125683060108, "AC": 0.31625553447185323, "DS": 0.43572984749455335, "DT": 0.7647058823529412, "GM": 0.24019607843137258, "GN": 0.7657244716068244, "GB": 0.7177299653664602, "KNN": 0.7345543345543346, "KM": 0.6651186790505677, "LR": 0.7941176470588235, "LRR": 0.7941176470588235, "LRL": 0.8082656631676239, "LRE": 0.7941176470588235, "LOG_R": 0.7799506211545245, "RF": 0.7177299653664602, "SVM": 0.7799506211545245, "DNN": 0.780722766764641}, "2 + 3": {"AB": 0.6515107830700034, "AC": 0.35705536501714846, "DS": 0.36586840832123857, "DT": 0.593429246915004, "GM": 0.35705536501714846, "GN": 0.6509616298017551, "GB": 0.6876456876456878, "KNN": 0.5827048768225239, "KM": 0.32921548650025473, "LR": 0.6533339025014941, "LRR": 0.6533339025014941, "LRL": 0.6533339025014941, "LRE": 0.6533339025014941, "LOG_R": 0.6251733703190013, "RF": 0.67087129512167, "SVM": 0.6533339025014941, "DNN": 0.6253122975848987}, "2 + 4": {"AB": 0.5900556509075779, "AC": 0.42175360710321863, "DS": 0.43572984749455335, "DT": 0.7373711472383198, "GM": 0.3013290422551999, "GN": 0.6519318547090966, "GB": 0.6495098039215685, "KNN": 0.6408676291029233, "KM": 0.392156862745098, "LR": 0.6681067411290537, "LRR": 0.6681067411290537, "LRL": 0.6470588235294118, "LRE": 0.6681067411290537, "LOG_R": 0.6637749090391165, "RF": 0.6351508639985675, "SVM": 0.663743547256389, "DNN": 0.6778711484593839}, "3 + 4": {"AB": 0.719772892321912, "AC": 0.330023682391186, "DS": 0.43572984749455335, "DT": 0.7928157712949679, "GM": 0.43572984749455335, "GN": 0.6919112875520098, "GB": 0.6902529127593066, "KNN": 0.6772229331608332, "KM": 0.580632519496806, "LR": 0.7228097912010031, "LRR": 0.7228097912010031, "LRL": 0.731415643180349, "LRE": 0.7228097912010031, "LOG_R": 0.6880173301418772, "RF": 0.6902529127593066, "SVM": 0.690275302040008, "DNN": 0.721270786795731}, "0 + 1 + 2": {"AB": 0.7631031841558158, "AC": 0.7132328436482038, "DS": 0.34312525499796004, "DT": 0.841812865497076, "GM": 0.3970789780514247, "GN": 0.7796346508504984, "GB": 0.7806511276266851, "KNN": 0.7857721226142279, "KM": 0.21059470223856205, "LR": 0.7657372322113012, "LRR": 0.7657372322113012, "LRL": 0.7804484646589909, "LRE": 0.7657372322113012, "LOG_R": 0.8070175438596491, "RF": 0.7894736842105263, "SVM": 0.7894736842105263, "DNN": 0.8070175438596491}, "0 + 1 + 3": {"AB": 0.7597267666075005, "AC": 0.348014888337469, "DS": 0.36586840832123857, "DT": 0.759815575374935, "GM": 0.3525641025641026, "GN": 0.7787030121981579, "GB": 0.7979456458837902, "KNN": 0.7870343674316688, "KM": 0.2875913316169807, "LR": 0.7826689432063264, "LRR": 0.7826689432063264, "LRL": 0.7826689432063264, "LRE": 0.7826689432063264, "LOG_R": 0.7884615384615384, "RF": 0.788146749084249, "SVM": 0.7886182336182337, "DNN": 0.7787023740631986}, "0 + 1 + 4": {"AB": 0.8092905383339212, "AC": 0.392156862745098, "DS": 0.43572984749455335, "DT": 0.8235294117647058, "GM": 0.4072398190045249,