{"0": {"AB": 0.7452598950687206, "AC": 0.31937984496124033, "DS": 0.3256103745562559, "DT": 0.6643324839531658, "GM": 0.31088727595911714, "GN": 0.7973742562954181, "GB": 0.7908600776567769, "KNN": 0.6294002387848252, "KM": 0.7434473466297211, "LR": 0.7796635329045027, "LRR": 0.7796635329045027, "LRL": 0.7796635329045027, "LRE": 0.7796635329045027, "LOG_R": 0.7574568472759149, "RF": 0.7557455586178315, "SVM": 0.7869572467579112, "DNN": 0.5606399091253313}, "1": {"AB": 0.8179583857003213, "AC": 0.5812997177816069, "DS": 0.3560186583442397, "DT": 0.7871816656863385, "GM": 0.33492458834924593, "GN": 0.7770510418440923, "GB": 0.8229379745967424, "KNN": 0.7793807532879035, "KM": 0.29131313131313136, "LR": 0.7513543012043762, "LRR": 0.7513543012043762, "LRL": 0.7549608722022515, "LRE": 0.7513543012043762, "LOG_R": 0.8081591664321072, "RF": 0.8229379745967424, "SVM": 0.8031056837026986, "DNN": 0.7826454363767795}, "2": {"AB": 0.7235439113132821, "AC": 0.3146849383867554, "DS": 0.3532587474322191, "DT": 0.6736931437818577, "GM": 0.3532587474322191, "GN": 0.7264858063383897, "GB": 0.7526111014678052, "KNN": 0.6550419757907068, "KM": 0.6822812449536969, "LR": 0.7398085573796473, "LRR": 0.7398085573796473, "LRL": 0.7398085573796473, "LRE": 0.7398085573796473, "LOG_R": 0.7550981849328008, "RF": 0.7216874891512809, "SVM": 0.7493751939886109, "DNN": 0.7547056783428445}, "3": {"AB": 0.7153679653679655, "AC": 0.4731411127325181, "DS": 0.40617194424301023, "DT": 0.7118354618354619, "GM": 0.40617194424301023, "GN": 0.7066266716660419, "GB": 0.7695902466544667, "KNN": 0.6432401277121773, "KM": 0.2635795135795136, "LR": 0.746485260770975, "LRR": 0.746485260770975, "LRL": 0.746485260770975, "LRE": 0.746485260770975, "LOG_R": 0.746485260770975, "RF": 0.7695902466544667, "SVM": 0.746485260770975, "DNN": 0.746485260770975}, "4": {"AB": 0.7112414293541841, "AC": 0.45631232043265163, "DS": 0.4680868769243572, "DT": 0.6819228152130377, "GM": 0.4680868769243572, "GN": 0.6579605445957211, "GB": 0.7471457845433256, "KNN": 0.6608580082179014, "KM": 0.44754503708936766, "LR": 0.6717214099700182, "LRR": 0.6717214099700182, "LRL": 0.6270576655466178, "LRE": 0.6717214099700182, "LOG_R": 0.7259496201519392, "RF": 0.7670812793763613, "SVM": 0.7061588092597375, "DNN": 0.7471457845433256}, "0 + 1": {"AB": 0.8787258840450329, "AC": 0.35144082970169926, "DS": 0.3560186583442397, "DT": 0.8180888260675495, "GM": 0.384954439499894, "GN": 0.8326815428264703, "GB": 0.8581211104575591, "KNN": 0.8272207697009265, "KM": 0.7703276875618416, "LR": 0.8631030804943848, "LRR": 0.8631030804943848, "LRL": 0.8631030804943848, "LRE": 0.8631030804943848, "LOG_R": 0.8585137085137085, "RF": 0.8735271247119587, "SVM": 0.8585137085137085, "DNN": 0.8532923610643818}, "0 + 2": {"AB": 0.8221335132810215, "AC": 0.3486643080551709, "DS": 0.3532587474322191, "DT": 0.7707204045429714, "GM": 0.34634380573466866, "GN": 0.7796423961687129, "GB": 0.7857109118162009, "KNN": 0.7432017662805054, "KM": 0.26338927029740355, "LR": 0.7876932737252209, "LRR": 0.7876932737252209, "LRL": 0.7876932737252209, "LRE": 0.7876932737252209, "LOG_R": 0.8061193964051341, "RF": 0.7807672844088646, "SVM": 0.7948036750636494, "DNN": 0.7796423961687129}, "0 + 3": {"AB": 0.8339151592087168, "AC": 0.3796157059314954, "DS": 0.40617194424301023, "DT": 0.8013709022883334, "GM": 0.40617194424301023, "GN": 0.8257048451100869, "GB": 0.833911635438353, "KNN": 0.7566039402774095, "KM": 0.7229308390022675, "LR": 0.818939883645766, "LRR": 0.818939883645766, "LRL": 0.818939883645766, "LRE": 0.818939883645766, "LOG_R": 0.8180975553238328, "RF": 0.8339967565973757, "SVM": 0.8419123109231887, "DNN": 0.8337429885926766}, "0 + 4": {"AB": 0.7488369105509184, "AC": 0.46420207427233195, "DS": 0.4680868769243572, "DT": 0.779852586632084, "GM": 0.4482581967213115, "GN": 0.755686103282658, "GB": 0.765306043131755, "KNN": 0.7079689245906442, "KM": 0.31970670111533633, "LR": 0.7647144285676992, "LRR": 0.7647144285676992, "LRL": 0.7647144285676992, "LRE": 0.7647144285676992, "LOG_R": 0.7647144285676992, "RF": 0.7580313946608194, "SVM": 0.7654450961715212, "DNN": 0.7816212964355542}, "1 + 2": {"AB": 0.8985085561777173, "AC": 0.4545621685742602, "DS": 0.3532587474322191, "DT": 0.8579119786488043, "GM": 0.3345020670888063, "GN": 0.8830138613648805, "GB": 0.9136877658358405, "KNN": 0.862016397647918, "KM": 0.2478882072790702, "LR": 0.8567494414983284, "LRR": 0.8567494414983284, "LRL": 0.8567494414983284, "LRE": 0.8567494414983284, "LOG_R": 0.888359411795489, "RF": 0.9086435681794637, "SVM": 0.8984928535327374, "DNN": 0.8984562291306308}, "1 + 3": {"AB": 0.813881107998755, "AC": 0.38352862960192796, "DS": 0.40617194424301023, "DT": 0.76644570795774, "GM": 0.3950253640975291, "GN": 0.8095238095238095, "GB": 0.8193776478182618, "KNN": 0.753696792479448, "KM": 0.5731217640704734, "LR": 0.8354503571894876, "LRR": 0.8354503571894876, "LRL": 0.8447835590692734, "LRE": 0.8354503571894876, "LOG_R": 0.8300653594771242, "RF": 0.8291541957654363, "SVM": 0.8392779333955804, "DNN": 0.823899448899449}, "1 + 4": {"AB": 0.8455099325647658, "AC": 0.4230565838180857, "DS": 0.4680868769243572, "DT": 0.8180067655477492, "GM": 0.4441678825851858, "GN": 0.7978078705075716, "GB": 0.8572223940612436, "KNN": 0.7471457845433256, "KM": 0.3674392312040701, "LR": 0.8471001633710779, "LRR": 0.8471001633710779, "LRL": 0.8519286917298491, "LRE": 0.8471001633710779, "LOG_R": 0.8445593574650676, "RF": 0.8445593574650676, "SVM": 0.8524590163934426, "DNN": 0.8366655590016244}, "2 + 3": {"AB": 0.7378095910206002, "AC": 0.6772094593557695, "DS": 0.40617194424301023, "DT": 0.7470596974771019, "GM": 0.26528106638603877, "GN": 0.8013748281464816, "GB": 0.7854805744714003, "KNN": 0.7093984962406016, "KM": 0.3054432569702954, "LR": 0.7693855606758833, "LRR": 0.7693855606758833, "LRL": 0.7804938271604938, "LRE": 0.7693855606758833, "LOG_R": 0.7944860042001453, "RF": 0.7865689865689866, "SVM": 0.7944324194324194, "DNN": 0.7859167604049494}, "2 + 4": {"AB": 0.7704918032786885, "AC": 0.7654450961715212, "DS": 0.4680868769243572, "DT": 0.7125223114485603, "GM": 0.4680868769243572, "GN": 0.7386215406310592, "GB": 0.746386320074584, "KNN": 0.6844780681986086, "KM": 0.7083768447457552, "LR": 0.7816325001481773, "LRR": 0.7816325001481773, "LRL": 0.7816325001481773, "LRE": 0.7816325001481773, "LOG_R": 0.7571383534498286, "RF": 0.7243900561840991, "SVM": 0.7570922929529488, "DNN": 0.765306043131755}, "3 + 4": {"AB": 0.8054194266770425, "AC": 0.42682704574448693, "DS": 0.45206707918572325, "DT": 0.7697818254218021, "GM": 0.45206707918572325, "GN": 0.7303734468151486, "GB": 0.7422489901303461, "KNN": 0.6981287417686431, "KM": 0.3224577958676738, "LR": 0.7817244783063745, "LRR": 0.7817244783063745, "LRL": 0.7731834200369191, "LRE": 0.7817244783063745, "LOG_R": 0.7817244783063745, "RF": 0.7686504805692987, "SVM": 0.7731834200369191, "DNN": 0.7818924591964846}, "0 + 1 + 2": {"AB": 0.8934339899356482, "AC": 0.6640434660047507, "DS": 0.3532587474322191, "DT": 0.862915863386335, "GM": 0.3879911206321116, "GN": 0.8527918781725888, "GB": 0.8526777898816275, "KNN": 0.8472421171396366, "KM": 0.2030867931922556, "LR": 0.8521810611661058, "LRR": 0.8521810611661058, "LRL": 0.8521810611661058, "LRE": 0.8521810611661058, "LOG_R": 0.8578387207828833, "RF": 0.8831945749834685, "SVM": 0.8728411536574786, "DNN": 0.8830138613648805}, "0 + 1 + 3": {"AB": 0.8656175100619544, "AC": 0.40249433106575966, "DS": 0.40617194424301023, "DT": 0.8808225413730001, "GM": 0.28240740740740744, "GN": 0.8498065893023876, "GB": 0.8339151592087168, "KNN": 0.8801425332037577, "KM": 0.6485620235620235, "LR": 0.8389841269841269, "LRR": 0.8389841269841269, "LRL": 0.8389841269841269, "LRE": 0.8389841269841269, "LOG_R": 0.8813654538845379, "RF": 0.8576861779194435, "SVM": 0.8734001881542864, "DNN": 0.8654109907655001}, "0 + 1 + 4": {"AB": 0.9007309630260449, "AC": 0.7888387978142076, "DS": 0.4680868769243572, "DT": 0.8669035882150636, "GM": 0.29765593762495,