{"0": {"AB": 2.8873554494077274, "AC": 2.8873554494077274, "DS": 2.8873554494077274, "DT": 2.8873554494077274, "GM": 2.8873554494077274, "GN": 2.8873554494077274, "GB": 2.8873554494077274, "KNN": 2.8873554494077274, "KM": 2.8873554494077274, "LR": 2.8873554494077274, "LRR": 2.8873554494077274, "LRL": 2.8873554494077274, "LRE": 2.8873554494077274, "LOG_R": 2.8873554494077274, "RF": 2.8873554494077274, "SVM": 2.8873554494077274, "DNN": 2.8873554494077274}, "1": {"AB": 2.689001324030645, "AC": 2.689001324030645, "DS": 2.689001324030645, "DT": 2.689001324030645, "GM": 2.689001324030645, "GN": 2.689001324030645, "GB": 2.689001324030645, "KNN": 2.689001324030645, "KM": 2.689001324030645, "LR": 2.689001324030645, "LRR": 2.689001324030645, "LRL": 2.689001324030645, "LRE": 2.689001324030645, "LOG_R": 2.689001324030645, "RF": 2.689001324030645, "SVM": 2.689001324030645, "DNN": 2.689001324030645}, "2": {"AB": 2.5320865090430615, "AC": 2.5320865090430615, "DS": 2.5320865090430615, "DT": 2.5320865090430615, "GM": 2.5320865090430615, "GN": 2.5320865090430615, "GB": 2.5320865090430615, "KNN": 2.5320865090430615, "KM": 2.5320865090430615, "LR": 2.5320865090430615, "LRR": 2.5320865090430615, "LRL": 2.5320865090430615, "LRE": 2.5320865090430615, "LOG_R": 2.5320865090430615, "RF": 2.5320865090430615, "SVM": 2.5320865090430615, "DNN": 2.5320865090430615}, "3": {"AB": 1.171418630371865, "AC": 1.171418630371865, "DS": 1.171418630371865, "DT": 1.171418630371865, "GM": 1.171418630371865, "GN": 1.171418630371865, "GB": 1.171418630371865, "KNN": 1.171418630371865, "KM": 1.171418630371865, "LR": 1.171418630371865, "LRR": 1.171418630371865, "LRL": 1.171418630371865, "LRE": 1.171418630371865, "LOG_R": 1.171418630371865, "RF": 1.171418630371865, "SVM": 1.171418630371865, "DNN": 1.171418630371865}, "4": {"AB": 2.296612065503516, "AC": 2.296612065503516, "DS": 2.296612065503516, "DT": 2.296612065503516, "GM": 2.296612065503516, "GN": 2.296612065503516, "GB": 2.296612065503516, "KNN": 2.296612065503516, "KM": 2.296612065503516, "LR": 2.296612065503516, "LRR": 2.296612065503516, "LRL": 2.296612065503516, "LRE": 2.296612065503516, "LOG_R": 2.296612065503516, "RF": 2.296612065503516, "SVM": 2.296612065503516, "DNN": 2.296612065503516}, "0 + 1": {"AB": 2.7781231166126568, "AC": 2.7781231166126568, "DS": 2.7781231166126568, "DT": 2.7781231166126568, "GM": 2.7781231166126568, "GN": 2.7781231166126568, "GB": 2.7781231166126568, "KNN": 2.7781231166126568, "KM": 2.7781231166126568, "LR": 2.7781231166126568, "LRR": 2.7781231166126568, "LRL": 2.7781231166126568, "LRE": 2.7781231166126568, "LOG_R": 2.7781231166126568, "RF": 2.7781231166126568, "SVM": 2.7781231166126568, "DNN": 2.7781231166126568}, "0 + 2": {"AB": 2.2399633436928, "AC": 2.2399633436928, "DS": 2.2399633436928, "DT": 2.2399633436928, "GM": 2.2399633436928, "GN": 2.2399633436928, "GB": 2.2399633436928, "KNN": 2.2399633436928, "KM": 2.2399633436928, "LR": 2.2399633436928, "LRR": 2.2399633436928, "LRL": 2.2399633436928, "LRE": 2.2399633436928, "LOG_R": 2.2399633436928, "RF": 2.2399633436928, "SVM": 2.2399633436928, "DNN": 2.2399633436928}, "0 + 3": {"AB": 0.8910429131918007, "AC": 0.8910429131918007, "DS": 0.8910429131918007, "DT": 0.8910429131918007, "GM": 0.8910429131918007, "GN": 0.8910429131918007, "GB": 0.8910429131918007, "KNN": 0.8910429131918007, "KM": 0.8910429131918007, "LR": 0.8910429131918007, "LRR": 0.8910429131918007, "LRL": 0.8910429131918007, "LRE": 0.8910429131918007, "LOG_R": 0.8910429131918007, "RF": 0.8910429131918007, "SVM": 0.8910429131918007, "DNN": 0.8910429131918007}, "0 + 4": {"AB": 1.8603452744085678, "AC": 1.8603452744085678, "DS": 1.8603452744085678, "DT": 1.8603452744085678, "GM": 1.8603452744085678, "GN": 1.8603452744085678, "GB": 1.8603452744085678, "KNN": 1.8603452744085678, "KM": 1.8603452744085678, "LR": 1.8603452744085678, "LRR": 1.8603452744085678, "LRL": 1.8603452744085678, "LRE": 1.8603452744085678, "LOG_R": 1.8603452744085678, "RF": 1.8603452744085678, "SVM": 1.8603452744085678, "DNN": 1.8603452744085678}, "1 + 2": {"AB": 2.6334793571427273, "AC": 2.6334793571427273, "DS": 2.6334793571427273, "DT": 2.6334793571427273, "GM": 2.6334793571427273, "GN": 2.6334793571427273, "GB": 2.6334793571427273, "KNN": 2.6334793571427273, "KM": 2.6334793571427273, "LR": 2.6334793571427273, "LRR": 2.6334793571427273, "LRL": 2.6334793571427273, "LRE": 2.6334793571427273, "LOG_R": 2.6334793571427273, "RF": 2.6334793571427273, "SVM": 2.6334793571427273, "DNN": 2.6334793571427273}, "1 + 3": {"AB": 0.8818108433314591, "AC": 0.8818108433314591, "DS": 0.8818108433314591, "DT": 0.8818108433314591, "GM": 0.8818108433314591, "GN": 0.8818108433314591, "GB": 0.8818108433314591, "KNN": 0.8818108433314591, "KM": 0.8818108433314591, "LR": 0.8818108433314591, "LRR": 0.8818108433314591, "LRL": 0.8818108433314591, "LRE": 0.8818108433314591, "LOG_R": 0.8818108433314591, "RF": 0.8818108433314591, "SVM": 0.8818108433314591, "DNN": 0.8818108433314591}, "1 + 4": {"AB": 2.0939591996969935, "AC": 2.0939591996969935, "DS": 2.0939591996969935, "DT": 2.0939591996969935, "GM": 2.0939591996969935, "GN": 2.0939591996969935, "GB": 2.0939591996969935, "KNN": 2.0939591996969935, "KM": 2.0939591996969935, "LR": 2.0939591996969935, "LRR": 2.0939591996969935, "LRL": 2.0939591996969935, "LRE": 2.0939591996969935, "LOG_R": 2.0939591996969935, "RF": 2.0939591996969935, "SVM": 2.0939591996969935, "DNN": 2.0939591996969935}, "2 + 3": {"AB": 0.8970622672382982, "AC": 0.8970622672382982, "DS": 0.8970622672382982, "DT": 0.8970622672382982, "GM": 0.8970622672382982, "GN": 0.8970622672382982, "GB": 0.8970622672382982, "KNN": 0.8970622672382982, "KM": 0.8970622672382982, "LR": 0.8970622672382982, "LRR": 0.8970622672382982, "LRL": 0.8970622672382982, "LRE": 0.8970622672382982, "LOG_R": 0.8970622672382982, "RF": 0.8970622672382982, "SVM": 0.8970622672382982, "DNN": 0.8970622672382982}, "2 + 4": {"AB": 2.5175552498173, "AC": 2.5175552498173, "DS": 2.5175552498173, "DT": 2.5175552498173, "GM": 2.5175552498173, "GN": 2.5175552498173, "GB": 2.5175552498173, "KNN": 2.5175552498173, "KM": 2.5175552498173, "LR": 2.5175552498173, "LRR": 2.5175552498173, "LRL": 2.5175552498173, "LRE": 2.5175552498173, "LOG_R": 2.5175552498173, "RF": 2.5175552498173, "SVM": 2.5175552498173, "DNN": 2.5175552498173}, "3 + 4": {"AB": 0.8393052316201259, "AC": 0.8393052316201259, "DS": 0.8393052316201259, "DT": 0.8393052316201259, "GM": 0.8393052316201259, "GN": 0.8393052316201259, "GB": 0.8393052316201259, "KNN": 0.8393052316201259, "KM": 0.8393052316201259, "LR": 0.8393052316201259, "LRR": 0.8393052316201259, "LRL": 0.8393052316201259, "LRE": 0.8393052316201259, "LOG_R": 0.8393052316201259, "RF": 0.8393052316201259, "SVM": 0.8393052316201259, "DNN": 0.8393052316201259}, "0 + 1 + 2": {"AB": 2.3847415963541376, "AC": 2.3847415963541376, "DS": 2.3847415963541376, "DT": 2.3847415963541376, "GM": 2.3847415963541376, "GN": 2.3847415963541376, "GB": 2.3847415963541376, "KNN": 2.3847415963541376, "KM": 2.3847415963541376, "LR": 2.3847415963541376, "LRR": 2.3847415963541376, "LRL": 2.3847415963541376, "LRE": 2.3847415963541376, "LOG_R": 2.3847415963541376, "RF": 2.3847415963541376, "SVM": 2.3847415963541376, "DNN": 2.3847415963541376}, "0 + 1 + 3": {"AB": 0.7381467467136966, "AC": 0.7381467467136966, "DS": 0.7381467467136966, "DT": 0.7381467467136966, "GM": 0.7381467467136966, "GN": 0.7381467467136966, "GB": 0.7381467467136966, "KNN": 0.7381467467136966, "KM": 0.7381467467136966, "LR": 0.7381467467136966, "LRR": 0.7381467467136966, "LRL": 0.7381467467136966, "LRE": 0.7381467467136966, "LOG_R": 0.7381467467136966, "RF": 0.7381467467136966, "SVM": 0.7381467467136966, "DNN": 0.7381467467136966}, "0 + 1 + 4": {"AB": 1.817422322827413, "AC": 1.817422322827413, "DS": 1.817422322827413, "DT": 1.817422322827413, "GM": 1.817422322827413, "GN": 1.817422322827413, "GB": 1.817422322827413, "KNN": 1.817422322827413, "KM": 1.817422322827413, "LR": 1.817422322827413, "LRR": 1.817422322827413,