{"0": {"AB": 1.0, "AC": 0.3103448275862069, "DS": 0.3333333333333333, "DT": 1.0, "GM": 0.523809523809524, "GN": 1.0, "GB": 1.0, "KNN": 1.0, "KM": 1.0, "LR": 1.0, "LRR": 1.0, "LRL": 1.0, "LRE": 1.0, "LOG_R": 1.0, "RF": 1.0, "SVM": 1.0, "DNN": 1.0}, "1": {"AB": 1.0, "AC": 1.0, "DS": 0.3333333333333333, "DT": 1.0, "GM": 0.3333333333333333, "GN": 1.0, "GB": 1.0, "KNN": 1.0, "KM": 0.0, "LR": 1.0, "LRR": 1.0, "LRL": 1.0, "LRE": 1.0, "LOG_R": 1.0, "RF": 1.0, "SVM": 1.0, "DNN": 1.0}, "2": {"AB": 0.7828282828282828, "AC": 0.6363636363636364, "DS": 0.6124401913875599, "DT": 0.7828282828282828, "GM": 0.11688311688311687, "GN": 0.7828282828282828, "GB": 0.7828282828282828, "KNN": 0.6124401913875599, "KM": 0.6363636363636364, "LR": 0.5656565656565656, "LRR": 0.5656565656565656, "LRL": 0.5656565656565656, "LRE": 0.5656565656565656, "LOG_R": 0.5656565656565656, "RF": 0.7828282828282828, "SVM": 0.6124401913875599, "DNN": 0.6124401913875599}, "3": {"AB": 0.4666666666666666, "AC": 0.4666666666666666, "DS": 0.5764705882352941, "DT": 0.4666666666666666, "GM": 0.13846153846153847, "GN": 0.525, "GB": 0.4666666666666666, "KNN": 0.525, "KM": 0.4666666666666666, "LR": 0.525, "LRR": 0.525, "LRL": 0.525, "LRE": 0.525, "LOG_R": 0.5764705882352941, "RF": 0.4666666666666666, "SVM": 0.525, "DNN": 0.4666666666666666}, "4": {"AB": 0.4786324786324786, "AC": 0.48773448773448774, "DS": 0.6805555555555557, "DT": 0.4786324786324786, "GM": 0.6805555555555557, "GN": 0.6805555555555557, "GB": 0.6222222222222222, "KNN": 0.6222222222222222, "KM": 0.5925925925925926, "LR": 0.6805555555555557, "LRR": 0.6805555555555557, "LRL": 0.6805555555555557, "LRE": 0.6805555555555557, "LOG_R": 0.6805555555555557, "RF": 0.6222222222222222, "SVM": 0.6805555555555557, "DNN": 0.6805555555555557}, "0 + 1": {"AB": 1.0, "AC": 0.3043478260869565, "DS": 0.3333333333333333, "DT": 1.0, "GM": 0.3043478260869565, "GN": 1.0, "GB": 1.0, "KNN": 1.0, "KM": 0.4589371980676329, "LR": 0.9285714285714286, "LRR": 0.9285714285714286, "LRL": 0.9285714285714286, "LRE": 0.9285714285714286, "LOG_R": 1.0, "RF": 1.0, "SVM": 1.0, "DNN": 1.0}, "0 + 2": {"AB": 1.0, "AC": 0.5656565656565656, "DS": 0.6124401913875599, "DT": 1.0, "GM": 0.5656565656565656, "GN": 0.9026737967914439, "GB": 1.0, "KNN": 0.9026737967914439, "KM": 0.2874902874902875, "LR": 0.9515151515151515, "LRR": 0.9515151515151515, "LRL": 0.9515151515151515, "LRE": 0.9515151515151515, "LOG_R": 1.0, "RF": 0.7828282828282828, "SVM": 1.0, "DNN": 1.0}, "0 + 3": {"AB": 1.0, "AC": 1.0, "DS": 0.5764705882352941, "DT": 1.0, "GM": 0.5764705882352941, "GN": 1.0, "GB": 1.0, "KNN": 0.8933333333333333, "KM": 1.0, "LR": 0.5764705882352941, "LRR": 0.5764705882352941, "LRL": 0.5764705882352941, "LRE": 0.5764705882352941, "LOG_R": 0.7625000000000001, "RF": 1.0, "SVM": 1.0, "DNN": 0.7098901098901098}, "0 + 4": {"AB": 1.0, "AC": 0.3888888888888889, "DS": 0.6805555555555557, "DT": 1.0, "GM": 0.6805555555555557, "GN": 1.0, "GB": 1.0, "KNN": 1.0, "KM": 1.0, "LR": 0.6805555555555557, "LRR": 0.6805555555555557, "LRL": 0.6805555555555557, "LRE": 0.6805555555555557, "LOG_R": 0.6805555555555557, "RF": 1.0, "SVM": 1.0, "DNN": 1.0}, "1 + 2": {"AB": 1.0, "AC": 0.5656565656565656, "DS": 0.6124401913875599, "DT": 1.0, "GM": 0.6124401913875599, "GN": 1.0, "GB": 1.0, "KNN": 1.0, "KM": 0.3878787878787879, "LR": 1.0, "LRR": 1.0, "LRL": 1.0, "LRE": 1.0, "LOG_R": 1.0, "RF": 0.7828282828282828, "SVM": 1.0, "DNN": 1.0}, "1 + 3": {"AB": 1.0, "AC": 1.0, "DS": 0.5764705882352941, "DT": 1.0, "GM": 0.13846153846153847, "GN": 1.0, "GB": 1.0, "KNN": 1.0, "KM": 1.0, "LR": 1.0, "LRR": 1.0, "LRL": 1.0, "LRE": 1.0, "LOG_R": 1.0, "RF": 1.0, "SVM": 1.0, "DNN": 1.0}, "1 + 4": {"AB": 1.0, "AC": 1.0, "DS": 0.6805555555555557, "DT": 1.0, "GM": 0.6805555555555557, "GN": 1.0, "GB": 1.0, "KNN": 1.0, "KM": 1.0, "LR": 1.0, "LRR": 1.0, "LRL": 1.0, "LRE": 1.0, "LOG_R": 1.0, "RF": 1.0, "SVM": 1.0, "DNN": 1.0}, "2 + 3": {"AB": 0.7098901098901098, "AC": 0.6799999999999999, "DS": 0.5764705882352941, "DT": 0.7098901098901098, "GM": 0.5764705882352941, "GN": 0.8, "GB": 0.8, "KNN": 0.8933333333333333, "KM": 0.425, "LR": 0.6799999999999999, "LRR": 0.6799999999999999, "LRL": 0.6799999999999999, "LRE": 0.6799999999999999, "LOG_R": 0.6799999999999999, "RF": 0.8, "SVM": 0.5764705882352941, "DNN": 0.6}, "2 + 4": {"AB": 0.6805555555555557, "AC": 0.5925925925925926, "DS": 0.6805555555555557, "DT": 0.6805555555555557, "GM": 0.0808080808080808, "GN": 0.6805555555555557, "GB": 0.6805555555555557, "KNN": 0.6805555555555557, "KM": 0.48773448773448774, "LR": 0.6222222222222222, "LRR": 0.6222222222222222, "LRL": 0.6222222222222222, "LRE": 0.6222222222222222, "LOG_R": 0.6222222222222222, "RF": 0.6222222222222222, "SVM": 0.6805555555555557, "DNN": 0.6805555555555557}, "3 + 4": {"AB": 0.6805555555555557, "AC": 0.874074074074074, "DS": 0.6805555555555557, "DT": 0.874074074074074, "GM": 0.0808080808080808, "GN": 0.6805555555555557, "GB": 0.6805555555555557, "KNN": 0.6805555555555557, "KM": 0.3666666666666667, "LR": 0.874074074074074, "LRR": 0.874074074074074, "LRL": 0.874074074074074, "LRE": 0.874074074074074, "LOG_R": 0.874074074074074, "RF": 0.6805555555555557, "SVM": 0.6805555555555557, "DNN": 0.874074074074074}, "0 + 1 + 2": {"AB": 1.0, "AC": 1.0, "DS": 0.6124401913875599, "DT": 1.0, "GM": 0.11688311688311687, "GN": 1.0, "GB": 1.0, "KNN": 1.0, "KM": 0.0, "LR": 1.0, "LRR": 1.0, "LRL": 1.0, "LRE": 1.0, "LOG_R": 1.0, "RF": 1.0, "SVM": 1.0, "DNN": 1.0}, "0 + 1 + 3": {"AB": 1.0, "AC": 1.0, "DS": 0.5764705882352941, "DT": 1.0, "GM": 0.13846153846153847, "GN": 1.0, "GB": 1.0, "KNN": 1.0, "KM": 0.0, "LR": 1.0, "LRR": 1.0, "LRL": 1.0, "LRE": 1.0, "LOG_R": 1.0, "RF": 1.0, "SVM": 1.0, "DNN": 1.0}, "0 + 1 + 4": {"AB": 1.0, "AC": 0.6222222222222222, "DS": 0.6805555555555557, "DT": 1.0, "GM": 0.6222222222222222, "GN": 1.0, "GB": 1.0, "KNN": 1.0, "KM": 0.2833333333333333, "LR": 0.9401709401709399, "LRR": 0.9401709401709399, "LRL": 0.9401709401709399, "LRE": 0.9401709401709399, "LOG_R": 1.0, "RF": 1.0, "SVM": 1.0, "DNN": 1.0}, "0 + 2 + 3": {"AB": 1.0, "AC": 1.0, "DS": 0.5764705882352941, "DT": 1.0, "GM": 0.32307692307692304, "GN": 1.0, "GB": 1.0, "KNN": 0.8, "KM": 1.0, "LR": 0.525, "LRR": 0.525, "LRL": 0.525, "LRE": 0.525, "LOG_R": 0.5764705882352941, "RF": 1.0, "SVM": 1.0, "DNN": 0.9032967032967033}, "0 + 2 + 4": {"AB": 1.0, "AC": 1.0, "DS": 0.6805555555555557, "DT": 1.0, "GM": 0.6805555555555557, "GN": 1.0, "GB": 1.0, "KNN": 0.874074074074074, "KM": 1.0, "LR": 0.6805555555555557, "LRR": 0.6805555555555557, "LRL": 0.6805555555555557, "LRE": 0.6805555555555557, "LOG_R": 0.874074074074074, "RF": 0.874074074074074, "SVM": 1.0, "DNN": 1.0}, "0 + 3 + 4": {"AB": 1.0, "AC": 0.6222222222222222, "DS": 0.6805555555555557, "DT": 1.0, "GM": 0.2833333333333333, "GN": 1.0, "GB": 1.0, "KNN": 0.5555555555555556, "KM": 0.2833333333333333, "LR": 0.6805555555555557, "LRR": 0.6805555555555557, "LRL": 0.6805555555555557, "LRE": 0.6805555555555557, "LOG_R": 0.874074074074074, "RF": 1.0, "SVM": 1.0, "DNN": 0.874074074074074}, "1 + 2 + 3": {"AB": 1.0, "AC": 0.2333333333333333, "DS": 0.5764705882352941, "DT": 1.0, "GM": 1.0, "GN": 1.0, "GB": 1.0, "KNN": 1.0, "KM": 0.12727272727272726, "LR": 1.0, "LRR": 1.0, "LRL": 1.0, "LRE": 1.0, "LOG_R": 1.0, "RF": 1.0, "SVM": 1.0, "DNN": 1.0}, "1 + 2 + 4": {"AB": 1.0, "AC": 0.5555555555555556, "DS": 0.6805555555555557, "DT": 1.0, "GM": 0.6805555555555557, "GN": 1.0, "GB": 1.0, "KNN": 1.0, "KM": 0.5555555555555556, "LR": 1.0, "LRR": 1.0, "LRL": 1.0, "LRE": 1.0, "LOG_R": 1.0, "RF": 1.0, "SVM": 1.0, "DNN": 1.0}, "1 + 3 + 4": {"AB": 1.0, "AC": 0.4786324786324786, "DS": 0.6805555555555557, "DT": 1.0, "GM": 0.0808080808080808, "GN": 1.0, "GB": 1.0, "KNN": 1.0, "KM": 0.5777777777777778, "LR": 1.0, "LRR": 1.0, "LRL": 1.0, "LRE": 1.0, "LOG_R": 1.0, "RF": 1.0, "SVM": 1.0, "DNN": 1.0}, "2 + 3 + 4": {"AB": 0.7777777777777778, "AC": 0.5555555555555556, "DS": 0.6805555555555557, "DT": 0.7777777777777778, "GM": 0.6805555555555557, "GN": 0.6222222222222222,