{"0": {"AB": 0.0, "AC": 0.0, "DS": 0.0, "DT": 0.0, "GM": 0.0, "GN": 0.0, "GB": 0.0, "KNN": 0.0, "KM": 0.0, "LR": 0.0, "LRR": 0.0, "LRL": 0.0, "LRE": 0.0, "LOG_R": 0.0, "RF": 0.0, "SVM": 0.0, "DNN": 0.0}, "1": {"AB": 0.0, "AC": 0.0, "DS": 0.0, "DT": 0.0, "GM": 0.0, "GN": 0.0, "GB": 0.0, "KNN": 0.0, "KM": 0.0, "LR": 0.0, "LRR": 0.0, "LRL": 0.0, "LRE": 0.0, "LOG_R": 0.0, "RF": 0.0, "SVM": 0.0, "DNN": 0.0}, "2": {"AB": 0.0, "AC": 0.0, "DS": 0.0, "DT": 0.0, "GM": 0.0, "GN": 0.0, "GB": 0.0, "KNN": 0.0, "KM": 0.0, "LR": 0.0, "LRR": 0.0, "LRL": 0.0, "LRE": 0.0, "LOG_R": 0.0, "RF": 0.0, "SVM": 0.0, "DNN": 0.0}, "3": {"AB": 0.0, "AC": 0.0, "DS": 0.0, "DT": 0.0, "GM": 0.0, "GN": 0.0, "GB": 0.0, "KNN": 0.0, "KM": 0.0, "LR": 0.0, "LRR": 0.0, "LRL": 0.0, "LRE": 0.0, "LOG_R": 0.0, "RF": 0.0, "SVM": 0.0, "DNN": 0.0}, "4": {"AB": 0.0, "AC": 0.0, "DS": 0.0, "DT": 0.0, "GM": 0.0, "GN": 0.0, "GB": 0.0, "KNN": 0.0, "KM": 0.0, "LR": 0.0, "LRR": 0.0, "LRL": 0.0, "LRE": 0.0, "LOG_R": 0.0, "RF": 0.0, "SVM": 0.0, "DNN": 0.0}, "0 + 1": {"AB": 0.028914113132828767, "AC": 0.028914113132828767, "DS": 0.028914113132828767, "DT": 0.028914113132828767, "GM": 0.028914113132828767, "GN": 0.028914113132828767, "GB": 0.028914113132828767, "KNN": 0.028914113132828767, "KM": 0.028914113132828767, "LR": 0.028914113132828767, "LRR": 0.028914113132828767, "LRL": 0.028914113132828767, "LRE": 0.028914113132828767, "LOG_R": 0.028914113132828767, "RF": 0.028914113132828767, "SVM": 0.028914113132828767, "DNN": 0.028914113132828767}, "0 + 2": {"AB": 0.09638037710942912, "AC": 0.09638037710942912, "DS": 0.09638037710942912, "DT": 0.09638037710942912, "GM": 0.09638037710942912, "GN": 0.09638037710942912, "GB": 0.09638037710942912, "KNN": 0.09638037710942912, "KM": 0.09638037710942912, "LR": 0.09638037710942912, "LRR": 0.09638037710942912, "LRL": 0.09638037710942912, "LRE": 0.09638037710942912, "LOG_R": 0.09638037710942912, "RF": 0.09638037710942912, "SVM": 0.09638037710942912, "DNN": 0.09638037710942912}, "0 + 3": {"AB": 0.038552150843771615, "AC": 0.038552150843771615, "DS": 0.038552150843771615, "DT": 0.038552150843771615, "GM": 0.038552150843771615, "GN": 0.038552150843771615, "GB": 0.038552150843771615, "KNN": 0.038552150843771615, "KM": 0.038552150843771615, "LR": 0.038552150843771615, "LRR": 0.038552150843771615, "LRL": 0.038552150843771615, "LRE": 0.038552150843771615, "LOG_R": 0.038552150843771615, "RF": 0.038552150843771615, "SVM": 0.038552150843771615, "DNN": 0.038552150843771615}, "0 + 4": {"AB": 0.13493252795320076, "AC": 0.13493252795320076, "DS": 0.13493252795320076, "DT": 0.13493252795320076, "GM": 0.13493252795320076, "GN": 0.13493252795320076, "GB": 0.13493252795320076, "KNN": 0.13493252795320076, "KM": 0.13493252795320076, "LR": 0.13493252795320076, "LRR": 0.13493252795320076, "LRL": 0.13493252795320076, "LRE": 0.13493252795320076, "LOG_R": 0.13493252795320076, "RF": 0.13493252795320076, "SVM": 0.13493252795320076, "DNN": 0.13493252795320076}, "1 + 2": {"AB": 0.1252944902422579, "AC": 0.1252944902422579, "DS": 0.1252944902422579, "DT": 0.1252944902422579, "GM": 0.1252944902422579, "GN": 0.1252944902422579, "GB": 0.1252944902422579, "KNN": 0.1252944902422579, "KM": 0.1252944902422579, "LR": 0.1252944902422579, "LRR": 0.1252944902422579, "LRL": 0.1252944902422579, "LRE": 0.1252944902422579, "LOG_R": 0.1252944902422579, "RF": 0.1252944902422579, "SVM": 0.1252944902422579, "DNN": 0.1252944902422579}, "1 + 3": {"AB": 0.06746626397660038, "AC": 0.06746626397660038, "DS": 0.06746626397660038, "DT": 0.06746626397660038, "GM": 0.06746626397660038, "GN": 0.06746626397660038, "GB": 0.06746626397660038, "KNN": 0.06746626397660038, "KM": 0.06746626397660038, "LR": 0.06746626397660038, "LRR": 0.06746626397660038, "LRL": 0.06746626397660038, "LRE": 0.06746626397660038, "LOG_R": 0.06746626397660038, "RF": 0.06746626397660038, "SVM": 0.06746626397660038, "DNN": 0.06746626397660038}, "1 + 4": {"AB": 0.16384664108602953, "AC": 0.16384664108602953, "DS": 0.16384664108602953, "DT": 0.16384664108602953, "GM": 0.16384664108602953, "GN": 0.16384664108602953, "GB": 0.16384664108602953, "KNN": 0.16384664108602953, "KM": 0.16384664108602953, "LR": 0.16384664108602953, "LRR": 0.16384664108602953, "LRL": 0.16384664108602953, "LRE": 0.16384664108602953, "LOG_R": 0.16384664108602953, "RF": 0.16384664108602953, "SVM": 0.16384664108602953, "DNN": 0.16384664108602953}, "2 + 3": {"AB": 0.057828226265657506, "AC": 0.057828226265657506, "DS": 0.057828226265657506, "DT": 0.057828226265657506, "GM": 0.057828226265657506, "GN": 0.057828226265657506, "GB": 0.057828226265657506, "KNN": 0.057828226265657506, "KM": 0.057828226265657506, "LR": 0.057828226265657506, "LRR": 0.057828226265657506, "LRL": 0.057828226265657506, "LRE": 0.057828226265657506, "LOG_R": 0.057828226265657506, "RF": 0.057828226265657506, "SVM": 0.057828226265657506, "DNN": 0.057828226265657506}, "2 + 4": {"AB": 0.03855215084377164, "AC": 0.03855215084377164, "DS": 0.03855215084377164, "DT": 0.03855215084377164, "GM": 0.03855215084377164, "GN": 0.03855215084377164, "GB": 0.03855215084377164, "KNN": 0.03855215084377164, "KM": 0.03855215084377164, "LR": 0.03855215084377164, "LRR": 0.03855215084377164, "LRL": 0.03855215084377164, "LRE": 0.03855215084377164, "LOG_R": 0.03855215084377164, "RF": 0.03855215084377164, "SVM": 0.03855215084377164, "DNN": 0.03855215084377164}, "3 + 4": {"AB": 0.09638037710942915, "AC": 0.09638037710942915, "DS": 0.09638037710942915, "DT": 0.09638037710942915, "GM": 0.09638037710942915, "GN": 0.09638037710942915, "GB": 0.09638037710942915, "KNN": 0.09638037710942915, "KM": 0.09638037710942915, "LR": 0.09638037710942915, "LRR": 0.09638037710942915, "LRL": 0.09638037710942915, "LRE": 0.09638037710942915, "LOG_R": 0.09638037710942915, "RF": 0.09638037710942915, "SVM": 0.09638037710942915, "DNN": 0.09638037710942915}, "0 + 1 + 2": {"AB": 0.1108374336758435, "AC": 0.1108374336758435, "DS": 0.1108374336758435, "DT": 0.1108374336758435, "GM": 0.1108374336758435, "GN": 0.1108374336758435, "GB": 0.1108374336758435, "KNN": 0.1108374336758435, "KM": 0.1108374336758435, "LR": 0.1108374336758435, "LRR": 0.1108374336758435, "LRL": 0.1108374336758435, "LRE": 0.1108374336758435, "LOG_R": 0.1108374336758435, "RF": 0.1108374336758435, "SVM": 0.1108374336758435, "DNN": 0.1108374336758435}, "0 + 1 + 3": {"AB": 0.053009207410186, "AC": 0.053009207410186, "DS": 0.053009207410186, "DT": 0.053009207410186, "GM": 0.053009207410186, "GN": 0.053009207410186, "GB": 0.053009207410186, "KNN": 0.053009207410186, "KM": 0.053009207410186, "LR": 0.053009207410186, "LRR": 0.053009207410186, "LRL": 0.053009207410186, "LRE": 0.053009207410186, "LOG_R": 0.053009207410186, "RF": 0.053009207410186, "SVM": 0.053009207410186, "DNN": 0.053009207410186}, "0 + 1 + 4": {"AB": 0.14938958451961515, "AC": 0.14938958451961515, "DS": 0.14938958451961515, "DT": 0.14938958451961515, "GM": 0.14938958451961515, "GN": 0.14938958451961515, "GB": 0.14938958451961515, "KNN": 0.14938958451961515, "KM": 0.14938958451961515, "LR": 0.14938958451961515, "LRR": 0.14938958451961515, "LRL": 0.14938958451961515, "LRE": 0.14938958451961515, "LOG_R": 0.14938958451961515, "RF": 0.14938958451961515, "SVM": 0.14938958451961515, "DNN": 0.14938958451961515}, "0 + 2 + 3": {"AB": 0.07710430168754331, "AC": 0.07710430168754331, "DS": 0.07710430168754331, "DT": 0.07710430168754331, "GM": 0.07710430168754331, "GN": 0.07710430168754331, "GB": 0.07710430168754331, "KNN": 0.07710430168754331, "KM": 0.07710430168754331, "LR": 0.07710430168754331, "LRR": 0.07710430168754331, "LRL": 0.07710430168754331, "LRE": 0.07710430168754331, "LOG_R": 0.07710430168754331, "RF": 0.07710430168754331, "SVM": 0.07710430168754331, "DNN": 0.07710430168754331}, "0 + 2 + 4": {"AB": 0.0867423393984862, "AC": 0.0867423393984862, "DS": 0.0867423393984862, "DT": 0.0867423393984862, "GM": 0.0867423393984862, "GN": 0.0867423393984862, "GB": 0.0867423393984862, "KNN": 0.0867423393984862, "KM": 0.0867423393984862, "LR": 0.0867423393984862,