{"0": {"AB": 0.7502034321018196, "AC": 0.7266106442577029, "DS": 0.3228054160961509, "DT": 0.7568949031683008, "GM": 0.3206959706959707, "GN": 0.7718480349788448, "GB": 0.737601702298396, "KNN": 0.748557774364226, "KM": 0.7614749715189137, "LR": 0.7724395363915465, "LRR": 0.7724395363915465, "LRL": 0.7724395363915465, "LRE": 0.7724395363915465, "LOG_R": 0.7551570122998694, "RF": 0.7734877734877735, "SVM": 0.7718480349788448, "DNN": 0.7381130583825011}, "1": {"AB": 0.810802349120415, "AC": 0.4804523784198034, "DS": 0.32538952275794375, "DT": 0.7654535478449715, "GM": 0.3337014742787239, "GN": 0.7949599483898715, "GB": 0.810802349120415, "KNN": 0.7307765728818361, "KM": 0.2076721479354551, "LR": 0.8180795898036213, "LRR": 0.8180795898036213, "LRL": 0.8180795898036213, "LRE": 0.8180795898036213, "LOG_R": 0.8221185401878065, "RF": 0.810802349120415, "SVM": 0.8268064318075962, "DNN": 0.8368345398420586}, "2": {"AB": 0.8060850451476194, "AC": 0.3032906180114302, "DS": 0.319329186951023, "DT": 0.7969543147208121, "GM": 0.319329186951023, "GN": 0.8063567023915651, "GB": 0.7991958681616745, "KNN": 0.7695828051857151, "KM": 0.17862444976045533, "LR": 0.7932094088499074, "LRR": 0.7932094088499074, "LRL": 0.7932094088499074, "LRE": 0.7932094088499074, "LOG_R": 0.8070369264457052, "RF": 0.7991958681616745, "SVM": 0.8019078276352015, "DNN": 0.8071364278612173}, "3": {"AB": 0.6318125897503295, "AC": 0.3218867372323302, "DS": 0.3200331691137018, "DT": 0.608476378378071, "GM": 0.3200331691137018, "GN": 0.5822122642319635, "GB": 0.7091804718875502, "KNN": 0.5525576064032455, "KM": 0.6855816258178182, "LR": 0.6855816258178182, "LRR": 0.6855816258178182, "LRL": 0.6855816258178182, "LRE": 0.6855816258178182, "LOG_R": 0.6733321626611565, "RF": 0.7010783977156932, "SVM": 0.6855816258178182, "DNN": 0.6773769097349132}, "4": {"AB": 1.0, "AC": 0.0, "DS": 0.3333333333333333, "DT": 1.0, "GM": 0.3333333333333333, "GN": 1.0, "GB": 1.0, "KNN": 1.0, "KM": 0.0, "LR": 0.9960629921259843, "LRR": 0.9960629921259843, "LRL": 0.9960629921259843, "LRE": 0.9960629921259843, "LOG_R": 1.0, "RF": 1.0, "SVM": 1.0, "DNN": 1.0}, "0 + 1": {"AB": 0.8467916967135309, "AC": 0.7543932170572752, "DS": 0.32538952275794375, "DT": 0.8803334427780468, "GM": 0.32326651179248905, "GN": 0.8546257327721857, "GB": 0.880273077318411, "KNN": 0.8461580416467634, "KM": 0.18437505820703698, "LR": 0.8695633103176026, "LRR": 0.8695633103176026, "LRL": 0.8695633103176026, "LRE": 0.8695633103176026, "LOG_R": 0.908865395577847, "RF": 0.8755182535797439, "SVM": 0.8991656915187716, "DNN": 0.8991656915187716}, "0 + 2": {"AB": 0.882995087964364, "AC": 0.23190455409028116, "DS": 0.319329186951023, "DT": 0.852119851885617, "GM": 0.3170850427647591, "GN": 0.8821093969887517, "GB": 0.8823368254029929, "KNN": 0.791523904396814, "KM": 0.18548969948801786, "LR": 0.8626370944557199, "LRR": 0.8626370944557199, "LRL": 0.8626370944557199, "LRE": 0.8626370944557199, "LOG_R": 0.8923607537723384, "RF": 0.8676650797153996, "SVM": 0.871858040205165, "DNN": 0.8709471794204321}, "0 + 3": {"AB": 0.8487542018220764, "AC": 0.7497339105517646, "DS": 0.3200331691137018, "DT": 0.8368928969019874, "GM": 0.31736702909197767, "GN": 0.8410824147654448, "GB": 0.8606093173689965, "KNN": 0.7702849810415823, "KM": 0.16183326269903736, "LR": 0.8194689160195019, "LRR": 0.8194689160195019, "LRL": 0.8194689160195019, "LRE": 0.8194689160195019, "LOG_R": 0.8307345828667069, "RF": 0.8667917283167759, "SVM": 0.8363674595201266, "DNN": 0.8425720425561897}, "0 + 4": {"AB": 1.0, "AC": 0.2514619883040936, "DS": 0.3333333333333333, "DT": 1.0, "GM": 0.3671451355661882, "GN": 1.0, "GB": 1.0, "KNN": 1.0, "KM": 0.783227748855297, "LR": 0.9796747967479675, "LRR": 0.9796747967479675, "LRL": 0.9920634920634921, "LRE": 0.988, "LOG_R": 1.0, "RF": 1.0, "SVM": 1.0, "DNN": 1.0}, "1 + 2": {"AB": 0.8780593429431559, "AC": 0.3148254749071119, "DS": 0.319329186951023, "DT": 0.8728207477873521, "GM": 0.36976671585083487, "GN": 0.8676650797153996, "GB": 0.8831764111694781, "KNN": 0.8476215395886754, "KM": 0.12399961076653833, "LR": 0.8500211619696195, "LRR": 0.8500211619696195, "LRL": 0.8534135019951682, "LRE": 0.8445427370479626, "LOG_R": 0.9033437683183876, "RF": 0.8883248730964467, "SVM": 0.8880242982207229, "DNN": 0.8773297337718714}, "1 + 3": {"AB": 0.8245548741136085, "AC": 0.3858544778191105, "DS": 0.3200331691137018, "DT": 0.8250150739445499, "GM": 0.3092369477911647, "GN": 0.7302240838818581, "GB": 0.8419241006328487, "KNN": 0.781613540108193, "KM": 0.18286442922299787, "LR": 0.7741045115714655, "LRR": 0.7741045115714655, "LRL": 0.7806958574762775, "LRE": 0.7674717794358329, "LOG_R": 0.8062425139153103, "RF": 0.8191983048472963, "SVM": 0.8062425139153103, "DNN": 0.813110441548066}, "1 + 4": {"AB": 1.0, "AC": 0.5988578591823943, "DS": 0.3333333333333333, "DT": 1.0, "GM": 0.3333333333333333, "GN": 1.0, "GB": 1.0, "KNN": 1.0, "KM": 0.11724137931034483, "LR": 1.0, "LRR": 1.0, "LRL": 1.0, "LRE": 1.0, "LOG_R": 1.0, "RF": 1.0, "SVM": 1.0, "DNN": 1.0}, "2 + 3": {"AB": 0.8121256016712564, "AC": 0.30370444433335, "DS": 0.3200331691137018, "DT": 0.7767433702051152, "GM": 0.3119691882283231, "GN": 0.8431911846425423, "GB": 0.8614608723491637, "KNN": 0.7874552212574694, "KM": 0.164853689012483, "LR": 0.810562248995984, "LRR": 0.810562248995984, "LRL": 0.810562248995984, "LRE": 0.810562248995984, "LOG_R": 0.8312517511908099, "RF": 0.8433734939759037, "SVM": 0.8312517511908099, "DNN": 0.837319858052675}, "2 + 4": {"AB": 1.0, "AC": 0.3081081081081081, "DS": 0.3333333333333333, "DT": 1.0, "GM": 0.3333333333333333, "GN": 1.0, "GB": 1.0, "KNN": 1.0, "KM": 0.11724137931034483, "LR": 0.9920634920634921, "LRR": 0.9920634920634921, "LRL": 0.9920634920634921, "LRE": 0.9920634920634921, "LOG_R": 1.0, "RF": 1.0, "SVM": 1.0, "DNN": 1.0}, "3 + 4": {"AB": 1.0, "AC": 0.32275132275132273, "DS": 0.3333333333333333, "DT": 1.0, "GM": 0.32275132275132273, "GN": 1.0, "GB": 1.0, "KNN": 1.0, "KM": 0.02290076335877863, "LR": 1.0, "LRR": 1.0, "LRL": 1.0, "LRE": 1.0, "LOG_R": 1.0, "RF": 1.0, "SVM": 1.0, "DNN": 1.0}, "0 + 1 + 2": {"AB": 0.9035185036205367, "AC": 0.29634313965995507, "DS": 0.319329186951023, "DT": 0.9035532994923858, "GM": 0.36976671585083487, "GN": 0.9390642925618017, "GB": 0.9035383746683319, "KNN": 0.9237872079334005, "KM": 0.8668645190789278, "LR": 0.9209294157571614, "LRR": 0.9209294157571614, "LRL": 0.9209294157571614, "LRE": 0.9209294157571614, "LOG_R": 0.9390862944162437, "RF": 0.9543194314846429, "SVM": 0.9390862944162437, "DNN": 0.9288679500501743}, "0 + 1 + 3": {"AB": 0.9156258755954049, "AC": 0.28062464450074975, "DS": 0.3200331691137018, "DT": 0.9036284510865762, "GM": 0.3731068853728166, "GN": 0.885053193384778, "GB": 0.9156258755954049, "KNN": 0.8794655975819655, "KM": 0.8007189318104622, "LR": 0.9057275854373092, "LRR": 0.9057275854373092, "LRL": 0.911888134162559, "LRE": 0.9057275854373092, "LOG_R": 0.9035724292518912, "RF": 0.8853547036188429, "SVM": 0.8975717624776103, "DNN": 0.9156258755954049}, "0 + 1 + 4": {"AB": 1.0, "AC": 0.739241151005857, "DS": 0.3333333333333333, "DT": 1.0, "GM": 0.34296770117665637, "GN": 1.0, "GB": 1.0, "KNN": 0.9843711843711844, "KM": 0.739241151005857, "LR": 0.9960629921259843, "LRR": 0.9960629921259843, "LRL": 0.9960629921259843, "LRE": 0.9960629921259843, "LOG_R": 1.0, "RF": 1.0, "SVM": 1.0, "DNN": 1.0}, "0 + 2 + 3": {"AB": 0.9036144578313253, "AC": 0.1744372737862699, "DS": 0.3200331691137018, "DT": 0.8304652175134102, "GM": 0.3119691882283231, "GN": 0.9397590361445783, "GB": 0.8795355638582203, "KNN": 0.8049693278608941, "KM": 0.8387903354112729, "LR": 0.9021559618918903, "LRR": 0.9021559618918903, "LRL": 0.9021559618918903, "LRE": 0.9021559618918903, "LOG_R": 0.9276267006042505, "RF": 0.9276267006042505, "SVM": 0.9215584814234189, "DNN": 0.927552868817929}, "0 + 2 + 4": {"AB": 1.0, "AC": 0.3298429319371728, "DS": 0.3333333333333333, "DT": 1.0, "GM": 0.32275132275132273, "GN": 1.0, "GB": 1.0, "KNN": 1.0, "KM": 0.7702564102564102,