{"0": {"AB": 1.0, "AC": 1.0, "DS": 0.3333333333333333, "DT": 1.0, "GM": 0.3333333333333333, "GN": 1.0, "GB": 1.0, "KNN": 1.0, "KM": 0.0, "LR": 1.0, "LRR": 1.0, "LRL": 1.0, "LRE": 1.0, "LOG_R": 1.0, "RF": 1.0, "SVM": 1.0, "DNN": 1.0}, "1": {"AB": 0.5384615384615384, "AC": 0.8146853146853146, "DS": 0.6688963210702342, "DT": 0.5384615384615384, "GM": 0.8146853146853146, "GN": 0.6688963210702342, "GB": 0.6688963210702342, "KNN": 0.6688963210702342, "KM": 0.8461538461538461, "LR": 0.8461538461538461, "LRR": 0.8461538461538461, "LRL": 0.8461538461538461, "LRE": 0.8461538461538461, "LOG_R": 0.8461538461538461, "RF": 0.6293706293706294, "SVM": 0.6688963210702342, "DNN": 0.6688963210702342}, "2": {"AB": 0.8461538461538461, "AC": 0.9119286510590859, "DS": 0.7756410256410255, "DT": 0.8461538461538461, "GM": 0.9119286510590859, "GN": 0.7756410256410255, "GB": 0.9119286510590859, "KNN": 0.9119286510590859, "KM": 0.7868131868131869, "LR": 0.7756410256410255, "LRR": 0.7756410256410255, "LRL": 0.7756410256410255, "LRE": 0.7756410256410255, "LOG_R": 0.7756410256410255, "RF": 0.9119286510590859, "SVM": 0.7756410256410255, "DNN": 0.7756410256410255}, "3": {"AB": 1.0, "AC": 0.1764705882352941, "DS": 0.3333333333333333, "DT": 1.0, "GM": 0.47500000000000003, "GN": 1.0, "GB": 1.0, "KNN": 1.0, "KM": 0.0, "LR": 1.0, "LRR": 1.0, "LRL": 1.0, "LRE": 1.0, "LOG_R": 1.0, "RF": 1.0, "SVM": 1.0, "DNN": 1.0}, "4": {"AB": 1.0, "AC": 1.0, "DS": 0.3333333333333333, "DT": 1.0, "GM": 0.3333333333333333, "GN": 1.0, "GB": 1.0, "KNN": 1.0, "KM": 1.0, "LR": 1.0, "LRR": 1.0, "LRL": 1.0, "LRE": 1.0, "LOG_R": 1.0, "RF": 1.0, "SVM": 1.0, "DNN": 1.0}, "0 + 1": {"AB": 1.0, "AC": 0.3878787878787879, "DS": 0.6124401913875599, "DT": 1.0, "GM": 0.6124401913875599, "GN": 1.0, "GB": 1.0, "KNN": 1.0, "KM": 0.5627705627705627, "LR": 1.0, "LRR": 1.0, "LRL": 1.0, "LRE": 1.0, "LOG_R": 1.0, "RF": 1.0, "SVM": 1.0, "DNN": 1.0}, "0 + 2": {"AB": 1.0, "AC": 0.6588235294117648, "DS": 0.7111111111111111, "DT": 1.0, "GM": 0.6588235294117648, "GN": 1.0, "GB": 1.0, "KNN": 1.0, "KM": 0.6588235294117648, "LR": 1.0, "LRR": 1.0, "LRL": 1.0, "LRE": 1.0, "LOG_R": 1.0, "RF": 1.0, "SVM": 1.0, "DNN": 0.8862745098039216}, "0 + 3": {"AB": 1.0, "AC": 1.0, "DS": 0.3333333333333333, "DT": 1.0, "GM": 0.0, "GN": 1.0, "GB": 1.0, "KNN": 1.0, "KM": 1.0, "LR": 1.0, "LRR": 1.0, "LRL": 1.0, "LRE": 1.0, "LOG_R": 1.0, "RF": 1.0, "SVM": 1.0, "DNN": 1.0}, "0 + 4": {"AB": 1.0, "AC": 1.0, "DS": 0.3333333333333333, "DT": 1.0, "GM": 0.0, "GN": 1.0, "GB": 1.0, "KNN": 1.0, "KM": 1.0, "LR": 1.0, "LRR": 1.0, "LRL": 1.0, "LRE": 1.0, "LOG_R": 1.0, "RF": 1.0, "SVM": 1.0, "DNN": 1.0}, "1 + 2": {"AB": 0.7142857142857144, "AC": 0.1282051282051282, "DS": 0.7575757575757575, "DT": 0.7142857142857144, "GM": 0.9228070175438597, "GN": 0.7142857142857144, "GB": 0.7142857142857144, "KNN": 1.0, "KM": 0.9228070175438597, "LR": 0.7142857142857144, "LRR": 0.7142857142857144, "LRL": 0.7142857142857144, "LRE": 0.7142857142857144, "LOG_R": 0.7142857142857144, "RF": 0.7142857142857144, "SVM": 0.7575757575757575, "DNN": 0.7575757575757575}, "1 + 3": {"AB": 1.0, "AC": 0.525, "DS": 0.5764705882352941, "DT": 1.0, "GM": 0.13846153846153847, "GN": 1.0, "GB": 1.0, "KNN": 1.0, "KM": 0.26464646464646463, "LR": 1.0, "LRR": 1.0, "LRL": 1.0, "LRE": 1.0, "LOG_R": 1.0, "RF": 1.0, "SVM": 1.0, "DNN": 1.0}, "1 + 4": {"AB": 1.0, "AC": 0.525, "DS": 0.5764705882352941, "DT": 1.0, "GM": 0.325, "GN": 1.0, "GB": 1.0, "KNN": 1.0, "KM": 0.525, "LR": 1.0, "LRR": 1.0, "LRL": 1.0, "LRE": 1.0, "LOG_R": 1.0, "RF": 1.0, "SVM": 1.0, "DNN": 1.0}, "2 + 3": {"AB": 1.0, "AC": 0.6222222222222222, "DS": 0.6805555555555557, "DT": 1.0, "GM": 0.6222222222222222, "GN": 1.0, "GB": 1.0, "KNN": 0.7962962962962963, "KM": 0.2833333333333333, "LR": 0.825925925925926, "LRR": 0.825925925925926, "LRL": 0.825925925925926, "LRE": 0.825925925925926, "LOG_R": 0.7962962962962963, "RF": 1.0, "SVM": 1.0, "DNN": 0.7777777777777778}, "2 + 4": {"AB": 1.0, "AC": 0.874074074074074, "DS": 0.6805555555555557, "DT": 1.0, "GM": 0.874074074074074, "GN": 1.0, "GB": 1.0, "KNN": 1.0, "KM": 0.874074074074074, "LR": 1.0, "LRR": 1.0, "LRL": 1.0, "LRE": 1.0, "LOG_R": 1.0, "RF": 1.0, "SVM": 1.0, "DNN": 0.874074074074074}, "3 + 4": {"AB": 1.0, "AC": 1.0, "DS": 0.3333333333333333, "DT": 1.0, "GM": 1.0, "GN": 1.0, "GB": 1.0, "KNN": 1.0, "KM": 1.0, "LR": 0.9615384615384615, "LRR": 0.9615384615384615, "LRL": 0.9615384615384615, "LRE": 0.9615384615384615, "LOG_R": 1.0, "RF": 1.0, "SVM": 1.0, "DNN": 1.0}, "0 + 1 + 2": {"AB": 1.0, "AC": 0.6588235294117648, "DS": 0.7111111111111111, "DT": 1.0, "GM": 0.6588235294117648, "GN": 1.0, "GB": 1.0, "KNN": 1.0, "KM": 0.6588235294117648, "LR": 1.0, "LRR": 1.0, "LRL": 1.0, "LRE": 1.0, "LOG_R": 1.0, "RF": 1.0, "SVM": 1.0, "DNN": 0.8862745098039216}, "0 + 1 + 3": {"AB": 1.0, "AC": 0.525, "DS": 0.5764705882352941, "DT": 1.0, "GM": 0.525, "GN": 1.0, "GB": 1.0, "KNN": 1.0, "KM": 0.325, "LR": 1.0, "LRR": 1.0, "LRL": 1.0, "LRE": 1.0, "LOG_R": 1.0, "RF": 1.0, "SVM": 1.0, "DNN": 1.0}, "0 + 1 + 4": {"AB": 1.0, "AC": 0.7625000000000001, "DS": 0.5764705882352941, "DT": 1.0, "GM": 0.7625000000000001, "GN": 1.0, "GB": 1.0, "KNN": 1.0, "KM": 0.7625000000000001, "LR": 1.0, "LRR": 1.0, "LRL": 1.0, "LRE": 1.0, "LOG_R": 1.0, "RF": 1.0, "SVM": 1.0, "DNN": 0.8933333333333333}, "0 + 2 + 3": {"AB": 1.0, "AC": 0.6222222222222222, "DS": 0.6805555555555557, "DT": 1.0, "GM": 0.2833333333333333, "GN": 1.0, "GB": 1.0, "KNN": 0.8957264957264957, "KM": 0.2833333333333333, "LR": 1.0, "LRR": 1.0, "LRL": 1.0, "LRE": 1.0, "LOG_R": 0.8957264957264957, "RF": 1.0, "SVM": 1.0, "DNN": 1.0}, "0 + 2 + 4": {"AB": 1.0, "AC": 0.6222222222222222, "DS": 0.6805555555555557, "DT": 1.0, "GM": 0.6222222222222222, "GN": 1.0, "GB": 1.0, "KNN": 1.0, "KM": 0.6222222222222222, "LR": 1.0, "LRR": 1.0, "LRL": 1.0, "LRE": 1.0, "LOG_R": 1.0, "RF": 1.0, "SVM": 1.0, "DNN": 1.0}, "0 + 3 + 4": {"AB": 1.0, "AC": 1.0, "DS": 0.3333333333333333, "DT": 1.0, "GM": 0.2631578947368421, "GN": 1.0, "GB": 1.0, "KNN": 1.0, "KM": 1.0, "LR": 1.0, "LRR": 1.0, "LRL": 1.0, "LRE": 1.0, "LOG_R": 1.0, "RF": 1.0, "SVM": 1.0, "DNN": 1.0}, "1 + 2 + 3": {"AB": 1.0, "AC": 0.6222222222222222, "DS": 0.6805555555555557, "DT": 1.0, "GM": 0.2833333333333333, "GN": 1.0, "GB": 1.0, "KNN": 0.6805555555555557, "KM": 0.6222222222222222, "LR": 0.925925925925926, "LRR": 0.925925925925926, "LRL": 0.925925925925926, "LRE": 0.925925925925926, "LOG_R": 0.8957264957264957, "RF": 1.0, "SVM": 1.0, "DNN": 0.6222222222222222}, "1 + 2 + 4": {"AB": 1.0, "AC": 1.0, "DS": 0.6805555555555557, "DT": 1.0, "GM": 1.0, "GN": 1.0, "GB": 1.0, "KNN": 1.0, "KM": 1.0, "LR": 1.0, "LRR": 1.0, "LRL": 1.0, "LRE": 1.0, "LOG_R": 1.0, "RF": 1.0, "SVM": 1.0, "DNN": 0.6805555555555557}, "1 + 3 + 4": {"AB": 1.0, "AC": 0.525, "DS": 0.5764705882352941, "DT": 1.0, "GM": 0.525, "GN": 1.0, "GB": 1.0, "KNN": 1.0, "KM": 0.525, "LR": 1.0, "LRR": 1.0, "LRL": 1.0, "LRE": 1.0, "LOG_R": 1.0, "RF": 1.0, "SVM": 1.0, "DNN": 1.0}, "2 + 3 + 4": {"AB": 1.0, "AC": 0.874074074074074, "DS": 0.6805555555555557, "DT": 1.0, "GM": 0.874074074074074, "GN": 1.0, "GB": 1.0, "KNN": 1.0, "KM": 0.874074074074074, "LR": 0.9401709401709399, "LRR": 0.9401709401709399, "LRL": 0.9401709401709399, "LRE": 0.9401709401709399, "LOG_R": 1.0, "RF": 1.0, "SVM": 1.0, "DNN": 1.0}, "0 + 1 + 2 + 3": {"AB": 1.0, "AC": 0.6222222222222222, "DS": 0.6805555555555557, "DT": 1.0, "GM": 0.6222222222222222, "GN": 1.0, "GB": 1.0, "KNN": 1.0, "KM": 0.2833333333333333, "LR": 1.0, "LRR": 1.0, "LRL": 1.0, "LRE": 1.0, "LOG_R": 1.0, "RF": 1.0, "SVM": 1.0, "DNN": 0.8957264957264957}, "0 + 1 + 2 + 4": {"AB": 1.0, "AC": 0.874074074074074, "DS": 0.6805555555555557, "DT": 1.0, "GM": 0.044444444444444446, "GN": 1.0, "GB": 1.0, "KNN": 1.0, "KM": 0.044444444444444446, "LR": 1.0, "LRR": 1.0, "LRL": 1.0, "LRE": 1.0, "LOG_R": 1.0, "RF": 1.0, "SVM": 1.0, "DNN": 0.6805555555555557}, "0 + 1 + 3 + 4": {"AB": 1.0, "AC": 0.4666666666666666, "DS": 0.5764705882352941, "DT": 1.0, "GM": 0.47474747474747475, "GN": 1.0, "GB": 1.0,