{"0": {"AB": 0.4448101219204237, "AC": 0.4448101219204237, "DS": 0.4448101219204237, "DT": 0.4448101219204237, "GM": 0.4448101219204237, "GN": 0.4448101219204237, "GB": 0.4448101219204237, "KNN": 0.4448101219204237, "KM": 0.4448101219204237, "LR": 0.4448101219204237, "LRR": 0.4448101219204237, "LRL": 0.4448101219204237, "LRE": 0.4448101219204237, "LOG_R": 0.4448101219204237, "RF": 0.4448101219204237, "SVM": 0.4448101219204237, "DNN": 0.4448101219204237}, "1": {"AB": 0.4428511268887407, "AC": 0.4428511268887407, "DS": 0.4428511268887407, "DT": 0.4428511268887407, "GM": 0.4428511268887407, "GN": 0.4428511268887407, "GB": 0.4428511268887407, "KNN": 0.4428511268887407, "KM": 0.4428511268887407, "LR": 0.4428511268887407, "LRR": 0.4428511268887407, "LRL": 0.4428511268887407, "LRE": 0.4428511268887407, "LOG_R": 0.4428511268887407, "RF": 0.4428511268887407, "SVM": 0.4428511268887407, "DNN": 0.4428511268887407}, "2": {"AB": 0.41884898427157335, "AC": 0.41884898427157335, "DS": 0.41884898427157335, "DT": 0.41884898427157335, "GM": 0.41884898427157335, "GN": 0.41884898427157335, "GB": 0.41884898427157335, "KNN": 0.41884898427157335, "KM": 0.41884898427157335, "LR": 0.41884898427157335, "LRR": 0.41884898427157335, "LRL": 0.41884898427157335, "LRE": 0.41884898427157335, "LOG_R": 0.41884898427157335, "RF": 0.41884898427157335, "SVM": 0.41884898427157335, "DNN": 0.41884898427157335}, "3": {"AB": 0.3532813932896598, "AC": 0.3532813932896598, "DS": 0.3532813932896598, "DT": 0.3532813932896598, "GM": 0.3532813932896598, "GN": 0.3532813932896598, "GB": 0.3532813932896598, "KNN": 0.3532813932896598, "KM": 0.3532813932896598, "LR": 0.3532813932896598, "LRR": 0.3532813932896598, "LRL": 0.3532813932896598, "LRE": 0.3532813932896598, "LOG_R": 0.3532813932896598, "RF": 0.3532813932896598, "SVM": 0.3532813932896598, "DNN": 0.3532813932896598}, "4": {"AB": 0.13908864724949274, "AC": 0.13908864724949274, "DS": 0.13908864724949274, "DT": 0.13908864724949274, "GM": 0.13908864724949274, "GN": 0.13908864724949274, "GB": 0.13908864724949274, "KNN": 0.13908864724949274, "KM": 0.13908864724949274, "LR": 0.13908864724949274, "LRR": 0.13908864724949274, "LRL": 0.13908864724949274, "LRE": 0.13908864724949274, "LOG_R": 0.13908864724949274, "RF": 0.13908864724949274, "SVM": 0.13908864724949274, "DNN": 0.13908864724949274}, "0 + 1": {"AB": 0.5905679027545414, "AC": 0.5905679027545414, "DS": 0.5905679027545414, "DT": 0.5905679027545414, "GM": 0.5905679027545414, "GN": 0.5905679027545414, "GB": 0.5905679027545414, "KNN": 0.5905679027545414, "KM": 0.5905679027545414, "LR": 0.5905679027545414, "LRR": 0.5905679027545414, "LRL": 0.5905679027545414, "LRE": 0.5905679027545414, "LOG_R": 0.5905679027545414, "RF": 0.5905679027545414, "SVM": 0.5905679027545414, "DNN": 0.5905679027545414}, "0 + 2": {"AB": 0.5608661065649032, "AC": 0.5608661065649032, "DS": 0.5608661065649032, "DT": 0.5608661065649032, "GM": 0.5608661065649032, "GN": 0.5608661065649032, "GB": 0.5608661065649032, "KNN": 0.5608661065649032, "KM": 0.5608661065649032, "LR": 0.5608661065649032, "LRR": 0.5608661065649032, "LRL": 0.5608661065649032, "LRE": 0.5608661065649032, "LOG_R": 0.5608661065649032, "RF": 0.5608661065649032, "SVM": 0.5608661065649032, "DNN": 0.5608661065649032}, "0 + 3": {"AB": 0.482458159351311, "AC": 0.482458159351311, "DS": 0.482458159351311, "DT": 0.482458159351311, "GM": 0.482458159351311, "GN": 0.482458159351311, "GB": 0.482458159351311, "KNN": 0.482458159351311, "KM": 0.482458159351311, "LR": 0.482458159351311, "LRR": 0.482458159351311, "LRL": 0.482458159351311, "LRE": 0.482458159351311, "LOG_R": 0.482458159351311, "RF": 0.482458159351311, "SVM": 0.482458159351311, "DNN": 0.482458159351311}, "0 + 4": {"AB": 0.2599489988677579, "AC": 0.2599489988677579, "DS": 0.2599489988677579, "DT": 0.2599489988677579, "GM": 0.2599489988677579, "GN": 0.2599489988677579, "GB": 0.2599489988677579, "KNN": 0.2599489988677579, "KM": 0.2599489988677579, "LR": 0.2599489988677579, "LRR": 0.2599489988677579, "LRL": 0.2599489988677579, "LRE": 0.2599489988677579, "LOG_R": 0.2599489988677579, "RF": 0.2599489988677579, "SVM": 0.2599489988677579, "DNN": 0.2599489988677579}, "1 + 2": {"AB": 0.5607699541662522, "AC": 0.5607699541662522, "DS": 0.5607699541662522, "DT": 0.5607699541662522, "GM": 0.5607699541662522, "GN": 0.5607699541662522, "GB": 0.5607699541662522, "KNN": 0.5607699541662522, "KM": 0.5607699541662522, "LR": 0.5607699541662522, "LRR": 0.5607699541662522, "LRL": 0.5607699541662522, "LRE": 0.5607699541662522, "LOG_R": 0.5607699541662522, "RF": 0.5607699541662522, "SVM": 0.5607699541662522, "DNN": 0.5607699541662522}, "1 + 3": {"AB": 0.48237443760387144, "AC": 0.48237443760387144, "DS": 0.48237443760387144, "DT": 0.48237443760387144, "GM": 0.48237443760387144, "GN": 0.48237443760387144, "GB": 0.48237443760387144, "KNN": 0.48237443760387144, "KM": 0.48237443760387144, "LR": 0.48237443760387144, "LRR": 0.48237443760387144, "LRL": 0.48237443760387144, "LRE": 0.48237443760387144, "LOG_R": 0.48237443760387144, "RF": 0.48237443760387144, "SVM": 0.48237443760387144, "DNN": 0.48237443760387144}, "1 + 4": {"AB": 0.25987963020316274, "AC": 0.25987963020316274, "DS": 0.25987963020316274, "DT": 0.25987963020316274, "GM": 0.25987963020316274, "GN": 0.25987963020316274, "GB": 0.25987963020316274, "KNN": 0.25987963020316274, "KM": 0.25987963020316274, "LR": 0.25987963020316274, "LRR": 0.25987963020316274, "LRL": 0.25987963020316274, "LRE": 0.25987963020316274, "LOG_R": 0.25987963020316274, "RF": 0.25987963020316274, "SVM": 0.25987963020316274, "DNN": 0.25987963020316274}, "2 + 3": {"AB": 0.4803458124892718, "AC": 0.4803458124892718, "DS": 0.4803458124892718, "DT": 0.4803458124892718, "GM": 0.4803458124892718, "GN": 0.4803458124892718, "GB": 0.4803458124892718, "KNN": 0.4803458124892718, "KM": 0.4803458124892718, "LR": 0.4803458124892718, "LRR": 0.4803458124892718, "LRL": 0.4803458124892718, "LRE": 0.4803458124892718, "LOG_R": 0.4803458124892718, "RF": 0.4803458124892718, "SVM": 0.4803458124892718, "DNN": 0.4803458124892718}, "2 + 4": {"AB": 0.2586771501625695, "AC": 0.2586771501625695, "DS": 0.2586771501625695, "DT": 0.2586771501625695, "GM": 0.2586771501625695, "GN": 0.2586771501625695, "GB": 0.2586771501625695, "KNN": 0.2586771501625695, "KM": 0.2586771501625695, "LR": 0.2586771501625695, "LRR": 0.2586771501625695, "LRL": 0.2586771501625695, "LRE": 0.2586771501625695, "LOG_R": 0.2586771501625695, "RF": 0.2586771501625695, "SVM": 0.2586771501625695, "DNN": 0.2586771501625695}, "3 + 4": {"AB": 0.2526295196737376, "AC": 0.2526295196737376, "DS": 0.2526295196737376, "DT": 0.2526295196737376, "GM": 0.2526295196737376, "GN": 0.2526295196737376, "GB": 0.2526295196737376, "KNN": 0.2526295196737376, "KM": 0.2526295196737376, "LR": 0.2526295196737376, "LRR": 0.2526295196737376, "LRL": 0.2526295196737376, "LRE": 0.2526295196737376, "LOG_R": 0.2526295196737376, "RF": 0.2526295196737376, "SVM": 0.2526295196737376, "DNN": 0.2526295196737376}, "0 + 1 + 2": {"AB": 0.63180255341258, "AC": 0.63180255341258, "DS": 0.63180255341258, "DT": 0.63180255341258, "GM": 0.63180255341258, "GN": 0.63180255341258, "GB": 0.63180255341258, "KNN": 0.63180255341258, "KM": 0.63180255341258, "LR": 0.63180255341258, "LRR": 0.63180255341258, "LRL": 0.63180255341258, "LRE": 0.63180255341258, "LOG_R": 0.63180255341258, "RF": 0.63180255341258, "SVM": 0.63180255341258, "DNN": 0.63180255341258}, "0 + 1 + 3": {"AB": 0.546983751071557, "AC": 0.546983751071557, "DS": 0.546983751071557, "DT": 0.546983751071557, "GM": 0.546983751071557, "GN": 0.546983751071557, "GB": 0.546983751071557, "KNN": 0.546983751071557, "KM": 0.546983751071557, "LR": 0.546983751071557, "LRR": 0.546983751071557, "LRL": 0.546983751071557, "LRE": 0.546983751071557, "LOG_R": 0.546983751071557, "RF": 0.546983751071557, "SVM": 0.546983751071557, "DNN": 0.546983751071557}, "0 + 1 + 4": {"AB": 0.3203271481784441, "AC": 0.3203271481784441, "DS": 0.3203271481784441, "DT": 0.3203271481784441, "GM": 0.3203271481784441,