{"0": {"AB": 0.0, "AC": 0.0, "DS": 0.0, "DT": 0.0, "GM": 0.0, "GN": 0.0, "GB": 0.0, "KNN": 0.0, "KM": 0.0, "LR": 0.0, "LRR": 0.0, "LRL": 0.0, "LRE": 0.0, "LOG_R": 0.0, "RF": 0.0, "SVM": 0.0, "DNN": 0.0}, "1": {"AB": 0.0, "AC": 0.0, "DS": 0.0, "DT": 0.0, "GM": 0.0, "GN": 0.0, "GB": 0.0, "KNN": 0.0, "KM": 0.0, "LR": 0.0, "LRR": 0.0, "LRL": 0.0, "LRE": 0.0, "LOG_R": 0.0, "RF": 0.0, "SVM": 0.0, "DNN": 0.0}, "2": {"AB": 0.0, "AC": 0.0, "DS": 0.0, "DT": 0.0, "GM": 0.0, "GN": 0.0, "GB": 0.0, "KNN": 0.0, "KM": 0.0, "LR": 0.0, "LRR": 0.0, "LRL": 0.0, "LRE": 0.0, "LOG_R": 0.0, "RF": 0.0, "SVM": 0.0, "DNN": 0.0}, "3": {"AB": 0.0, "AC": 0.0, "DS": 0.0, "DT": 0.0, "GM": 0.0, "GN": 0.0, "GB": 0.0, "KNN": 0.0, "KM": 0.0, "LR": 0.0, "LRR": 0.0, "LRL": 0.0, "LRE": 0.0, "LOG_R": 0.0, "RF": 0.0, "SVM": 0.0, "DNN": 0.0}, "4": {"AB": 0.0, "AC": 0.0, "DS": 0.0, "DT": 0.0, "GM": 0.0, "GN": 0.0, "GB": 0.0, "KNN": 0.0, "KM": 0.0, "LR": 0.0, "LRR": 0.0, "LRL": 0.0, "LRE": 0.0, "LOG_R": 0.0, "RF": 0.0, "SVM": 0.0, "DNN": 0.0}, "0 + 1": {"AB": 0.003917990063366017, "AC": 0.003917990063366017, "DS": 0.003917990063366017, "DT": 0.003917990063366017, "GM": 0.003917990063366017, "GN": 0.003917990063366017, "GB": 0.003917990063366017, "KNN": 0.003917990063366017, "KM": 0.003917990063366017, "LR": 0.003917990063366017, "LRR": 0.003917990063366017, "LRL": 0.003917990063366017, "LRE": 0.003917990063366017, "LOG_R": 0.003917990063366017, "RF": 0.003917990063366017, "SVM": 0.003917990063366017, "DNN": 0.003917990063366017}, "0 + 2": {"AB": 0.05192227529770066, "AC": 0.05192227529770066, "DS": 0.05192227529770066, "DT": 0.05192227529770066, "GM": 0.05192227529770066, "GN": 0.05192227529770066, "GB": 0.05192227529770066, "KNN": 0.05192227529770066, "KM": 0.05192227529770066, "LR": 0.05192227529770066, "LRR": 0.05192227529770066, "LRL": 0.05192227529770066, "LRE": 0.05192227529770066, "LOG_R": 0.05192227529770066, "RF": 0.05192227529770066, "SVM": 0.05192227529770066, "DNN": 0.05192227529770066}, "0 + 3": {"AB": 0.18305745726152772, "AC": 0.18305745726152772, "DS": 0.18305745726152772, "DT": 0.18305745726152772, "GM": 0.18305745726152772, "GN": 0.18305745726152772, "GB": 0.18305745726152772, "KNN": 0.18305745726152772, "KM": 0.18305745726152772, "LR": 0.18305745726152772, "LRR": 0.18305745726152772, "LRL": 0.18305745726152772, "LRE": 0.18305745726152772, "LOG_R": 0.18305745726152772, "RF": 0.18305745726152772, "SVM": 0.18305745726152772, "DNN": 0.18305745726152772}, "0 + 4": {"AB": 0.6114429493418618, "AC": 0.6114429493418618, "DS": 0.6114429493418618, "DT": 0.6114429493418618, "GM": 0.6114429493418618, "GN": 0.6114429493418618, "GB": 0.6114429493418618, "KNN": 0.6114429493418618, "KM": 0.6114429493418618, "LR": 0.6114429493418618, "LRR": 0.6114429493418618, "LRL": 0.6114429493418618, "LRE": 0.6114429493418618, "LOG_R": 0.6114429493418618, "RF": 0.6114429493418618, "SVM": 0.6114429493418618, "DNN": 0.6114429493418618}, "1 + 2": {"AB": 0.04800428523433464, "AC": 0.04800428523433464, "DS": 0.04800428523433464, "DT": 0.04800428523433464, "GM": 0.04800428523433464, "GN": 0.04800428523433464, "GB": 0.04800428523433464, "KNN": 0.04800428523433464, "KM": 0.04800428523433464, "LR": 0.04800428523433464, "LRR": 0.04800428523433464, "LRL": 0.04800428523433464, "LRE": 0.04800428523433464, "LOG_R": 0.04800428523433464, "RF": 0.04800428523433464, "SVM": 0.04800428523433464, "DNN": 0.04800428523433464}, "1 + 3": {"AB": 0.1791394671981617, "AC": 0.1791394671981617, "DS": 0.1791394671981617, "DT": 0.1791394671981617, "GM": 0.1791394671981617, "GN": 0.1791394671981617, "GB": 0.1791394671981617, "KNN": 0.1791394671981617, "KM": 0.1791394671981617, "LR": 0.1791394671981617, "LRR": 0.1791394671981617, "LRL": 0.1791394671981617, "LRE": 0.1791394671981617, "LOG_R": 0.1791394671981617, "RF": 0.1791394671981617, "SVM": 0.1791394671981617, "DNN": 0.1791394671981617}, "1 + 4": {"AB": 0.6075249592784959, "AC": 0.6075249592784959, "DS": 0.6075249592784959, "DT": 0.6075249592784959, "GM": 0.6075249592784959, "GN": 0.6075249592784959, "GB": 0.6075249592784959, "KNN": 0.6075249592784959, "KM": 0.6075249592784959, "LR": 0.6075249592784959, "LRR": 0.6075249592784959, "LRL": 0.6075249592784959, "LRE": 0.6075249592784959, "LOG_R": 0.6075249592784959, "RF": 0.6075249592784959, "SVM": 0.6075249592784959, "DNN": 0.6075249592784959}, "2 + 3": {"AB": 0.13113518196382706, "AC": 0.13113518196382706, "DS": 0.13113518196382706, "DT": 0.13113518196382706, "GM": 0.13113518196382706, "GN": 0.13113518196382706, "GB": 0.13113518196382706, "KNN": 0.13113518196382706, "KM": 0.13113518196382706, "LR": 0.13113518196382706, "LRR": 0.13113518196382706, "LRL": 0.13113518196382706, "LRE": 0.13113518196382706, "LOG_R": 0.13113518196382706, "RF": 0.13113518196382706, "SVM": 0.13113518196382706, "DNN": 0.13113518196382706}, "2 + 4": {"AB": 0.5595206740441612, "AC": 0.5595206740441612, "DS": 0.5595206740441612, "DT": 0.5595206740441612, "GM": 0.5595206740441612, "GN": 0.5595206740441612, "GB": 0.5595206740441612, "KNN": 0.5595206740441612, "KM": 0.5595206740441612, "LR": 0.5595206740441612, "LRR": 0.5595206740441612, "LRL": 0.5595206740441612, "LRE": 0.5595206740441612, "LOG_R": 0.5595206740441612, "RF": 0.5595206740441612, "SVM": 0.5595206740441612, "DNN": 0.5595206740441612}, "3 + 4": {"AB": 0.42838549208033416, "AC": 0.42838549208033416, "DS": 0.42838549208033416, "DT": 0.42838549208033416, "GM": 0.42838549208033416, "GN": 0.42838549208033416, "GB": 0.42838549208033416, "KNN": 0.42838549208033416, "KM": 0.42838549208033416, "LR": 0.42838549208033416, "LRR": 0.42838549208033416, "LRL": 0.42838549208033416, "LRE": 0.42838549208033416, "LOG_R": 0.42838549208033416, "RF": 0.42838549208033416, "SVM": 0.42838549208033416, "DNN": 0.42838549208033416}, "0 + 1 + 2": {"AB": 0.04996328026601765, "AC": 0.04996328026601765, "DS": 0.04996328026601765, "DT": 0.04996328026601765, "GM": 0.04996328026601765, "GN": 0.04996328026601765, "GB": 0.04996328026601765, "KNN": 0.04996328026601765, "KM": 0.04996328026601765, "LR": 0.04996328026601765, "LRR": 0.04996328026601765, "LRL": 0.04996328026601765, "LRE": 0.04996328026601765, "LOG_R": 0.04996328026601765, "RF": 0.04996328026601765, "SVM": 0.04996328026601765, "DNN": 0.04996328026601765}, "0 + 1 + 3": {"AB": 0.18109846222984471, "AC": 0.18109846222984471, "DS": 0.18109846222984471, "DT": 0.18109846222984471, "GM": 0.18109846222984471, "GN": 0.18109846222984471, "GB": 0.18109846222984471, "KNN": 0.18109846222984471, "KM": 0.18109846222984471, "LR": 0.18109846222984471, "LRR": 0.18109846222984471, "LRL": 0.18109846222984471, "LRE": 0.18109846222984471, "LOG_R": 0.18109846222984471, "RF": 0.18109846222984471, "SVM": 0.18109846222984471, "DNN": 0.18109846222984471}, "0 + 1 + 4": {"AB": 0.6094839543101789, "AC": 0.6094839543101789, "DS": 0.6094839543101789, "DT": 0.6094839543101789, "GM": 0.6094839543101789, "GN": 0.6094839543101789, "GB": 0.6094839543101789, "KNN": 0.6094839543101789, "KM": 0.6094839543101789, "LR": 0.6094839543101789, "LRR": 0.6094839543101789, "LRL": 0.6094839543101789, "LRE": 0.6094839543101789, "LOG_R": 0.6094839543101789, "RF": 0.6094839543101789, "SVM": 0.6094839543101789, "DNN": 0.6094839543101789}, "0 + 2 + 3": {"AB": 0.1570963196126774, "AC": 0.1570963196126774, "DS": 0.1570963196126774, "DT": 0.1570963196126774, "GM": 0.1570963196126774, "GN": 0.1570963196126774, "GB": 0.1570963196126774, "KNN": 0.1570963196126774, "KM": 0.1570963196126774, "LR": 0.1570963196126774, "LRR": 0.1570963196126774, "LRL": 0.1570963196126774, "LRE": 0.1570963196126774, "LOG_R": 0.1570963196126774, "RF": 0.1570963196126774, "SVM": 0.1570963196126774, "DNN": 0.1570963196126774}, "0 + 2 + 4": {"AB": 0.5854818116930115, "AC": 0.5854818116930115, "DS": 0.5854818116930115, "DT": 0.5854818116930115, "GM": 0.5854818116930115, "GN": 0.5854818116930115, "GB": 0.5854818116930115, "KNN": 0.5854818116930115, "KM": 0.5854818116930115, "LR": 0.5854818116930115, "LRR": 0.5854818116930115, "LRL": 0.5854818116930115,