{"0": {"AB": 0.5636102619185326, "AC": 0.6209494920313929, "DS": 0.34330092983939137, "DT": 0.6242816091954023, "GM": 0.36188458434221144, "GN": 0.6403815035001935, "GB": 0.6019969666329625, "KNN": 0.5853110599078342, "KM": 0.3746008939974458, "LR": 0.6156120006837996, "LRR": 0.6156120006837996, "LRL": 0.6156120006837996, "LRE": 0.6156120006837996, "LOG_R": 0.6156120006837996, "RF": 0.5895833333333333, "SVM": 0.6213837994214079, "DNN": 0.6247607655502393}, "1": {"AB": 0.6792452830188679, "AC": 0.3175692232296006, "DS": 0.34386792452830184, "DT": 0.6567031142621914, "GM": 0.34386792452830184, "GN": 0.7407949180889641, "GB": 0.7183427526452496, "KNN": 0.600343053173242, "KM": 0.592171899320451, "LR": 0.752960568537246, "LRR": 0.752960568537246, "LRL": 0.752960568537246, "LRE": 0.752960568537246, "LOG_R": 0.7734236413481695, "RF": 0.7304894722450095, "SVM": 0.752960568537246, "DNN": 0.75100191196783}, "2": {"AB": 0.6702500933184025, "AC": 0.5066489361702128, "DS": 0.3452202577165118, "DT": 0.7208713272543059, "GM": 0.321580547112462, "GN": 0.6287379772661031, "GB": 0.6892774383821361, "KNN": 0.6243518684069372, "KM": 0.6287379772661031, "LR": 0.6449664021774792, "LRR": 0.6449664021774792, "LRL": 0.6449664021774792, "LRE": 0.6449664021774792, "LOG_R": 0.6586481401071066, "RF": 0.6689027497060009, "SVM": 0.6564698120712907, "DNN": 0.6166333512059043}, "3": {"AB": 0.5844869416297989, "AC": 0.512396694214876, "DS": 0.34603554340396453, "DT": 0.6124333632117751, "GM": 0.34603554340396453, "GN": 0.5850405463081519, "GB": 0.5585706026882498, "KNN": 0.46626463743489344, "KM": 0.5032769845518031, "LR": 0.5319717644279047, "LRR": 0.5319717644279047, "LRL": 0.5151913875598085, "LRE": 0.5319717644279047, "LOG_R": 0.5319717644279047, "RF": 0.45582658265826587, "SVM": 0.34603554340396453, "DNN": 0.34603554340396453}, "4": {"AB": 0.6786783497626871, "AC": 0.5767139522767133, "DS": 0.2875634770486906, "DT": 0.5907182737920322, "GM": 0.2875634770486906, "GN": 0.5968092553701043, "GB": 0.6472689766510209, "KNN": 0.595365857186248, "KM": 0.39925857275254867, "LR": 0.5767139522767133, "LRR": 0.5767139522767133, "LRL": 0.5767139522767133, "LRE": 0.5767139522767133, "LOG_R": 0.5666590891869364, "RF": 0.6134384777653504, "SVM": 0.606869034579878, "DNN": 0.5885752311571868}, "0 + 1": {"AB": 0.6727372162975116, "AC": 0.3175692232296006, "DS": 0.34386792452830184, "DT": 0.6698407100452596, "GM": 0.3634321653189577, "GN": 0.7359375406636305, "GB": 0.727134399380291, "KNN": 0.5822910431576664, "KM": 0.6057902345156178, "LR": 0.7289205072687907, "LRR": 0.7289205072687907, "LRL": 0.7289205072687907, "LRE": 0.7289205072687907, "LOG_R": 0.722895288535805, "RF": 0.7407949180889641, "SVM": 0.7304894722450095, "DNN": 0.7377673903938531}, "0 + 2": {"AB": 0.6215500299068615, "AC": 0.33062911373029236, "DS": 0.3452202577165118, "DT": 0.7122778515627826, "GM": 0.33556231003039516, "GN": 0.7107065805626784, "GB": 0.711624975550388, "KNN": 0.6355563923931462, "KM": 0.24708304735758405, "LR": 0.7010767790262172, "LRR": 0.7010767790262172, "LRL": 0.7085992907801418, "LRE": 0.7010767790262172, "LOG_R": 0.7127984683740924, "RF": 0.6902638626281944, "SVM": 0.7329860884725812, "DNN": 0.7122778515627826}, "0 + 3": {"AB": 0.6475907858124054, "AC": 0.632557918272204, "DS": 0.34603554340396453, "DT": 0.7036255130442988, "GM": 0.34090909090909094, "GN": 0.6892179659046422, "GB": 0.651555023923445, "KNN": 0.6385913262160104, "KM": 0.6580294381280368, "LR": 0.6703267320914379, "LRR": 0.6703267320914379, "LRL": 0.6580294381280368, "LRE": 0.6703267320914379, "LOG_R": 0.6587380011293056, "RF": 0.6892179659046422, "SVM": 0.6818181818181818, "DNN": 0.6555397727272727}, "0 + 4": {"AB": 0.7921817255575417, "AC": 0.4994262765347102, "DS": 0.2875634770486906, "DT": 0.72289156626506, "GM": 0.2875634770486906, "GN": 0.72568214032601, "GB": 0.7008584797907226, "KNN": 0.6245697074010327, "KM": 0.6743174897391764, "LR": 0.7414951529319448, "LRR": 0.7414951529319448, "LRL": 0.7414951529319448, "LRE": 0.7414951529319448, "LOG_R": 0.7447372886654103, "RF": 0.739357123849549, "SVM": 0.7281124497991969, "DNN": 0.7447372886654103}, "1 + 2": {"AB": 0.723404255319149, "AC": 0.2828150572831424, "DS": 0.3452202577165118, "DT": 0.7106990534284361, "GM": 0.3452202577165118, "GN": 0.7280587407849288, "GB": 0.776216106771053, "KNN": 0.6943510390318901, "KM": 0.6240606271997969, "LR": 0.7740695286583958, "LRR": 0.7740695286583958, "LRL": 0.7740695286583958, "LRE": 0.7740695286583958, "LOG_R": 0.7553468434297824, "RF": 0.776519885850522, "SVM": 0.7964231492848478, "DNN": 0.786073500967118}, "1 + 3": {"AB": 0.6874262101534829, "AC": 0.31406585540443804, "DS": 0.34603554340396453, "DT": 0.6475907858124054, "GM": 0.32078417765440664, "GN": 0.7191790721202486, "GB": 0.6015014397367339, "KNN": 0.6323156391218154, "KM": 0.31406585540443804, "LR": 0.6053956747026054, "LRR": 0.6053956747026054, "LRL": 0.6256619593998235, "LRE": 0.6053956747026054, "LOG_R": 0.6050956937799042, "RF": 0.6489738401503107, "SVM": 0.6153465346534653, "DNN": 0.651555023923445}, "1 + 4": {"AB": 0.6385542168674698, "AC": 0.27165868349001276, "DS": 0.2875634770486906, "DT": 0.639080798719353, "GM": 0.3812123493975903, "GN": 0.7033953997809419, "GB": 0.7168756436873681, "KNN": 0.6063030028456954, "KM": 0.2741681009753299, "LR": 0.6786783497626871, "LRR": 0.6786783497626871, "LRL": 0.6648877306637059, "LRE": 0.6786783497626871, "LOG_R": 0.6974641828471642, "RF": 0.6974641828471642, "SVM": 0.6961158198397741, "DNN": 0.63620439203623}, "2 + 3": {"AB": 0.7727272727272727, "AC": 0.34090909090909094, "DS": 0.34603554340396453, "DT": 0.6798367693541539, "GM": 0.34603554340396453, "GN": 0.6386660724896018, "GB": 0.6747846889952153, "KNN": 0.5121043503396444, "KM": 0.28553211837840714, "LR": 0.6768231768231768, "LRR": 0.6768231768231768, "LRL": 0.6892179659046422, "LRE": 0.6768231768231768, "LOG_R": 0.6892179659046422, "RF": 0.6723755841402901, "SVM": 0.6768231768231768, "DNN": 0.6999072356215214}, "2 + 4": {"AB": 0.721667048219391, "AC": 0.27159485399224015, "DS": 0.2875634770486906, "DT": 0.686383163315282, "GM": 0.2875634770486906, "GN": 0.707487091222031, "GB": 0.7432833080416691, "KNN": 0.6801211898121275, "KM": 0.357357846926773, "LR": 0.6758061658398298, "LRR": 0.6758061658398298, "LRL": 0.6758061658398298, "LRE": 0.6758061658398298, "LOG_R": 0.7100788583240129, "RF": 0.6984421201288671, "SVM": 0.6961158198397741, "DNN": 0.7301667655013813}, "3 + 4": {"AB": 0.6889695246502758, "AC": 0.3052577052577053, "DS": 0.2996161427533977, "DT": 0.6045769346582355, "GM": 0.2996161427533977, "GN": 0.6146972369194591, "GB": 0.6519749758743469, "KNN": 0.518043094854689, "KM": 0.3459073444192492, "LR": 0.5920886873267825, "LRR": 0.5920886873267825, "LRL": 0.6029251955177881, "LRE": 0.5920886873267825, "LOG_R": 0.5812200781272947, "RF": 0.7286437841993398, "SVM": 0.6137395459976106, "DNN": 0.5910876244876553}, "0 + 1 + 2": {"AB": 0.754347201394775, "AC": 0.3153942428035044, "DS": 0.3452202577165118, "DT": 0.7126684246649567, "GM": 0.3404255319148936, "GN": 0.7660779514215778, "GB": 0.7339522450601453, "KNN": 0.7512820701658774, "KM": 0.2928515481188089, "LR": 0.8035460992907801, "LRR": 0.8035460992907801, "LRL": 0.8035460992907801, "LRE": 0.8035460992907801, "LOG_R": 0.7638229957990124, "RF": 0.7439861050803299, "SVM": 0.7831216770618128, "DNN": 0.7933246429965459}, "0 + 1 + 3": {"AB": 0.6892179659046422, "AC": 0.7381295175412821, "DS": 0.34603554340396453, "DT": 0.7045454545454546, "GM": 0.32078417765440664, "GN": 0.7378706199460917, "GB": 0.7532705026055204, "KNN": 0.7594017296809935, "KM": 0.6490456346143951, "LR": 0.6980143540669856, "LRR": 0.6980143540669856, "LRL": 0.6957773281302693, "LRE": 0.6980143540669856, "LOG_R": 0.678503787878788, "RF": 0.7105798242161878, "SVM": 0.6661970744901713, "DNN": 0.6122822183801038}, "0 + 1 + 4": {"AB": 0.7301667655013813, "AC": 0.6642431796150118, "DS": 0.2875634770486906, "DT": 0.6509083173493624, "GM": 0.407692550942717,