{"0": {"AB": 1.0, "AC": 1.0, "DS": 0.3333333333333333, "DT": 1.0, "GM": 0.3333333333333333, "GN": 1.0, "GB": 1.0, "KNN": 1.0, "KM": 1.0, "LR": 1.0, "LRR": 1.0, "LRL": 1.0, "LRE": 1.0, "LOG_R": 1.0, "RF": 1.0, "SVM": 1.0, "DNN": 1.0}, "1": {"AB": 1.0, "AC": 0.2727272727272727, "DS": 0.3333333333333333, "DT": 1.0, "GM": 0.3333333333333333, "GN": 1.0, "GB": 1.0, "KNN": 1.0, "KM": 1.0, "LR": 0.9285714285714286, "LRR": 0.9285714285714286, "LRL": 0.9285714285714286, "LRE": 0.9285714285714286, "LOG_R": 1.0, "RF": 1.0, "SVM": 1.0, "DNN": 1.0}, "2": {"AB": 0.5860805860805861, "AC": 0.6293706293706294, "DS": 0.6688963210702342, "DT": 0.5860805860805861, "GM": 0.6688963210702342, "GN": 0.6688963210702342, "GB": 0.6688963210702342, "KNN": 0.6688963210702342, "KM": 0.6293706293706294, "LR": 0.6688963210702342, "LRR": 0.6688963210702342, "LRL": 0.6688963210702342, "LRE": 0.6688963210702342, "LOG_R": 0.6688963210702342, "RF": 0.6688963210702342, "SVM": 0.6688963210702342, "DNN": 0.6688963210702342}, "3": {"AB": 0.9047619047619048, "AC": 0.614035087719298, "DS": 0.7575757575757575, "DT": 0.9047619047619048, "GM": 0.047619047619047616, "GN": 0.7575757575757575, "GB": 0.9047619047619048, "KNN": 0.7575757575757575, "KM": 0.5428571428571429, "LR": 0.7575757575757575, "LRR": 0.7575757575757575, "LRL": 0.7575757575757575, "LRE": 0.7575757575757575, "LOG_R": 0.7575757575757575, "RF": 0.9047619047619048, "SVM": 0.7575757575757575, "DNN": 0.7575757575757575}, "4": {"AB": 0.6363636363636364, "AC": 0.7412587412587412, "DS": 0.6124401913875599, "DT": 0.6363636363636364, "GM": 0.11688311688311687, "GN": 0.6124401913875599, "GB": 0.6363636363636364, "KNN": 0.6124401913875599, "KM": 0.7412587412587412, "LR": 0.6124401913875599, "LRR": 0.6124401913875599, "LRL": 0.6124401913875599, "LRE": 0.6124401913875599, "LOG_R": 0.6124401913875599, "RF": 0.6124401913875599, "SVM": 0.6124401913875599, "DNN": 0.6124401913875599}, "0 + 1": {"AB": 1.0, "AC": 1.0, "DS": 0.3333333333333333, "DT": 1.0, "GM": 0.0, "GN": 1.0, "GB": 1.0, "KNN": 1.0, "KM": 0.0, "LR": 1.0, "LRR": 1.0, "LRL": 1.0, "LRE": 1.0, "LOG_R": 1.0, "RF": 1.0, "SVM": 1.0, "DNN": 1.0}, "0 + 2": {"AB": 1.0, "AC": 0.6666666666666666, "DS": 0.6428571428571428, "DT": 1.0, "GM": 0.6428571428571428, "GN": 1.0, "GB": 1.0, "KNN": 1.0, "KM": 0.3333333333333333, "LR": 1.0, "LRR": 1.0, "LRL": 1.0, "LRE": 1.0, "LOG_R": 1.0, "RF": 1.0, "SVM": 1.0, "DNN": 0.9105263157894737}, "0 + 3": {"AB": 1.0, "AC": 0.6363636363636364, "DS": 0.7363636363636363, "DT": 1.0, "GM": 0.7363636363636363, "GN": 1.0, "GB": 1.0, "KNN": 1.0, "KM": 0.3636363636363636, "LR": 1.0, "LRR": 1.0, "LRL": 1.0, "LRE": 1.0, "LOG_R": 1.0, "RF": 1.0, "SVM": 1.0, "DNN": 1.0}, "0 + 4": {"AB": 1.0, "AC": 0.9026737967914439, "DS": 0.6124401913875599, "DT": 1.0, "GM": 0.6124401913875599, "GN": 1.0, "GB": 1.0, "KNN": 1.0, "KM": 0.045454545454545456, "LR": 1.0, "LRR": 1.0, "LRL": 1.0, "LRE": 1.0, "LOG_R": 1.0, "RF": 0.9026737967914439, "SVM": 1.0, "DNN": 1.0}, "1 + 2": {"AB": 1.0, "AC": 0.7828282828282828, "DS": 0.6124401913875599, "DT": 1.0, "GM": 0.6124401913875599, "GN": 1.0, "GB": 1.0, "KNN": 1.0, "KM": 0.7828282828282828, "LR": 0.9515151515151515, "LRR": 1.0, "LRL": 0.9515151515151515, "LRE": 0.9515151515151515, "LOG_R": 1.0, "RF": 1.0, "SVM": 1.0, "DNN": 1.0}, "1 + 3": {"AB": 1.0, "AC": 0.5333333333333333, "DS": 0.7111111111111111, "DT": 1.0, "GM": 0.7111111111111111, "GN": 1.0, "GB": 1.0, "KNN": 1.0, "KM": 0.4, "LR": 1.0, "LRR": 1.0, "LRL": 1.0, "LRE": 1.0, "LOG_R": 1.0, "RF": 1.0, "SVM": 1.0, "DNN": 1.0}, "1 + 4": {"AB": 1.0, "AC": 0.0, "DS": 0.6124401913875599, "DT": 1.0, "GM": 0.6124401913875599, "GN": 1.0, "GB": 1.0, "KNN": 1.0, "KM": 1.0, "LR": 1.0, "LRR": 1.0, "LRL": 1.0, "LRE": 1.0, "LOG_R": 1.0, "RF": 1.0, "SVM": 1.0, "DNN": 1.0}, "2 + 3": {"AB": 0.9047619047619048, "AC": 0.8333333333333334, "DS": 0.7575757575757575, "DT": 0.8333333333333334, "GM": 0.047619047619047616, "GN": 0.7575757575757575, "GB": 0.9047619047619048, "KNN": 0.9047619047619048, "KM": 0.1666666666666667, "LR": 0.7575757575757575, "LRR": 0.7575757575757575, "LRL": 0.7575757575757575, "LRE": 0.7575757575757575, "LOG_R": 0.7575757575757575, "RF": 0.9047619047619048, "SVM": 0.7575757575757575, "DNN": 0.7575757575757575}, "2 + 4": {"AB": 1.0, "AC": 0.5133689839572193, "DS": 0.6124401913875599, "DT": 1.0, "GM": 0.11688311688311687, "GN": 0.6363636363636364, "GB": 1.0, "KNN": 0.9026737967914439, "KM": 0.5133689839572193, "LR": 0.5656565656565656, "LRR": 0.6124401913875599, "LRL": 0.6124401913875599, "LRE": 0.5656565656565656, "LOG_R": 0.5656565656565656, "RF": 0.9026737967914439, "SVM": 0.7080213903743316, "DNN": 0.9026737967914439}, "3 + 4": {"AB": 0.6380952380952382, "AC": 0.72, "DS": 0.7111111111111111, "DT": 0.6380952380952382, "GM": 0.7111111111111111, "GN": 0.8, "GB": 0.6380952380952382, "KNN": 0.72, "KM": 0.3353535353535354, "LR": 0.72, "LRR": 0.72, "LRL": 0.72, "LRE": 0.72, "LOG_R": 0.72, "RF": 0.6380952380952382, "SVM": 0.72, "DNN": 0.72}, "0 + 1 + 2": {"AB": 1.0, "AC": 0.7828282828282828, "DS": 0.6124401913875599, "DT": 1.0, "GM": 0.7828282828282828, "GN": 1.0, "GB": 1.0, "KNN": 0.9026737967914439, "KM": 0.0839160839160839, "LR": 1.0, "LRR": 1.0, "LRL": 1.0, "LRE": 1.0, "LOG_R": 1.0, "RF": 1.0, "SVM": 1.0, "DNN": 0.9026737967914439}, "0 + 1 + 3": {"AB": 1.0, "AC": 1.0, "DS": 0.7111111111111111, "DT": 1.0, "GM": 0.06666666666666668, "GN": 1.0, "GB": 1.0, "KNN": 1.0, "KM": 0.0, "LR": 1.0, "LRR": 1.0, "LRL": 1.0, "LRE": 1.0, "LOG_R": 1.0, "RF": 1.0, "SVM": 1.0, "DNN": 1.0}, "0 + 1 + 4": {"AB": 1.0, "AC": 0.7828282828282828, "DS": 0.6124401913875599, "DT": 1.0, "GM": 0.11688311688311687, "GN": 1.0, "GB": 1.0, "KNN": 1.0, "KM": 0.0, "LR": 1.0, "LRR": 1.0, "LRL": 1.0, "LRE": 1.0, "LOG_R": 1.0, "RF": 1.0, "SVM": 1.0, "DNN": 1.0}, "0 + 2 + 3": {"AB": 1.0, "AC": 0.8963317384370018, "DS": 0.7363636363636363, "DT": 1.0, "GM": 0.055944055944055944, "GN": 1.0, "GB": 1.0, "KNN": 1.0, "KM": 0.030303030303030307, "LR": 1.0, "LRR": 1.0, "LRL": 1.0, "LRE": 1.0, "LOG_R": 1.0, "RF": 0.8963317384370018, "SVM": 1.0, "DNN": 1.0}, "0 + 2 + 4": {"AB": 1.0, "AC": 0.7828282828282828, "DS": 0.6124401913875599, "DT": 1.0, "GM": 0.7828282828282828, "GN": 1.0, "GB": 1.0, "KNN": 0.9026737967914439, "KM": 0.0839160839160839, "LR": 1.0, "LRR": 1.0, "LRL": 1.0, "LRE": 1.0, "LOG_R": 0.9026737967914439, "RF": 1.0, "SVM": 1.0, "DNN": 0.9026737967914439}, "0 + 3 + 4": {"AB": 1.0, "AC": 0.6, "DS": 0.7111111111111111, "DT": 1.0, "GM": 0.06666666666666668, "GN": 1.0, "GB": 1.0, "KNN": 1.0, "KM": 0.5252525252525253, "LR": 1.0, "LRR": 1.0, "LRL": 1.0, "LRE": 1.0, "LOG_R": 1.0, "RF": 1.0, "SVM": 1.0, "DNN": 1.0}, "1 + 2 + 3": {"AB": 1.0, "AC": 0.3353535353535354, "DS": 0.7111111111111111, "DT": 1.0, "GM": 0.8, "GN": 0.8862745098039216, "GB": 1.0, "KNN": 0.8862745098039216, "KM": 0.8, "LR": 1.0, "LRR": 1.0, "LRL": 1.0, "LRE": 1.0, "LOG_R": 0.8862745098039216, "RF": 1.0, "SVM": 1.0, "DNN": 0.8862745098039216}, "1 + 2 + 4": {"AB": 1.0, "AC": 0.7828282828282828, "DS": 0.6124401913875599, "DT": 1.0, "GM": 0.7828282828282828, "GN": 0.9026737967914439, "GB": 1.0, "KNN": 0.9026737967914439, "KM": 0.0839160839160839, "LR": 0.896969696969697, "LRR": 0.896969696969697, "LRL": 0.896969696969697, "LRE": 0.896969696969697, "LOG_R": 0.9026737967914439, "RF": 0.9026737967914439, "SVM": 0.9026737967914439, "DNN": 0.8181818181818182}, "1 + 3 + 4": {"AB": 1.0, "AC": 0.9066666666666666, "DS": 0.7111111111111111, "DT": 1.0, "GM": 0.06666666666666668, "GN": 1.0, "GB": 1.0, "KNN": 1.0, "KM": 0.14545454545454545, "LR": 1.0, "LRR": 1.0, "LRL": 1.0, "LRE": 1.0, "LOG_R": 1.0, "RF": 1.0, "SVM": 1.0, "DNN": 1.0}, "2 + 3 + 4": {"AB": 0.8862745098039216, "AC": 0.6588235294117648, "DS": 0.7111111111111111, "DT": 1.0, "GM": 0.7111111111111111, "GN": 0.7111111111111111, "GB": 1.0, "KNN": 1.0, "KM": 0.4, "LR": 0.7111111111111111, "LRR": 0.7111111111111111, "LRL": 0.7111111111111111, "LRE": 0.7111111111111111, "LOG_R": 0.7111111111111111, "RF": 1.0, "SVM": 0.7111111111111111,