{"0": {"AB": 0.4271011893607113, "AC": 0.4271011893607113, "DS": 0.4271011893607113, "DT": 0.4271011893607113, "GM": 0.4271011893607113, "GN": 0.4271011893607113, "GB": 0.4271011893607113, "KNN": 0.4271011893607113, "KM": 0.4271011893607113, "LR": 0.4271011893607113, "LRR": 0.4271011893607113, "LRL": 0.4271011893607113, "LRE": 0.4271011893607113, "LOG_R": 0.4271011893607113, "RF": 0.4271011893607113, "SVM": 0.4271011893607113, "DNN": 0.4271011893607113}, "1": {"AB": 0.402716646549922, "AC": 0.402716646549922, "DS": 0.402716646549922, "DT": 0.402716646549922, "GM": 0.402716646549922, "GN": 0.402716646549922, "GB": 0.402716646549922, "KNN": 0.402716646549922, "KM": 0.402716646549922, "LR": 0.402716646549922, "LRR": 0.402716646549922, "LRL": 0.402716646549922, "LRE": 0.402716646549922, "LOG_R": 0.402716646549922, "RF": 0.402716646549922, "SVM": 0.402716646549922, "DNN": 0.402716646549922}, "2": {"AB": 0.40125185375521044, "AC": 0.40125185375521044, "DS": 0.40125185375521044, "DT": 0.40125185375521044, "GM": 0.40125185375521044, "GN": 0.40125185375521044, "GB": 0.40125185375521044, "KNN": 0.40125185375521044, "KM": 0.40125185375521044, "LR": 0.40125185375521044, "LRR": 0.40125185375521044, "LRL": 0.40125185375521044, "LRE": 0.40125185375521044, "LOG_R": 0.40125185375521044, "RF": 0.40125185375521044, "SVM": 0.40125185375521044, "DNN": 0.40125185375521044}, "3": {"AB": 0.37497880700809844, "AC": 0.37497880700809844, "DS": 0.37497880700809844, "DT": 0.37497880700809844, "GM": 0.37497880700809844, "GN": 0.37497880700809844, "GB": 0.37497880700809844, "KNN": 0.37497880700809844, "KM": 0.37497880700809844, "LR": 0.37497880700809844, "LRR": 0.37497880700809844, "LRL": 0.37497880700809844, "LRE": 0.37497880700809844, "LOG_R": 0.37497880700809844, "RF": 0.37497880700809844, "SVM": 0.37497880700809844, "DNN": 0.37497880700809844}, "4": {"AB": 0.3111305961185874, "AC": 0.3111305961185874, "DS": 0.3111305961185874, "DT": 0.3111305961185874, "GM": 0.3111305961185874, "GN": 0.3111305961185874, "GB": 0.3111305961185874, "KNN": 0.3111305961185874, "KM": 0.3111305961185874, "LR": 0.3111305961185874, "LRR": 0.3111305961185874, "LRL": 0.3111305961185874, "LRE": 0.3111305961185874, "LOG_R": 0.3111305961185874, "RF": 0.3111305961185874, "SVM": 0.3111305961185874, "DNN": 0.3111305961185874}, "0 + 1": {"AB": 0.5402138874498648, "AC": 0.5402138874498648, "DS": 0.5402138874498648, "DT": 0.5402138874498648, "GM": 0.5402138874498648, "GN": 0.5402138874498648, "GB": 0.5402138874498648, "KNN": 0.5402138874498648, "KM": 0.5402138874498648, "LR": 0.5402138874498648, "LRR": 0.5402138874498648, "LRL": 0.5402138874498648, "LRE": 0.5402138874498648, "LOG_R": 0.5402138874498648, "RF": 0.5402138874498648, "SVM": 0.5402138874498648, "DNN": 0.5402138874498648}, "0 + 2": {"AB": 0.537579057406421, "AC": 0.537579057406421, "DS": 0.537579057406421, "DT": 0.537579057406421, "GM": 0.537579057406421, "GN": 0.537579057406421, "GB": 0.537579057406421, "KNN": 0.537579057406421, "KM": 0.537579057406421, "LR": 0.537579057406421, "LRR": 0.537579057406421, "LRL": 0.537579057406421, "LRE": 0.537579057406421, "LOG_R": 0.537579057406421, "RF": 0.537579057406421, "SVM": 0.537579057406421, "DNN": 0.537579057406421}, "0 + 3": {"AB": 0.4991030433228027, "AC": 0.4991030433228027, "DS": 0.4991030433228027, "DT": 0.4991030433228027, "GM": 0.4991030433228027, "GN": 0.4991030433228027, "GB": 0.4991030433228027, "KNN": 0.4991030433228027, "KM": 0.4991030433228027, "LR": 0.4991030433228027, "LRR": 0.4991030433228027, "LRL": 0.4991030433228027, "LRE": 0.4991030433228027, "LOG_R": 0.4991030433228027, "RF": 0.4991030433228027, "SVM": 0.4991030433228027, "DNN": 0.4991030433228027}, "0 + 4": {"AB": 0.4330133072734175, "AC": 0.4330133072734175, "DS": 0.4330133072734175, "DT": 0.4330133072734175, "GM": 0.4330133072734175, "GN": 0.4330133072734175, "GB": 0.4330133072734175, "KNN": 0.4330133072734175, "KM": 0.4330133072734175, "LR": 0.4330133072734175, "LRR": 0.4330133072734175, "LRL": 0.4330133072734175, "LRE": 0.4330133072734175, "LOG_R": 0.4330133072734175, "RF": 0.4330133072734175, "SVM": 0.4330133072734175, "DNN": 0.4330133072734175}, "1 + 2": {"AB": 0.5191062226874359, "AC": 0.5191062226874359, "DS": 0.5191062226874359, "DT": 0.5191062226874359, "GM": 0.5191062226874359, "GN": 0.5191062226874359, "GB": 0.5191062226874359, "KNN": 0.5191062226874359, "KM": 0.5191062226874359, "LR": 0.5191062226874359, "LRR": 0.5191062226874359, "LRL": 0.5191062226874359, "LRE": 0.5191062226874359, "LOG_R": 0.5191062226874359, "RF": 0.5191062226874359, "SVM": 0.5191062226874359, "DNN": 0.5191062226874359}, "1 + 3": {"AB": 0.4908619789687695, "AC": 0.4908619789687695, "DS": 0.4908619789687695, "DT": 0.4908619789687695, "GM": 0.4908619789687695, "GN": 0.4908619789687695, "GB": 0.4908619789687695, "KNN": 0.4908619789687695, "KM": 0.4908619789687695, "LR": 0.4908619789687695, "LRR": 0.4908619789687695, "LRL": 0.4908619789687695, "LRE": 0.4908619789687695, "LOG_R": 0.4908619789687695, "RF": 0.4908619789687695, "SVM": 0.4908619789687695, "DNN": 0.4908619789687695}, "1 + 4": {"AB": 0.4301846664027291, "AC": 0.4301846664027291, "DS": 0.4301846664027291, "DT": 0.4301846664027291, "GM": 0.4301846664027291, "GN": 0.4301846664027291, "GB": 0.4301846664027291, "KNN": 0.4301846664027291, "KM": 0.4301846664027291, "LR": 0.4301846664027291, "LRR": 0.4301846664027291, "LRL": 0.4301846664027291, "LRE": 0.4301846664027291, "LOG_R": 0.4301846664027291, "RF": 0.4301846664027291, "SVM": 0.4301846664027291, "DNN": 0.4301846664027291}, "2 + 3": {"AB": 0.472601245136126, "AC": 0.472601245136126, "DS": 0.472601245136126, "DT": 0.472601245136126, "GM": 0.472601245136126, "GN": 0.472601245136126, "GB": 0.472601245136126, "KNN": 0.472601245136126, "KM": 0.472601245136126, "LR": 0.472601245136126, "LRR": 0.472601245136126, "LRL": 0.472601245136126, "LRE": 0.472601245136126, "LOG_R": 0.472601245136126, "RF": 0.472601245136126, "SVM": 0.472601245136126, "DNN": 0.472601245136126}, "2 + 4": {"AB": 0.4308504844924539, "AC": 0.4308504844924539, "DS": 0.4308504844924539, "DT": 0.4308504844924539, "GM": 0.4308504844924539, "GN": 0.4308504844924539, "GB": 0.4308504844924539, "KNN": 0.4308504844924539, "KM": 0.4308504844924539, "LR": 0.4308504844924539, "LRR": 0.4308504844924539, "LRL": 0.4308504844924539, "LRE": 0.4308504844924539, "LOG_R": 0.4308504844924539, "RF": 0.4308504844924539, "SVM": 0.4308504844924539, "DNN": 0.4308504844924539}, "3 + 4": {"AB": 0.4141237981564745, "AC": 0.4141237981564745, "DS": 0.4141237981564745, "DT": 0.4141237981564745, "GM": 0.4141237981564745, "GN": 0.4141237981564745, "GB": 0.4141237981564745, "KNN": 0.4141237981564745, "KM": 0.4141237981564745, "LR": 0.4141237981564745, "LRR": 0.4141237981564745, "LRL": 0.4141237981564745, "LRE": 0.4141237981564745, "LOG_R": 0.4141237981564745, "RF": 0.4141237981564745, "SVM": 0.4141237981564745, "DNN": 0.4141237981564745}, "0 + 1 + 2": {"AB": 0.5861605284587739, "AC": 0.5861605284587739, "DS": 0.5861605284587739, "DT": 0.5861605284587739, "GM": 0.5861605284587739, "GN": 0.5861605284587739, "GB": 0.5861605284587739, "KNN": 0.5861605284587739, "KM": 0.5861605284587739, "LR": 0.5861605284587739, "LRR": 0.5861605284587739, "LRL": 0.5861605284587739, "LRE": 0.5861605284587739, "LOG_R": 0.5861605284587739, "RF": 0.5861605284587739, "SVM": 0.5861605284587739, "DNN": 0.5861605284587739}, "0 + 1 + 3": {"AB": 0.5574530479627339, "AC": 0.5574530479627339, "DS": 0.5574530479627339, "DT": 0.5574530479627339, "GM": 0.5574530479627339, "GN": 0.5574530479627339, "GB": 0.5574530479627339, "KNN": 0.5574530479627339, "KM": 0.5574530479627339, "LR": 0.5574530479627339, "LRR": 0.5574530479627339, "LRL": 0.5574530479627339, "LRE": 0.5574530479627339, "LOG_R": 0.5574530479627339, "RF": 0.5574530479627339, "SVM": 0.5574530479627339, "DNN": 0.5574530479627339}, "0 + 1 + 4": {"AB": 0.49183318219781624, "AC": 0.49183318219781624, "DS": 0.49183318219781624, "DT": 0.49183318219781624, "GM": 0.49183318219781624,