{"0": {"AB": 1.0, "AC": 1.0, "DS": 0.3333333333333333, "DT": 1.0, "GM": 0.3333333333333333, "GN": 1.0, "GB": 1.0, "KNN": 1.0, "KM": 0.0, "LR": 1.0, "LRR": 1.0, "LRL": 1.0, "LRE": 1.0, "LOG_R": 1.0, "RF": 1.0, "SVM": 1.0, "DNN": 1.0}, "1": {"AB": 1.0, "AC": 0.3043478260869565, "DS": 0.3333333333333333, "DT": 1.0, "GM": 0.3333333333333333, "GN": 1.0, "GB": 1.0, "KNN": 1.0, "KM": 0.0, "LR": 0.9666666666666667, "LRR": 0.9666666666666667, "LRL": 0.9666666666666667, "LRE": 0.9666666666666667, "LOG_R": 1.0, "RF": 1.0, "SVM": 1.0, "DNN": 1.0}, "2": {"AB": 0.6688963210702342, "AC": 0.6923076923076924, "DS": 0.6688963210702342, "DT": 0.6688963210702342, "GM": 0.6688963210702342, "GN": 0.6688963210702342, "GB": 0.6688963210702342, "KNN": 0.6688963210702342, "KM": 0.30769230769230765, "LR": 0.6688963210702342, "LRR": 0.6688963210702342, "LRL": 0.6688963210702342, "LRE": 0.6688963210702342, "LOG_R": 0.6688963210702342, "RF": 0.6688963210702342, "SVM": 0.6688963210702342, "DNN": 0.6688963210702342}, "3": {"AB": 0.7684210526315791, "AC": 0.6296296296296297, "DS": 0.7575757575757575, "DT": 0.7684210526315791, "GM": 0.7575757575757575, "GN": 0.614035087719298, "GB": 0.7684210526315791, "KNN": 0.7142857142857144, "KM": 0.4901960784313724, "LR": 0.7575757575757575, "LRR": 0.7575757575757575, "LRL": 0.7575757575757575, "LRE": 0.7575757575757575, "LOG_R": 0.7575757575757575, "RF": 0.7684210526315791, "SVM": 0.7575757575757575, "DNN": 0.7575757575757575}, "4": {"AB": 0.5133689839572193, "AC": 0.5656565656565656, "DS": 0.6124401913875599, "DT": 0.5133689839572193, "GM": 0.11688311688311687, "GN": 0.5656565656565656, "GB": 0.5656565656565656, "KNN": 0.5656565656565656, "KM": 0.36363636363636365, "LR": 0.5656565656565656, "LRR": 0.5656565656565656, "LRL": 0.5656565656565656, "LRE": 0.5656565656565656, "LOG_R": 0.5656565656565656, "RF": 0.5656565656565656, "SVM": 0.5656565656565656, "DNN": 0.6124401913875599}, "0 + 1": {"AB": 1.0, "AC": 1.0, "DS": 0.3333333333333333, "DT": 1.0, "GM": 0.2727272727272727, "GN": 1.0, "GB": 1.0, "KNN": 1.0, "KM": 0.0, "LR": 1.0, "LRR": 1.0, "LRL": 1.0, "LRE": 1.0, "LOG_R": 1.0, "RF": 1.0, "SVM": 1.0, "DNN": 1.0}, "0 + 2": {"AB": 1.0, "AC": 0.4370629370629371, "DS": 0.6428571428571428, "DT": 1.0, "GM": 0.6666666666666666, "GN": 1.0, "GB": 1.0, "KNN": 0.9105263157894737, "KM": 0.4370629370629371, "LR": 0.9105263157894737, "LRR": 0.9105263157894737, "LRL": 1.0, "LRE": 0.9105263157894737, "LOG_R": 1.0, "RF": 1.0, "SVM": 1.0, "DNN": 0.9105263157894737}, "0 + 3": {"AB": 1.0, "AC": 0.7584415584415585, "DS": 0.7363636363636363, "DT": 1.0, "GM": 0.055944055944055944, "GN": 1.0, "GB": 1.0, "KNN": 1.0, "KM": 0.7584415584415585, "LR": 1.0, "LRR": 1.0, "LRL": 1.0, "LRE": 1.0, "LOG_R": 1.0, "RF": 1.0, "SVM": 1.0, "DNN": 1.0}, "0 + 4": {"AB": 1.0, "AC": 0.9026737967914439, "DS": 0.6124401913875599, "DT": 1.0, "GM": 0.6124401913875599, "GN": 1.0, "GB": 1.0, "KNN": 1.0, "KM": 0.045454545454545456, "LR": 1.0, "LRR": 1.0, "LRL": 1.0, "LRE": 1.0, "LOG_R": 1.0, "RF": 1.0, "SVM": 1.0, "DNN": 0.9026737967914439}, "1 + 2": {"AB": 1.0, "AC": 0.22377622377622378, "DS": 0.6124401913875599, "DT": 1.0, "GM": 0.6124401913875599, "GN": 1.0, "GB": 1.0, "KNN": 1.0, "KM": 1.0, "LR": 0.9515151515151515, "LRR": 0.9515151515151515, "LRL": 0.9515151515151515, "LRE": 0.9515151515151515, "LOG_R": 1.0, "RF": 1.0, "SVM": 1.0, "DNN": 1.0}, "1 + 3": {"AB": 1.0, "AC": 0.6588235294117648, "DS": 0.7111111111111111, "DT": 1.0, "GM": 0.06666666666666668, "GN": 1.0, "GB": 1.0, "KNN": 1.0, "KM": 0.25050505050505045, "LR": 1.0, "LRR": 1.0, "LRL": 1.0, "LRE": 1.0, "LOG_R": 1.0, "RF": 1.0, "SVM": 1.0, "DNN": 1.0}, "1 + 4": {"AB": 1.0, "AC": 1.0, "DS": 0.6124401913875599, "DT": 1.0, "GM": 0.6124401913875599, "GN": 1.0, "GB": 1.0, "KNN": 1.0, "KM": 1.0, "LR": 0.8961038961038962, "LRR": 0.8961038961038962, "LRL": 0.8961038961038962, "LRE": 0.8961038961038962, "LOG_R": 1.0, "RF": 1.0, "SVM": 1.0, "DNN": 0.7828282828282828}, "2 + 3": {"AB": 0.9047619047619048, "AC": 0.7142857142857144, "DS": 0.7575757575757575, "DT": 0.9047619047619048, "GM": 0.2027972027972028, "GN": 0.7142857142857144, "GB": 0.7575757575757575, "KNN": 1.0, "KM": 0.2027972027972028, "LR": 0.7575757575757575, "LRR": 0.7575757575757575, "LRL": 0.7575757575757575, "LRE": 0.7575757575757575, "LOG_R": 0.7575757575757575, "RF": 0.7575757575757575, "SVM": 0.7575757575757575, "DNN": 0.7575757575757575}, "2 + 4": {"AB": 0.9026737967914439, "AC": 0.7828282828282828, "DS": 0.6124401913875599, "DT": 0.9026737967914439, "GM": 0.7828282828282828, "GN": 0.6124401913875599, "GB": 0.9026737967914439, "KNN": 0.9026737967914439, "KM": 0.0839160839160839, "LR": 0.6464646464646465, "LRR": 0.6464646464646465, "LRL": 0.6464646464646465, "LRE": 0.6464646464646465, "LOG_R": 0.6124401913875599, "RF": 0.6124401913875599, "SVM": 0.7828282828282828, "DNN": 0.9026737967914439}, "3 + 4": {"AB": 0.8, "AC": 0.8862745098039216, "DS": 0.7111111111111111, "DT": 0.8862745098039216, "GM": 0.06666666666666668, "GN": 0.8862745098039216, "GB": 1.0, "KNN": 1.0, "KM": 0.03636363636363636, "LR": 0.8862745098039216, "LRR": 0.8862745098039216, "LRL": 0.8862745098039216, "LRE": 0.8862745098039216, "LOG_R": 0.8862745098039216, "RF": 0.8862745098039216, "SVM": 0.8862745098039216, "DNN": 0.9066666666666666}, "0 + 1 + 2": {"AB": 1.0, "AC": 0.6363636363636364, "DS": 0.6124401913875599, "DT": 1.0, "GM": 0.6124401913875599, "GN": 1.0, "GB": 1.0, "KNN": 1.0, "KM": 0.6363636363636364, "LR": 0.9515151515151515, "LRR": 0.9515151515151515, "LRL": 1.0, "LRE": 0.9515151515151515, "LOG_R": 1.0, "RF": 1.0, "SVM": 1.0, "DNN": 1.0}, "0 + 1 + 3": {"AB": 1.0, "AC": 1.0, "DS": 0.7111111111111111, "DT": 1.0, "GM": 0.7111111111111111, "GN": 1.0, "GB": 1.0, "KNN": 1.0, "KM": 1.0, "LR": 1.0, "LRR": 1.0, "LRL": 1.0, "LRE": 1.0, "LOG_R": 1.0, "RF": 1.0, "SVM": 1.0, "DNN": 1.0}, "0 + 1 + 4": {"AB": 1.0, "AC": 0.1212121212121212, "DS": 0.6124401913875599, "DT": 1.0, "GM": 0.6124401913875599, "GN": 1.0, "GB": 1.0, "KNN": 1.0, "KM": 0.0, "LR": 1.0, "LRR": 1.0, "LRL": 1.0, "LRE": 1.0, "LOG_R": 1.0, "RF": 1.0, "SVM": 1.0, "DNN": 1.0}, "0 + 2 + 3": {"AB": 1.0, "AC": 0.8963317384370018, "DS": 0.7363636363636363, "DT": 1.0, "GM": 0.8963317384370018, "GN": 0.8963317384370018, "GB": 1.0, "KNN": 0.8963317384370018, "KM": 0.030303030303030307, "LR": 1.0, "LRR": 1.0, "LRL": 1.0, "LRE": 1.0, "LOG_R": 0.8963317384370018, "RF": 0.7363636363636363, "SVM": 1.0, "DNN": 0.7363636363636363}, "0 + 2 + 4": {"AB": 1.0, "AC": 0.7828282828282828, "DS": 0.6124401913875599, "DT": 1.0, "GM": 0.0839160839160839, "GN": 1.0, "GB": 1.0, "KNN": 0.9026737967914439, "KM": 0.0839160839160839, "LR": 0.9026737967914439, "LRR": 0.9026737967914439, "LRL": 0.9026737967914439, "LRE": 0.9026737967914439, "LOG_R": 0.9026737967914439, "RF": 1.0, "SVM": 1.0, "DNN": 0.9026737967914439}, "0 + 3 + 4": {"AB": 1.0, "AC": 1.0, "DS": 0.7111111111111111, "DT": 1.0, "GM": 0.7111111111111111, "GN": 1.0, "GB": 1.0, "KNN": 1.0, "KM": 1.0, "LR": 1.0, "LRR": 1.0, "LRL": 1.0, "LRE": 1.0, "LOG_R": 1.0, "RF": 1.0, "SVM": 1.0, "DNN": 1.0}, "1 + 2 + 3": {"AB": 1.0, "AC": 0.6, "DS": 0.7111111111111111, "DT": 1.0, "GM": 0.6, "GN": 1.0, "GB": 1.0, "KNN": 1.0, "KM": 0.6, "LR": 0.9466666666666667, "LRR": 0.9466666666666667, "LRL": 0.9466666666666667, "LRE": 0.9466666666666667, "LOG_R": 1.0, "RF": 1.0, "SVM": 1.0, "DNN": 0.7111111111111111}, "1 + 2 + 4": {"AB": 1.0, "AC": 0.7828282828282828, "DS": 0.6124401913875599, "DT": 1.0, "GM": 0.7828282828282828, "GN": 1.0, "GB": 1.0, "KNN": 1.0, "KM": 0.7828282828282828, "LR": 1.0, "LRR": 1.0, "LRL": 1.0, "LRE": 1.0, "LOG_R": 1.0, "RF": 1.0, "SVM": 1.0, "DNN": 0.9026737967914439}, "1 + 3 + 4": {"AB": 1.0, "AC": 0.8862745098039216, "DS": 0.7111111111111111, "DT": 1.0, "GM": 0.7111111111111111, "GN": 1.0, "GB": 1.0, "KNN": 1.0, "KM": 0.03636363636363636, "LR": 0.9333333333333333, "LRR": 0.9333333333333333, "LRL": 0.9333333333333333, "LRE": 0.9333333333333333, "LOG_R": 1.0, "RF": 1.0, "SVM": 1.0, "DNN": 1.0},