{"0": {"AB": 0.7586422943423908, "AC": 0.2945688225538971, "DS": 0.3196059834606233, "DT": 0.7360833568938766, "GM": 0.3196059834606233, "GN": 0.7661316451668603, "GB": 0.7727498869289914, "KNN": 0.6949914673456673, "KM": 0.2466622951897995, "LR": 0.7633391683557522, "LRR": 0.7633391683557522, "LRL": 0.7633391683557522, "LRE": 0.7633391683557522, "LOG_R": 0.7515902676939599, "RF": 0.7680414453081876, "SVM": 0.7453969468894842, "DNN": 0.75479352268675}, "1": {"AB": 0.7565803489668664, "AC": 0.27758284600389865, "DS": 0.29884927372193926, "DT": 0.7517110159769439, "GM": 0.29884927372193926, "GN": 0.7185503370713231, "GB": 0.7140583277604662, "KNN": 0.6828084196505251, "KM": 0.692626176879148, "LR": 0.7001550034480359, "LRR": 0.7001550034480359, "LRL": 0.7092618353992128, "LRE": 0.7001550034480359, "LOG_R": 0.7244300177757168, "RF": 0.7140583277604662, "SVM": 0.721132383380278, "DNN": 0.7114294258373205}, "2": {"AB": 0.8471016936532894, "AC": 0.7245805049935631, "DS": 0.33919764446080236, "DT": 0.7999556590178474, "GM": 0.33919764446080236, "GN": 0.8401592215833703, "GB": 0.8472203377466536, "KNN": 0.777565943650556, "KM": 0.7929945054945055, "LR": 0.8397645056036317, "LRR": 0.8397645056036317, "LRL": 0.8397645056036317, "LRE": 0.8397645056036317, "LOG_R": 0.84200024504227, "RF": 0.8472203377466536, "SVM": 0.8472203377466536, "DNN": 0.8449011539559873}, "3": {"AB": 0.667682106856104, "AC": 0.5064238048353571, "DS": 0.21535022354694489, "DT": 0.6652165861637936, "GM": 0.21535022354694489, "GN": 0.5907665810250126, "GB": 0.7152887435145501, "KNN": 0.6239604920460827, "KM": 0.24068477843931887, "LR": 0.4667093469910371, "LRR": 0.4667093469910371, "LRL": 0.4667093469910371, "LRE": 0.4667093469910371, "LOG_R": 0.4667093469910371, "RF": 0.7053089570346818, "SVM": 0.4667093469910371, "DNN": 0.6979634400687033}, "4": {"AB": 0.7948736456607961, "AC": 0.3172713529856387, "DS": 0.32956091527520104, "DT": 0.7889984503040322, "GM": 0.32956091527520104, "GN": 0.7770876092372433, "GB": 0.7822524565381708, "KNN": 0.7333370653575484, "KM": 0.27751100440176074, "LR": 0.7770876092372433, "LRR": 0.7770876092372433, "LRL": 0.7696185877003774, "LRE": 0.7770876092372433, "LOG_R": 0.7853372477285506, "RF": 0.7822524565381708, "SVM": 0.7853372477285506, "DNN": 0.7598810691324585}, "0 + 1": {"AB": 0.8473131982498621, "AC": 0.2824303405572755, "DS": 0.29884927372193926, "DT": 0.8264844102433834, "GM": 0.29884927372193926, "GN": 0.8672156077296835, "GB": 0.8575574397164057, "KNN": 0.7705685844837444, "KM": 0.676781400212118, "LR": 0.8469092112786254, "LRR": 0.8469092112786254, "LRL": 0.8469092112786254, "LRE": 0.8469092112786254, "LOG_R": 0.8209130781499201, "RF": 0.8471769668072618, "SVM": 0.8209130781499201, "DNN": 0.8665812834647668}, "0 + 2": {"AB": 0.8631578947368421, "AC": 0.4347871469059648, "DS": 0.33919764446080236, "DT": 0.8368285430541804, "GM": 0.33907690065935664, "GN": 0.8938910718376121, "GB": 0.8735160883575398, "KNN": 0.792440086727939, "KM": 0.14857655502392345, "LR": 0.8840079247684874, "LRR": 0.8840079247684874, "LRL": 0.8840079247684874, "LRE": 0.8840079247684874, "LOG_R": 0.9156773922383599, "RF": 0.8788299230404493, "SVM": 0.9049473684210526, "DNN": 0.9156025261288419}, "0 + 3": {"AB": 0.8358225740393845, "AC": 0.23813994540715572, "DS": 0.22628398052313486, "DT": 0.7727057659032224, "GM": 0.22389306599832914, "GN": 0.7747788274104063, "GB": 0.8659546824557465, "KNN": 0.7797924297924297, "KM": 0.6372037773697811, "LR": 0.7818306117566495, "LRR": 0.7818306117566495, "LRL": 0.7747788274104063, "LRE": 0.7818306117566495, "LOG_R": 0.8042187505019646, "RF": 0.8596491228070176, "SVM": 0.7786133857493346, "DNN": 0.7775571209289194}, "0 + 4": {"AB": 0.8570105391297443, "AC": 0.3141275114697042, "DS": 0.32956091527520104, "DT": 0.8293636322015462, "GM": 0.32956091527520104, "GN": 0.7770876092372433, "GB": 0.8707482993197279, "KNN": 0.8216278302365723, "KM": 0.23757507782085352, "LR": 0.8089942795299937, "LRR": 0.813685981792294, "LRL": 0.8064579747561675, "LRE": 0.813685981792294, "LOG_R": 0.863819508529876, "RF": 0.8775510204081632, "SVM": 0.8775510204081632, "DNN": 0.8841929206670848}, "1 + 2": {"AB": 0.86647450909746, "AC": 0.3109675584536941, "DS": 0.31826583092253297, "DT": 0.8250634036656469, "GM": 0.31585102736273263, "GN": 0.8500039718364323, "GB": 0.8557619146434253, "KNN": 0.7859278283954322, "KM": 0.20543621631807044, "LR": 0.8255611310891524, "LRR": 0.8255611310891524, "LRL": 0.8376202570614945, "LRE": 0.8255611310891524, "LOG_R": 0.8454389244060304, "RF": 0.8548946671433525, "SVM": 0.8557619146434253, "DNN": 0.8442202606137033}, "1 + 3": {"AB": 0.8203191039729502, "AC": 0.5674859657108177, "DS": 0.2308940653633935, "DT": 0.8002568847136652, "GM": 0.22846254136997293, "GN": 0.7617040493752821, "GB": 0.8350258803367339, "KNN": 0.7473478470587479, "KM": 0.16921970911906212, "LR": 0.7799556213017751, "LRR": 0.7799556213017751, "LRL": 0.7799556213017751, "LRE": 0.7799556213017751, "LOG_R": 0.7684092430740278, "RF": 0.8366239633223359, "SVM": 0.7794494944429756, "DNN": 0.7993792807688589}, "1 + 4": {"AB": 0.8707363343393362, "AC": 0.34448979591836737, "DS": 0.32956091527520104, "DT": 0.8367346938775511, "GM": 0.34448979591836737, "GN": 0.804951658082588, "GB": 0.8366893424036281, "KNN": 0.8002080989750837, "KM": 0.20544591462958814, "LR": 0.8196998461815612, "LRR": 0.8196998461815612, "LRL": 0.8245976602985449, "LRE": 0.8196998461815612, "LOG_R": 0.8288861316713966, "RF": 0.843319833843703, "SVM": 0.8428827293621434, "DNN": 0.8351313589408826}, "2 + 3": {"AB": 0.8664859981933153, "AC": 0.24561970995741014, "DS": 0.2482018250134192, "DT": 0.8511503928170594, "GM": 0.4399566375127615, "GN": 0.8393418034913077, "GB": 0.8507239991776074, "KNN": 0.779137766897865, "KM": 0.7806431349810345, "LR": 0.8383158294998493, "LRR": 0.8383158294998493, "LRL": 0.8452082963374743, "LRE": 0.8383158294998493, "LOG_R": 0.8671247480024911, "RF": 0.868249395123767, "SVM": 0.8677120270373516, "DNN": 0.8699264158068238}, "2 + 4": {"AB": 0.8704123468835202, "AC": 0.3234725082693628, "DS": 0.32956091527520104, "DT": 0.8433924952373392, "GM": 0.3666834404994874, "GN": 0.8262126152236043, "GB": 0.8909444297199399, "KNN": 0.8910051789433343, "KM": 0.7568047101881689, "LR": 0.823099075695852, "LRR": 0.823099075695852, "LRL": 0.823099075695852, "LRE": 0.823099075695852, "LOG_R": 0.8973316790028381, "RF": 0.9047354497354498, "SVM": 0.8836425695365497, "DNN": 0.8830539193619658}, "3 + 4": {"AB": 0.8451319391432974, "AC": 0.3070287755239572, "DS": 0.3101274312541918, "DT": 0.8028169014084507, "GM": 0.3070287755239572, "GN": 0.7300108342361863, "GB": 0.8028951952732875, "KNN": 0.7398086148952, "KM": 0.3841830324671031, "LR": 0.7665107039860233, "LRR": 0.7665107039860233, "LRL": 0.7598420150532827, "LRE": 0.7665107039860233, "LOG_R": 0.767484992514426, "RF": 0.8300379198266522, "SVM": 0.77532113183345, "DNN": 0.7917078226937383}, "0 + 1 + 2": {"AB": 0.9015981645619264, "AC": 0.31585102736273263, "DS": 0.31826583092253297, "DT": 0.9125839747732927, "GM": 0.31585102736273263, "GN": 0.9068698086817155, "GB": 0.9120310751201527, "KNN": 0.8410369843585876, "KM": 0.14090189469383588, "LR": 0.9085915128775274, "LRR": 0.9085915128775274, "LRL": 0.9085915128775274, "LRE": 0.9085915128775274, "LOG_R": 0.8960193853314146, "RF": 0.9068698086817155, "SVM": 0.9013323362131739, "DNN": 0.9067522521923658}, "0 + 1 + 3": {"AB": 0.9096291357613133, "AC": 0.22846254136997293, "DS": 0.2308940653633935, "DT": 0.8624919316944551, "GM": 0.22846254136997293, "GN": 0.8464186159974536, "GB": 0.8587051267176571, "KNN": 0.8117530202346793, "KM": 0.2141264211668384, "LR": 0.8503130633831792, "LRR": 0.8435582051305535, "LRL": 0.8435582051305535, "LRE": 0.8435582051305535, "LOG_R": 0.8309479764455298, "RF": 0.8366239633223359, "SVM": 0.8301825445583326, "DNN": 0.842312362804166}, "0 + 1 + 4": {"AB": 0.9115400661537468, "AC": 0.3203862190037305, "DS": 0.32956091527520104, "DT": 0.8979024759535641, "GM": 0.3234725082693628,