{"0": {"AB": 0.9028760122420889, "AC": 0.4285610781046226, "DS": 0.3496390341050535, "DT": 0.8536251433629717, "GM": 0.3496390341050535, "GN": 0.7360533210047775, "GB": 0.9125389654083301, "KNN": 0.883495145631068, "KM": 0.6325662749792781, "LR": 0.7960395168452514, "LRR": 0.7960395168452514, "LRL": 0.7960395168452514, "LRE": 0.7960395168452514, "LOG_R": 0.7960395168452514, "RF": 0.9125389654083301, "SVM": 0.7864077669902912, "DNN": 0.7960395168452514}, "1": {"AB": 0.8197115384615384, "AC": 0.3268053855569156, "DS": 0.33333333333333326, "DT": 0.7596153846153846, "GM": 0.33333333333333326, "GN": 0.6486151302190987, "GB": 0.7497747973175859, "KNN": 0.8298468621759585, "KM": 0.6547756041426928, "LR": 0.5793269230769231, "LRR": 0.5793269230769231, "LRL": 0.5793269230769231, "LRE": 0.5793269230769231, "LOG_R": 0.5793269230769231, "RF": 0.7497747973175859, "SVM": 0.6458333333333335, "DNN": 0.5383380168606985}, "2": {"AB": 0.8350515463917526, "AC": 0.59016575355241, "DS": 0.32762175613224315, "DT": 0.7514670896114195, "GM": 0.32762175613224315, "GN": 0.5857784826856991, "GB": 0.7042545468551041, "KNN": 0.8138397447728531, "KM": 0.335671229789871, "LR": 0.5857784826856991, "LRR": 0.5857784826856991, "LRL": 0.5857784826856991, "LRE": 0.5857784826856991, "LOG_R": 0.5857784826856991, "RF": 0.7042545468551041, "SVM": 0.6576335147255873, "DNN": 0.6016334181282634}, "3": {"AB": 0.6431159420289855, "AC": 0.6247189575881451, "DS": 0.240929203539823, "DT": 0.7541262135922331, "GM": 0.240929203539823, "GN": 0.5667529655432123, "GB": 0.634640230570463, "KNN": 0.75, "KM": 0.6247189575881451, "LR": 0.5667529655432123, "LRR": 0.5667529655432123, "LRL": 0.5741666666666667, "LRE": 0.5667529655432123, "LOG_R": 0.5848214285714286, "RF": 0.6194545454545455, "SVM": 0.6023763559477845, "DNN": 0.6023763559477845}, "4": {"AB": 0.6866457680250783, "AC": 0.4153780252730777, "DS": 0.2957403651115619, "DT": 0.7028789899902319, "GM": 0.3723363037582333, "GN": 0.446469272217379, "GB": 0.7028789899902319, "KNN": 0.8105140115045064, "KM": 0.4153780252730777, "LR": 0.5315337806210017, "LRR": 0.5315337806210017, "LRL": 0.34096658234589267, "LRE": 0.5315337806210017, "LOG_R": 0.5315337806210017, "RF": 0.7028789899902319, "SVM": 0.3723363037582333, "DNN": 0.5553851481719685}, "0 + 1": {"AB": 0.8996386993175431, "AC": 0.3443419135502672, "DS": 0.33333333333333326, "DT": 0.8699869986998701, "GM": 0.31972789115646255, "GN": 0.7979797979797979, "GB": 0.8894583458948848, "KNN": 0.90999099909991, "KM": 0.7899789978997899, "LR": 0.619062565390249, "LRR": 0.619062565390249, "LRL": 0.619062565390249, "LRE": 0.619062565390249, "LOG_R": 0.6279454319966927, "RF": 0.8894583458948848, "SVM": 0.651567944250871, "DNN": 0.7777777777777779}, "0 + 2": {"AB": 0.8651762616317232, "AC": 0.43286968853979163, "DS": 0.32762175613224315, "DT": 0.8545560644374107, "GM": 0.5241406415333918, "GN": 0.7096131817781302, "GB": 0.8539607696884128, "KNN": 0.8761307304233383, "KM": 0.3210922262468654, "LR": 0.7560692794167628, "LRR": 0.7621276731475911, "LRL": 0.7621276731475911, "LRE": 0.7621276731475911, "LOG_R": 0.7621276731475911, "RF": 0.8968414125904804, "SVM": 0.8144329896907216, "DNN": 0.8247422680412371}, "0 + 3": {"AB": 0.875, "AC": 0.1959974984365228, "DS": 0.240929203539823, "DT": 0.8632226469182992, "GM": 0.3001805488685604, "GN": 0.8994791666666666, "GB": 0.8872267206477733, "KNN": 0.8387537395685719, "KM": 0.17809568480300186, "LR": 0.7363731656184486, "LRR": 0.7363731656184486, "LRL": 0.7212528654558279, "LRE": 0.7363731656184486, "LOG_R": 0.7511904761904762, "RF": 0.8872267206477733, "SVM": 0.8371052631578948, "DNN": 0.8383540372670808}, "0 + 4": {"AB": 0.8785457949758152, "AC": 0.4915474182169948, "DS": 0.2957403651115619, "DT": 0.8607314524555904, "GM": 0.3395537525354969, "GN": 0.8269645225464191, "GB": 0.8438445935403339, "KNN": 0.8794180073210496, "KM": 0.7515987460815047, "LR": 0.6179440644050445, "LRR": 0.6179440644050445, "LRL": 0.5937098163200302, "LRE": 0.6179440644050445, "LOG_R": 0.6179440644050445, "RF": 0.8438445935403339, "SVM": 0.6179440644050445, "DNN": 0.7437092264678473}, "1 + 2": {"AB": 0.8143935409215234, "AC": 0.41316574720540333, "DS": 0.32762175613224315, "DT": 0.7730511076990568, "GM": 0.33907640163818675, "GN": 0.5619949846753971, "GB": 0.804082057690305, "KNN": 0.845031560023312, "KM": 0.5600860600627521, "LR": 0.5556952476741263, "LRR": 0.5556952476741263, "LRL": 0.5556952476741263, "LRE": 0.5556952476741263, "LOG_R": 0.5556952476741263, "RF": 0.7834591163945478, "SVM": 0.5517126704356502, "DNN": 0.7411131556862716}, "1 + 3": {"AB": 0.8007672634271101, "AC": 0.3564063556457066, "DS": 0.240929203539823, "DT": 0.8378390306531858, "GM": 0.240929203539823, "GN": 0.6891423793597709, "GB": 0.7169589854290341, "KNN": 0.8263257575757577, "KM": 0.6325447570332481, "LR": 0.7058048433048432, "LRR": 0.7058048433048432, "LRL": 0.7058048433048432, "LRE": 0.7058048433048432, "LOG_R": 0.6947055193087639, "RF": 0.7212528654558279, "SVM": 0.7058048433048432, "DNN": 0.6900026983270372}, "1 + 4": {"AB": 0.896551724137931, "AC": 0.2677406470509918, "DS": 0.2957403651115619, "DT": 0.896551724137931, "GM": 0.3723363037582333, "GN": 0.7191644562334217, "GB": 0.8622331691297209, "KNN": 0.844966009412778, "KM": 0.29224110467862596, "LR": 0.5004470938897169, "LRR": 0.5004470938897169, "LRL": 0.5004470938897169, "LRE": 0.5004470938897169, "LOG_R": 0.5004470938897169, "RF": 0.8449663394830156, "SVM": 0.6138511273209549, "DNN": 0.7931034482758621}, "2 + 3": {"AB": 0.745, "AC": 0.26793775348263094, "DS": 0.240929203539823, "DT": 0.775, "GM": 0.240929203539823, "GN": 0.7023633111905978, "GB": 0.7940500338066261, "KNN": 0.7879317080793875, "KM": 0.3216228893058161, "LR": 0.6681581731616999, "LRR": 0.6681581731616999, "LRL": 0.6523148148148148, "LRE": 0.6681581731616999, "LOG_R": 0.6681581731616999, "RF": 0.8078746433965431, "SVM": 0.6523148148148148, "DNN": 0.7566412149689545}, "2 + 4": {"AB": 0.8269645225464191, "AC": 0.4482758620689655, "DS": 0.2957403651115619, "DT": 0.8277914614121511, "GM": 0.3723363037582333, "GN": 0.6551724137931034, "GB": 0.7352387635969249, "KNN": 0.7923645320197044, "KM": 0.5501231527093596, "LR": 0.618899056365414, "LRR": 0.618899056365414, "LRL": 0.618899056365414, "LRE": 0.618899056365414, "LOG_R": 0.618899056365414, "RF": 0.6646357672227716, "SVM": 0.6804026558149496, "DNN": 0.6604176784847012}, "3 + 4": {"AB": 0.8077452288172088, "AC": 0.6195093942390506, "DS": 0.2957403651115619, "DT": 0.8100608276275159, "GM": 0.2957403651115619, "GN": 0.7241379310344828, "GB": 0.7050619250732308, "KNN": 0.844966009412778, "KM": 0.3518808777429467, "LR": 0.7064607749648815, "LRR": 0.7064607749648815, "LRL": 0.7241379310344828, "LRE": 0.7241379310344828, "LOG_R": 0.7064607749648815, "RF": 0.6885467980295567, "SVM": 0.6719232477202548, "DNN": 0.7409920376738853}, "0 + 1 + 2": {"AB": 0.8348409738977848, "AC": 0.2469425672898272, "DS": 0.32762175613224315, "DT": 0.865979381443299, "GM": 0.3052733071274939, "GN": 0.6888712661908538, "GB": 0.8034967734697491, "KNN": 0.844667893411763, "KM": 0.6483350260143319, "LR": 0.6140493680320454, "LRR": 0.6140493680320454, "LRL": 0.6140493680320454, "LRE": 0.6140493680320454, "LOG_R": 0.5961365228705835, "RF": 0.8144329896907216, "SVM": 0.6330998492274995, "DNN": 0.7935512173722309}, "0 + 1 + 3": {"AB": 0.8378390306531858, "AC": 0.3492445054945054, "DS": 0.240929203539823, "DT": 0.8, "GM": 0.3419275049469329, "GN": 0.8378390306531858, "GB": 0.8138352587434721, "KNN": 0.8386572242443424, "KM": 0.35299711121810307, "LR": 0.6571907600596125, "LRR": 0.6571907600596125, "LRL": 0.6685000000000001, "LRE": 0.6571907600596125, "LOG_R": 0.6964450296247531, "RF": 0.9, "SVM": 0.7325498575498577, "DNN": 0.8095504222553404}, "0 + 1 + 4": {"AB": 0.9479481978467779, "AC": 0.5457416147071319, "DS": 0.2957403651115619, "DT": 0.8794182640423455, "GM": 0.5457416147071319, "GN": 0.7586206896551724, "GB": 0.8946501014198784, "KNN": 0.9138700052293212, "KM": 0.510013072469818,