{"0": {"AB": 1.0, "AC": 0.14285714285714288, "DS": 0.3333333333333333, "DT": 1.0, "GM": 0.30769230769230765, "GN": 1.0, "GB": 1.0, "KNN": 1.0, "KM": 0.0, "LR": 1.0, "LRR": 1.0, "LRL": 1.0, "LRE": 1.0, "LOG_R": 1.0, "RF": 1.0, "SVM": 1.0, "DNN": 1.0}, "1": {"AB": 1.0, "AC": 0.2, "DS": 0.3333333333333333, "DT": 1.0, "GM": 0.2, "GN": 1.0, "GB": 1.0, "KNN": 1.0, "KM": 0.0, "LR": 0.9372549019607843, "LRR": 0.9372549019607843, "LRL": 0.9372549019607843, "LRE": 0.9372549019607843, "LOG_R": 1.0, "RF": 1.0, "SVM": 1.0, "DNN": 1.0}, "2": {"AB": 0.8146853146853146, "AC": 0.5860805860805861, "DS": 0.6688963210702342, "DT": 0.8146853146853146, "GM": 0.6688963210702342, "GN": 0.6688963210702342, "GB": 0.8146853146853146, "KNN": 0.8146853146853146, "KM": 0.5860805860805861, "LR": 0.6688963210702342, "LRR": 0.6688963210702342, "LRL": 0.6688963210702342, "LRE": 0.6688963210702342, "LOG_R": 0.6688963210702342, "RF": 0.8146853146853146, "SVM": 0.6688963210702342, "DNN": 0.6688963210702342}, "3": {"AB": 0.5384615384615384, "AC": 0.6293706293706294, "DS": 0.6688963210702342, "DT": 0.5384615384615384, "GM": 0.6293706293706294, "GN": 0.5384615384615384, "GB": 0.5384615384615384, "KNN": 0.5384615384615384, "KM": 0.5860805860805861, "LR": 0.5384615384615384, "LRR": 0.5384615384615384, "LRL": 0.5384615384615384, "LRE": 0.5384615384615384, "LOG_R": 0.5384615384615384, "RF": 0.7136752136752136, "SVM": 0.5384615384615384, "DNN": 0.5384615384615384}, "4": {"AB": 0.6666666666666666, "AC": 0.7999999999999999, "DS": 0.6428571428571428, "DT": 0.6666666666666666, "GM": 0.7999999999999999, "GN": 0.6666666666666666, "GB": 0.6666666666666666, "KNN": 0.7315789473684212, "KM": 0.7999999999999999, "LR": 0.7999999999999999, "LRR": 0.7999999999999999, "LRL": 0.7999999999999999, "LRE": 0.7999999999999999, "LOG_R": 0.7999999999999999, "RF": 0.6666666666666666, "SVM": 0.7999999999999999, "DNN": 0.6428571428571428}, "0 + 1": {"AB": 1.0, "AC": 1.0, "DS": 0.3333333333333333, "DT": 1.0, "GM": 0.3333333333333333, "GN": 1.0, "GB": 1.0, "KNN": 1.0, "KM": 1.0, "LR": 1.0, "LRR": 1.0, "LRL": 1.0, "LRE": 1.0, "LOG_R": 1.0, "RF": 1.0, "SVM": 1.0, "DNN": 1.0}, "0 + 2": {"AB": 1.0, "AC": 0.4411764705882353, "DS": 0.6428571428571428, "DT": 1.0, "GM": 0.6428571428571428, "GN": 1.0, "GB": 1.0, "KNN": 1.0, "KM": 0.4411764705882353, "LR": 1.0, "LRR": 1.0, "LRL": 1.0, "LRE": 1.0, "LOG_R": 1.0, "RF": 1.0, "SVM": 1.0, "DNN": 1.0}, "0 + 3": {"AB": 1.0, "AC": 0.6, "DS": 0.6428571428571428, "DT": 1.0, "GM": 0.6, "GN": 1.0, "GB": 1.0, "KNN": 1.0, "KM": 0.6, "LR": 0.9201680672268907, "LRR": 0.9201680672268907, "LRL": 0.9201680672268907, "LRE": 0.9201680672268907, "LOG_R": 1.0, "RF": 1.0, "SVM": 1.0, "DNN": 0.9201680672268907}, "0 + 4": {"AB": 1.0, "AC": 0.7999999999999999, "DS": 0.6428571428571428, "DT": 1.0, "GM": 0.07142857142857144, "GN": 1.0, "GB": 1.0, "KNN": 1.0, "KM": 0.9105263157894737, "LR": 0.9558823529411765, "LRR": 0.9558823529411765, "LRL": 0.9558823529411765, "LRE": 0.9558823529411765, "LOG_R": 1.0, "RF": 1.0, "SVM": 1.0, "DNN": 0.9105263157894737}, "1 + 2": {"AB": 1.0, "AC": 0.5133689839572193, "DS": 0.6124401913875599, "DT": 1.0, "GM": 0.6124401913875599, "GN": 1.0, "GB": 1.0, "KNN": 1.0, "KM": 0.5133689839572193, "LR": 1.0, "LRR": 1.0, "LRL": 1.0, "LRE": 1.0, "LOG_R": 1.0, "RF": 1.0, "SVM": 1.0, "DNN": 1.0}, "1 + 3": {"AB": 1.0, "AC": 0.5656565656565656, "DS": 0.6124401913875599, "DT": 1.0, "GM": 0.2874902874902875, "GN": 1.0, "GB": 1.0, "KNN": 1.0, "KM": 0.2874902874902875, "LR": 1.0, "LRR": 1.0, "LRL": 1.0, "LRE": 1.0, "LOG_R": 1.0, "RF": 1.0, "SVM": 1.0, "DNN": 0.9125541125541126}, "1 + 4": {"AB": 1.0, "AC": 0.5656565656565656, "DS": 0.6124401913875599, "DT": 1.0, "GM": 0.5656565656565656, "GN": 1.0, "GB": 1.0, "KNN": 1.0, "KM": 0.5656565656565656, "LR": 0.9515151515151515, "LRR": 0.9515151515151515, "LRL": 0.9515151515151515, "LRE": 0.9515151515151515, "LOG_R": 1.0, "RF": 1.0, "SVM": 1.0, "DNN": 0.9125541125541126}, "2 + 3": {"AB": 0.9172161172161173, "AC": 0.6293706293706294, "DS": 0.6688963210702342, "DT": 0.9172161172161173, "GM": 0.6293706293706294, "GN": 0.8146853146853146, "GB": 0.9172161172161173, "KNN": 0.9172161172161173, "KM": 0.6293706293706294, "LR": 0.6293706293706294, "LRR": 0.6293706293706294, "LRL": 0.6293706293706294, "LRE": 0.6293706293706294, "LOG_R": 0.6293706293706294, "RF": 0.8146853146853146, "SVM": 0.6688963210702342, "DNN": 0.6688963210702342}, "2 + 4": {"AB": 0.8333333333333334, "AC": 0.5, "DS": 0.6428571428571428, "DT": 0.8333333333333334, "GM": 0.6428571428571428, "GN": 0.7999999999999999, "GB": 0.7999999999999999, "KNN": 0.9105263157894737, "KM": 0.5, "LR": 0.7999999999999999, "LRR": 0.7999999999999999, "LRL": 0.7999999999999999, "LRE": 0.7999999999999999, "LOG_R": 0.7999999999999999, "RF": 0.7999999999999999, "SVM": 0.7999999999999999, "DNN": 0.7999999999999999}, "3 + 4": {"AB": 0.9201680672268907, "AC": 0.7999999999999999, "DS": 0.6428571428571428, "DT": 0.8333333333333334, "GM": 0.7999999999999999, "GN": 0.8333333333333334, "GB": 0.6, "KNN": 0.7999999999999999, "KM": 0.07142857142857144, "LR": 0.8355263157894738, "LRR": 0.8355263157894738, "LRL": 0.8355263157894738, "LRE": 0.8355263157894738, "LOG_R": 0.9105263157894737, "RF": 0.7315789473684212, "SVM": 0.9105263157894737, "DNN": 0.8333333333333334}, "0 + 1 + 2": {"AB": 1.0, "AC": 0.5454545454545454, "DS": 0.6124401913875599, "DT": 1.0, "GM": 0.6124401913875599, "GN": 1.0, "GB": 1.0, "KNN": 1.0, "KM": 0.5454545454545454, "LR": 0.9125541125541126, "LRR": 1.0, "LRL": 1.0, "LRE": 1.0, "LOG_R": 1.0, "RF": 1.0, "SVM": 1.0, "DNN": 1.0}, "0 + 1 + 3": {"AB": 1.0, "AC": 0.45454545454545453, "DS": 0.6124401913875599, "DT": 1.0, "GM": 0.6124401913875599, "GN": 1.0, "GB": 1.0, "KNN": 1.0, "KM": 0.1212121212121212, "LR": 1.0, "LRR": 1.0, "LRL": 1.0, "LRE": 1.0, "LOG_R": 1.0, "RF": 1.0, "SVM": 1.0, "DNN": 1.0}, "0 + 1 + 4": {"AB": 1.0, "AC": 0.9026737967914439, "DS": 0.6124401913875599, "DT": 1.0, "GM": 0.6124401913875599, "GN": 1.0, "GB": 1.0, "KNN": 1.0, "KM": 0.9026737967914439, "LR": 1.0, "LRR": 1.0, "LRL": 1.0, "LRE": 1.0, "LOG_R": 1.0, "RF": 1.0, "SVM": 1.0, "DNN": 1.0}, "0 + 2 + 3": {"AB": 1.0, "AC": 0.6, "DS": 0.6428571428571428, "DT": 1.0, "GM": 0.6, "GN": 1.0, "GB": 1.0, "KNN": 1.0, "KM": 0.2571428571428571, "LR": 0.8705357142857144, "LRR": 0.8705357142857144, "LRL": 0.8705357142857144, "LRE": 0.8705357142857144, "LOG_R": 1.0, "RF": 1.0, "SVM": 0.9201680672268907, "DNN": 1.0}, "0 + 2 + 4": {"AB": 1.0, "AC": 0.6, "DS": 0.6428571428571428, "DT": 1.0, "GM": 0.6, "GN": 1.0, "GB": 1.0, "KNN": 1.0, "KM": 0.2571428571428571, "LR": 0.9558823529411765, "LRR": 0.9558823529411765, "LRL": 0.9558823529411765, "LRE": 0.9558823529411765, "LOG_R": 1.0, "RF": 1.0, "SVM": 1.0, "DNN": 1.0}, "0 + 3 + 4": {"AB": 1.0, "AC": 0.6, "DS": 0.6428571428571428, "DT": 1.0, "GM": 0.6, "GN": 1.0, "GB": 1.0, "KNN": 1.0, "KM": 0.6, "LR": 1.0, "LRR": 1.0, "LRL": 1.0, "LRE": 1.0, "LOG_R": 1.0, "RF": 1.0, "SVM": 1.0, "DNN": 0.7999999999999999}, "1 + 2 + 3": {"AB": 1.0, "AC": 0.5656565656565656, "DS": 0.6124401913875599, "DT": 1.0, "GM": 0.5656565656565656, "GN": 1.0, "GB": 1.0, "KNN": 1.0, "KM": 0.5656565656565656, "LR": 0.9515151515151515, "LRR": 1.0, "LRL": 0.9515151515151515, "LRE": 0.9515151515151515, "LOG_R": 1.0, "RF": 1.0, "SVM": 1.0, "DNN": 1.0}, "1 + 2 + 4": {"AB": 1.0, "AC": 0.7828282828282828, "DS": 0.6124401913875599, "DT": 1.0, "GM": 0.0839160839160839, "GN": 1.0, "GB": 1.0, "KNN": 1.0, "KM": 0.0, "LR": 0.9026737967914439, "LRR": 0.9026737967914439, "LRL": 0.9026737967914439, "LRE": 0.9026737967914439, "LOG_R": 1.0, "RF": 1.0, "SVM": 1.0, "DNN": 1.0}, "1 + 3 + 4": {"AB": 1.0, "AC": 1.0, "DS": 0.6124401913875599, "DT": 1.0, "GM": 0.11688311688311687, "GN": 1.0, "GB": 1.0, "KNN": 0.9026737967914439, "KM": 0.9125541125541126, "LR": 0.9515151515151515, "LRR": 0.9515151515151515, "LRL": 0.9515151515151515, "LRE": 0.9515151515151515, "LOG_R": 1.0, "RF": 1.0, "SVM": 1.0, "DNN": 0.9026737967914439}, "2 + 3 + 4": {"AB": 0.7315789473684212,