{"0": {"AB": 0.7781399304844183, "AC": 0.3732699562303168, "DS": 0.3444289531776461, "DT": 0.7483664459161148, "GM": 0.3732699562303168, "GN": 0.6143997283070131, "GB": 0.7042083809900356, "KNN": 0.7986329992562949, "KM": 0.5372581446571199, "LR": 0.45484658420640756, "LRR": 0.45484658420640756, "LRL": 0.5285181498823756, "LRE": 0.45484658420640756, "LOG_R": 0.45484658420640756, "RF": 0.7333006295478702, "SVM": 0.42548421539311004, "DNN": 0.6744960618183229}, "1": {"AB": 0.846297976742623, "AC": 0.6286092633653608, "DS": 0.4381974769529355, "DT": 0.8467934153078499, "GM": 0.4381974769529355, "GN": 0.7305678738605568, "GB": 0.8094728614627645, "KNN": 0.8585390946502057, "KM": 0.6954934378958149, "LR": 0.6195635144450712, "LRR": 0.6195635144450712, "LRL": 0.6233164983164983, "LRE": 0.6195635144450712, "LOG_R": 0.6060679165517875, "RF": 0.8607212866435, "SVM": 0.6548597933797174, "DNN": 0.6233164983164983}, "2": {"AB": 0.7892389300840005, "AC": 0.35945343952571474, "DS": 0.2726897973205084, "DT": 0.7890286430119178, "GM": 0.473677281077771, "GN": 0.4738817499752579, "GB": 0.739697116870502, "KNN": 0.8028169014084507, "KM": 0.473677281077771, "LR": 0.3960176293008235, "LRR": 0.3960176293008235, "LRL": 0.36029510395707576, "LRE": 0.4000878348704435, "LOG_R": 0.5523882424984691, "RF": 0.7553431051424828, "SVM": 0.3977439296411957, "DNN": 0.46403103304511767}, "3": {"AB": 0.6595407085643895, "AC": 0.31675686061033015, "DS": 0.48620906990005697, "DT": 0.708516676431115, "GM": 0.50203181237664, "GN": 0.5852903077783461, "GB": 0.5957711643195513, "KNN": 0.7200668048196092, "KM": 0.6049696254299836, "LR": 0.6049358533513104, "LRR": 0.6049358533513104, "LRL": 0.585947835947836, "LRE": 0.6100868828141556, "LOG_R": 0.6049358533513104, "RF": 0.5957711643195513, "SVM": 0.48620906990005697, "DNN": 0.585947835947836}, "4": {"AB": 0.8349304325828484, "AC": 0.28288608769623386, "DS": 0.37559773945804953, "DT": 0.8061430813845212, "GM": 0.4238579742439753, "GN": 0.5675743717103184, "GB": 0.6927313119934917, "KNN": 0.857253890168786, "KM": 0.4238579742439753, "LR": 0.44953467954345916, "LRR": 0.44953467954345916, "LRL": 0.4238579742439753, "LRE": 0.44953467954345916, "LOG_R": 0.44953467954345916, "RF": 0.6513153561407438, "SVM": 0.37559773945804953, "DNN": 0.4244296147825883}, "0 + 1": {"AB": 0.8606382019722671, "AC": 0.42573991860895305, "DS": 0.4093482463407898, "DT": 0.8601477480984123, "GM": 0.42573991860895305, "GN": 0.6975020602712876, "GB": 0.831482159077414, "KNN": 0.8427982407916437, "KM": 0.609554173483724, "LR": 0.6176470588235294, "LRR": 0.6176470588235294, "LRL": 0.6225997662381032, "LRE": 0.6246071133167908, "LOG_R": 0.6236914981999445, "RF": 0.8169467787114846, "SVM": 0.6409837302084035, "DNN": 0.6905084551666221}, "0 + 2": {"AB": 0.7807157993878032, "AC": 0.3055677413833156, "DS": 0.2897080291970803, "DT": 0.7862469020123956, "GM": 0.40192960235601, "GN": 0.6079441135641037, "GB": 0.742780370919265, "KNN": 0.824069833733656, "KM": 0.4268315227390106, "LR": 0.5257779485209374, "LRR": 0.5257779485209374, "LRL": 0.5067117678476055, "LRE": 0.5089551230062178, "LOG_R": 0.5356398216131351, "RF": 0.7504550194331215, "SVM": 0.5884896125772038, "DNN": 0.715693723330153}, "0 + 3": {"AB": 0.7463891402714932, "AC": 0.5857287449392713, "DS": 0.44065403195837977, "DT": 0.768491124260355, "GM": 0.47460344533515264, "GN": 0.5664072398190044, "GB": 0.6538341158059466, "KNN": 0.7605085269369524, "KM": 0.3988691460246454, "LR": 0.5411779061685952, "LRR": 0.5411779061685952, "LRL": 0.5420118343195268, "LRE": 0.5411779061685952, "LOG_R": 0.5411779061685952, "RF": 0.6538341158059466, "SVM": 0.44065403195837977, "DNN": 0.6746534243740948}, "0 + 4": {"AB": 0.7611940298507462, "AC": 0.39211838600262333, "DS": 0.37559773945804953, "DT": 0.7160387900071834, "GM": 0.2861978765963994, "GN": 0.5128023853981692, "GB": 0.7592720502117181, "KNN": 0.7958500389857734, "KM": 0.5806561333322536, "LR": 0.4826881541603757, "LRR": 0.4826881541603757, "LRL": 0.4826881541603757, "LRE": 0.4826881541603757, "LOG_R": 0.49653033533630553, "RF": 0.7682436784184146, "SVM": 0.37559773945804953, "DNN": 0.6569127704045119}, "1 + 2": {"AB": 0.7869425348140313, "AC": 0.4575206013851144, "DS": 0.35170580416482056, "DT": 0.8276258437801352, "GM": 0.4864249374141969, "GN": 0.6721311475409837, "GB": 0.8109023093458017, "KNN": 0.7860203321268894, "KM": 0.32287172850158186, "LR": 0.6722192843292789, "LRR": 0.6722192843292789, "LRL": 0.6722192843292789, "LRE": 0.6722192843292789, "LOG_R": 0.6722192843292789, "RF": 0.7332047573127611, "SVM": 0.6722192843292789, "DNN": 0.6148317950130872}, "1 + 3": {"AB": 0.7740386218586088, "AC": 0.5938090737240075, "DS": 0.469552219405992, "DT": 0.8228966232316084, "GM": 0.469552219405992, "GN": 0.6709575913609382, "GB": 0.7758994012463023, "KNN": 0.7328078480246926, "KM": 0.6244344758837512, "LR": 0.7224035041302878, "LRR": 0.7224035041302878, "LRL": 0.7224035041302878, "LRE": 0.7224035041302878, "LOG_R": 0.711103442987501, "RF": 0.7635430731839049, "SVM": 0.6918894589972094, "DNN": 0.6704999692515835}, "1 + 4": {"AB": 0.8015267175572519, "AC": 0.26974731599787727, "DS": 0.38987703531004403, "DT": 0.7921715760551006, "GM": 0.4393105146515636, "GN": 0.5889797411898455, "GB": 0.7937230445258876, "KNN": 0.8134701248628946, "KM": 0.4393105146515636, "LR": 0.6870229007633588, "LRR": 0.6870229007633588, "LRL": 0.6649061660287525, "LRE": 0.6948700154807025, "LOG_R": 0.6799500826022559, "RF": 0.7703514868406062, "SVM": 0.6791277424865213, "DNN": 0.7175572519083969}, "2 + 3": {"AB": 0.8526175465664492, "AC": 0.4231832109809698, "DS": 0.38229628202658444, "DT": 0.8618202917771884, "GM": 0.45602630091339147, "GN": 0.5426733766400493, "GB": 0.6539809123833568, "KNN": 0.7806575966722747, "KM": 0.445304327267192, "LR": 0.5403700588730026, "LRR": 0.5403700588730026, "LRL": 0.5403700588730026, "LRE": 0.5403700588730026, "LOG_R": 0.5516614014493522, "RF": 0.661458609257674, "SVM": 0.5495538943814806, "DNN": 0.5564321107146469}, "2 + 4": {"AB": 0.816, "AC": 0.3553396146337323, "DS": 0.33778723404255323, "DT": 0.8397948717948718, "GM": 0.3429333333333333, "GN": 0.552954675846242, "GB": 0.6671999999999999, "KNN": 0.8383850931677018, "KM": 0.4642850122850124, "LR": 0.5669444444444445, "LRR": 0.5669444444444445, "LRL": 0.588103467253715, "LRE": 0.5669444444444445, "LOG_R": 0.5603616006634875, "RF": 0.6527376788553259, "SVM": 0.5294816788807462, "DNN": 0.5593004833706081}, "3 + 4": {"AB": 0.7605320813771517, "AC": 0.43888737717309145, "DS": 0.42103553299492374, "DT": 0.7851720173115432, "GM": 0.43888737717309145, "GN": 0.5910925589836661, "GB": 0.6153752380952382, "KNN": 0.7975650545186969, "KM": 0.6010666666666667, "LR": 0.570034843205575, "LRR": 0.570034843205575, "LRL": 0.5858869778869779, "LRE": 0.570034843205575, "LOG_R": 0.5635656879013059, "RF": 0.6134716756112104, "SVM": 0.45189396170839474, "DNN": 0.4700827478532397}, "0 + 1 + 2": {"AB": 0.8606838407494145, "AC": 0.3697374673319079, "DS": 0.35170580416482056, "DT": 0.8852459016393442, "GM": 0.416188524590164, "GN": 0.6612623452148194, "GB": 0.785504745470233, "KNN": 0.8006966204494413, "KM": 0.3278021971111824, "LR": 0.650365026730129, "LRR": 0.650365026730129, "LRL": 0.650365026730129, "LRE": 0.650365026730129, "LOG_R": 0.6476120295683381, "RF": 0.7409614638352312, "SVM": 0.6557377049180327, "DNN": 0.631023423459205}, "0 + 1 + 3": {"AB": 0.8511007429102427, "AC": 0.6436947515130687, "DS": 0.44065403195837977, "DT": 0.7935006767221532, "GM": 0.44065403195837977, "GN": 0.6331749331749331, "GB": 0.7935006767221532, "KNN": 0.859305773591488, "KM": 0.3314005254707342, "LR": 0.6543324734638643, "LRR": 0.6543324734638643, "LRL": 0.6398453967200549, "LRE": 0.6543324734638643, "LOG_R": 0.6317588843904633, "RF": 0.7912673684611102, "SVM": 0.6183424842401051, "DNN": 0.6790280665280665}, "0 + 1 + 4": {"AB": 0.8623520248659524, "AC": 0.3988513267902581, "DS": 0.38987703531004403, "DT": 0.8695353336231954, "GM": 0.379236641221374, "GN": 0.612839717462557,