{"0": {"AB": 0.14009187824388783, "AC": 0.14009187824388783, "DS": 0.14009187824388783, "DT": 0.14009187824388783, "GM": 0.14009187824388783, "GN": 0.14009187824388783, "GB": 0.14009187824388783, "KNN": 0.14009187824388783, "KM": 0.14009187824388783, "LR": 0.14009187824388783, "LRR": 0.14009187824388783, "LRL": 0.14009187824388783, "LRE": 0.14009187824388783, "LOG_R": 0.14009187824388783, "RF": 0.14009187824388783, "SVM": 0.14009187824388783, "DNN": 0.14009187824388783}, "1": {"AB": 0.1352611238216848, "AC": 0.1352611238216848, "DS": 0.1352611238216848, "DT": 0.1352611238216848, "GM": 0.1352611238216848, "GN": 0.1352611238216848, "GB": 0.1352611238216848, "KNN": 0.1352611238216848, "KM": 0.1352611238216848, "LR": 0.1352611238216848, "LRR": 0.1352611238216848, "LRL": 0.1352611238216848, "LRE": 0.1352611238216848, "LOG_R": 0.1352611238216848, "RF": 0.1352611238216848, "SVM": 0.1352611238216848, "DNN": 0.1352611238216848}, "2": {"AB": 0.2502452094073487, "AC": 0.2502452094073487, "DS": 0.2502452094073487, "DT": 0.2502452094073487, "GM": 0.2502452094073487, "GN": 0.2502452094073487, "GB": 0.2502452094073487, "KNN": 0.2502452094073487, "KM": 0.2502452094073487, "LR": 0.2502452094073487, "LRR": 0.2502452094073487, "LRL": 0.2502452094073487, "LRE": 0.2502452094073487, "LOG_R": 0.2502452094073487, "RF": 0.2502452094073487, "SVM": 0.2502452094073487, "DNN": 0.2502452094073487}, "3": {"AB": 0.2502452094073487, "AC": 0.2502452094073487, "DS": 0.2502452094073487, "DT": 0.2502452094073487, "GM": 0.2502452094073487, "GN": 0.2502452094073487, "GB": 0.2502452094073487, "KNN": 0.2502452094073487, "KM": 0.2502452094073487, "LR": 0.2502452094073487, "LRR": 0.2502452094073487, "LRL": 0.2502452094073487, "LRE": 0.2502452094073487, "LOG_R": 0.2502452094073487, "RF": 0.2502452094073487, "SVM": 0.2502452094073487, "DNN": 0.2502452094073487}, "4": {"AB": 0.2357529461407396, "AC": 0.2357529461407396, "DS": 0.2357529461407396, "DT": 0.2357529461407396, "GM": 0.2357529461407396, "GN": 0.2357529461407396, "GB": 0.2357529461407396, "KNN": 0.2357529461407396, "KM": 0.2357529461407396, "LR": 0.2357529461407396, "LRR": 0.2357529461407396, "LRL": 0.2357529461407396, "LRE": 0.2357529461407396, "LOG_R": 0.2357529461407396, "RF": 0.2357529461407396, "SVM": 0.2357529461407396, "DNN": 0.2357529461407396}, "0 + 1": {"AB": 0.18178132684159864, "AC": 0.18178132684159864, "DS": 0.18178132684159864, "DT": 0.18178132684159864, "GM": 0.18178132684159864, "GN": 0.18178132684159864, "GB": 0.18178132684159864, "KNN": 0.18178132684159864, "KM": 0.18178132684159864, "LR": 0.18178132684159864, "LRR": 0.18178132684159864, "LRL": 0.18178132684159864, "LRE": 0.18178132684159864, "LOG_R": 0.18178132684159864, "RF": 0.18178132684159864, "SVM": 0.18178132684159864, "DNN": 0.18178132684159864}, "0 + 2": {"AB": 0.254420518368924, "AC": 0.254420518368924, "DS": 0.254420518368924, "DT": 0.254420518368924, "GM": 0.254420518368924, "GN": 0.254420518368924, "GB": 0.254420518368924, "KNN": 0.254420518368924, "KM": 0.254420518368924, "LR": 0.254420518368924, "LRR": 0.254420518368924, "LRL": 0.254420518368924, "LRE": 0.254420518368924, "LOG_R": 0.254420518368924, "RF": 0.254420518368924, "SVM": 0.254420518368924, "DNN": 0.254420518368924}, "0 + 3": {"AB": 0.254420518368924, "AC": 0.254420518368924, "DS": 0.254420518368924, "DT": 0.254420518368924, "GM": 0.254420518368924, "GN": 0.254420518368924, "GB": 0.254420518368924, "KNN": 0.254420518368924, "KM": 0.254420518368924, "LR": 0.254420518368924, "LRR": 0.254420518368924, "LRL": 0.254420518368924, "LRE": 0.254420518368924, "LOG_R": 0.254420518368924, "RF": 0.254420518368924, "SVM": 0.254420518368924, "DNN": 0.254420518368924}, "0 + 4": {"AB": 0.2505632162564183, "AC": 0.2505632162564183, "DS": 0.2505632162564183, "DT": 0.2505632162564183, "GM": 0.2505632162564183, "GN": 0.2505632162564183, "GB": 0.2505632162564183, "KNN": 0.2505632162564183, "KM": 0.2505632162564183, "LR": 0.2505632162564183, "LRR": 0.2505632162564183, "LRL": 0.2505632162564183, "LRE": 0.2505632162564183, "LOG_R": 0.2505632162564183, "RF": 0.2505632162564183, "SVM": 0.2505632162564183, "DNN": 0.2505632162564183}, "1 + 2": {"AB": 0.2493388550035851, "AC": 0.2493388550035851, "DS": 0.2493388550035851, "DT": 0.2493388550035851, "GM": 0.2493388550035851, "GN": 0.2493388550035851, "GB": 0.2493388550035851, "KNN": 0.2493388550035851, "KM": 0.2493388550035851, "LR": 0.2493388550035851, "LRR": 0.2493388550035851, "LRL": 0.2493388550035851, "LRE": 0.2493388550035851, "LOG_R": 0.2493388550035851, "RF": 0.2493388550035851, "SVM": 0.2493388550035851, "DNN": 0.2493388550035851}, "1 + 3": {"AB": 0.2493388550035851, "AC": 0.2493388550035851, "DS": 0.2493388550035851, "DT": 0.2493388550035851, "GM": 0.2493388550035851, "GN": 0.2493388550035851, "GB": 0.2493388550035851, "KNN": 0.2493388550035851, "KM": 0.2493388550035851, "LR": 0.2493388550035851, "LRR": 0.2493388550035851, "LRL": 0.2493388550035851, "LRE": 0.2493388550035851, "LOG_R": 0.2493388550035851, "RF": 0.2493388550035851, "SVM": 0.2493388550035851, "DNN": 0.2493388550035851}, "1 + 4": {"AB": 0.24555537210616651, "AC": 0.24555537210616651, "DS": 0.24555537210616651, "DT": 0.24555537210616651, "GM": 0.24555537210616651, "GN": 0.24555537210616651, "GB": 0.24555537210616651, "KNN": 0.24555537210616651, "KM": 0.24555537210616651, "LR": 0.24555537210616651, "LRR": 0.24555537210616651, "LRL": 0.24555537210616651, "LRE": 0.24555537210616651, "LOG_R": 0.24555537210616651, "RF": 0.24555537210616651, "SVM": 0.24555537210616651, "DNN": 0.24555537210616651}, "2 + 3": {"AB": 0.33366027920979824, "AC": 0.33366027920979824, "DS": 0.33366027920979824, "DT": 0.33366027920979824, "GM": 0.33366027920979824, "GN": 0.33366027920979824, "GB": 0.33366027920979824, "KNN": 0.33366027920979824, "KM": 0.33366027920979824, "LR": 0.33366027920979824, "LRR": 0.33366027920979824, "LRL": 0.33366027920979824, "LRE": 0.33366027920979824, "LOG_R": 0.33366027920979824, "RF": 0.33366027920979824, "SVM": 0.33366027920979824, "DNN": 0.33366027920979824}, "2 + 4": {"AB": 0.31819456363349186, "AC": 0.31819456363349186, "DS": 0.31819456363349186, "DT": 0.31819456363349186, "GM": 0.31819456363349186, "GN": 0.31819456363349186, "GB": 0.31819456363349186, "KNN": 0.31819456363349186, "KM": 0.31819456363349186, "LR": 0.31819456363349186, "LRR": 0.31819456363349186, "LRL": 0.31819456363349186, "LRE": 0.31819456363349186, "LOG_R": 0.31819456363349186, "RF": 0.31819456363349186, "SVM": 0.31819456363349186, "DNN": 0.31819456363349186}, "3 + 4": {"AB": 0.31819456363349186, "AC": 0.31819456363349186, "DS": 0.31819456363349186, "DT": 0.31819456363349186, "GM": 0.31819456363349186, "GN": 0.31819456363349186, "GB": 0.31819456363349186, "KNN": 0.31819456363349186, "KM": 0.31819456363349186, "LR": 0.31819456363349186, "LRR": 0.31819456363349186, "LRL": 0.31819456363349186, "LRE": 0.31819456363349186, "LOG_R": 0.31819456363349186, "RF": 0.31819456363349186, "SVM": 0.31819456363349186, "DNN": 0.31819456363349186}, "0 + 1 + 2": {"AB": 0.25570957447304543, "AC": 0.25570957447304543, "DS": 0.25570957447304543, "DT": 0.25570957447304543, "GM": 0.25570957447304543, "GN": 0.25570957447304543, "GB": 0.25570957447304543, "KNN": 0.25570957447304543, "KM": 0.25570957447304543, "LR": 0.25570957447304543, "LRR": 0.25570957447304543, "LRL": 0.25570957447304543, "LRE": 0.25570957447304543, "LOG_R": 0.25570957447304543, "RF": 0.25570957447304543, "SVM": 0.25570957447304543, "DNN": 0.25570957447304543}, "0 + 1 + 3": {"AB": 0.25570957447304543, "AC": 0.25570957447304543, "DS": 0.25570957447304543, "DT": 0.25570957447304543, "GM": 0.25570957447304543, "GN": 0.25570957447304543, "GB": 0.25570957447304543, "KNN": 0.25570957447304543, "KM": 0.25570957447304543, "LR": 0.25570957447304543, "LRR": 0.25570957447304543, "LRL": 0.25570957447304543, "LRE": 0.25570957447304543, "LOG_R": 0.25570957447304543, "RF": 0.25570957447304543, "SVM": 0.25570957447304543, "DNN": 0.25570957447304543}, "0 + 1 + 4": {"AB": 0.25287196229998143,