{"0": {"AB": 0.0, "AC": 0.0, "DS": 0.0, "DT": 0.0, "GM": 0.0, "GN": 0.0, "GB": 0.0, "KNN": 0.0, "KM": 0.0, "LR": 0.0, "LRR": 0.0, "LRL": 0.0, "LRE": 0.0, "LOG_R": 0.0, "RF": 0.0, "SVM": 0.0, "DNN": 0.0}, "1": {"AB": 0.0, "AC": 0.0, "DS": 0.0, "DT": 0.0, "GM": 0.0, "GN": 0.0, "GB": 0.0, "KNN": 0.0, "KM": 0.0, "LR": 0.0, "LRR": 0.0, "LRL": 0.0, "LRE": 0.0, "LOG_R": 0.0, "RF": 0.0, "SVM": 0.0, "DNN": 0.0}, "2": {"AB": 0.0, "AC": 0.0, "DS": 0.0, "DT": 0.0, "GM": 0.0, "GN": 0.0, "GB": 0.0, "KNN": 0.0, "KM": 0.0, "LR": 0.0, "LRR": 0.0, "LRL": 0.0, "LRE": 0.0, "LOG_R": 0.0, "RF": 0.0, "SVM": 0.0, "DNN": 0.0}, "3": {"AB": 0.0, "AC": 0.0, "DS": 0.0, "DT": 0.0, "GM": 0.0, "GN": 0.0, "GB": 0.0, "KNN": 0.0, "KM": 0.0, "LR": 0.0, "LRR": 0.0, "LRL": 0.0, "LRE": 0.0, "LOG_R": 0.0, "RF": 0.0, "SVM": 0.0, "DNN": 0.0}, "4": {"AB": 0.0, "AC": 0.0, "DS": 0.0, "DT": 0.0, "GM": 0.0, "GN": 0.0, "GB": 0.0, "KNN": 0.0, "KM": 0.0, "LR": 0.0, "LRR": 0.0, "LRL": 0.0, "LRE": 0.0, "LOG_R": 0.0, "RF": 0.0, "SVM": 0.0, "DNN": 0.0}, "0 + 1": {"AB": 0.05858843924539192, "AC": 0.05858843924539192, "DS": 0.05858843924539192, "DT": 0.05858843924539192, "GM": 0.05858843924539192, "GN": 0.05858843924539192, "GB": 0.05858843924539192, "KNN": 0.05858843924539192, "KM": 0.05858843924539192, "LR": 0.05858843924539192, "LRR": 0.05858843924539192, "LRL": 0.05858843924539192, "LRE": 0.05858843924539192, "LOG_R": 0.05858843924539192, "RF": 0.05858843924539192, "SVM": 0.05858843924539192, "DNN": 0.05858843924539192}, "0 + 2": {"AB": 0.0642478656339977, "AC": 0.0642478656339977, "DS": 0.0642478656339977, "DT": 0.0642478656339977, "GM": 0.0642478656339977, "GN": 0.0642478656339977, "GB": 0.0642478656339977, "KNN": 0.0642478656339977, "KM": 0.0642478656339977, "LR": 0.0642478656339977, "LRR": 0.0642478656339977, "LRL": 0.0642478656339977, "LRE": 0.0642478656339977, "LOG_R": 0.0642478656339977, "RF": 0.0642478656339977, "SVM": 0.0642478656339977, "DNN": 0.0642478656339977}, "0 + 3": {"AB": 0.3746484896096536, "AC": 0.3746484896096536, "DS": 0.3746484896096536, "DT": 0.3746484896096536, "GM": 0.3746484896096536, "GN": 0.3746484896096536, "GB": 0.3746484896096536, "KNN": 0.3746484896096536, "KM": 0.3746484896096536, "LR": 0.3746484896096536, "LRR": 0.3746484896096536, "LRL": 0.3746484896096536, "LRE": 0.3746484896096536, "LOG_R": 0.3746484896096536, "RF": 0.3746484896096536, "SVM": 0.3746484896096536, "DNN": 0.3746484896096536}, "0 + 4": {"AB": 0.38499518444997055, "AC": 0.38499518444997055, "DS": 0.38499518444997055, "DT": 0.38499518444997055, "GM": 0.38499518444997055, "GN": 0.38499518444997055, "GB": 0.38499518444997055, "KNN": 0.38499518444997055, "KM": 0.38499518444997055, "LR": 0.38499518444997055, "LRR": 0.38499518444997055, "LRL": 0.38499518444997055, "LRE": 0.38499518444997055, "LOG_R": 0.38499518444997055, "RF": 0.38499518444997055, "SVM": 0.38499518444997055, "DNN": 0.38499518444997055}, "1 + 2": {"AB": 0.02653819807313823, "AC": 0.02653819807313823, "DS": 0.02653819807313823, "DT": 0.02653819807313823, "GM": 0.02653819807313823, "GN": 0.02653819807313823, "GB": 0.02653819807313823, "KNN": 0.02653819807313823, "KM": 0.02653819807313823, "LR": 0.02653819807313823, "LRR": 0.02653819807313823, "LRL": 0.02653819807313823, "LRE": 0.02653819807313823, "LOG_R": 0.02653819807313823, "RF": 0.02653819807313823, "SVM": 0.02653819807313823, "DNN": 0.02653819807313823}, "1 + 3": {"AB": 0.31606005036426166, "AC": 0.31606005036426166, "DS": 0.31606005036426166, "DT": 0.31606005036426166, "GM": 0.31606005036426166, "GN": 0.31606005036426166, "GB": 0.31606005036426166, "KNN": 0.31606005036426166, "KM": 0.31606005036426166, "LR": 0.31606005036426166, "LRR": 0.31606005036426166, "LRL": 0.31606005036426166, "LRE": 0.31606005036426166, "LOG_R": 0.31606005036426166, "RF": 0.31606005036426166, "SVM": 0.31606005036426166, "DNN": 0.31606005036426166}, "1 + 4": {"AB": 0.32640674520457863, "AC": 0.32640674520457863, "DS": 0.32640674520457863, "DT": 0.32640674520457863, "GM": 0.32640674520457863, "GN": 0.32640674520457863, "GB": 0.32640674520457863, "KNN": 0.32640674520457863, "KM": 0.32640674520457863, "LR": 0.32640674520457863, "LRR": 0.32640674520457863, "LRL": 0.32640674520457863, "LRE": 0.32640674520457863, "LOG_R": 0.32640674520457863, "RF": 0.32640674520457863, "SVM": 0.32640674520457863, "DNN": 0.32640674520457863}, "2 + 3": {"AB": 0.31040062397565593, "AC": 0.31040062397565593, "DS": 0.31040062397565593, "DT": 0.31040062397565593, "GM": 0.31040062397565593, "GN": 0.31040062397565593, "GB": 0.31040062397565593, "KNN": 0.31040062397565593, "KM": 0.31040062397565593, "LR": 0.31040062397565593, "LRR": 0.31040062397565593, "LRL": 0.31040062397565593, "LRE": 0.31040062397565593, "LOG_R": 0.31040062397565593, "RF": 0.31040062397565593, "SVM": 0.31040062397565593, "DNN": 0.31040062397565593}, "2 + 4": {"AB": 0.32074731881597285, "AC": 0.32074731881597285, "DS": 0.32074731881597285, "DT": 0.32074731881597285, "GM": 0.32074731881597285, "GN": 0.32074731881597285, "GB": 0.32074731881597285, "KNN": 0.32074731881597285, "KM": 0.32074731881597285, "LR": 0.32074731881597285, "LRR": 0.32074731881597285, "LRL": 0.32074731881597285, "LRE": 0.32074731881597285, "LOG_R": 0.32074731881597285, "RF": 0.32074731881597285, "SVM": 0.32074731881597285, "DNN": 0.32074731881597285}, "3 + 4": {"AB": 0.04166485236711556, "AC": 0.04166485236711556, "DS": 0.04166485236711556, "DT": 0.04166485236711556, "GM": 0.04166485236711556, "GN": 0.04166485236711556, "GB": 0.04166485236711556, "KNN": 0.04166485236711556, "KM": 0.04166485236711556, "LR": 0.04166485236711556, "LRR": 0.04166485236711556, "LRL": 0.04166485236711556, "LRE": 0.04166485236711556, "LOG_R": 0.04166485236711556, "RF": 0.04166485236711556, "SVM": 0.04166485236711556, "DNN": 0.04166485236711556}, "0 + 1 + 2": {"AB": 0.05061272477470108, "AC": 0.05061272477470108, "DS": 0.05061272477470108, "DT": 0.05061272477470108, "GM": 0.05061272477470108, "GN": 0.05061272477470108, "GB": 0.05061272477470108, "KNN": 0.05061272477470108, "KM": 0.05061272477470108, "LR": 0.05061272477470108, "LRR": 0.05061272477470108, "LRL": 0.05061272477470108, "LRE": 0.05061272477470108, "LOG_R": 0.05061272477470108, "RF": 0.05061272477470108, "SVM": 0.05061272477470108, "DNN": 0.05061272477470108}, "0 + 1 + 3": {"AB": 0.3453542699869576, "AC": 0.3453542699869576, "DS": 0.3453542699869576, "DT": 0.3453542699869576, "GM": 0.3453542699869576, "GN": 0.3453542699869576, "GB": 0.3453542699869576, "KNN": 0.3453542699869576, "KM": 0.3453542699869576, "LR": 0.3453542699869576, "LRR": 0.3453542699869576, "LRL": 0.3453542699869576, "LRE": 0.3453542699869576, "LOG_R": 0.3453542699869576, "RF": 0.3453542699869576, "SVM": 0.3453542699869576, "DNN": 0.3453542699869576}, "0 + 1 + 4": {"AB": 0.3557009648272746, "AC": 0.3557009648272746, "DS": 0.3557009648272746, "DT": 0.3557009648272746, "GM": 0.3557009648272746, "GN": 0.3557009648272746, "GB": 0.3557009648272746, "KNN": 0.3557009648272746, "KM": 0.3557009648272746, "LR": 0.3557009648272746, "LRR": 0.3557009648272746, "LRL": 0.3557009648272746, "LRE": 0.3557009648272746, "LOG_R": 0.3557009648272746, "RF": 0.3557009648272746, "SVM": 0.3557009648272746, "DNN": 0.3557009648272746}, "0 + 2 + 3": {"AB": 0.34252455679265476, "AC": 0.34252455679265476, "DS": 0.34252455679265476, "DT": 0.34252455679265476, "GM": 0.34252455679265476, "GN": 0.34252455679265476, "GB": 0.34252455679265476, "KNN": 0.34252455679265476, "KM": 0.34252455679265476, "LR": 0.34252455679265476, "LRR": 0.34252455679265476, "LRL": 0.34252455679265476, "LRE": 0.34252455679265476, "LOG_R": 0.34252455679265476, "RF": 0.34252455679265476, "SVM": 0.34252455679265476, "DNN": 0.34252455679265476}, "0 + 2 + 4": {"AB": 0.3528712516329717, "AC": 0.3528712516329717, "DS": 0.3528712516329717, "DT": 0.3528712516329717, "GM": 0.3528712516329717, "GN": 0.3528712516329717, "GB": 0.3528712516329717, "KNN": 0.3528712516329717, "KM": 0.3528712516329717, "LR": 0.3528712516329717, "LRR": 0.3528712516329717, "LRL": 0.3528712516329717,