{"0": {"AB": 1.0, "AC": 0.26666666666666666, "DS": 0.3333333333333333, "DT": 1.0, "GM": 0.3333333333333333, "GN": 1.0, "GB": 1.0, "KNN": 1.0, "KM": 0.26666666666666666, "LR": 0.9210526315789473, "LRR": 0.9210526315789473, "LRL": 0.9210526315789473, "LRE": 0.9210526315789473, "LOG_R": 1.0, "RF": 1.0, "SVM": 1.0, "DNN": 1.0}, "1": {"AB": 1.0, "AC": 0.3103448275862069, "DS": 0.3333333333333333, "DT": 1.0, "GM": 0.3333333333333333, "GN": 1.0, "GB": 1.0, "KNN": 1.0, "KM": 0.0, "LR": 0.9736842105263157, "LRR": 0.9736842105263157, "LRL": 0.9736842105263157, "LRE": 0.9736842105263157, "LOG_R": 1.0, "RF": 1.0, "SVM": 1.0, "DNN": 1.0}, "2": {"AB": 1.0, "AC": 1.0, "DS": 0.3333333333333333, "DT": 1.0, "GM": 0.3333333333333333, "GN": 1.0, "GB": 1.0, "KNN": 1.0, "KM": 1.0, "LR": 1.0, "LRR": 1.0, "LRL": 1.0, "LRE": 1.0, "LOG_R": 1.0, "RF": 1.0, "SVM": 1.0, "DNN": 1.0}, "3": {"AB": 1.0, "AC": 0.9442724458204333, "DS": 0.3333333333333333, "DT": 1.0, "GM": 0.3333333333333333, "GN": 1.0, "GB": 1.0, "KNN": 1.0, "KM": 0.9442724458204333, "LR": 0.9442724458204333, "LRR": 0.9442724458204333, "LRL": 0.9442724458204333, "LRE": 0.9442724458204333, "LOG_R": 0.9442724458204333, "RF": 1.0, "SVM": 0.9442724458204333, "DNN": 0.9442724458204333}, "4": {"AB": 0.8273809523809523, "AC": 0.8273809523809523, "DS": 0.6914285714285714, "DT": 0.8273809523809523, "GM": 0.6914285714285714, "GN": 0.8273809523809523, "GB": 0.8273809523809523, "KNN": 0.8273809523809523, "KM": 0.05357142857142857, "LR": 0.8273809523809523, "LRR": 0.8273809523809523, "LRL": 0.8273809523809523, "LRE": 0.8273809523809523, "LOG_R": 0.8273809523809523, "RF": 0.8273809523809523, "SVM": 0.8273809523809523, "DNN": 0.6914285714285714}, "0 + 1": {"AB": 1.0, "AC": 0.3103448275862069, "DS": 0.3333333333333333, "DT": 1.0, "GM": 0.3333333333333333, "GN": 1.0, "GB": 1.0, "KNN": 1.0, "KM": 0.0, "LR": 1.0, "LRR": 1.0, "LRL": 1.0, "LRE": 1.0, "LOG_R": 1.0, "RF": 1.0, "SVM": 1.0, "DNN": 1.0}, "0 + 2": {"AB": 1.0, "AC": 1.0, "DS": 0.3333333333333333, "DT": 1.0, "GM": 0.3333333333333333, "GN": 1.0, "GB": 1.0, "KNN": 1.0, "KM": 0.0, "LR": 1.0, "LRR": 1.0, "LRL": 1.0, "LRE": 1.0, "LOG_R": 1.0, "RF": 1.0, "SVM": 1.0, "DNN": 1.0}, "0 + 3": {"AB": 1.0, "AC": 0.28, "DS": 0.3333333333333333, "DT": 1.0, "GM": 0.3333333333333333, "GN": 1.0, "GB": 1.0, "KNN": 1.0, "KM": 1.0, "LR": 1.0, "LRR": 1.0, "LRL": 1.0, "LRE": 1.0, "LOG_R": 1.0, "RF": 1.0, "SVM": 1.0, "DNN": 1.0}, "0 + 4": {"AB": 1.0, "AC": 0.9229813664596274, "DS": 0.6914285714285714, "DT": 0.9229813664596274, "GM": 0.6914285714285714, "GN": 1.0, "GB": 0.9229813664596274, "KNN": 1.0, "KM": 0.028571428571428574, "LR": 0.9229813664596274, "LRR": 0.9229813664596274, "LRL": 0.9229813664596274, "LRE": 0.9229813664596274, "LOG_R": 0.9229813664596274, "RF": 0.9229813664596274, "SVM": 1.0, "DNN": 0.9229813664596274}, "1 + 2": {"AB": 1.0, "AC": 0.18181818181818185, "DS": 0.3333333333333333, "DT": 1.0, "GM": 0.3333333333333333, "GN": 1.0, "GB": 1.0, "KNN": 1.0, "KM": 0.0, "LR": 0.9442724458204333, "LRR": 1.0, "LRL": 1.0, "LRE": 0.9442724458204333, "LOG_R": 1.0, "RF": 1.0, "SVM": 1.0, "DNN": 1.0}, "1 + 3": {"AB": 1.0, "AC": 0.25, "DS": 0.3333333333333333, "DT": 1.0, "GM": 0.3333333333333333, "GN": 1.0, "GB": 1.0, "KNN": 1.0, "KM": 0.0, "LR": 0.9375, "LRR": 0.9375, "LRL": 0.9375, "LRE": 0.9375, "LOG_R": 1.0, "RF": 1.0, "SVM": 1.0, "DNN": 1.0}, "1 + 4": {"AB": 1.0, "AC": 0.9172161172161173, "DS": 0.6688963210702342, "DT": 1.0, "GM": 0.08653846153846154, "GN": 1.0, "GB": 1.0, "KNN": 1.0, "KM": 0.0, "LR": 0.9172161172161173, "LRR": 0.9172161172161173, "LRL": 0.9172161172161173, "LRE": 0.9172161172161173, "LOG_R": 1.0, "RF": 1.0, "SVM": 1.0, "DNN": 1.0}, "2 + 3": {"AB": 1.0, "AC": 1.0, "DS": 0.3333333333333333, "DT": 1.0, "GM": 0.3333333333333333, "GN": 1.0, "GB": 1.0, "KNN": 1.0, "KM": 0.0, "LR": 0.9705882352941175, "LRR": 1.0, "LRL": 1.0, "LRE": 0.9705882352941175, "LOG_R": 1.0, "RF": 1.0, "SVM": 1.0, "DNN": 1.0}, "2 + 4": {"AB": 1.0, "AC": 0.9105263157894737, "DS": 0.6428571428571428, "DT": 0.9105263157894737, "GM": 0.10000000000000002, "GN": 1.0, "GB": 0.9105263157894737, "KNN": 1.0, "KM": 0.03846153846153846, "LR": 1.0, "LRR": 1.0, "LRL": 1.0, "LRE": 1.0, "LOG_R": 1.0, "RF": 0.9105263157894737, "SVM": 1.0, "DNN": 0.9105263157894737}, "3 + 4": {"AB": 1.0, "AC": 1.0, "DS": 0.6428571428571428, "DT": 1.0, "GM": 0.6428571428571428, "GN": 1.0, "GB": 1.0, "KNN": 1.0, "KM": 1.0, "LR": 1.0, "LRR": 1.0, "LRL": 1.0, "LRE": 1.0, "LOG_R": 1.0, "RF": 1.0, "SVM": 1.0, "DNN": 1.0}, "0 + 1 + 2": {"AB": 1.0, "AC": 0.21739130434782608, "DS": 0.3333333333333333, "DT": 1.0, "GM": 0.3333333333333333, "GN": 1.0, "GB": 1.0, "KNN": 1.0, "KM": 1.0, "LR": 1.0, "LRR": 1.0, "LRL": 1.0, "LRE": 1.0, "LOG_R": 1.0, "RF": 1.0, "SVM": 1.0, "DNN": 1.0}, "0 + 1 + 3": {"AB": 1.0, "AC": 1.0, "DS": 0.3333333333333333, "DT": 1.0, "GM": 0.0, "GN": 1.0, "GB": 1.0, "KNN": 1.0, "KM": 0.0, "LR": 0.9705882352941175, "LRR": 1.0, "LRL": 1.0, "LRE": 0.9705882352941175, "LOG_R": 1.0, "RF": 1.0, "SVM": 1.0, "DNN": 1.0}, "0 + 1 + 4": {"AB": 1.0, "AC": 1.0, "DS": 0.6688963210702342, "DT": 1.0, "GM": 0.6688963210702342, "GN": 1.0, "GB": 1.0, "KNN": 1.0, "KM": 0.0, "LR": 1.0, "LRR": 1.0, "LRL": 1.0, "LRE": 1.0, "LOG_R": 1.0, "RF": 1.0, "SVM": 1.0, "DNN": 1.0}, "0 + 2 + 3": {"AB": 1.0, "AC": 1.0, "DS": 0.3333333333333333, "DT": 1.0, "GM": 0.3333333333333333, "GN": 1.0, "GB": 1.0, "KNN": 1.0, "KM": 1.0, "LR": 0.9705882352941175, "LRR": 1.0, "LRL": 1.0, "LRE": 0.9705882352941175, "LOG_R": 1.0, "RF": 1.0, "SVM": 1.0, "DNN": 1.0}, "0 + 2 + 4": {"AB": 1.0, "AC": 0.9105263157894737, "DS": 0.6428571428571428, "DT": 1.0, "GM": 0.6428571428571428, "GN": 1.0, "GB": 0.9105263157894737, "KNN": 1.0, "KM": 1.0, "LR": 1.0, "LRR": 1.0, "LRL": 1.0, "LRE": 1.0, "LOG_R": 1.0, "RF": 1.0, "SVM": 1.0, "DNN": 1.0}, "0 + 3 + 4": {"AB": 1.0, "AC": 1.0, "DS": 0.6428571428571428, "DT": 1.0, "GM": 1.0, "GN": 1.0, "GB": 1.0, "KNN": 1.0, "KM": 0.0, "LR": 1.0, "LRR": 1.0, "LRL": 1.0, "LRE": 1.0, "LOG_R": 1.0, "RF": 1.0, "SVM": 1.0, "DNN": 1.0}, "1 + 2 + 3": {"AB": 1.0, "AC": 0.21739130434782608, "DS": 0.3333333333333333, "DT": 1.0, "GM": 0.3333333333333333, "GN": 1.0, "GB": 1.0, "KNN": 1.0, "KM": 0.0, "LR": 0.9705882352941175, "LRR": 1.0, "LRL": 1.0, "LRE": 0.9705882352941175, "LOG_R": 1.0, "RF": 1.0, "SVM": 1.0, "DNN": 1.0}, "1 + 2 + 4": {"AB": 1.0, "AC": 1.0, "DS": 0.6428571428571428, "DT": 1.0, "GM": 0.6428571428571428, "GN": 1.0, "GB": 1.0, "KNN": 1.0, "KM": 1.0, "LR": 1.0, "LRR": 1.0, "LRL": 1.0, "LRE": 1.0, "LOG_R": 1.0, "RF": 1.0, "SVM": 1.0, "DNN": 1.0}, "1 + 3 + 4": {"AB": 1.0, "AC": 1.0, "DS": 0.6428571428571428, "DT": 1.0, "GM": 0.6428571428571428, "GN": 1.0, "GB": 1.0, "KNN": 1.0, "KM": 1.0, "LR": 1.0, "LRR": 1.0, "LRL": 1.0, "LRE": 1.0, "LOG_R": 1.0, "RF": 1.0, "SVM": 1.0, "DNN": 1.0}, "2 + 3 + 4": {"AB": 1.0, "AC": 1.0, "DS": 0.6428571428571428, "DT": 1.0, "GM": 0.6428571428571428, "GN": 1.0, "GB": 1.0, "KNN": 1.0, "KM": 0.0, "LR": 0.9558823529411765, "LRR": 1.0, "LRL": 1.0, "LRE": 1.0, "LOG_R": 1.0, "RF": 1.0, "SVM": 1.0, "DNN": 1.0}, "0 + 1 + 2 + 3": {"AB": 1.0, "AC": 1.0, "DS": 0.3333333333333333, "DT": 1.0, "GM": 0.3333333333333333, "GN": 1.0, "GB": 1.0, "KNN": 1.0, "KM": 0.0, "LR": 0.9442724458204333, "LRR": 1.0, "LRL": 1.0, "LRE": 1.0, "LOG_R": 1.0, "RF": 1.0, "SVM": 1.0, "DNN": 1.0}, "0 + 1 + 2 + 4": {"AB": 1.0, "AC": 1.0, "DS": 0.6428571428571428, "DT": 1.0, "GM": 0.6428571428571428, "GN": 1.0, "GB": 0.9105263157894737, "KNN": 1.0, "KM": 0.0, "LR": 1.0, "LRR": 1.0, "LRL": 1.0, "LRE": 1.0, "LOG_R": 1.0, "RF": 1.0, "SVM": 1.0, "DNN": 0.9105263157894737}, "0 + 1 + 3 + 4": {"AB": 1.0, "AC": 1.0, "DS": 0.6428571428571428, "DT": 1.0, "GM": 1.0, "GN": 1.0, "GB": 1.0, "KNN": 1.0, "KM": 1.0, "LR": 0.8705357142857144, "LRR": 1.0, "LRL": 1.0, "LRE": 0.9558823529411765, "LOG_R": 1.0, "RF": 1.0, "SVM": 1.0, "DNN": 1.0}, "0 + 2 + 3 + 4": {"AB": 1.0, "AC": 0.0, "DS": 0.6428571428571428, "DT": 1.0, "GM": 0.10000000000000002, "GN": 1.0, "GB": 0.9105263157894737, "KNN": 1.0,