{"0": {"AB": 0.6065573770491803, "AC": 0.3748200719712115, "DS": 0.35170580416482056, "DT": 0.6220302988684744, "GM": 0.33316826047358833, "GN": 0.5051600836175596, "GB": 0.6028315946348733, "KNN": 0.5651908166537758, "KM": 0.41360245298051623, "LR": 0.5424096076825812, "LRR": 0.5424096076825812, "LRL": 0.5545098559766377, "LRE": 0.5516115399159197, "LOG_R": 0.5545098559766377, "RF": 0.5875091259042942, "SVM": 0.5497824687891235, "DNN": 0.4279767240462481}, "1": {"AB": 0.6658401467324433, "AC": 0.6750289184499711, "DS": 0.34330092983939137, "DT": 0.6310113154172561, "GM": 0.3392857142857143, "GN": 0.6909216067379332, "GB": 0.6687192610089807, "KNN": 0.578802080777347, "KM": 0.292609459891339, "LR": 0.7080760962038123, "LRR": 0.7080760962038123, "LRL": 0.7080760962038123, "LRE": 0.7080760962038123, "LOG_R": 0.7410920718442843, "RF": 0.67733793229476, "SVM": 0.7137383689107829, "DNN": 0.7045333949539557}, "2": {"AB": 0.5242485709017148, "AC": 0.5090497737556561, "DS": 0.36651583710407243, "DT": 0.5002403152936653, "GM": 0.30117647058823527, "GN": 0.5396146337322808, "GB": 0.5440715471141435, "KNN": 0.4663238429700239, "KM": 0.4707859614434009, "LR": 0.5781463913426308, "LRR": 0.5781463913426308, "LRL": 0.5781463913426308, "LRE": 0.5781463913426308, "LOG_R": 0.5781463913426308, "RF": 0.5781463913426308, "SVM": 0.5261437908496732, "DNN": 0.5090497737556561}, "3": {"AB": 0.6456619445866757, "AC": 0.40605905444615126, "DS": 0.41375754897628525, "DT": 0.7366534616110167, "GM": 0.2587112943649446, "GN": 0.6068266149703166, "GB": 0.5617412417620533, "KNN": 0.6349036878864719, "KM": 0.573430796122676, "LR": 0.5639764188151285, "LRR": 0.5639764188151285, "LRL": 0.5516576137609381, "LRE": 0.5516576137609381, "LOG_R": 0.6129032258064516, "RF": 0.6292936655434412, "SVM": 0.6768971382531109, "DNN": 0.64796241077076}, "4": {"AB": 0.5676972624798713, "AC": 0.31769147788565266, "DS": 0.3029350104821803, "DT": 0.6038194444444445, "GM": 0.3029350104821803, "GN": 0.48052273540995344, "GB": 0.6792491615276426, "KNN": 0.5493827160493827, "KM": 0.4885521885521886, "LR": 0.4557444651784275, "LRR": 0.4557444651784275, "LRL": 0.4089635854341737, "LRE": 0.4557444651784275, "LOG_R": 0.4557444651784275, "RF": 0.6792491615276426, "SVM": 0.36464646464646466, "DNN": 0.36464646464646466}, "0 + 1": {"AB": 0.7756602641056423, "AC": 0.3053571428571429, "DS": 0.34330092983939137, "DT": 0.7131868131868132, "GM": 0.4489397321428572, "GN": 0.681031333712152, "GB": 0.7656185424989667, "KNN": 0.6130952380952382, "KM": 0.533043758043758, "LR": 0.7075727406657152, "LRR": 0.7075727406657152, "LRL": 0.7075727406657152, "LRE": 0.7075727406657152, "LOG_R": 0.7050045586643113, "RF": 0.7561536205885397, "SVM": 0.736991341991342, "DNN": 0.6806006493506492}, "0 + 2": {"AB": 0.55903557231794, "AC": 0.505235748858476, "DS": 0.36651583710407243, "DT": 0.6962248431504792, "GM": 0.35294117647058826, "GN": 0.6084197821776488, "GB": 0.5193277310924369, "KNN": 0.5952393980848154, "KM": 0.34615595075239397, "LR": 0.5686274509803921, "LRR": 0.5686274509803921, "LRL": 0.5686274509803921, "LRE": 0.5686274509803921, "LOG_R": 0.5686274509803921, "RF": 0.577328751901807, "SVM": 0.5200237670825907, "DNN": 0.5472689075630252}, "0 + 3": {"AB": 0.6027118772638487, "AC": 0.5091928515528683, "DS": 0.41375754897628525, "DT": 0.5566184826320961, "GM": 0.3771950181790052, "GN": 0.5787488147834332, "GB": 0.6039577121171049, "KNN": 0.5727544493882091, "KM": 0.43771469183085243, "LR": 0.59349158233925, "LRR": 0.59349158233925, "LRL": 0.591964827469587, "LRE": 0.59349158233925, "LOG_R": 0.5928166069295101, "RF": 0.6323775388291516, "SVM": 0.6186746965389902, "DNN": 0.6236559139784946}, "0 + 4": {"AB": 0.6234782608695651, "AC": 0.5545259545259545, "DS": 0.3029350104821803, "DT": 0.608703130374957, "GM": 0.4514467738766805, "GN": 0.6037037037037037, "GB": 0.567099567099567, "KNN": 0.4803976217019695, "KM": 0.555118639510654, "LR": 0.5500056747247759, "LRR": 0.5500056747247759, "LRL": 0.567099567099567, "LRE": 0.5500056747247759, "LOG_R": 0.567099567099567, "RF": 0.555118639510654, "SVM": 0.5290249433106575, "DNN": 0.5500056747247759}, "1 + 2": {"AB": 0.6756243909944101, "AC": 0.35294117647058826, "DS": 0.36651583710407243, "DT": 0.7158232403665773, "GM": 0.36651583710407243, "GN": 0.6686628926118565, "GB": 0.7088249662346618, "KNN": 0.6453222453222454, "KM": 0.306892128553104, "LR": 0.6705870912013546, "LRR": 0.6705870912013546, "LRL": 0.6705870912013546, "LRE": 0.6705870912013546, "LOG_R": 0.6944679018153173, "RF": 0.6956804006584898, "SVM": 0.6887439294232592, "DNN": 0.6814029959810012}, "1 + 3": {"AB": 0.7001897533206832, "AC": 0.4036738351254481, "DS": 0.41375754897628525, "DT": 0.688612011909503, "GM": 0.4036738351254481, "GN": 0.7073906203876349, "GB": 0.6999701314217444, "KNN": 0.6078737426292058, "KM": 0.3238378313122609, "LR": 0.7177760194284855, "LRR": 0.7177760194284855, "LRL": 0.7177760194284855, "LRE": 0.7177760194284855, "LOG_R": 0.732303775584809, "RF": 0.6999701314217444, "SVM": 0.7214008363201913, "DNN": 0.6993425044512748}, "1 + 4": {"AB": 0.7484375000000001, "AC": 0.2842502696871629, "DS": 0.3029350104821803, "DT": 0.7362640901771336, "GM": 0.3029350104821803, "GN": 0.7144257328699991, "GB": 0.6246365574723785, "KNN": 0.6004021330535887, "KM": 0.6858683061569991, "LR": 0.6603174603174602, "LRR": 0.6603174603174602, "LRL": 0.6603174603174602, "LRE": 0.6603174603174602, "LOG_R": 0.6886243386243387, "RF": 0.6792491615276426, "SVM": 0.6858683061569991, "DNN": 0.7241970264442174}, "2 + 3": {"AB": 0.6249765740066436, "AC": 0.39330607299712256, "DS": 0.41375754897628525, "DT": 0.6678363941201699, "GM": 0.2587112943649446, "GN": 0.6699647600975874, "GB": 0.6530580013424409, "KNN": 0.6394916911045944, "KM": 0.40605905444615126, "LR": 0.7110301162943619, "LRR": 0.7110301162943619, "LRL": 0.7211513244164699, "LRE": 0.7110301162943619, "LOG_R": 0.6989247311827957, "RF": 0.7065387968613774, "SVM": 0.7110931337850137, "DNN": 0.7110931337850137}, "2 + 4": {"AB": 0.5397922752353133, "AC": 0.40438936413930926, "DS": 0.3029350104821803, "DT": 0.541224516046048, "GM": 0.3029350104821803, "GN": 0.38331467948295916, "GB": 0.5790375666780162, "KNN": 0.5267298703008757, "KM": 0.46216931216931223, "LR": 0.4456962445995348, "LRR": 0.4456962445995348, "LRL": 0.4456962445995348, "LRE": 0.4456962445995348, "LOG_R": 0.4500954638225032, "RF": 0.4722222222222222, "SVM": 0.4516594516594517, "DNN": 0.4578083607934354}, "3 + 4": {"AB": 0.6666666666666666, "AC": 0.2842502696871629, "DS": 0.3029350104821803, "DT": 0.7085024154589372, "GM": 0.3029350104821803, "GN": 0.6493827160493827, "GB": 0.6556738637483979, "KNN": 0.6321180555555556, "KM": 0.4514467738766805, "LR": 0.5738612175393785, "LRR": 0.5738612175393785, "LRL": 0.5738612175393785, "LRE": 0.5738612175393785, "LOG_R": 0.6037037037037037, "RF": 0.6201646090534979, "SVM": 0.6080694586312565, "DNN": 0.5734213375722809}, "0 + 1 + 2": {"AB": 0.7038183694530443, "AC": 0.37409596900287173, "DS": 0.36651583710407243, "DT": 0.7224783330260004, "GM": 0.33882352941176475, "GN": 0.6722396020308733, "GB": 0.6473306303653537, "KNN": 0.6976503516240562, "KM": 0.5580693815987934, "LR": 0.6566318539335372, "LRR": 0.6566318539335372, "LRL": 0.6566318539335372, "LRE": 0.6566318539335372, "LOG_R": 0.6570276673583976, "RF": 0.6571598336304219, "SVM": 0.6370108170154536, "DNN": 0.6814029959810012}, "0 + 1 + 3": {"AB": 0.785849823800488, "AC": 0.4304160056407544, "DS": 0.41375754897628525, "DT": 0.7512737829399564, "GM": 0.3880118965911691, "GN": 0.7073906203876349, "GB": 0.7512737829399564, "KNN": 0.68455522971652, "KM": 0.32818020794237135, "LR": 0.7312187836583818, "LRR": 0.7425014148273911, "LRL": 0.7425014148273911, "LRE": 0.7425014148273911, "LOG_R": 0.7431957989497375, "RF": 0.7615166949632147, "SVM": 0.7637691106402872, "DNN": 0.731866888063832}, "0 + 1 + 4": {"AB": 0.777949377949378, "AC": 0.36153846153846153, "DS": 0.3029350104821803, "DT": 0.6807407407407408, "GM": 0.27117711771177117,