{"0": {"AB": 1.0, "AC": 0.3043478260869565, "DS": 0.3333333333333333, "DT": 1.0, "GM": 0.3043478260869565, "GN": 1.0, "GB": 1.0, "KNN": 1.0, "KM": 0.3043478260869565, "LR": 0.6536796536796536, "LRR": 0.6536796536796536, "LRL": 0.6536796536796536, "LRE": 0.6536796536796536, "LOG_R": 1.0, "RF": 1.0, "SVM": 1.0, "DNN": 0.6536796536796536}, "1": {"AB": 1.0, "AC": 0.3043478260869565, "DS": 0.3333333333333333, "DT": 1.0, "GM": 0.3043478260869565, "GN": 1.0, "GB": 1.0, "KNN": 1.0, "KM": 0.4589371980676329, "LR": 0.7333333333333334, "LRR": 0.7333333333333334, "LRL": 0.7333333333333334, "LRE": 0.7333333333333334, "LOG_R": 0.7333333333333334, "RF": 1.0, "SVM": 0.7333333333333334, "DNN": 0.7333333333333334}, "2": {"AB": 0.768944099378882, "AC": 0.5179487179487179, "DS": 0.6914285714285714, "DT": 0.768944099378882, "GM": 0.5179487179487179, "GN": 0.6914285714285714, "GB": 0.6914285714285714, "KNN": 0.6914285714285714, "KM": 0.5238095238095238, "LR": 0.6914285714285714, "LRR": 0.6914285714285714, "LRL": 0.6914285714285714, "LRE": 0.6914285714285714, "LOG_R": 0.6914285714285714, "RF": 0.6914285714285714, "SVM": 0.6914285714285714, "DNN": 0.6914285714285714}, "3": {"AB": 1.0, "AC": 1.0, "DS": 0.3333333333333333, "DT": 1.0, "GM": 0.06666666666666667, "GN": 1.0, "GB": 1.0, "KNN": 1.0, "KM": 0.0, "LR": 1.0, "LRR": 1.0, "LRL": 1.0, "LRE": 1.0, "LOG_R": 1.0, "RF": 1.0, "SVM": 1.0, "DNN": 1.0}, "4": {"AB": 1.0, "AC": 0.0, "DS": 0.3333333333333333, "DT": 1.0, "GM": 0.6249999999999999, "GN": 1.0, "GB": 1.0, "KNN": 1.0, "KM": 1.0, "LR": 1.0, "LRR": 1.0, "LRL": 1.0, "LRE": 1.0, "LOG_R": 1.0, "RF": 1.0, "SVM": 1.0, "DNN": 1.0}, "0 + 1": {"AB": 1.0, "AC": 0.3043478260869565, "DS": 0.3333333333333333, "DT": 1.0, "GM": 0.3043478260869565, "GN": 1.0, "GB": 1.0, "KNN": 1.0, "KM": 0.3043478260869565, "LR": 0.6727272727272727, "LRR": 0.6727272727272727, "LRL": 0.6727272727272727, "LRE": 0.6727272727272727, "LOG_R": 0.873015873015873, "RF": 1.0, "SVM": 0.9372549019607843, "DNN": 0.7333333333333334}, "0 + 2": {"AB": 1.0, "AC": 0.5656565656565656, "DS": 0.6124401913875599, "DT": 1.0, "GM": 0.5656565656565656, "GN": 1.0, "GB": 1.0, "KNN": 1.0, "KM": 0.2874902874902875, "LR": 0.7828282828282828, "LRR": 0.7828282828282828, "LRL": 0.7828282828282828, "LRE": 0.7828282828282828, "LOG_R": 0.7828282828282828, "RF": 1.0, "SVM": 0.7828282828282828, "DNN": 0.7828282828282828}, "0 + 3": {"AB": 1.0, "AC": 0.2631578947368421, "DS": 0.3333333333333333, "DT": 1.0, "GM": 0.2631578947368421, "GN": 1.0, "GB": 1.0, "KNN": 1.0, "KM": 0.2631578947368421, "LR": 1.0, "LRR": 1.0, "LRL": 1.0, "LRE": 1.0, "LOG_R": 1.0, "RF": 1.0, "SVM": 1.0, "DNN": 1.0}, "0 + 4": {"AB": 1.0, "AC": 0.25, "DS": 0.3333333333333333, "DT": 1.0, "GM": 0.6249999999999999, "GN": 1.0, "GB": 1.0, "KNN": 1.0, "KM": 0.25, "LR": 0.9, "LRR": 1.0, "LRL": 0.9, "LRE": 0.9, "LOG_R": 1.0, "RF": 1.0, "SVM": 1.0, "DNN": 0.6249999999999999}, "1 + 2": {"AB": 1.0, "AC": 0.5656565656565656, "DS": 0.6124401913875599, "DT": 1.0, "GM": 0.5454545454545454, "GN": 1.0, "GB": 1.0, "KNN": 1.0, "KM": 0.5454545454545454, "LR": 0.7828282828282828, "LRR": 0.7828282828282828, "LRL": 0.7828282828282828, "LRE": 0.7828282828282828, "LOG_R": 0.7828282828282828, "RF": 1.0, "SVM": 0.7828282828282828, "DNN": 1.0}, "1 + 3": {"AB": 1.0, "AC": 0.3, "DS": 0.3333333333333333, "DT": 1.0, "GM": 0.3, "GN": 1.0, "GB": 1.0, "KNN": 1.0, "KM": 0.3, "LR": 0.9615384615384615, "LRR": 0.9615384615384615, "LRL": 0.9615384615384615, "LRE": 0.9615384615384615, "LOG_R": 1.0, "RF": 1.0, "SVM": 1.0, "DNN": 1.0}, "1 + 4": {"AB": 1.0, "AC": 0.14285714285714288, "DS": 0.3333333333333333, "DT": 1.0, "GM": 0.14285714285714288, "GN": 1.0, "GB": 1.0, "KNN": 1.0, "KM": 0.14285714285714288, "LR": 1.0, "LRR": 1.0, "LRL": 1.0, "LRE": 1.0, "LOG_R": 1.0, "RF": 1.0, "SVM": 1.0, "DNN": 1.0}, "2 + 3": {"AB": 1.0, "AC": 1.0, "DS": 0.5764705882352941, "DT": 1.0, "GM": 0.13846153846153847, "GN": 1.0, "GB": 1.0, "KNN": 1.0, "KM": 0.32307692307692304, "LR": 0.946153846153846, "LRR": 0.946153846153846, "LRL": 0.946153846153846, "LRE": 0.946153846153846, "LOG_R": 1.0, "RF": 1.0, "SVM": 1.0, "DNN": 1.0}, "2 + 4": {"AB": 1.0, "AC": 0.14285714285714288, "DS": 0.3333333333333333, "DT": 1.0, "GM": 0.14285714285714288, "GN": 1.0, "GB": 1.0, "KNN": 1.0, "KM": 0.0, "LR": 1.0, "LRR": 0.8285714285714286, "LRL": 1.0, "LRE": 1.0, "LOG_R": 1.0, "RF": 1.0, "SVM": 1.0, "DNN": 1.0}, "3 + 4": {"AB": 1.0, "AC": 0.0, "DS": 0.3333333333333333, "DT": 1.0, "GM": 0.3333333333333333, "GN": 1.0, "GB": 1.0, "KNN": 1.0, "KM": 0.0, "LR": 1.0, "LRR": 1.0, "LRL": 1.0, "LRE": 1.0, "LOG_R": 1.0, "RF": 1.0, "SVM": 1.0, "DNN": 0.8285714285714286}, "0 + 1 + 2": {"AB": 1.0, "AC": 0.5454545454545454, "DS": 0.6124401913875599, "DT": 1.0, "GM": 0.5656565656565656, "GN": 1.0, "GB": 1.0, "KNN": 1.0, "KM": 0.5454545454545454, "LR": 0.7828282828282828, "LRR": 0.7828282828282828, "LRL": 0.7828282828282828, "LRE": 0.7828282828282828, "LOG_R": 0.7828282828282828, "RF": 1.0, "SVM": 0.7828282828282828, "DNN": 0.9125541125541126}, "0 + 1 + 3": {"AB": 1.0, "AC": 0.3, "DS": 0.3333333333333333, "DT": 1.0, "GM": 0.3, "GN": 1.0, "GB": 1.0, "KNN": 1.0, "KM": 0.3, "LR": 1.0, "LRR": 1.0, "LRL": 1.0, "LRE": 1.0, "LOG_R": 1.0, "RF": 1.0, "SVM": 1.0, "DNN": 1.0}, "0 + 1 + 4": {"AB": 1.0, "AC": 0.25, "DS": 0.3333333333333333, "DT": 1.0, "GM": 0.25, "GN": 1.0, "GB": 1.0, "KNN": 1.0, "KM": 0.6249999999999999, "LR": 0.8285714285714286, "LRR": 1.0, "LRL": 1.0, "LRE": 0.8285714285714286, "LOG_R": 1.0, "RF": 1.0, "SVM": 1.0, "DNN": 0.48571428571428577}, "0 + 2 + 3": {"AB": 1.0, "AC": 0.525, "DS": 0.5764705882352941, "DT": 1.0, "GM": 0.525, "GN": 1.0, "GB": 1.0, "KNN": 1.0, "KM": 0.525, "LR": 1.0, "LRR": 1.0, "LRL": 1.0, "LRE": 1.0, "LOG_R": 1.0, "RF": 1.0, "SVM": 1.0, "DNN": 1.0}, "0 + 2 + 4": {"AB": 1.0, "AC": 0.25, "DS": 0.3333333333333333, "DT": 1.0, "GM": 0.25, "GN": 1.0, "GB": 1.0, "KNN": 1.0, "KM": 0.25, "LR": 1.0, "LRR": 1.0, "LRL": 1.0, "LRE": 1.0, "LOG_R": 1.0, "RF": 1.0, "SVM": 1.0, "DNN": 1.0}, "0 + 3 + 4": {"AB": 1.0, "AC": 0.25, "DS": 0.3333333333333333, "DT": 1.0, "GM": 0.25, "GN": 1.0, "GB": 1.0, "KNN": 1.0, "KM": 0.25, "LR": 0.8285714285714286, "LRR": 1.0, "LRL": 0.8285714285714286, "LRE": 0.8285714285714286, "LOG_R": 1.0, "RF": 1.0, "SVM": 1.0, "DNN": 1.0}, "1 + 2 + 3": {"AB": 1.0, "AC": 0.525, "DS": 0.5764705882352941, "DT": 1.0, "GM": 0.32307692307692304, "GN": 1.0, "GB": 1.0, "KNN": 1.0, "KM": 0.4666666666666666, "LR": 1.0, "LRR": 1.0, "LRL": 1.0, "LRE": 1.0, "LOG_R": 1.0, "RF": 1.0, "SVM": 1.0, "DNN": 1.0}, "1 + 2 + 4": {"AB": 1.0, "AC": 0.25, "DS": 0.3333333333333333, "DT": 1.0, "GM": 0.25, "GN": 1.0, "GB": 1.0, "KNN": 1.0, "KM": 0.6249999999999999, "LR": 1.0, "LRR": 1.0, "LRL": 1.0, "LRE": 1.0, "LOG_R": 1.0, "RF": 1.0, "SVM": 1.0, "DNN": 0.8285714285714286}, "1 + 3 + 4": {"AB": 1.0, "AC": 0.25, "DS": 0.3333333333333333, "DT": 1.0, "GM": 0.25, "GN": 1.0, "GB": 1.0, "KNN": 1.0, "KM": 0.6249999999999999, "LR": 1.0, "LRR": 1.0, "LRL": 1.0, "LRE": 1.0, "LOG_R": 1.0, "RF": 1.0, "SVM": 1.0, "DNN": 0.8285714285714286}, "2 + 3 + 4": {"AB": 1.0, "AC": 1.0, "DS": 0.3333333333333333, "DT": 1.0, "GM": 0.3333333333333333, "GN": 1.0, "GB": 1.0, "KNN": 1.0, "KM": 0.0, "LR": 0.9, "LRR": 0.9, "LRL": 0.9, "LRE": 0.9, "LOG_R": 1.0, "RF": 1.0, "SVM": 1.0, "DNN": 1.0}, "0 + 1 + 2 + 3": {"AB": 1.0, "AC": 0.4666666666666666, "DS": 0.5764705882352941, "DT": 1.0, "GM": 0.4666666666666666, "GN": 1.0, "GB": 1.0, "KNN": 1.0, "KM": 0.4666666666666666, "LR": 1.0, "LRR": 1.0, "LRL": 1.0, "LRE": 1.0, "LOG_R": 1.0, "RF": 1.0, "SVM": 1.0, "DNN": 1.0}, "0 + 1 + 2 + 4": {"AB": 1.0, "AC": 1.0, "DS": 0.3333333333333333, "DT": 1.0, "GM": 0.25, "GN": 1.0, "GB": 1.0, "KNN": 1.0, "KM": 1.0, "LR": 1.0, "LRR": 1.0, "LRL": 1.0, "LRE": 1.0, "LOG_R": 1.0, "RF": 1.0, "SVM": 1.0, "DNN": 0.6249999999999999}, "0 + 1 + 3 + 4": {"AB": 1.0, "AC": 0.25, "DS": 0.3333333333333333, "DT": 1.0, "GM": 0.25, "GN": 1.0, "GB": 1.0, "KNN": 1.0, "KM": 0.6249999999999999, "LR": 1.0, "LRR": 0.9, "LRL": 0.9, "LRE": 0.9,