{"0": {"AB": 0.0, "AC": 0.0, "DS": 0.0, "DT": 0.0, "GM": 0.0, "GN": 0.0, "GB": 0.0, "KNN": 0.0, "KM": 0.0, "LR": 0.0, "LRR": 0.0, "LRL": 0.0, "LRE": 0.0, "LOG_R": 0.0, "RF": 0.0, "SVM": 0.0, "DNN": 0.0}, "1": {"AB": 0.0, "AC": 0.0, "DS": 0.0, "DT": 0.0, "GM": 0.0, "GN": 0.0, "GB": 0.0, "KNN": 0.0, "KM": 0.0, "LR": 0.0, "LRR": 0.0, "LRL": 0.0, "LRE": 0.0, "LOG_R": 0.0, "RF": 0.0, "SVM": 0.0, "DNN": 0.0}, "2": {"AB": 0.0, "AC": 0.0, "DS": 0.0, "DT": 0.0, "GM": 0.0, "GN": 0.0, "GB": 0.0, "KNN": 0.0, "KM": 0.0, "LR": 0.0, "LRR": 0.0, "LRL": 0.0, "LRE": 0.0, "LOG_R": 0.0, "RF": 0.0, "SVM": 0.0, "DNN": 0.0}, "3": {"AB": 0.0, "AC": 0.0, "DS": 0.0, "DT": 0.0, "GM": 0.0, "GN": 0.0, "GB": 0.0, "KNN": 0.0, "KM": 0.0, "LR": 0.0, "LRR": 0.0, "LRL": 0.0, "LRE": 0.0, "LOG_R": 0.0, "RF": 0.0, "SVM": 0.0, "DNN": 0.0}, "4": {"AB": 0.0, "AC": 0.0, "DS": 0.0, "DT": 0.0, "GM": 0.0, "GN": 0.0, "GB": 0.0, "KNN": 0.0, "KM": 0.0, "LR": 0.0, "LRR": 0.0, "LRL": 0.0, "LRE": 0.0, "LOG_R": 0.0, "RF": 0.0, "SVM": 0.0, "DNN": 0.0}, "0 + 1": {"AB": 0.037304198609585726, "AC": 0.037304198609585726, "DS": 0.037304198609585726, "DT": 0.037304198609585726, "GM": 0.037304198609585726, "GN": 0.037304198609585726, "GB": 0.037304198609585726, "KNN": 0.037304198609585726, "KM": 0.037304198609585726, "LR": 0.037304198609585726, "LRR": 0.037304198609585726, "LRL": 0.037304198609585726, "LRE": 0.037304198609585726, "LOG_R": 0.037304198609585726, "RF": 0.037304198609585726, "SVM": 0.037304198609585726, "DNN": 0.037304198609585726}, "0 + 2": {"AB": 0.037304198609585726, "AC": 0.037304198609585726, "DS": 0.037304198609585726, "DT": 0.037304198609585726, "GM": 0.037304198609585726, "GN": 0.037304198609585726, "GB": 0.037304198609585726, "KNN": 0.037304198609585726, "KM": 0.037304198609585726, "LR": 0.037304198609585726, "LRR": 0.037304198609585726, "LRL": 0.037304198609585726, "LRE": 0.037304198609585726, "LOG_R": 0.037304198609585726, "RF": 0.037304198609585726, "SVM": 0.037304198609585726, "DNN": 0.037304198609585726}, "0 + 3": {"AB": 0.05747249969625781, "AC": 0.05747249969625781, "DS": 0.05747249969625781, "DT": 0.05747249969625781, "GM": 0.05747249969625781, "GN": 0.05747249969625781, "GB": 0.05747249969625781, "KNN": 0.05747249969625781, "KM": 0.05747249969625781, "LR": 0.05747249969625781, "LRR": 0.05747249969625781, "LRL": 0.05747249969625781, "LRE": 0.05747249969625781, "LOG_R": 0.05747249969625781, "RF": 0.05747249969625781, "SVM": 0.05747249969625781, "DNN": 0.05747249969625781}, "0 + 4": {"AB": 0.3065199983800418, "AC": 0.3065199983800418, "DS": 0.3065199983800418, "DT": 0.3065199983800418, "GM": 0.3065199983800418, "GN": 0.3065199983800418, "GB": 0.3065199983800418, "KNN": 0.3065199983800418, "KM": 0.3065199983800418, "LR": 0.3065199983800418, "LRR": 0.3065199983800418, "LRL": 0.3065199983800418, "LRE": 0.3065199983800418, "LOG_R": 0.3065199983800418, "RF": 0.3065199983800418, "SVM": 0.3065199983800418, "DNN": 0.3065199983800418}, "1 + 2": {"AB": 0.0, "AC": 0.0, "DS": 0.0, "DT": 0.0, "GM": 0.0, "GN": 0.0, "GB": 0.0, "KNN": 0.0, "KM": 0.0, "LR": 0.0, "LRR": 0.0, "LRL": 0.0, "LRE": 0.0, "LOG_R": 0.0, "RF": 0.0, "SVM": 0.0, "DNN": 0.0}, "1 + 3": {"AB": 0.03831499979750522, "AC": 0.03831499979750522, "DS": 0.03831499979750522, "DT": 0.03831499979750522, "GM": 0.03831499979750522, "GN": 0.03831499979750522, "GB": 0.03831499979750522, "KNN": 0.03831499979750522, "KM": 0.03831499979750522, "LR": 0.03831499979750522, "LRR": 0.03831499979750522, "LRL": 0.03831499979750522, "LRE": 0.03831499979750522, "LOG_R": 0.03831499979750522, "RF": 0.03831499979750522, "SVM": 0.03831499979750522, "DNN": 0.03831499979750522}, "1 + 4": {"AB": 0.30550919719212233, "AC": 0.30550919719212233, "DS": 0.30550919719212233, "DT": 0.30550919719212233, "GM": 0.30550919719212233, "GN": 0.30550919719212233, "GB": 0.30550919719212233, "KNN": 0.30550919719212233, "KM": 0.30550919719212233, "LR": 0.30550919719212233, "LRR": 0.30550919719212233, "LRL": 0.30550919719212233, "LRE": 0.30550919719212233, "LOG_R": 0.30550919719212233, "RF": 0.30550919719212233, "SVM": 0.30550919719212233, "DNN": 0.30550919719212233}, "2 + 3": {"AB": 0.03831499979750522, "AC": 0.03831499979750522, "DS": 0.03831499979750522, "DT": 0.03831499979750522, "GM": 0.03831499979750522, "GN": 0.03831499979750522, "GB": 0.03831499979750522, "KNN": 0.03831499979750522, "KM": 0.03831499979750522, "LR": 0.03831499979750522, "LRR": 0.03831499979750522, "LRL": 0.03831499979750522, "LRE": 0.03831499979750522, "LOG_R": 0.03831499979750522, "RF": 0.03831499979750522, "SVM": 0.03831499979750522, "DNN": 0.03831499979750522}, "2 + 4": {"AB": 0.30550919719212233, "AC": 0.30550919719212233, "DS": 0.30550919719212233, "DT": 0.30550919719212233, "GM": 0.30550919719212233, "GN": 0.30550919719212233, "GB": 0.30550919719212233, "KNN": 0.30550919719212233, "KM": 0.30550919719212233, "LR": 0.30550919719212233, "LRR": 0.30550919719212233, "LRL": 0.30550919719212233, "LRE": 0.30550919719212233, "LOG_R": 0.30550919719212233, "RF": 0.30550919719212233, "SVM": 0.30550919719212233, "DNN": 0.30550919719212233}, "3 + 4": {"AB": 0.24904749868378398, "AC": 0.24904749868378398, "DS": 0.24904749868378398, "DT": 0.24904749868378398, "GM": 0.24904749868378398, "GN": 0.24904749868378398, "GB": 0.24904749868378398, "KNN": 0.24904749868378398, "KM": 0.24904749868378398, "LR": 0.24904749868378398, "LRR": 0.24904749868378398, "LRL": 0.24904749868378398, "LRE": 0.24904749868378398, "LOG_R": 0.24904749868378398, "RF": 0.24904749868378398, "SVM": 0.24904749868378398, "DNN": 0.24904749868378398}, "0 + 1 + 2": {"AB": 0.018652099304792863, "AC": 0.018652099304792863, "DS": 0.018652099304792863, "DT": 0.018652099304792863, "GM": 0.018652099304792863, "GN": 0.018652099304792863, "GB": 0.018652099304792863, "KNN": 0.018652099304792863, "KM": 0.018652099304792863, "LR": 0.018652099304792863, "LRR": 0.018652099304792863, "LRL": 0.018652099304792863, "LRE": 0.018652099304792863, "LOG_R": 0.018652099304792863, "RF": 0.018652099304792863, "SVM": 0.018652099304792863, "DNN": 0.018652099304792863}, "0 + 1 + 3": {"AB": 0.05696709910229808, "AC": 0.05696709910229808, "DS": 0.05696709910229808, "DT": 0.05696709910229808, "GM": 0.05696709910229808, "GN": 0.05696709910229808, "GB": 0.05696709910229808, "KNN": 0.05696709910229808, "KM": 0.05696709910229808, "LR": 0.05696709910229808, "LRR": 0.05696709910229808, "LRL": 0.05696709910229808, "LRE": 0.05696709910229808, "LOG_R": 0.05696709910229808, "RF": 0.05696709910229808, "SVM": 0.05696709910229808, "DNN": 0.05696709910229808}, "0 + 1 + 4": {"AB": 0.3150879471414986, "AC": 0.3150879471414986, "DS": 0.3150879471414986, "DT": 0.3150879471414986, "GM": 0.3150879471414986, "GN": 0.3150879471414986, "GB": 0.3150879471414986, "KNN": 0.3150879471414986, "KM": 0.3150879471414986, "LR": 0.3150879471414986, "LRR": 0.3150879471414986, "LRL": 0.3150879471414986, "LRE": 0.3150879471414986, "LOG_R": 0.3150879471414986, "RF": 0.3150879471414986, "SVM": 0.3150879471414986, "DNN": 0.3150879471414986}, "0 + 2 + 3": {"AB": 0.05696709910229808, "AC": 0.05696709910229808, "DS": 0.05696709910229808, "DT": 0.05696709910229808, "GM": 0.05696709910229808, "GN": 0.05696709910229808, "GB": 0.05696709910229808, "KNN": 0.05696709910229808, "KM": 0.05696709910229808, "LR": 0.05696709910229808, "LRR": 0.05696709910229808, "LRL": 0.05696709910229808, "LRE": 0.05696709910229808, "LOG_R": 0.05696709910229808, "RF": 0.05696709910229808, "SVM": 0.05696709910229808, "DNN": 0.05696709910229808}, "0 + 2 + 4": {"AB": 0.3150879471414986, "AC": 0.3150879471414986, "DS": 0.3150879471414986, "DT": 0.3150879471414986, "GM": 0.3150879471414986, "GN": 0.3150879471414986, "GB": 0.3150879471414986, "KNN": 0.3150879471414986, "KM": 0.3150879471414986, "LR": 0.3150879471414986, "LRR": 0.3150879471414986, "LRL": 0.3150879471414986, "LRE": 0.3150879471414986, "LOG_R": 0.3150879471414986, "RF": 0.3150879471414986, "SVM": 0.3150879471414986, "DNN": 0.3150879471414986}, "0 + 3 + 4": {"AB": 0.2777837485319129,