{"0": {"AB": 0.12550867970614457, "AC": 0.12550867970614457, "DS": 0.12550867970614457, "DT": 0.12550867970614457, "GM": 0.12550867970614457, "GN": 0.12550867970614457, "GB": 0.12550867970614457, "KNN": 0.12550867970614457, "KM": 0.12550867970614457, "LR": 0.12550867970614457, "LRR": 0.12550867970614457, "LRL": 0.12550867970614457, "LRE": 0.12550867970614457, "LOG_R": 0.12550867970614457, "RF": 0.12550867970614457, "SVM": 0.12550867970614457, "DNN": 0.12550867970614457}, "1": {"AB": 0.12086021008739849, "AC": 0.12086021008739849, "DS": 0.12086021008739849, "DT": 0.12086021008739849, "GM": 0.12086021008739849, "GN": 0.12086021008739849, "GB": 0.12086021008739849, "KNN": 0.12086021008739849, "KM": 0.12086021008739849, "LR": 0.12086021008739849, "LRR": 0.12086021008739849, "LRL": 0.12086021008739849, "LRE": 0.12086021008739849, "LOG_R": 0.12086021008739849, "RF": 0.12086021008739849, "SVM": 0.12086021008739849, "DNN": 0.12086021008739849}, "2": {"AB": 0.24050712201366747, "AC": 0.24050712201366747, "DS": 0.24050712201366747, "DT": 0.24050712201366747, "GM": 0.24050712201366747, "GN": 0.24050712201366747, "GB": 0.24050712201366747, "KNN": 0.24050712201366747, "KM": 0.24050712201366747, "LR": 0.24050712201366747, "LRR": 0.24050712201366747, "LRL": 0.24050712201366747, "LRE": 0.24050712201366747, "LOG_R": 0.24050712201366747, "RF": 0.24050712201366747, "SVM": 0.24050712201366747, "DNN": 0.24050712201366747}, "3": {"AB": 0.11621174046865239, "AC": 0.11621174046865239, "DS": 0.11621174046865239, "DT": 0.11621174046865239, "GM": 0.11621174046865239, "GN": 0.11621174046865239, "GB": 0.11621174046865239, "KNN": 0.11621174046865239, "KM": 0.11621174046865239, "LR": 0.11621174046865239, "LRR": 0.11621174046865239, "LRL": 0.11621174046865239, "LRE": 0.11621174046865239, "LOG_R": 0.11621174046865239, "RF": 0.11621174046865239, "SVM": 0.11621174046865239, "DNN": 0.11621174046865239}, "4": {"AB": 0.07781068535755412, "AC": 0.07781068535755412, "DS": 0.07781068535755412, "DT": 0.07781068535755412, "GM": 0.07781068535755412, "GN": 0.07781068535755412, "GB": 0.07781068535755412, "KNN": 0.07781068535755412, "KM": 0.07781068535755412, "LR": 0.07781068535755412, "LRR": 0.07781068535755412, "LRL": 0.07781068535755412, "LRE": 0.07781068535755412, "LOG_R": 0.07781068535755412, "RF": 0.07781068535755412, "SVM": 0.07781068535755412, "DNN": 0.07781068535755412}, "0 + 1": {"AB": 0.16270450600627842, "AC": 0.16270450600627842, "DS": 0.16270450600627842, "DT": 0.16270450600627842, "GM": 0.16270450600627842, "GN": 0.16270450600627842, "GB": 0.16270450600627842, "KNN": 0.16270450600627842, "KM": 0.16270450600627842, "LR": 0.16270450600627842, "LRR": 0.16270450600627842, "LRL": 0.16270450600627842, "LRE": 0.16270450600627842, "LOG_R": 0.16270450600627842, "RF": 0.16270450600627842, "SVM": 0.16270450600627842, "DNN": 0.16270450600627842}, "0 + 2": {"AB": 0.2290189958805086, "AC": 0.2290189958805086, "DS": 0.2290189958805086, "DT": 0.2290189958805086, "GM": 0.2290189958805086, "GN": 0.2290189958805086, "GB": 0.2290189958805086, "KNN": 0.2290189958805086, "KM": 0.2290189958805086, "LR": 0.2290189958805086, "LRR": 0.2290189958805086, "LRL": 0.2290189958805086, "LRE": 0.2290189958805086, "LOG_R": 0.2290189958805086, "RF": 0.2290189958805086, "SVM": 0.2290189958805086, "DNN": 0.2290189958805086}, "0 + 3": {"AB": 0.15809250190798838, "AC": 0.15809250190798838, "DS": 0.15809250190798838, "DT": 0.15809250190798838, "GM": 0.15809250190798838, "GN": 0.15809250190798838, "GB": 0.15809250190798838, "KNN": 0.15809250190798838, "KM": 0.15809250190798838, "LR": 0.15809250190798838, "LRR": 0.15809250190798838, "LRL": 0.15809250190798838, "LRE": 0.15809250190798838, "LOG_R": 0.15809250190798838, "RF": 0.15809250190798838, "SVM": 0.15809250190798838, "DNN": 0.15809250190798838}, "0 + 4": {"AB": 0.10252054162916824, "AC": 0.10252054162916824, "DS": 0.10252054162916824, "DT": 0.10252054162916824, "GM": 0.10252054162916824, "GN": 0.10252054162916824, "GB": 0.10252054162916824, "KNN": 0.10252054162916824, "KM": 0.10252054162916824, "LR": 0.10252054162916824, "LRR": 0.10252054162916824, "LRL": 0.10252054162916824, "LRE": 0.10252054162916824, "LOG_R": 0.10252054162916824, "RF": 0.10252054162916824, "SVM": 0.10252054162916824, "DNN": 0.10252054162916824}, "1 + 2": {"AB": 0.2241980537249937, "AC": 0.2241980537249937, "DS": 0.2241980537249937, "DT": 0.2241980537249937, "GM": 0.2241980537249937, "GN": 0.2241980537249937, "GB": 0.2241980537249937, "KNN": 0.2241980537249937, "KM": 0.2241980537249937, "LR": 0.2241980537249937, "LRR": 0.2241980537249937, "LRL": 0.2241980537249937, "LRE": 0.2241980537249937, "LOG_R": 0.2241980537249937, "RF": 0.2241980537249937, "SVM": 0.2241980537249937, "DNN": 0.2241980537249937}, "1 + 3": {"AB": 0.1565636361636077, "AC": 0.1565636361636077, "DS": 0.1565636361636077, "DT": 0.1565636361636077, "GM": 0.1565636361636077, "GN": 0.1565636361636077, "GB": 0.1565636361636077, "KNN": 0.1565636361636077, "KM": 0.1565636361636077, "LR": 0.1565636361636077, "LRR": 0.1565636361636077, "LRL": 0.1565636361636077, "LRE": 0.1565636361636077, "LOG_R": 0.1565636361636077, "RF": 0.1565636361636077, "SVM": 0.1565636361636077, "DNN": 0.1565636361636077}, "1 + 4": {"AB": 0.10156006040500179, "AC": 0.10156006040500179, "DS": 0.10156006040500179, "DT": 0.10156006040500179, "GM": 0.10156006040500179, "GN": 0.10156006040500179, "GB": 0.10156006040500179, "KNN": 0.10156006040500179, "KM": 0.10156006040500179, "LR": 0.10156006040500179, "LRR": 0.10156006040500179, "LRL": 0.10156006040500179, "LRE": 0.10156006040500179, "LOG_R": 0.10156006040500179, "RF": 0.10156006040500179, "SVM": 0.10156006040500179, "DNN": 0.10156006040500179}, "2 + 3": {"AB": 0.2194088336966325, "AC": 0.2194088336966325, "DS": 0.2194088336966325, "DT": 0.2194088336966325, "GM": 0.2194088336966325, "GN": 0.2194088336966325, "GB": 0.2194088336966325, "KNN": 0.2194088336966325, "KM": 0.2194088336966325, "LR": 0.2194088336966325, "LRR": 0.2194088336966325, "LRL": 0.2194088336966325, "LRE": 0.2194088336966325, "LOG_R": 0.2194088336966325, "RF": 0.2194088336966325, "SVM": 0.2194088336966325, "DNN": 0.2194088336966325}, "2 + 4": {"AB": 0.16032643146541578, "AC": 0.16032643146541578, "DS": 0.16032643146541578, "DT": 0.16032643146541578, "GM": 0.16032643146541578, "GN": 0.16032643146541578, "GB": 0.16032643146541578, "KNN": 0.16032643146541578, "KM": 0.16032643146541578, "LR": 0.16032643146541578, "LRR": 0.16032643146541578, "LRL": 0.16032643146541578, "LRE": 0.16032643146541578, "LOG_R": 0.16032643146541578, "RF": 0.16032643146541578, "SVM": 0.16032643146541578, "DNN": 0.16032643146541578}, "3 + 4": {"AB": 0.10054568754005536, "AC": 0.10054568754005536, "DS": 0.10054568754005536, "DT": 0.10054568754005536, "GM": 0.10054568754005536, "GN": 0.10054568754005536, "GB": 0.10054568754005536, "KNN": 0.10054568754005536, "KM": 0.10054568754005536, "LR": 0.10054568754005536, "LRR": 0.10054568754005536, "LRL": 0.10054568754005536, "LRE": 0.10054568754005536, "LOG_R": 0.10054568754005536, "RF": 0.10054568754005536, "SVM": 0.10054568754005536, "DNN": 0.10054568754005536}, "0 + 1 + 2": {"AB": 0.22974681475475484, "AC": 0.22974681475475484, "DS": 0.22974681475475484, "DT": 0.22974681475475484, "GM": 0.22974681475475484, "GN": 0.22974681475475484, "GB": 0.22974681475475484, "KNN": 0.22974681475475484, "KM": 0.22974681475475484, "LR": 0.22974681475475484, "LRR": 0.22974681475475484, "LRL": 0.22974681475475484, "LRE": 0.22974681475475484, "LOG_R": 0.22974681475475484, "RF": 0.22974681475475484, "SVM": 0.22974681475475484, "DNN": 0.22974681475475484}, "0 + 1 + 3": {"AB": 0.17788623331937087, "AC": 0.17788623331937087, "DS": 0.17788623331937087, "DT": 0.17788623331937087, "GM": 0.17788623331937087, "GN": 0.17788623331937087, "GB": 0.17788623331937087, "KNN": 0.17788623331937087, "KM": 0.17788623331937087, "LR": 0.17788623331937087, "LRR": 0.17788623331937087, "LRL": 0.17788623331937087, "LRE": 0.17788623331937087, "LOG_R": 0.17788623331937087,