{"0": {"AB": 0.5898334214701217, "AC": 0.3328888243233344, "DS": 0.35170580416482056, "DT": 0.5245901639344263, "GM": 0.33278688524590166, "GN": 0.6224054409547336, "GB": 0.6447552168756223, "KNN": 0.5046997361365732, "KM": 0.5874651304979174, "LR": 0.5564244036041758, "LRR": 0.5564244036041758, "LRL": 0.5564244036041758, "LRE": 0.5564244036041758, "LOG_R": 0.5564244036041758, "RF": 0.6665059466409514, "SVM": 0.629620176615517, "DNN": 0.605707838322161}, "1": {"AB": 0.7174848955736203, "AC": 0.3184706397896582, "DS": 0.34330092983939137, "DT": 0.7498403575989784, "GM": 0.3392857142857143, "GN": 0.6957074260386253, "GB": 0.7058685994856208, "KNN": 0.6344400280570494, "KM": 0.43245341614906835, "LR": 0.6952134146341464, "LRR": 0.6952134146341464, "LRL": 0.6952134146341464, "LRE": 0.6952134146341464, "LOG_R": 0.7019655362748819, "RF": 0.7058685994856208, "SVM": 0.7019655362748819, "DNN": 0.6909216067379332}, "2": {"AB": 0.5087265675500969, "AC": 0.5535909973532935, "DS": 0.36651583710407243, "DT": 0.513236594372497, "GM": 0.30117647058823527, "GN": 0.5837174995390007, "GB": 0.536397205823553, "KNN": 0.49627352730641294, "KM": 0.5280956349320383, "LR": 0.5817431426650281, "LRR": 0.5817431426650281, "LRL": 0.5706376668314386, "LRE": 0.5817431426650281, "LOG_R": 0.5706376668314386, "RF": 0.5706376668314386, "SVM": 0.5817431426650281, "DNN": 0.5168337914979879}, "3": {"AB": 0.6027118772638487, "AC": 0.3467182585119964, "DS": 0.41375754897628525, "DT": 0.5925027490797989, "GM": 0.41375754897628525, "GN": 0.6382174460330284, "GB": 0.5669315879694562, "KNN": 0.6113490871049538, "KM": 0.5646313599220381, "LR": 0.631434892215877, "LRR": 0.631434892215877, "LRL": 0.631434892215877, "LRE": 0.631434892215877, "LOG_R": 0.65468860092516, "RF": 0.5791899102595197, "SVM": 0.6789155544915914, "DNN": 0.6789155544915914}, "4": {"AB": 0.6346271527231401, "AC": 0.36153846153846153, "DS": 0.3029350104821803, "DT": 0.7085021544793878, "GM": 0.3029350104821803, "GN": 0.3768321513002364, "GB": 0.6573108794439988, "KNN": 0.603448275862069, "KM": 0.4556565656565657, "LR": 0.4456962445995348, "LRR": 0.4456962445995348, "LRL": 0.4574088924529984, "LRE": 0.4456962445995348, "LOG_R": 0.4456962445995348, "RF": 0.6986287557975399, "SVM": 0.36464646464646466, "DNN": 0.4175627240143369}, "0 + 1": {"AB": 0.6944826007326006, "AC": 0.3763105536919588, "DS": 0.34330092983939137, "DT": 0.7050041080414912, "GM": 0.3802700348432056, "GN": 0.5943286828952571, "GB": 0.7075892857142857, "KNN": 0.6506564088085829, "KM": 0.4064938410953526, "LR": 0.642607973421927, "LRR": 0.642607973421927, "LRL": 0.642607973421927, "LRE": 0.642607973421927, "LOG_R": 0.654559442824749, "RF": 0.7019655362748819, "SVM": 0.642607973421927, "DNN": 0.6618124522536287}, "0 + 2": {"AB": 0.608145144850393, "AC": 0.3139959432048681, "DS": 0.36651583710407243, "DT": 0.6862745098039216, "GM": 0.33882352941176475, "GN": 0.5747266168659643, "GB": 0.5168337914979879, "KNN": 0.5595907928388747, "KM": 0.5414438502673796, "LR": 0.6340297134975142, "LRR": 0.6340297134975142, "LRL": 0.6340297134975142, "LRE": 0.6340297134975142, "LOG_R": 0.6340297134975142, "RF": 0.6016601358714554, "SVM": 0.5958892747023928, "DNN": 0.5944653581999483}, "0 + 3": {"AB": 0.6678363941201699, "AC": 0.39330607299712256, "DS": 0.41375754897628525, "DT": 0.73243529286515, "GM": 0.39330607299712256, "GN": 0.6699647600975874, "GB": 0.7096774193548387, "KNN": 0.5582511330311917, "KM": 0.4708669689855166, "LR": 0.6989247311827957, "LRR": 0.6989247311827957, "LRL": 0.6647603161364629, "LRE": 0.6989247311827957, "LOG_R": 0.6531151926737665, "RF": 0.732303775584809, "SVM": 0.6675149411991518, "DNN": 0.7302499424740513}, "0 + 4": {"AB": 0.6925347222222222, "AC": 0.6127927664448831, "DS": 0.3029350104821803, "DT": 0.6944444444444444, "GM": 0.2905982905982906, "GN": 0.6193768257059395, "GB": 0.6740059457450762, "KNN": 0.6193768257059395, "KM": 0.2509578544061303, "LR": 0.6731029134817769, "LRR": 0.6858683061569991, "LRL": 0.6825396825396826, "LRE": 0.6858683061569991, "LOG_R": 0.6731029134817769, "RF": 0.6858683061569991, "SVM": 0.5930691117026521, "DNN": 0.6661332425377368}, "1 + 2": {"AB": 0.6566318539335372, "AC": 0.32412965186074433, "DS": 0.36651583710407243, "DT": 0.6865158371040724, "GM": 0.30117647058823527, "GN": 0.6373778351465978, "GB": 0.6630560928433269, "KNN": 0.5122115823073417, "KM": 0.6551044540796216, "LR": 0.623415633177836, "LRR": 0.623415633177836, "LRL": 0.623415633177836, "LRE": 0.623415633177836, "LOG_R": 0.6260164443135744, "RF": 0.6373778351465978, "SVM": 0.6523753354872898, "DNN": 0.6575235109717869}, "1 + 3": {"AB": 0.7530371128937438, "AC": 0.39330607299712256, "DS": 0.41375754897628525, "DT": 0.7484908565000385, "GM": 0.41375754897628525, "GN": 0.6957827119117442, "GB": 0.7841803755782252, "KNN": 0.764620918179501, "KM": 0.6198366808683304, "LR": 0.724105076902137, "LRR": 0.724105076902137, "LRL": 0.724105076902137, "LRE": 0.724105076902137, "LOG_R": 0.729645416239083, "RF": 0.7538941510020488, "SVM": 0.7522785700565684, "DNN": 0.7538941510020488}, "1 + 4": {"AB": 0.7917874396135266, "AC": 0.2968253968253968, "DS": 0.3029350104821803, "DT": 0.8051023051023051, "GM": 0.2968253968253968, "GN": 0.7370370370370369, "GB": 0.7532289183974578, "KNN": 0.7039597533268419, "KM": 0.7532289183974578, "LR": 0.7532289183974578, "LRR": 0.7532289183974578, "LRL": 0.7532289183974578, "LRE": 0.7532289183974578, "LOG_R": 0.7560328023122942, "RF": 0.7560328023122942, "SVM": 0.7560328023122942, "DNN": 0.7560328023122942}, "2 + 3": {"AB": 0.591964827469587, "AC": 0.633816756686859, "DS": 0.41375754897628525, "DT": 0.6035466639498802, "GM": 0.41375754897628525, "GN": 0.645262159817628, "GB": 0.6699647600975874, "KNN": 0.585777597874372, "KM": 0.6223499194636717, "LR": 0.6999701314217444, "LRR": 0.6999701314217444, "LRL": 0.6894723796783784, "LRE": 0.6999701314217444, "LOG_R": 0.668056681725163, "RF": 0.668056681725163, "SVM": 0.6553569474699851, "DNN": 0.620691544946934}, "2 + 4": {"AB": 0.6529787553326044, "AC": 0.574074074074074, "DS": 0.3029350104821803, "DT": 0.5277777777777778, "GM": 0.3029350104821803, "GN": 0.42922903928596523, "GB": 0.7038975574428864, "KNN": 0.5222740222740223, "KM": 0.4166666666666667, "LR": 0.5690271585793973, "LRR": 0.5690271585793973, "LRL": 0.5823620823620824, "LRE": 0.5690271585793973, "LOG_R": 0.5545195545195545, "RF": 0.6944444444444444, "SVM": 0.6287534527309988, "DNN": 0.6366319444444444}, "3 + 4": {"AB": 0.6666666666666666, "AC": 0.2905982905982906, "DS": 0.3029350104821803, "DT": 0.6792592592592592, "GM": 0.3029350104821803, "GN": 0.6910982099661344, "GB": 0.6809523809523809, "KNN": 0.5755208333333334, "KM": 0.5727272727272728, "LR": 0.6699267325401627, "LRR": 0.6699267325401627, "LRL": 0.6536796536796535, "LRE": 0.6699267325401627, "LOG_R": 0.6366319444444444, "RF": 0.6740059457450762, "SVM": 0.6661332425377368, "DNN": 0.6825396825396826}, "0 + 1 + 2": {"AB": 0.7423370121743087, "AC": 0.3812242035787441, "DS": 0.36651583710407243, "DT": 0.6962248431504792, "GM": 0.35752482811306335, "GN": 0.6978148626221647, "GB": 0.6996904024767803, "KNN": 0.652311853123212, "KM": 0.3171288160833954, "LR": 0.7447058823529412, "LRR": 0.7447058823529412, "LRL": 0.7447058823529412, "LRE": 0.7447058823529412, "LOG_R": 0.7447058823529412, "RF": 0.7704091847767016, "SVM": 0.7105159286314935, "DNN": 0.7338913983552762}, "0 + 1 + 3": {"AB": 0.7194344882516926, "AC": 0.38264208909370195, "DS": 0.41375754897628525, "DT": 0.7383858512890771, "GM": 0.38264208909370195, "GN": 0.6840447485608775, "GB": 0.7634408602150538, "KNN": 0.7197868073565489, "KM": 0.3898606230504995, "LR": 0.7321261242904598, "LRR": 0.7321261242904598, "LRL": 0.7426012225382799, "LRE": 0.7321261242904598, "LOG_R": 0.7321261242904598, "RF": 0.7644348061805369, "SVM": 0.7538941510020488, "DNN": 0.7644348061805369}, "0 + 1 + 4": {"AB": 0.6756973248183993, "AC": 0.2777777777777778, "DS": 0.3029350104821803, "DT": 0.638047138047138, "GM": 0.503093203093203,