{"0": {"AB": 0.0, "AC": 0.0, "DS": 0.0, "DT": 0.0, "GM": 0.0, "GN": 0.0, "GB": 0.0, "KNN": 0.0, "KM": 0.0, "LR": 0.0, "LRR": 0.0, "LRL": 0.0, "LRE": 0.0, "LOG_R": 0.0, "RF": 0.0, "SVM": 0.0, "DNN": 0.0}, "1": {"AB": 0.0, "AC": 0.0, "DS": 0.0, "DT": 0.0, "GM": 0.0, "GN": 0.0, "GB": 0.0, "KNN": 0.0, "KM": 0.0, "LR": 0.0, "LRR": 0.0, "LRL": 0.0, "LRE": 0.0, "LOG_R": 0.0, "RF": 0.0, "SVM": 0.0, "DNN": 0.0}, "2": {"AB": 0.0, "AC": 0.0, "DS": 0.0, "DT": 0.0, "GM": 0.0, "GN": 0.0, "GB": 0.0, "KNN": 0.0, "KM": 0.0, "LR": 0.0, "LRR": 0.0, "LRL": 0.0, "LRE": 0.0, "LOG_R": 0.0, "RF": 0.0, "SVM": 0.0, "DNN": 0.0}, "3": {"AB": 0.0, "AC": 0.0, "DS": 0.0, "DT": 0.0, "GM": 0.0, "GN": 0.0, "GB": 0.0, "KNN": 0.0, "KM": 0.0, "LR": 0.0, "LRR": 0.0, "LRL": 0.0, "LRE": 0.0, "LOG_R": 0.0, "RF": 0.0, "SVM": 0.0, "DNN": 0.0}, "4": {"AB": 0.0, "AC": 0.0, "DS": 0.0, "DT": 0.0, "GM": 0.0, "GN": 0.0, "GB": 0.0, "KNN": 0.0, "KM": 0.0, "LR": 0.0, "LRR": 0.0, "LRL": 0.0, "LRE": 0.0, "LOG_R": 0.0, "RF": 0.0, "SVM": 0.0, "DNN": 0.0}, "0 + 1": {"AB": 0.009296939237492169, "AC": 0.009296939237492169, "DS": 0.009296939237492169, "DT": 0.009296939237492169, "GM": 0.009296939237492169, "GN": 0.009296939237492169, "GB": 0.009296939237492169, "KNN": 0.009296939237492169, "KM": 0.009296939237492169, "LR": 0.009296939237492169, "LRR": 0.009296939237492169, "LRL": 0.009296939237492169, "LRE": 0.009296939237492169, "LOG_R": 0.009296939237492169, "RF": 0.009296939237492169, "SVM": 0.009296939237492169, "DNN": 0.009296939237492169}, "0 + 2": {"AB": 0.07437551389993757, "AC": 0.07437551389993757, "DS": 0.07437551389993757, "DT": 0.07437551389993757, "GM": 0.07437551389993757, "GN": 0.07437551389993757, "GB": 0.07437551389993757, "KNN": 0.07437551389993757, "KM": 0.07437551389993757, "LR": 0.07437551389993757, "LRR": 0.07437551389993757, "LRL": 0.07437551389993757, "LRE": 0.07437551389993757, "LOG_R": 0.07437551389993757, "RF": 0.07437551389993757, "SVM": 0.07437551389993757, "DNN": 0.07437551389993757}, "0 + 3": {"AB": 0.018593878474984366, "AC": 0.018593878474984366, "DS": 0.018593878474984366, "DT": 0.018593878474984366, "GM": 0.018593878474984366, "GN": 0.018593878474984366, "GB": 0.018593878474984366, "KNN": 0.018593878474984366, "KM": 0.018593878474984366, "LR": 0.018593878474984366, "LRR": 0.018593878474984366, "LRL": 0.018593878474984366, "LRE": 0.018593878474984366, "LOG_R": 0.018593878474984366, "RF": 0.018593878474984366, "SVM": 0.018593878474984366, "DNN": 0.018593878474984366}, "0 + 4": {"AB": 0.25101735941228914, "AC": 0.25101735941228914, "DS": 0.25101735941228914, "DT": 0.25101735941228914, "GM": 0.25101735941228914, "GN": 0.25101735941228914, "GB": 0.25101735941228914, "KNN": 0.25101735941228914, "KM": 0.25101735941228914, "LR": 0.25101735941228914, "LRR": 0.25101735941228914, "LRL": 0.25101735941228914, "LRE": 0.25101735941228914, "LOG_R": 0.25101735941228914, "RF": 0.25101735941228914, "SVM": 0.25101735941228914, "DNN": 0.25101735941228914}, "1 + 2": {"AB": 0.08367245313742974, "AC": 0.08367245313742974, "DS": 0.08367245313742974, "DT": 0.08367245313742974, "GM": 0.08367245313742974, "GN": 0.08367245313742974, "GB": 0.08367245313742974, "KNN": 0.08367245313742974, "KM": 0.08367245313742974, "LR": 0.08367245313742974, "LRR": 0.08367245313742974, "LRL": 0.08367245313742974, "LRE": 0.08367245313742974, "LOG_R": 0.08367245313742974, "RF": 0.08367245313742974, "SVM": 0.08367245313742974, "DNN": 0.08367245313742974}, "1 + 3": {"AB": 0.009296939237492197, "AC": 0.009296939237492197, "DS": 0.009296939237492197, "DT": 0.009296939237492197, "GM": 0.009296939237492197, "GN": 0.009296939237492197, "GB": 0.009296939237492197, "KNN": 0.009296939237492197, "KM": 0.009296939237492197, "LR": 0.009296939237492197, "LRR": 0.009296939237492197, "LRL": 0.009296939237492197, "LRE": 0.009296939237492197, "LOG_R": 0.009296939237492197, "RF": 0.009296939237492197, "SVM": 0.009296939237492197, "DNN": 0.009296939237492197}, "1 + 4": {"AB": 0.24172042017479697, "AC": 0.24172042017479697, "DS": 0.24172042017479697, "DT": 0.24172042017479697, "GM": 0.24172042017479697, "GN": 0.24172042017479697, "GB": 0.24172042017479697, "KNN": 0.24172042017479697, "KM": 0.24172042017479697, "LR": 0.24172042017479697, "LRR": 0.24172042017479697, "LRL": 0.24172042017479697, "LRE": 0.24172042017479697, "LOG_R": 0.24172042017479697, "RF": 0.24172042017479697, "SVM": 0.24172042017479697, "DNN": 0.24172042017479697}, "2 + 3": {"AB": 0.09296939237492194, "AC": 0.09296939237492194, "DS": 0.09296939237492194, "DT": 0.09296939237492194, "GM": 0.09296939237492194, "GN": 0.09296939237492194, "GB": 0.09296939237492194, "KNN": 0.09296939237492194, "KM": 0.09296939237492194, "LR": 0.09296939237492194, "LRR": 0.09296939237492194, "LRL": 0.09296939237492194, "LRE": 0.09296939237492194, "LOG_R": 0.09296939237492194, "RF": 0.09296939237492194, "SVM": 0.09296939237492194, "DNN": 0.09296939237492194}, "2 + 4": {"AB": 0.3253928733122267, "AC": 0.3253928733122267, "DS": 0.3253928733122267, "DT": 0.3253928733122267, "GM": 0.3253928733122267, "GN": 0.3253928733122267, "GB": 0.3253928733122267, "KNN": 0.3253928733122267, "KM": 0.3253928733122267, "LR": 0.3253928733122267, "LRR": 0.3253928733122267, "LRL": 0.3253928733122267, "LRE": 0.3253928733122267, "LOG_R": 0.3253928733122267, "RF": 0.3253928733122267, "SVM": 0.3253928733122267, "DNN": 0.3253928733122267}, "3 + 4": {"AB": 0.23242348093730478, "AC": 0.23242348093730478, "DS": 0.23242348093730478, "DT": 0.23242348093730478, "GM": 0.23242348093730478, "GN": 0.23242348093730478, "GB": 0.23242348093730478, "KNN": 0.23242348093730478, "KM": 0.23242348093730478, "LR": 0.23242348093730478, "LRR": 0.23242348093730478, "LRL": 0.23242348093730478, "LRE": 0.23242348093730478, "LOG_R": 0.23242348093730478, "RF": 0.23242348093730478, "SVM": 0.23242348093730478, "DNN": 0.23242348093730478}, "0 + 1 + 2": {"AB": 0.046484696187460955, "AC": 0.046484696187460955, "DS": 0.046484696187460955, "DT": 0.046484696187460955, "GM": 0.046484696187460955, "GN": 0.046484696187460955, "GB": 0.046484696187460955, "KNN": 0.046484696187460955, "KM": 0.046484696187460955, "LR": 0.046484696187460955, "LRR": 0.046484696187460955, "LRL": 0.046484696187460955, "LRE": 0.046484696187460955, "LOG_R": 0.046484696187460955, "RF": 0.046484696187460955, "SVM": 0.046484696187460955, "DNN": 0.046484696187460955}, "0 + 1 + 3": {"AB": 0.013945408856238281, "AC": 0.013945408856238281, "DS": 0.013945408856238281, "DT": 0.013945408856238281, "GM": 0.013945408856238281, "GN": 0.013945408856238281, "GB": 0.013945408856238281, "KNN": 0.013945408856238281, "KM": 0.013945408856238281, "LR": 0.013945408856238281, "LRR": 0.013945408856238281, "LRL": 0.013945408856238281, "LRE": 0.013945408856238281, "LOG_R": 0.013945408856238281, "RF": 0.013945408856238281, "SVM": 0.013945408856238281, "DNN": 0.013945408856238281}, "0 + 1 + 4": {"AB": 0.24636888979354304, "AC": 0.24636888979354304, "DS": 0.24636888979354304, "DT": 0.24636888979354304, "GM": 0.24636888979354304, "GN": 0.24636888979354304, "GB": 0.24636888979354304, "KNN": 0.24636888979354304, "KM": 0.24636888979354304, "LR": 0.24636888979354304, "LRR": 0.24636888979354304, "LRL": 0.24636888979354304, "LRE": 0.24636888979354304, "LOG_R": 0.24636888979354304, "RF": 0.24636888979354304, "SVM": 0.24636888979354304, "DNN": 0.24636888979354304}, "0 + 2 + 3": {"AB": 0.05578163542495315, "AC": 0.05578163542495315, "DS": 0.05578163542495315, "DT": 0.05578163542495315, "GM": 0.05578163542495315, "GN": 0.05578163542495315, "GB": 0.05578163542495315, "KNN": 0.05578163542495315, "KM": 0.05578163542495315, "LR": 0.05578163542495315, "LRR": 0.05578163542495315, "LRL": 0.05578163542495315, "LRE": 0.05578163542495315, "LOG_R": 0.05578163542495315, "RF": 0.05578163542495315, "SVM": 0.05578163542495315, "DNN": 0.05578163542495315}, "0 + 2 + 4": {"AB": 0.28820511636225793, "AC": 0.28820511636225793, "DS": 0.28820511636225793, "DT": 0.28820511636225793, "GM": 0.28820511636225793, "GN": 0.28820511636225793,