{"0": {"AB": 0.0, "AC": 0.0, "DS": 0.0, "DT": 0.0, "GM": 0.0, "GN": 0.0, "GB": 0.0, "KNN": 0.0, "KM": 0.0, "LR": 0.0, "LRR": 0.0, "LRL": 0.0, "LRE": 0.0, "LOG_R": 0.0, "RF": 0.0, "SVM": 0.0, "DNN": 0.0}, "1": {"AB": 0.0, "AC": 0.0, "DS": 0.0, "DT": 0.0, "GM": 0.0, "GN": 0.0, "GB": 0.0, "KNN": 0.0, "KM": 0.0, "LR": 0.0, "LRR": 0.0, "LRL": 0.0, "LRE": 0.0, "LOG_R": 0.0, "RF": 0.0, "SVM": 0.0, "DNN": 0.0}, "2": {"AB": 0.0, "AC": 0.0, "DS": 0.0, "DT": 0.0, "GM": 0.0, "GN": 0.0, "GB": 0.0, "KNN": 0.0, "KM": 0.0, "LR": 0.0, "LRR": 0.0, "LRL": 0.0, "LRE": 0.0, "LOG_R": 0.0, "RF": 0.0, "SVM": 0.0, "DNN": 0.0}, "3": {"AB": 0.0, "AC": 0.0, "DS": 0.0, "DT": 0.0, "GM": 0.0, "GN": 0.0, "GB": 0.0, "KNN": 0.0, "KM": 0.0, "LR": 0.0, "LRR": 0.0, "LRL": 0.0, "LRE": 0.0, "LOG_R": 0.0, "RF": 0.0, "SVM": 0.0, "DNN": 0.0}, "4": {"AB": 0.0, "AC": 0.0, "DS": 0.0, "DT": 0.0, "GM": 0.0, "GN": 0.0, "GB": 0.0, "KNN": 0.0, "KM": 0.0, "LR": 0.0, "LRR": 0.0, "LRL": 0.0, "LRE": 0.0, "LOG_R": 0.0, "RF": 0.0, "SVM": 0.0, "DNN": 0.0}, "0 + 1": {"AB": 0.06853336191274789, "AC": 0.06853336191274789, "DS": 0.06853336191274789, "DT": 0.06853336191274789, "GM": 0.06853336191274789, "GN": 0.06853336191274789, "GB": 0.06853336191274789, "KNN": 0.06853336191274789, "KM": 0.06853336191274789, "LR": 0.06853336191274789, "LRR": 0.06853336191274789, "LRL": 0.06853336191274789, "LRE": 0.06853336191274789, "LOG_R": 0.06853336191274789, "RF": 0.06853336191274789, "SVM": 0.06853336191274789, "DNN": 0.06853336191274789}, "0 + 2": {"AB": 0.14089291930163522, "AC": 0.14089291930163522, "DS": 0.14089291930163522, "DT": 0.14089291930163522, "GM": 0.14089291930163522, "GN": 0.14089291930163522, "GB": 0.14089291930163522, "KNN": 0.14089291930163522, "KM": 0.14089291930163522, "LR": 0.14089291930163522, "LRR": 0.14089291930163522, "LRL": 0.14089291930163522, "LRE": 0.14089291930163522, "LOG_R": 0.14089291930163522, "RF": 0.14089291930163522, "SVM": 0.14089291930163522, "DNN": 0.14089291930163522}, "0 + 3": {"AB": 0.21458896164896168, "AC": 0.21458896164896168, "DS": 0.21458896164896168, "DT": 0.21458896164896168, "GM": 0.21458896164896168, "GN": 0.21458896164896168, "GB": 0.21458896164896168, "KNN": 0.21458896164896168, "KM": 0.21458896164896168, "LR": 0.21458896164896168, "LRR": 0.21458896164896168, "LRL": 0.21458896164896168, "LRE": 0.21458896164896168, "LOG_R": 0.21458896164896168, "RF": 0.21458896164896168, "SVM": 0.21458896164896168, "DNN": 0.21458896164896168}, "0 + 4": {"AB": 0.35288788722150866, "AC": 0.35288788722150866, "DS": 0.35288788722150866, "DT": 0.35288788722150866, "GM": 0.35288788722150866, "GN": 0.35288788722150866, "GB": 0.35288788722150866, "KNN": 0.35288788722150866, "KM": 0.35288788722150866, "LR": 0.35288788722150866, "LRR": 0.35288788722150866, "LRL": 0.35288788722150866, "LRE": 0.35288788722150866, "LOG_R": 0.35288788722150866, "RF": 0.35288788722150866, "SVM": 0.35288788722150866, "DNN": 0.35288788722150866}, "1 + 2": {"AB": 0.07235955738888733, "AC": 0.07235955738888733, "DS": 0.07235955738888733, "DT": 0.07235955738888733, "GM": 0.07235955738888733, "GN": 0.07235955738888733, "GB": 0.07235955738888733, "KNN": 0.07235955738888733, "KM": 0.07235955738888733, "LR": 0.07235955738888733, "LRR": 0.07235955738888733, "LRL": 0.07235955738888733, "LRE": 0.07235955738888733, "LOG_R": 0.07235955738888733, "RF": 0.07235955738888733, "SVM": 0.07235955738888733, "DNN": 0.07235955738888733}, "1 + 3": {"AB": 0.1460555997362138, "AC": 0.1460555997362138, "DS": 0.1460555997362138, "DT": 0.1460555997362138, "GM": 0.1460555997362138, "GN": 0.1460555997362138, "GB": 0.1460555997362138, "KNN": 0.1460555997362138, "KM": 0.1460555997362138, "LR": 0.1460555997362138, "LRR": 0.1460555997362138, "LRL": 0.1460555997362138, "LRE": 0.1460555997362138, "LOG_R": 0.1460555997362138, "RF": 0.1460555997362138, "SVM": 0.1460555997362138, "DNN": 0.1460555997362138}, "1 + 4": {"AB": 0.2843545253087608, "AC": 0.2843545253087608, "DS": 0.2843545253087608, "DT": 0.2843545253087608, "GM": 0.2843545253087608, "GN": 0.2843545253087608, "GB": 0.2843545253087608, "KNN": 0.2843545253087608, "KM": 0.2843545253087608, "LR": 0.2843545253087608, "LRR": 0.2843545253087608, "LRL": 0.2843545253087608, "LRE": 0.2843545253087608, "LOG_R": 0.2843545253087608, "RF": 0.2843545253087608, "SVM": 0.2843545253087608, "DNN": 0.2843545253087608}, "2 + 3": {"AB": 0.07369604234732646, "AC": 0.07369604234732646, "DS": 0.07369604234732646, "DT": 0.07369604234732646, "GM": 0.07369604234732646, "GN": 0.07369604234732646, "GB": 0.07369604234732646, "KNN": 0.07369604234732646, "KM": 0.07369604234732646, "LR": 0.07369604234732646, "LRR": 0.07369604234732646, "LRL": 0.07369604234732646, "LRE": 0.07369604234732646, "LOG_R": 0.07369604234732646, "RF": 0.07369604234732646, "SVM": 0.07369604234732646, "DNN": 0.07369604234732646}, "2 + 4": {"AB": 0.21199496791987346, "AC": 0.21199496791987346, "DS": 0.21199496791987346, "DT": 0.21199496791987346, "GM": 0.21199496791987346, "GN": 0.21199496791987346, "GB": 0.21199496791987346, "KNN": 0.21199496791987346, "KM": 0.21199496791987346, "LR": 0.21199496791987346, "LRR": 0.21199496791987346, "LRL": 0.21199496791987346, "LRE": 0.21199496791987346, "LOG_R": 0.21199496791987346, "RF": 0.21199496791987346, "SVM": 0.21199496791987346, "DNN": 0.21199496791987346}, "3 + 4": {"AB": 0.138298925572547, "AC": 0.138298925572547, "DS": 0.138298925572547, "DT": 0.138298925572547, "GM": 0.138298925572547, "GN": 0.138298925572547, "GB": 0.138298925572547, "KNN": 0.138298925572547, "KM": 0.138298925572547, "LR": 0.138298925572547, "LRR": 0.138298925572547, "LRL": 0.138298925572547, "LRE": 0.138298925572547, "LOG_R": 0.138298925572547, "RF": 0.138298925572547, "SVM": 0.138298925572547, "DNN": 0.138298925572547}, "0 + 1 + 2": {"AB": 0.10662623834526128, "AC": 0.10662623834526128, "DS": 0.10662623834526128, "DT": 0.10662623834526128, "GM": 0.10662623834526128, "GN": 0.10662623834526128, "GB": 0.10662623834526128, "KNN": 0.10662623834526128, "KM": 0.10662623834526128, "LR": 0.10662623834526128, "LRR": 0.10662623834526128, "LRL": 0.10662623834526128, "LRE": 0.10662623834526128, "LOG_R": 0.10662623834526128, "RF": 0.10662623834526128, "SVM": 0.10662623834526128, "DNN": 0.10662623834526128}, "0 + 1 + 3": {"AB": 0.18032228069258774, "AC": 0.18032228069258774, "DS": 0.18032228069258774, "DT": 0.18032228069258774, "GM": 0.18032228069258774, "GN": 0.18032228069258774, "GB": 0.18032228069258774, "KNN": 0.18032228069258774, "KM": 0.18032228069258774, "LR": 0.18032228069258774, "LRR": 0.18032228069258774, "LRL": 0.18032228069258774, "LRE": 0.18032228069258774, "LOG_R": 0.18032228069258774, "RF": 0.18032228069258774, "SVM": 0.18032228069258774, "DNN": 0.18032228069258774}, "0 + 1 + 4": {"AB": 0.31862120626513474, "AC": 0.31862120626513474, "DS": 0.31862120626513474, "DT": 0.31862120626513474, "GM": 0.31862120626513474, "GN": 0.31862120626513474, "GB": 0.31862120626513474, "KNN": 0.31862120626513474, "KM": 0.31862120626513474, "LR": 0.31862120626513474, "LRR": 0.31862120626513474, "LRL": 0.31862120626513474, "LRE": 0.31862120626513474, "LOG_R": 0.31862120626513474, "RF": 0.31862120626513474, "SVM": 0.31862120626513474, "DNN": 0.31862120626513474}, "0 + 2 + 3": {"AB": 0.14414250199814407, "AC": 0.14414250199814407, "DS": 0.14414250199814407, "DT": 0.14414250199814407, "GM": 0.14414250199814407, "GN": 0.14414250199814407, "GB": 0.14414250199814407, "KNN": 0.14414250199814407, "KM": 0.14414250199814407, "LR": 0.14414250199814407, "LRR": 0.14414250199814407, "LRL": 0.14414250199814407, "LRE": 0.14414250199814407, "LOG_R": 0.14414250199814407, "RF": 0.14414250199814407, "SVM": 0.14414250199814407, "DNN": 0.14414250199814407}, "0 + 2 + 4": {"AB": 0.2824414275706911, "AC": 0.2824414275706911, "DS": 0.2824414275706911, "DT": 0.2824414275706911, "GM": 0.2824414275706911, "GN": 0.2824414275706911, "GB": 0.2824414275706911, "KNN": 0.2824414275706911, "KM": 0.2824414275706911, "LR": 0.2824414275706911, "LRR": 0.2824414275706911, "LRL": 0.2824414275706911,