{"0": {"AB": 0.6, "AC": 0.37037037037037035, "DS": 0.6205128205128204, "DT": 0.6, "GM": 0.11228070175438597, "GN": 0.6501035196687369, "GB": 0.6501035196687369, "KNN": 0.6501035196687369, "KM": 0.17142857142857143, "LR": 0.7, "LRR": 0.752, "LRL": 0.752, "LRE": 0.7, "LOG_R": 0.752, "RF": 0.6501035196687369, "SVM": 0.6205128205128204, "DNN": 0.6205128205128204}, "1": {"AB": 0.7959183673469388, "AC": 0.3492063492063492, "DS": 0.6914285714285714, "DT": 0.7959183673469388, "GM": 0.07563025210084033, "GN": 0.7357142857142857, "GB": 0.8045112781954887, "KNN": 0.6914285714285714, "KM": 0.7396825396825396, "LR": 0.8273809523809523, "LRR": 0.8273809523809523, "LRL": 0.8273809523809523, "LRE": 0.8273809523809523, "LOG_R": 0.9229813664596274, "RF": 0.8045112781954887, "SVM": 0.9229813664596274, "DNN": 0.6914285714285714}, "2": {"AB": 0.9319727891156463, "AC": 0.9319727891156463, "DS": 0.6914285714285714, "DT": 0.9319727891156463, "GM": 0.6914285714285714, "GN": 0.9319727891156463, "GB": 0.9319727891156463, "KNN": 0.9229813664596274, "KM": 0.9319727891156463, "LR": 0.9319727891156463, "LRR": 0.9319727891156463, "LRL": 0.9319727891156463, "LRE": 0.9319727891156463, "LOG_R": 0.9319727891156463, "RF": 0.9319727891156463, "SVM": 0.9319727891156463, "DNN": 0.9319727891156463}, "3": {"AB": 0.64, "AC": 0.10909090909090909, "DS": 0.4499999999999999, "DT": 0.64, "GM": 0.2285714285714286, "GN": 0.7809523809523808, "GB": 1.0, "KNN": 0.64, "KM": 1.0, "LR": 0.4499999999999999, "LRR": 0.4499999999999999, "LRL": 0.4499999999999999, "LRE": 0.4499999999999999, "LOG_R": 0.4499999999999999, "RF": 1.0, "SVM": 0.4499999999999999, "DNN": 0.8967032967032967}, "4": {"AB": 0.72, "AC": 0.5494505494505495, "DS": 0.7111111111111111, "DT": 0.72, "GM": 0.7111111111111111, "GN": 0.7111111111111111, "GB": 0.8862745098039216, "KNN": 0.8862745098039216, "KM": 0.5494505494505495, "LR": 0.6588235294117648, "LRR": 0.6588235294117648, "LRL": 0.6588235294117648, "LRE": 0.6588235294117648, "LOG_R": 0.6588235294117648, "RF": 0.8862745098039216, "SVM": 0.7111111111111111, "DNN": 0.7111111111111111}, "0 + 1": {"AB": 0.8571428571428571, "AC": 0.6547619047619048, "DS": 0.6914285714285714, "DT": 0.8571428571428571, "GM": 0.07563025210084033, "GN": 0.9229813664596274, "GB": 0.9229813664596274, "KNN": 0.9229813664596274, "KM": 0.8045112781954887, "LR": 0.6547619047619048, "LRR": 0.6547619047619048, "LRL": 0.6547619047619048, "LRE": 0.6547619047619048, "LOG_R": 0.6914285714285714, "RF": 0.9229813664596274, "SVM": 0.6914285714285714, "DNN": 0.6914285714285714}, "0 + 2": {"AB": 0.8273809523809523, "AC": 0.27731092436974786, "DS": 0.6914285714285714, "DT": 0.9229813664596274, "GM": 0.07563025210084033, "GN": 0.9229813664596274, "GB": 0.9229813664596274, "KNN": 0.8273809523809523, "KM": 0.8045112781954887, "LR": 0.9229813664596274, "LRR": 0.8571428571428571, "LRL": 0.8571428571428571, "LRE": 0.8571428571428571, "LOG_R": 0.9229813664596274, "RF": 0.9319727891156463, "SVM": 0.9229813664596274, "DNN": 0.9229813664596274}, "0 + 3": {"AB": 0.6901098901098901, "AC": 0.4, "DS": 0.4499999999999999, "DT": 0.6901098901098901, "GM": 0.4, "GN": 0.5619047619047619, "GB": 0.6901098901098901, "KNN": 0.7809523809523808, "KM": 0.41758241758241754, "LR": 0.4, "LRR": 0.4, "LRL": 0.4, "LRE": 0.4, "LOG_R": 0.5619047619047619, "RF": 0.6901098901098901, "SVM": 0.4, "DNN": 0.901010101010101}, "0 + 4": {"AB": 1.0, "AC": 0.8862745098039216, "DS": 0.7111111111111111, "DT": 0.8862745098039216, "GM": 0.7111111111111111, "GN": 0.7111111111111111, "GB": 0.8862745098039216, "KNN": 0.8862745098039216, "KM": 0.8, "LR": 0.8, "LRR": 0.8, "LRL": 0.8, "LRE": 0.8, "LOG_R": 0.8, "RF": 1.0, "SVM": 0.8, "DNN": 0.8862745098039216}, "1 + 2": {"AB": 0.9319727891156463, "AC": 0.8678571428571429, "DS": 0.6914285714285714, "DT": 0.9319727891156463, "GM": 0.6914285714285714, "GN": 0.9319727891156463, "GB": 0.9319727891156463, "KNN": 0.8678571428571429, "KM": 0.8678571428571429, "LR": 0.9319727891156463, "LRR": 0.9319727891156463, "LRL": 0.9319727891156463, "LRE": 0.9319727891156463, "LOG_R": 0.9319727891156463, "RF": 0.9319727891156463, "SVM": 0.9319727891156463, "DNN": 0.8678571428571429}, "1 + 3": {"AB": 1.0, "AC": 0.8917748917748918, "DS": 0.5333333333333334, "DT": 0.882051282051282, "GM": 0.5333333333333334, "GN": 0.8917748917748918, "GB": 0.882051282051282, "KNN": 0.8917748917748918, "KM": 0.13333333333333336, "LR": 0.882051282051282, "LRR": 0.882051282051282, "LRL": 0.882051282051282, "LRE": 0.882051282051282, "LOG_R": 0.882051282051282, "RF": 1.0, "SVM": 0.738095238095238, "DNN": 1.0}, "1 + 4": {"AB": 1.0, "AC": 0.6588235294117648, "DS": 0.7111111111111111, "DT": 1.0, "GM": 0.06666666666666668, "GN": 0.9066666666666666, "GB": 1.0, "KNN": 0.7111111111111111, "KM": 0.25050505050505045, "LR": 0.8862745098039216, "LRR": 0.8862745098039216, "LRL": 0.8862745098039216, "LRE": 0.8862745098039216, "LOG_R": 0.8862745098039216, "RF": 1.0, "SVM": 0.8862745098039216, "DNN": 0.7111111111111111}, "2 + 3": {"AB": 1.0, "AC": 0.47619047619047616, "DS": 0.5333333333333334, "DT": 1.0, "GM": 0.37229437229437223, "GN": 1.0, "GB": 1.0, "KNN": 0.882051282051282, "KM": 0.37229437229437223, "LR": 0.8917748917748918, "LRR": 0.8917748917748918, "LRL": 0.8917748917748918, "LRE": 0.8917748917748918, "LOG_R": 0.8917748917748918, "RF": 1.0, "SVM": 0.8917748917748918, "DNN": 1.0}, "2 + 4": {"AB": 1.0, "AC": 0.9066666666666666, "DS": 0.7111111111111111, "DT": 1.0, "GM": 0.06666666666666668, "GN": 1.0, "GB": 1.0, "KNN": 1.0, "KM": 0.9066666666666666, "LR": 0.9066666666666666, "LRR": 0.9066666666666666, "LRL": 0.9066666666666666, "LRE": 0.9066666666666666, "LOG_R": 0.9066666666666666, "RF": 0.9066666666666666, "SVM": 0.9066666666666666, "DNN": 1.0}, "3 + 4": {"AB": 0.75, "AC": 0.8589743589743589, "DS": 0.6428571428571428, "DT": 0.75, "GM": 0.1, "GN": 0.6428571428571428, "GB": 0.6428571428571428, "KNN": 0.8589743589743589, "KM": 0.05555555555555556, "LR": 0.6428571428571428, "LRR": 0.6428571428571428, "LRL": 0.6428571428571428, "LRE": 0.6428571428571428, "LOG_R": 0.6428571428571428, "RF": 0.8589743589743589, "SVM": 0.6428571428571428, "DNN": 0.8589743589743589}, "0 + 1 + 2": {"AB": 1.0, "AC": 0.19642857142857145, "DS": 0.6914285714285714, "DT": 0.9319727891156463, "GM": 0.6914285714285714, "GN": 0.9319727891156463, "GB": 0.9319727891156463, "KNN": 0.9229813664596274, "KM": 0.19642857142857145, "LR": 0.9319727891156463, "LRR": 0.9319727891156463, "LRL": 0.9319727891156463, "LRE": 0.9319727891156463, "LOG_R": 0.9319727891156463, "RF": 0.8571428571428571, "SVM": 0.9319727891156463, "DNN": 0.7959183673469388}, "0 + 1 + 3": {"AB": 1.0, "AC": 0.8917748917748918, "DS": 0.5333333333333334, "DT": 1.0, "GM": 0.5333333333333334, "GN": 0.882051282051282, "GB": 1.0, "KNN": 0.6461538461538461, "KM": 0.8917748917748918, "LR": 1.0, "LRR": 1.0, "LRL": 1.0, "LRE": 1.0, "LOG_R": 1.0, "RF": 1.0, "SVM": 0.8917748917748918, "DNN": 0.8917748917748918}, "0 + 1 + 4": {"AB": 0.8862745098039216, "AC": 0.6588235294117648, "DS": 0.7111111111111111, "DT": 0.8862745098039216, "GM": 0.7111111111111111, "GN": 0.7111111111111111, "GB": 0.8862745098039216, "KNN": 0.8862745098039216, "KM": 0.3692307692307692, "LR": 0.7111111111111111, "LRR": 0.7111111111111111, "LRL": 0.7111111111111111, "LRE": 0.7111111111111111, "LOG_R": 0.7111111111111111, "RF": 0.7111111111111111, "SVM": 0.7111111111111111, "DNN": 0.7111111111111111}, "0 + 2 + 3": {"AB": 0.882051282051282, "AC": 0.47619047619047616, "DS": 0.5333333333333334, "DT": 0.882051282051282, "GM": 0.47619047619047616, "GN": 1.0, "GB": 0.882051282051282, "KNN": 0.882051282051282, "KM": 0.37229437229437223, "LR": 0.8917748917748918, "LRR": 0.8917748917748918, "LRL": 0.8917748917748918, "LRE": 0.8917748917748918, "LOG_R": 0.8917748917748918, "RF": 1.0, "SVM": 0.8917748917748918, "DNN": 0.8917748917748918}, "0 + 2 + 4": {"AB": 0.8, "AC": 0.26666666666666666, "DS": 0.7111111111111111, "DT": 0.8, "GM": 0.06666666666666668, "GN": 0.8, "GB": 0.8, "KNN": 0.9066666666666666,