{"0": {"AB": 0.16734490627485943, "AC": 0.16734490627485943, "DS": 0.16734490627485943, "DT": 0.16734490627485943, "GM": 0.16734490627485943, "GN": 0.16734490627485943, "GB": 0.16734490627485943, "KNN": 0.16734490627485943, "KM": 0.16734490627485943, "LR": 0.16734490627485943, "LRR": 0.16734490627485943, "LRL": 0.16734490627485943, "LRE": 0.16734490627485943, "LOG_R": 0.16734490627485943, "RF": 0.16734490627485943, "SVM": 0.16734490627485943, "DNN": 0.16734490627485943}, "1": {"AB": 0.15804796703736726, "AC": 0.15804796703736726, "DS": 0.15804796703736726, "DT": 0.15804796703736726, "GM": 0.15804796703736726, "GN": 0.15804796703736726, "GB": 0.15804796703736726, "KNN": 0.15804796703736726, "KM": 0.15804796703736726, "LR": 0.15804796703736726, "LRR": 0.15804796703736726, "LRL": 0.15804796703736726, "LRE": 0.15804796703736726, "LOG_R": 0.15804796703736726, "RF": 0.15804796703736726, "SVM": 0.15804796703736726, "DNN": 0.15804796703736726}, "2": {"AB": 0.14410255818112896, "AC": 0.14410255818112896, "DS": 0.14410255818112896, "DT": 0.14410255818112896, "GM": 0.14410255818112896, "GN": 0.14410255818112896, "GB": 0.14410255818112896, "KNN": 0.14410255818112896, "KM": 0.14410255818112896, "LR": 0.14410255818112896, "LRR": 0.14410255818112896, "LRL": 0.14410255818112896, "LRE": 0.14410255818112896, "LOG_R": 0.14410255818112896, "RF": 0.14410255818112896, "SVM": 0.14410255818112896, "DNN": 0.14410255818112896}, "3": {"AB": 0.13480561894363677, "AC": 0.13480561894363677, "DS": 0.13480561894363677, "DT": 0.13480561894363677, "GM": 0.13480561894363677, "GN": 0.13480561894363677, "GB": 0.13480561894363677, "KNN": 0.13480561894363677, "KM": 0.13480561894363677, "LR": 0.13480561894363677, "LRR": 0.13480561894363677, "LRL": 0.13480561894363677, "LRE": 0.13480561894363677, "LOG_R": 0.13480561894363677, "RF": 0.13480561894363677, "SVM": 0.13480561894363677, "DNN": 0.13480561894363677}, "4": {"AB": 0.2670953246639494, "AC": 0.2670953246639494, "DS": 0.2670953246639494, "DT": 0.2670953246639494, "GM": 0.2670953246639494, "GN": 0.2670953246639494, "GB": 0.2670953246639494, "KNN": 0.2670953246639494, "KM": 0.2670953246639494, "LR": 0.2670953246639494, "LRR": 0.2670953246639494, "LRL": 0.2670953246639494, "LRE": 0.2670953246639494, "LOG_R": 0.2670953246639494, "RF": 0.2670953246639494, "SVM": 0.2670953246639494, "DNN": 0.2670953246639494}, "0 + 1": {"AB": 0.21285598904120503, "AC": 0.21285598904120503, "DS": 0.21285598904120503, "DT": 0.21285598904120503, "GM": 0.21285598904120503, "GN": 0.21285598904120503, "GB": 0.21285598904120503, "KNN": 0.21285598904120503, "KM": 0.21285598904120503, "LR": 0.21285598904120503, "LRR": 0.21285598904120503, "LRL": 0.21285598904120503, "LRE": 0.21285598904120503, "LOG_R": 0.21285598904120503, "RF": 0.21285598904120503, "SVM": 0.21285598904120503, "DNN": 0.21285598904120503}, "0 + 2": {"AB": 0.19772721087896983, "AC": 0.19772721087896983, "DS": 0.19772721087896983, "DT": 0.19772721087896983, "GM": 0.19772721087896983, "GN": 0.19772721087896983, "GB": 0.19772721087896983, "KNN": 0.19772721087896983, "KM": 0.19772721087896983, "LR": 0.19772721087896983, "LRR": 0.19772721087896983, "LRL": 0.19772721087896983, "LRE": 0.19772721087896983, "LOG_R": 0.19772721087896983, "RF": 0.19772721087896983, "SVM": 0.19772721087896983, "DNN": 0.19772721087896983}, "0 + 3": {"AB": 0.18781821738003734, "AC": 0.18781821738003734, "DS": 0.18781821738003734, "DT": 0.18781821738003734, "GM": 0.18781821738003734, "GN": 0.18781821738003734, "GB": 0.18781821738003734, "KNN": 0.18781821738003734, "KM": 0.18781821738003734, "LR": 0.18781821738003734, "LRR": 0.18781821738003734, "LRL": 0.18781821738003734, "LRE": 0.18781821738003734, "LOG_R": 0.18781821738003734, "RF": 0.18781821738003734, "SVM": 0.18781821738003734, "DNN": 0.18781821738003734}, "0 + 4": {"AB": 0.2875145036132148, "AC": 0.2875145036132148, "DS": 0.2875145036132148, "DT": 0.2875145036132148, "GM": 0.2875145036132148, "GN": 0.2875145036132148, "GB": 0.2875145036132148, "KNN": 0.2875145036132148, "KM": 0.2875145036132148, "LR": 0.2875145036132148, "LRR": 0.2875145036132148, "LRL": 0.2875145036132148, "LRE": 0.2875145036132148, "LOG_R": 0.2875145036132148, "RF": 0.2875145036132148, "SVM": 0.2875145036132148, "DNN": 0.2875145036132148}, "1 + 2": {"AB": 0.1957171549637616, "AC": 0.1957171549637616, "DS": 0.1957171549637616, "DT": 0.1957171549637616, "GM": 0.1957171549637616, "GN": 0.1957171549637616, "GB": 0.1957171549637616, "KNN": 0.1957171549637616, "KM": 0.1957171549637616, "LR": 0.1957171549637616, "LRR": 0.1957171549637616, "LRL": 0.1957171549637616, "LRE": 0.1957171549637616, "LOG_R": 0.1957171549637616, "RF": 0.1957171549637616, "SVM": 0.1957171549637616, "DNN": 0.1957171549637616}, "1 + 3": {"AB": 0.18588153812296296, "AC": 0.18588153812296296, "DS": 0.18588153812296296, "DT": 0.18588153812296296, "GM": 0.18588153812296296, "GN": 0.18588153812296296, "GB": 0.18588153812296296, "KNN": 0.18588153812296296, "KM": 0.18588153812296296, "LR": 0.18588153812296296, "LRR": 0.18588153812296296, "LRL": 0.18588153812296296, "LRE": 0.18588153812296296, "LOG_R": 0.18588153812296296, "RF": 0.18588153812296296, "SVM": 0.18588153812296296, "DNN": 0.18588153812296296}, "1 + 4": {"AB": 0.27720793304410146, "AC": 0.27720793304410146, "DS": 0.27720793304410146, "DT": 0.27720793304410146, "GM": 0.27720793304410146, "GN": 0.27720793304410146, "GB": 0.27720793304410146, "KNN": 0.27720793304410146, "KM": 0.27720793304410146, "LR": 0.27720793304410146, "LRR": 0.27720793304410146, "LRL": 0.27720793304410146, "LRE": 0.27720793304410146, "LOG_R": 0.27720793304410146, "RF": 0.27720793304410146, "SVM": 0.27720793304410146, "DNN": 0.27720793304410146}, "2 + 3": {"AB": 0.1824318295227513, "AC": 0.1824318295227513, "DS": 0.1824318295227513, "DT": 0.1824318295227513, "GM": 0.1824318295227513, "GN": 0.1824318295227513, "GB": 0.1824318295227513, "KNN": 0.1824318295227513, "KM": 0.1824318295227513, "LR": 0.1824318295227513, "LRR": 0.1824318295227513, "LRL": 0.1824318295227513, "LRE": 0.1824318295227513, "LOG_R": 0.1824318295227513, "RF": 0.1824318295227513, "SVM": 0.1824318295227513, "DNN": 0.1824318295227513}, "2 + 4": {"AB": 0.2620275782465716, "AC": 0.2620275782465716, "DS": 0.2620275782465716, "DT": 0.2620275782465716, "GM": 0.2620275782465716, "GN": 0.2620275782465716, "GB": 0.2620275782465716, "KNN": 0.2620275782465716, "KM": 0.2620275782465716, "LR": 0.2620275782465716, "LRR": 0.2620275782465716, "LRL": 0.2620275782465716, "LRE": 0.2620275782465716, "LOG_R": 0.2620275782465716, "RF": 0.2620275782465716, "SVM": 0.2620275782465716, "DNN": 0.2620275782465716}, "3 + 4": {"AB": 0.25208576445715625, "AC": 0.25208576445715625, "DS": 0.25208576445715625, "DT": 0.25208576445715625, "GM": 0.25208576445715625, "GN": 0.25208576445715625, "GB": 0.25208576445715625, "KNN": 0.25208576445715625, "KM": 0.25208576445715625, "LR": 0.25208576445715625, "LRR": 0.25208576445715625, "LRL": 0.25208576445715625, "LRE": 0.25208576445715625, "LOG_R": 0.25208576445715625, "RF": 0.25208576445715625, "SVM": 0.25208576445715625, "DNN": 0.25208576445715625}, "0 + 1 + 2": {"AB": 0.2230319952914841, "AC": 0.2230319952914841, "DS": 0.2230319952914841, "DT": 0.2230319952914841, "GM": 0.2230319952914841, "GN": 0.2230319952914841, "GB": 0.2230319952914841, "KNN": 0.2230319952914841, "KM": 0.2230319952914841, "LR": 0.2230319952914841, "LRR": 0.2230319952914841, "LRL": 0.2230319952914841, "LRE": 0.2230319952914841, "LOG_R": 0.2230319952914841, "RF": 0.2230319952914841, "SVM": 0.2230319952914841, "DNN": 0.2230319952914841}, "0 + 1 + 3": {"AB": 0.21287200715543186, "AC": 0.21287200715543186, "DS": 0.21287200715543186, "DT": 0.21287200715543186, "GM": 0.21287200715543186, "GN": 0.21287200715543186, "GB": 0.21287200715543186, "KNN": 0.21287200715543186, "KM": 0.21287200715543186, "LR": 0.21287200715543186, "LRR": 0.21287200715543186, "LRL": 0.21287200715543186, "LRE": 0.21287200715543186, "LOG_R": 0.21287200715543186, "RF": 0.21287200715543186, "SVM": 0.21287200715543186,