{"0": {"AB": 0.6923076923076924, "AC": 0.7873303167420814, "DS": 0.6688963210702342, "DT": 0.6923076923076924, "GM": 0.6688963210702342, "GN": 0.6688963210702342, "GB": 0.8146853146853146, "KNN": 0.7516483516483518, "KM": 0.7873303167420814, "LR": 0.6688963210702342, "LRR": 0.6688963210702342, "LRL": 0.6688963210702342, "LRE": 0.6688963210702342, "LOG_R": 0.6688963210702342, "RF": 0.6923076923076924, "SVM": 0.6688963210702342, "DNN": 0.6688963210702342}, "1": {"AB": 1.0, "AC": 0.7142857142857144, "DS": 0.7575757575757575, "DT": 1.0, "GM": 0.7142857142857144, "GN": 1.0, "GB": 1.0, "KNN": 1.0, "KM": 0.7142857142857144, "LR": 0.9561403508771931, "LRR": 0.9561403508771931, "LRL": 0.9561403508771931, "LRE": 0.9561403508771931, "LOG_R": 1.0, "RF": 1.0, "SVM": 1.0, "DNN": 0.7575757575757575}, "2": {"AB": 1.0, "AC": 0.3, "DS": 0.3333333333333333, "DT": 1.0, "GM": 0.3, "GN": 1.0, "GB": 1.0, "KNN": 1.0, "KM": 0.7754010695187166, "LR": 0.8833333333333334, "LRR": 0.8833333333333334, "LRL": 0.8833333333333334, "LRE": 0.8833333333333334, "LOG_R": 1.0, "RF": 1.0, "SVM": 1.0, "DNN": 1.0}, "3": {"AB": 0.7142857142857144, "AC": 0.7142857142857144, "DS": 0.7575757575757575, "DT": 0.7142857142857144, "GM": 0.7142857142857144, "GN": 0.7575757575757575, "GB": 0.7575757575757575, "KNN": 0.7575757575757575, "KM": 0.2027972027972028, "LR": 0.7575757575757575, "LRR": 0.7575757575757575, "LRL": 0.7575757575757575, "LRE": 0.7575757575757575, "LOG_R": 0.7575757575757575, "RF": 0.7575757575757575, "SVM": 0.7575757575757575, "DNN": 0.7575757575757575}, "4": {"AB": 1.0, "AC": 0.2631578947368421, "DS": 0.3333333333333333, "DT": 1.0, "GM": 0.3333333333333333, "GN": 1.0, "GB": 1.0, "KNN": 1.0, "KM": 0.8541666666666667, "LR": 0.9615384615384615, "LRR": 0.9615384615384615, "LRL": 0.9615384615384615, "LRE": 0.9615384615384615, "LOG_R": 1.0, "RF": 1.0, "SVM": 1.0, "DNN": 1.0}, "0 + 1": {"AB": 1.0, "AC": 0.4166666666666667, "DS": 0.7575757575757575, "DT": 1.0, "GM": 0.9228070175438597, "GN": 1.0, "GB": 1.0, "KNN": 1.0, "KM": 0.23809523809523814, "LR": 1.0, "LRR": 1.0, "LRL": 1.0, "LRE": 1.0, "LOG_R": 1.0, "RF": 1.0, "SVM": 1.0, "DNN": 0.9047619047619048}, "0 + 2": {"AB": 1.0, "AC": 0.525, "DS": 0.5764705882352941, "DT": 1.0, "GM": 0.525, "GN": 1.0, "GB": 1.0, "KNN": 0.8933333333333333, "KM": 0.325, "LR": 0.946153846153846, "LRR": 0.946153846153846, "LRL": 0.946153846153846, "LRE": 0.946153846153846, "LOG_R": 0.8933333333333333, "RF": 1.0, "SVM": 1.0, "DNN": 0.8933333333333333}, "0 + 3": {"AB": 0.9047619047619048, "AC": 0.7142857142857144, "DS": 0.7575757575757575, "DT": 0.9047619047619048, "GM": 0.7142857142857144, "GN": 0.7142857142857144, "GB": 0.9047619047619048, "KNN": 0.9047619047619048, "KM": 0.2027972027972028, "LR": 0.7142857142857144, "LRR": 0.7142857142857144, "LRL": 0.7142857142857144, "LRE": 0.7142857142857144, "LOG_R": 0.7575757575757575, "RF": 0.9047619047619048, "SVM": 0.7575757575757575, "DNN": 0.7575757575757575}, "0 + 4": {"AB": 1.0, "AC": 0.9032967032967033, "DS": 0.5764705882352941, "DT": 1.0, "GM": 0.13846153846153847, "GN": 1.0, "GB": 1.0, "KNN": 1.0, "KM": 1.0, "LR": 1.0, "LRR": 1.0, "LRL": 1.0, "LRE": 1.0, "LOG_R": 1.0, "RF": 1.0, "SVM": 1.0, "DNN": 0.9032967032967033}, "1 + 2": {"AB": 1.0, "AC": 0.15555555555555556, "DS": 0.6805555555555557, "DT": 1.0, "GM": 0.8957264957264957, "GN": 1.0, "GB": 1.0, "KNN": 1.0, "KM": 0.15555555555555556, "LR": 1.0, "LRR": 1.0, "LRL": 1.0, "LRE": 1.0, "LOG_R": 1.0, "RF": 1.0, "SVM": 1.0, "DNN": 1.0}, "1 + 3": {"AB": 1.0, "AC": 0.7142857142857144, "DS": 0.7575757575757575, "DT": 1.0, "GM": 0.9228070175438597, "GN": 1.0, "GB": 1.0, "KNN": 0.9047619047619048, "KM": 0.2027972027972028, "LR": 0.7684210526315791, "LRR": 0.7684210526315791, "LRL": 0.7684210526315791, "LRE": 0.7684210526315791, "LOG_R": 0.7684210526315791, "RF": 1.0, "SVM": 0.7684210526315791, "DNN": 0.9047619047619048}, "1 + 4": {"AB": 1.0, "AC": 0.7962962962962963, "DS": 0.6805555555555557, "DT": 1.0, "GM": 0.3888888888888889, "GN": 1.0, "GB": 1.0, "KNN": 1.0, "KM": 0.7962962962962963, "LR": 1.0, "LRR": 1.0, "LRL": 1.0, "LRE": 1.0, "LOG_R": 1.0, "RF": 1.0, "SVM": 1.0, "DNN": 0.7962962962962963}, "2 + 3": {"AB": 1.0, "AC": 0.6222222222222222, "DS": 0.6805555555555557, "DT": 1.0, "GM": 0.6222222222222222, "GN": 1.0, "GB": 1.0, "KNN": 1.0, "KM": 0.2833333333333333, "LR": 1.0, "LRR": 1.0, "LRL": 1.0, "LRE": 1.0, "LOG_R": 1.0, "RF": 1.0, "SVM": 1.0, "DNN": 1.0}, "2 + 4": {"AB": 1.0, "AC": 0.7754010695187166, "DS": 0.3333333333333333, "DT": 1.0, "GM": 0.3, "GN": 1.0, "GB": 1.0, "KNN": 1.0, "KM": 0.125, "LR": 0.9615384615384615, "LRR": 0.9615384615384615, "LRL": 0.9615384615384615, "LRE": 0.9615384615384615, "LOG_R": 1.0, "RF": 1.0, "SVM": 1.0, "DNN": 1.0}, "3 + 4": {"AB": 1.0, "AC": 0.5777777777777778, "DS": 0.6805555555555557, "DT": 1.0, "GM": 0.5555555555555556, "GN": 1.0, "GB": 1.0, "KNN": 1.0, "KM": 0.4444444444444444, "LR": 0.7962962962962963, "LRR": 0.7962962962962963, "LRL": 0.7962962962962963, "LRE": 0.7962962962962963, "LOG_R": 0.8957264957264957, "RF": 1.0, "SVM": 1.0, "DNN": 1.0}, "0 + 1 + 2": {"AB": 1.0, "AC": 0.8957264957264957, "DS": 0.6805555555555557, "DT": 1.0, "GM": 0.15555555555555556, "GN": 0.874074074074074, "GB": 1.0, "KNN": 1.0, "KM": 0.8957264957264957, "LR": 1.0, "LRR": 1.0, "LRL": 1.0, "LRE": 1.0, "LOG_R": 1.0, "RF": 1.0, "SVM": 1.0, "DNN": 1.0}, "0 + 1 + 3": {"AB": 1.0, "AC": 0.7815126050420167, "DS": 0.7575757575757575, "DT": 1.0, "GM": 0.4452214452214452, "GN": 1.0, "GB": 1.0, "KNN": 1.0, "KM": 0.4901960784313724, "LR": 0.9228070175438597, "LRR": 0.9228070175438597, "LRL": 0.9228070175438597, "LRE": 0.9228070175438597, "LOG_R": 0.9047619047619048, "RF": 1.0, "SVM": 1.0, "DNN": 0.9047619047619048}, "0 + 1 + 4": {"AB": 1.0, "AC": 0.2828282828282828, "DS": 0.6805555555555557, "DT": 1.0, "GM": 0.2828282828282828, "GN": 1.0, "GB": 1.0, "KNN": 1.0, "KM": 0.7962962962962963, "LR": 1.0, "LRR": 1.0, "LRL": 1.0, "LRE": 1.0, "LOG_R": 1.0, "RF": 1.0, "SVM": 1.0, "DNN": 0.7962962962962963}, "0 + 2 + 3": {"AB": 1.0, "AC": 0.4786324786324786, "DS": 0.6805555555555557, "DT": 1.0, "GM": 0.6805555555555557, "GN": 0.874074074074074, "GB": 1.0, "KNN": 0.874074074074074, "KM": 0.5777777777777778, "LR": 1.0, "LRR": 1.0, "LRL": 1.0, "LRE": 1.0, "LOG_R": 1.0, "RF": 1.0, "SVM": 1.0, "DNN": 0.874074074074074}, "0 + 2 + 4": {"AB": 1.0, "AC": 0.525, "DS": 0.5764705882352941, "DT": 1.0, "GM": 0.525, "GN": 1.0, "GB": 1.0, "KNN": 1.0, "KM": 0.325, "LR": 0.8833333333333332, "LRR": 0.8833333333333332, "LRL": 0.8833333333333332, "LRE": 0.8833333333333332, "LOG_R": 1.0, "RF": 1.0, "SVM": 1.0, "DNN": 1.0}, "0 + 3 + 4": {"AB": 1.0, "AC": 0.6222222222222222, "DS": 0.6805555555555557, "DT": 1.0, "GM": 0.6222222222222222, "GN": 1.0, "GB": 1.0, "KNN": 1.0, "KM": 0.2833333333333333, "LR": 0.9401709401709399, "LRR": 0.9401709401709399, "LRL": 0.9401709401709399, "LRE": 0.9401709401709399, "LOG_R": 1.0, "RF": 1.0, "SVM": 1.0, "DNN": 1.0}, "1 + 2 + 3": {"AB": 1.0, "AC": 0.3888888888888889, "DS": 0.6805555555555557, "DT": 1.0, "GM": 1.0, "GN": 1.0, "GB": 1.0, "KNN": 1.0, "KM": 0.6926406926406927, "LR": 1.0, "LRR": 1.0, "LRL": 1.0, "LRE": 1.0, "LOG_R": 1.0, "RF": 1.0, "SVM": 1.0, "DNN": 0.8957264957264957}, "1 + 2 + 4": {"AB": 1.0, "AC": 0.5777777777777778, "DS": 0.6805555555555557, "DT": 1.0, "GM": 0.4786324786324786, "GN": 1.0, "GB": 1.0, "KNN": 1.0, "KM": 0.5777777777777778, "LR": 0.9401709401709399, "LRR": 0.9401709401709399, "LRL": 0.9401709401709399, "LRE": 0.9401709401709399, "LOG_R": 1.0, "RF": 1.0, "SVM": 1.0, "DNN": 1.0}, "1 + 3 + 4": {"AB": 1.0, "AC": 0.6222222222222222, "DS": 0.6805555555555557, "DT": 1.0, "GM": 0.5555555555555556, "GN": 1.0, "GB": 1.0, "KNN": 1.0, "KM": 0.2833333333333333, "LR": 1.0, "LRR": 1.0, "LRL": 1.0, "LRE": 1.0, "LOG_R": 1.0, "RF": 1.0, "SVM": 1.0, "DNN": 0.874074074074074}, "2 + 3 + 4": {"AB": 1.0, "AC": 1.0, "DS": 0.6805555555555557, "DT": 1.0, "GM": 0.0808080808080808, "GN": 1.0, "GB": 1.0, "KNN": 1.0, "KM": 0.3888888888888889, "LR": 1.0, "LRR": 1.0,