{"0": {"AB": 0.23970951836345808, "AC": 0.23970951836345808, "DS": 0.23970951836345808, "DT": 0.23970951836345808, "GM": 0.23970951836345808, "GN": 0.23970951836345808, "GB": 0.23970951836345808, "KNN": 0.23970951836345808, "KM": 0.23970951836345808, "LR": 0.23970951836345808, "LRR": 0.23970951836345808, "LRL": 0.23970951836345808, "LRE": 0.23970951836345808, "LOG_R": 0.23970951836345808, "RF": 0.23970951836345808, "SVM": 0.23970951836345808, "DNN": 0.23970951836345808}, "1": {"AB": 0.23063616900804151, "AC": 0.23063616900804151, "DS": 0.23063616900804151, "DT": 0.23063616900804151, "GM": 0.23063616900804151, "GN": 0.23063616900804151, "GB": 0.23063616900804151, "KNN": 0.23063616900804151, "KM": 0.23063616900804151, "LR": 0.23063616900804151, "LRR": 0.23063616900804151, "LRL": 0.23063616900804151, "LRE": 0.23063616900804151, "LOG_R": 0.23063616900804151, "RF": 0.23063616900804151, "SVM": 0.23063616900804151, "DNN": 0.23063616900804151}, "2": {"AB": 0.11494499939251568, "AC": 0.11494499939251568, "DS": 0.11494499939251568, "DT": 0.11494499939251568, "GM": 0.11494499939251568, "GN": 0.11494499939251568, "GB": 0.11494499939251568, "KNN": 0.11494499939251568, "KM": 0.11494499939251568, "LR": 0.11494499939251568, "LRR": 0.11494499939251568, "LRL": 0.11494499939251568, "LRE": 0.11494499939251568, "LOG_R": 0.11494499939251568, "RF": 0.11494499939251568, "SVM": 0.11494499939251568, "DNN": 0.11494499939251568}, "3": {"AB": 0.22584679403335337, "AC": 0.22584679403335337, "DS": 0.22584679403335337, "DT": 0.22584679403335337, "GM": 0.22584679403335337, "GN": 0.22584679403335337, "GB": 0.22584679403335337, "KNN": 0.22584679403335337, "KM": 0.22584679403335337, "LR": 0.22584679403335337, "LRR": 0.22584679403335337, "LRL": 0.22584679403335337, "LRE": 0.22584679403335337, "LOG_R": 0.22584679403335337, "RF": 0.22584679403335337, "SVM": 0.22584679403335337, "DNN": 0.22584679403335337}, "4": {"AB": 0.10536624944313937, "AC": 0.10536624944313937, "DS": 0.10536624944313937, "DT": 0.10536624944313937, "GM": 0.10536624944313937, "GN": 0.10536624944313937, "GB": 0.10536624944313937, "KNN": 0.10536624944313937, "KM": 0.10536624944313937, "LR": 0.10536624944313937, "LRR": 0.10536624944313937, "LRL": 0.10536624944313937, "LRE": 0.10536624944313937, "LOG_R": 0.10536624944313937, "RF": 0.10536624944313937, "SVM": 0.10536624944313937, "DNN": 0.10536624944313937}, "0 + 1": {"AB": 0.31162340022112345, "AC": 0.31162340022112345, "DS": 0.31162340022112345, "DT": 0.31162340022112345, "GM": 0.31162340022112345, "GN": 0.31162340022112345, "GB": 0.31162340022112345, "KNN": 0.31162340022112345, "KM": 0.31162340022112345, "LR": 0.31162340022112345, "LRR": 0.31162340022112345, "LRL": 0.31162340022112345, "LRE": 0.31162340022112345, "LOG_R": 0.31162340022112345, "RF": 0.31162340022112345, "SVM": 0.31162340022112345, "DNN": 0.31162340022112345}, "0 + 2": {"AB": 0.21974925211681692, "AC": 0.21974925211681692, "DS": 0.21974925211681692, "DT": 0.21974925211681692, "GM": 0.21974925211681692, "GN": 0.21974925211681692, "GB": 0.21974925211681692, "KNN": 0.21974925211681692, "KM": 0.21974925211681692, "LR": 0.21974925211681692, "LRR": 0.21974925211681692, "LRL": 0.21974925211681692, "LRE": 0.21974925211681692, "LOG_R": 0.21974925211681692, "RF": 0.21974925211681692, "SVM": 0.21974925211681692, "DNN": 0.21974925211681692}, "0 + 3": {"AB": 0.3064311419990654, "AC": 0.3064311419990654, "DS": 0.3064311419990654, "DT": 0.3064311419990654, "GM": 0.3064311419990654, "GN": 0.3064311419990654, "GB": 0.3064311419990654, "KNN": 0.3064311419990654, "KM": 0.3064311419990654, "LR": 0.3064311419990654, "LRR": 0.3064311419990654, "LRL": 0.3064311419990654, "LRE": 0.3064311419990654, "LOG_R": 0.3064311419990654, "RF": 0.3064311419990654, "SVM": 0.3064311419990654, "DNN": 0.3064311419990654}, "0 + 4": {"AB": 0.21002994576360548, "AC": 0.21002994576360548, "DS": 0.21002994576360548, "DT": 0.21002994576360548, "GM": 0.21002994576360548, "GN": 0.21002994576360548, "GB": 0.21002994576360548, "KNN": 0.21002994576360548, "KM": 0.21002994576360548, "LR": 0.21002994576360548, "LRR": 0.21002994576360548, "LRL": 0.21002994576360548, "LRE": 0.21002994576360548, "LOG_R": 0.21002994576360548, "RF": 0.21002994576360548, "SVM": 0.21002994576360548, "DNN": 0.21002994576360548}, "1 + 2": {"AB": 0.2137003525465392, "AC": 0.2137003525465392, "DS": 0.2137003525465392, "DT": 0.2137003525465392, "GM": 0.2137003525465392, "GN": 0.2137003525465392, "GB": 0.2137003525465392, "KNN": 0.2137003525465392, "KM": 0.2137003525465392, "LR": 0.2137003525465392, "LRR": 0.2137003525465392, "LRL": 0.2137003525465392, "LRE": 0.2137003525465392, "LOG_R": 0.2137003525465392, "RF": 0.2137003525465392, "SVM": 0.2137003525465392, "DNN": 0.2137003525465392}, "1 + 3": {"AB": 0.30232263378866403, "AC": 0.30232263378866403, "DS": 0.30232263378866403, "DT": 0.30232263378866403, "GM": 0.30232263378866403, "GN": 0.30232263378866403, "GB": 0.30232263378866403, "KNN": 0.30232263378866403, "KM": 0.30232263378866403, "LR": 0.30232263378866403, "LRR": 0.30232263378866403, "LRL": 0.30232263378866403, "LRE": 0.30232263378866403, "LOG_R": 0.30232263378866403, "RF": 0.30232263378866403, "SVM": 0.30232263378866403, "DNN": 0.30232263378866403}, "1 + 4": {"AB": 0.20398104619332777, "AC": 0.20398104619332777, "DS": 0.20398104619332777, "DT": 0.20398104619332777, "GM": 0.20398104619332777, "GN": 0.20398104619332777, "GB": 0.20398104619332777, "KNN": 0.20398104619332777, "KM": 0.20398104619332777, "LR": 0.20398104619332777, "LRR": 0.20398104619332777, "LRL": 0.20398104619332777, "LRE": 0.20398104619332777, "LOG_R": 0.20398104619332777, "RF": 0.20398104619332777, "SVM": 0.20398104619332777, "DNN": 0.20398104619332777}, "2 + 3": {"AB": 0.21267637656483962, "AC": 0.21267637656483962, "DS": 0.21267637656483962, "DT": 0.21267637656483962, "GM": 0.21267637656483962, "GN": 0.21267637656483962, "GB": 0.21267637656483962, "KNN": 0.21267637656483962, "KM": 0.21267637656483962, "LR": 0.21267637656483962, "LRR": 0.21267637656483962, "LRL": 0.21267637656483962, "LRE": 0.21267637656483962, "LOG_R": 0.21267637656483962, "RF": 0.21267637656483962, "SVM": 0.21267637656483962, "DNN": 0.21267637656483962}, "2 + 4": {"AB": 0.14399362384256223, "AC": 0.14399362384256223, "DS": 0.14399362384256223, "DT": 0.14399362384256223, "GM": 0.14399362384256223, "GN": 0.14399362384256223, "GB": 0.14399362384256223, "KNN": 0.14399362384256223, "KM": 0.14399362384256223, "LR": 0.14399362384256223, "LRR": 0.14399362384256223, "LRL": 0.14399362384256223, "LRE": 0.14399362384256223, "LOG_R": 0.14399362384256223, "RF": 0.14399362384256223, "SVM": 0.14399362384256223, "DNN": 0.14399362384256223}, "3 + 4": {"AB": 0.20299556174088418, "AC": 0.20299556174088418, "DS": 0.20299556174088418, "DT": 0.20299556174088418, "GM": 0.20299556174088418, "GN": 0.20299556174088418, "GB": 0.20299556174088418, "KNN": 0.20299556174088418, "KM": 0.20299556174088418, "LR": 0.20299556174088418, "LRR": 0.20299556174088418, "LRL": 0.20299556174088418, "LRE": 0.20299556174088418, "LOG_R": 0.20299556174088418, "RF": 0.20299556174088418, "SVM": 0.20299556174088418, "DNN": 0.20299556174088418}, "0 + 1 + 2": {"AB": 0.26615941028135204, "AC": 0.26615941028135204, "DS": 0.26615941028135204, "DT": 0.26615941028135204, "GM": 0.26615941028135204, "GN": 0.26615941028135204, "GB": 0.26615941028135204, "KNN": 0.26615941028135204, "KM": 0.26615941028135204, "LR": 0.26615941028135204, "LRR": 0.26615941028135204, "LRL": 0.26615941028135204, "LRE": 0.26615941028135204, "LOG_R": 0.26615941028135204, "RF": 0.26615941028135204, "SVM": 0.26615941028135204, "DNN": 0.26615941028135204}, "0 + 1 + 3": {"AB": 0.3436419348241204, "AC": 0.3436419348241204, "DS": 0.3436419348241204, "DT": 0.3436419348241204, "GM": 0.3436419348241204, "GN": 0.3436419348241204, "GB": 0.3436419348241204, "KNN": 0.3436419348241204, "KM": 0.3436419348241204, "LR": 0.3436419348241204, "LRR": 0.3436419348241204, "LRL": 0.3436419348241204, "LRE": 0.3436419348241204, "LOG_R": 0.3436419348241204,