{"0": {"AB": 0.6688963210702342, "AC": 0.34965034965034963, "DS": 0.6688963210702342, "DT": 0.6688963210702342, "GM": 0.6688963210702342, "GN": 0.5037707390648566, "GB": 0.6688963210702342, "KNN": 0.6688963210702342, "KM": 0.34965034965034963, "LR": 0.6688963210702342, "LRR": 0.6688963210702342, "LRL": 0.6688963210702342, "LRE": 0.6688963210702342, "LOG_R": 0.6688963210702342, "RF": 0.6293706293706294, "SVM": 0.6688963210702342, "DNN": 0.6688963210702342}, "1": {"AB": 1.0, "AC": 0.4901960784313724, "DS": 0.7575757575757575, "DT": 1.0, "GM": 0.614035087719298, "GN": 1.0, "GB": 1.0, "KNN": 1.0, "KM": 0.4901960784313724, "LR": 0.9047619047619048, "LRR": 0.9047619047619048, "LRL": 0.9047619047619048, "LRE": 0.9047619047619048, "LOG_R": 0.9047619047619048, "RF": 1.0, "SVM": 0.9047619047619048, "DNN": 0.7815126050420167}, "2": {"AB": 1.0, "AC": 1.0, "DS": 0.3333333333333333, "DT": 1.0, "GM": 0.3333333333333333, "GN": 1.0, "GB": 1.0, "KNN": 1.0, "KM": 0.0, "LR": 1.0, "LRR": 1.0, "LRL": 1.0, "LRE": 1.0, "LOG_R": 1.0, "RF": 1.0, "SVM": 1.0, "DNN": 1.0}, "3": {"AB": 0.5555555555555555, "AC": 0.7142857142857144, "DS": 0.7575757575757575, "DT": 0.5555555555555555, "GM": 0.7142857142857144, "GN": 0.7575757575757575, "GB": 0.7142857142857144, "KNN": 0.7142857142857144, "KM": 0.7684210526315791, "LR": 0.7575757575757575, "LRR": 0.7575757575757575, "LRL": 0.7575757575757575, "LRE": 0.7575757575757575, "LOG_R": 0.7575757575757575, "RF": 0.7142857142857144, "SVM": 0.7575757575757575, "DNN": 0.7575757575757575}, "4": {"AB": 1.0, "AC": 0.3, "DS": 0.3333333333333333, "DT": 1.0, "GM": 0.688888888888889, "GN": 1.0, "GB": 1.0, "KNN": 1.0, "KM": 0.22222222222222218, "LR": 1.0, "LRR": 1.0, "LRL": 1.0, "LRE": 1.0, "LOG_R": 1.0, "RF": 1.0, "SVM": 1.0, "DNN": 1.0}, "0 + 1": {"AB": 1.0, "AC": 1.0, "DS": 0.7575757575757575, "DT": 1.0, "GM": 0.2027972027972028, "GN": 0.9047619047619048, "GB": 1.0, "KNN": 1.0, "KM": 0.7083333333333334, "LR": 1.0, "LRR": 1.0, "LRL": 1.0, "LRE": 1.0, "LOG_R": 1.0, "RF": 1.0, "SVM": 1.0, "DNN": 1.0}, "0 + 2": {"AB": 1.0, "AC": 0.0, "DS": 0.5764705882352941, "DT": 1.0, "GM": 0.5764705882352941, "GN": 0.7625000000000001, "GB": 1.0, "KNN": 1.0, "KM": 1.0, "LR": 1.0, "LRR": 1.0, "LRL": 1.0, "LRE": 1.0, "LOG_R": 1.0, "RF": 1.0, "SVM": 1.0, "DNN": 0.7625000000000001}, "0 + 3": {"AB": 0.7575757575757575, "AC": 0.7142857142857144, "DS": 0.7575757575757575, "DT": 0.7684210526315791, "GM": 0.7142857142857144, "GN": 0.7142857142857144, "GB": 0.7575757575757575, "KNN": 0.7575757575757575, "KM": 0.7142857142857144, "LR": 0.8611111111111112, "LRR": 0.8611111111111112, "LRL": 0.8611111111111112, "LRE": 0.8611111111111112, "LOG_R": 0.9047619047619048, "RF": 0.9047619047619048, "SVM": 0.7575757575757575, "DNN": 0.7575757575757575}, "0 + 4": {"AB": 1.0, "AC": 0.6799999999999999, "DS": 0.5764705882352941, "DT": 1.0, "GM": 0.13846153846153847, "GN": 1.0, "GB": 1.0, "KNN": 1.0, "KM": 0.26464646464646463, "LR": 1.0, "LRR": 1.0, "LRL": 1.0, "LRE": 1.0, "LOG_R": 1.0, "RF": 1.0, "SVM": 1.0, "DNN": 0.8933333333333333}, "1 + 2": {"AB": 1.0, "AC": 0.8957264957264957, "DS": 0.6805555555555557, "DT": 1.0, "GM": 0.15555555555555556, "GN": 1.0, "GB": 1.0, "KNN": 1.0, "KM": 0.8957264957264957, "LR": 0.8703703703703703, "LRR": 0.8703703703703703, "LRL": 0.8703703703703703, "LRE": 0.8703703703703703, "LOG_R": 1.0, "RF": 1.0, "SVM": 1.0, "DNN": 1.0}, "1 + 3": {"AB": 1.0, "AC": 0.7083333333333334, "DS": 0.7575757575757575, "DT": 1.0, "GM": 0.4901960784313724, "GN": 1.0, "GB": 1.0, "KNN": 1.0, "KM": 0.7083333333333334, "LR": 1.0, "LRR": 1.0, "LRL": 1.0, "LRE": 1.0, "LOG_R": 1.0, "RF": 1.0, "SVM": 1.0, "DNN": 1.0}, "1 + 4": {"AB": 1.0, "AC": 1.0, "DS": 0.6805555555555557, "DT": 1.0, "GM": 0.6805555555555557, "GN": 1.0, "GB": 1.0, "KNN": 1.0, "KM": 0.2828282828282828, "LR": 1.0, "LRR": 1.0, "LRL": 1.0, "LRE": 1.0, "LOG_R": 1.0, "RF": 1.0, "SVM": 1.0, "DNN": 0.7962962962962963}, "2 + 3": {"AB": 1.0, "AC": 0.8957264957264957, "DS": 0.6805555555555557, "DT": 1.0, "GM": 0.0, "GN": 1.0, "GB": 1.0, "KNN": 1.0, "KM": 0.4786324786324786, "LR": 1.0, "LRR": 1.0, "LRL": 1.0, "LRE": 1.0, "LOG_R": 1.0, "RF": 1.0, "SVM": 1.0, "DNN": 1.0}, "2 + 4": {"AB": 1.0, "AC": 0.7754010695187166, "DS": 0.3333333333333333, "DT": 1.0, "GM": 0.3333333333333333, "GN": 1.0, "GB": 1.0, "KNN": 1.0, "KM": 0.7754010695187166, "LR": 0.9615384615384615, "LRR": 0.9615384615384615, "LRL": 0.9615384615384615, "LRE": 0.9615384615384615, "LOG_R": 1.0, "RF": 1.0, "SVM": 1.0, "DNN": 1.0}, "3 + 4": {"AB": 1.0, "AC": 0.5555555555555556, "DS": 0.6805555555555557, "DT": 1.0, "GM": 0.0808080808080808, "GN": 1.0, "GB": 1.0, "KNN": 1.0, "KM": 0.4444444444444444, "LR": 0.9401709401709399, "LRR": 0.9401709401709399, "LRL": 0.9401709401709399, "LRE": 0.9401709401709399, "LOG_R": 1.0, "RF": 1.0, "SVM": 1.0, "DNN": 1.0}, "0 + 1 + 2": {"AB": 1.0, "AC": 0.7962962962962963, "DS": 0.6805555555555557, "DT": 1.0, "GM": 0.7962962962962963, "GN": 1.0, "GB": 1.0, "KNN": 1.0, "KM": 0.2828282828282828, "LR": 1.0, "LRR": 1.0, "LRL": 1.0, "LRE": 1.0, "LOG_R": 1.0, "RF": 1.0, "SVM": 1.0, "DNN": 1.0}, "0 + 1 + 3": {"AB": 1.0, "AC": 0.3333333333333333, "DS": 0.7575757575757575, "DT": 1.0, "GM": 1.0, "GN": 0.9047619047619048, "GB": 1.0, "KNN": 1.0, "KM": 0.3333333333333333, "LR": 1.0, "LRR": 1.0, "LRL": 1.0, "LRE": 1.0, "LOG_R": 1.0, "RF": 1.0, "SVM": 1.0, "DNN": 0.9228070175438597}, "0 + 1 + 4": {"AB": 1.0, "AC": 0.6222222222222222, "DS": 0.6805555555555557, "DT": 1.0, "GM": 0.2833333333333333, "GN": 1.0, "GB": 1.0, "KNN": 1.0, "KM": 0.6222222222222222, "LR": 0.9401709401709399, "LRR": 0.9401709401709399, "LRL": 0.9401709401709399, "LRE": 0.9401709401709399, "LOG_R": 1.0, "RF": 1.0, "SVM": 1.0, "DNN": 1.0}, "0 + 2 + 3": {"AB": 1.0, "AC": 0.6222222222222222, "DS": 0.6805555555555557, "DT": 1.0, "GM": 0.2833333333333333, "GN": 1.0, "GB": 1.0, "KNN": 1.0, "KM": 0.2833333333333333, "LR": 1.0, "LRR": 1.0, "LRL": 1.0, "LRE": 1.0, "LOG_R": 1.0, "RF": 1.0, "SVM": 1.0, "DNN": 1.0}, "0 + 2 + 4": {"AB": 1.0, "AC": 0.525, "DS": 0.5764705882352941, "DT": 1.0, "GM": 0.325, "GN": 1.0, "GB": 1.0, "KNN": 1.0, "KM": 0.325, "LR": 0.8833333333333332, "LRR": 0.8833333333333332, "LRL": 0.8833333333333332, "LRE": 0.8833333333333332, "LOG_R": 1.0, "RF": 1.0, "SVM": 1.0, "DNN": 1.0}, "0 + 3 + 4": {"AB": 1.0, "AC": 0.6222222222222222, "DS": 0.6805555555555557, "DT": 1.0, "GM": 0.2833333333333333, "GN": 1.0, "GB": 1.0, "KNN": 1.0, "KM": 0.6222222222222222, "LR": 0.8957264957264957, "LRR": 0.8957264957264957, "LRL": 0.8957264957264957, "LRE": 0.8957264957264957, "LOG_R": 1.0, "RF": 1.0, "SVM": 1.0, "DNN": 1.0}, "1 + 2 + 3": {"AB": 1.0, "AC": 0.6222222222222222, "DS": 0.6805555555555557, "DT": 1.0, "GM": 0.2833333333333333, "GN": 1.0, "GB": 1.0, "KNN": 1.0, "KM": 0.2833333333333333, "LR": 1.0, "LRR": 1.0, "LRL": 1.0, "LRE": 1.0, "LOG_R": 1.0, "RF": 1.0, "SVM": 1.0, "DNN": 1.0}, "1 + 2 + 4": {"AB": 1.0, "AC": 1.0, "DS": 0.6805555555555557, "DT": 1.0, "GM": 0.3888888888888889, "GN": 1.0, "GB": 1.0, "KNN": 1.0, "KM": 0.3888888888888889, "LR": 0.9401709401709399, "LRR": 0.9401709401709399, "LRL": 0.9401709401709399, "LRE": 0.9401709401709399, "LOG_R": 1.0, "RF": 1.0, "SVM": 1.0, "DNN": 1.0}, "1 + 3 + 4": {"AB": 1.0, "AC": 0.6222222222222222, "DS": 0.6805555555555557, "DT": 1.0, "GM": 0.6222222222222222, "GN": 1.0, "GB": 1.0, "KNN": 1.0, "KM": 0.6222222222222222, "LR": 1.0, "LRR": 1.0, "LRL": 1.0, "LRE": 1.0, "LOG_R": 1.0, "RF": 1.0, "SVM": 1.0, "DNN": 1.0}, "2 + 3 + 4": {"AB": 1.0, "AC": 1.0, "DS": 0.6805555555555557, "DT": 1.0, "GM": 0.6805555555555557, "GN": 1.0, "GB": 1.0, "KNN": 1.0, "KM": 0.0, "LR": 1.0, "LRR": 1.0, "LRL": 1.0, "LRE": 1.0, "LOG_R": 1.0, "RF": 1.0, "SVM": 1.0, "DNN": 1.0}, "0 + 1 + 2 + 3": {"AB": 1.0, "AC": 0.4786324786324786, "DS": 0.6805555555555557, "DT": 1.0, "GM": 0.4786324786324786, "GN": 1.0, "GB": 1.0, "KNN": 1.0, "KM": 0.3888888888888889, "LR": 1.0, "LRR": 1.0, "LRL": 1.0, "LRE": 1.0, "LOG_R": 1.0, "RF": 1.0, "SVM": 1.0, "DNN": 1.0}, "0 + 1 + 2 + 4": {"AB": 1.0,