{"0": {"AB": 0.17843761110808082, "AC": 0.17843761110808082, "DS": 0.17843761110808082, "DT": 0.17843761110808082, "GM": 0.17843761110808082, "GN": 0.17843761110808082, "GB": 0.17843761110808082, "KNN": 0.17843761110808082, "KM": 0.17843761110808082, "LR": 0.17843761110808082, "LRR": 0.17843761110808082, "LRL": 0.17843761110808082, "LRE": 0.17843761110808082, "LOG_R": 0.17843761110808082, "RF": 0.17843761110808082, "SVM": 0.17843761110808082, "DNN": 0.17843761110808082}, "1": {"AB": 0.15552286485623013, "AC": 0.15552286485623013, "DS": 0.15552286485623013, "DT": 0.15552286485623013, "GM": 0.15552286485623013, "GN": 0.15552286485623013, "GB": 0.15552286485623013, "KNN": 0.15552286485623013, "KM": 0.15552286485623013, "LR": 0.15552286485623013, "LRR": 0.15552286485623013, "LRL": 0.15552286485623013, "LRE": 0.15552286485623013, "LOG_R": 0.15552286485623013, "RF": 0.15552286485623013, "SVM": 0.15552286485623013, "DNN": 0.15552286485623013}, "2": {"AB": 0.24528551198607546, "AC": 0.24528551198607546, "DS": 0.24528551198607546, "DT": 0.24528551198607546, "GM": 0.24528551198607546, "GN": 0.24528551198607546, "GB": 0.24528551198607546, "KNN": 0.24528551198607546, "KM": 0.24528551198607546, "LR": 0.24528551198607546, "LRR": 0.24528551198607546, "LRL": 0.24528551198607546, "LRE": 0.24528551198607546, "LOG_R": 0.24528551198607546, "RF": 0.24528551198607546, "SVM": 0.24528551198607546, "DNN": 0.24528551198607546}, "3": {"AB": 0.11181749793935547, "AC": 0.11181749793935547, "DS": 0.11181749793935547, "DT": 0.11181749793935547, "GM": 0.11181749793935547, "GN": 0.11181749793935547, "GB": 0.11181749793935547, "KNN": 0.11181749793935547, "KM": 0.11181749793935547, "LR": 0.11181749793935547, "LRR": 0.11181749793935547, "LRL": 0.11181749793935547, "LRE": 0.11181749793935547, "LOG_R": 0.11181749793935547, "RF": 0.11181749793935547, "SVM": 0.11181749793935547, "DNN": 0.11181749793935547}, "4": {"AB": 0.10413323647806655, "AC": 0.10413323647806655, "DS": 0.10413323647806655, "DT": 0.10413323647806655, "GM": 0.10413323647806655, "GN": 0.10413323647806655, "GB": 0.10413323647806655, "KNN": 0.10413323647806655, "KM": 0.10413323647806655, "LR": 0.10413323647806655, "LRR": 0.10413323647806655, "LRL": 0.10413323647806655, "LRE": 0.10413323647806655, "LOG_R": 0.10413323647806655, "RF": 0.10413323647806655, "SVM": 0.10413323647806655, "DNN": 0.10413323647806655}, "0 + 1": {"AB": 0.21222149319509911, "AC": 0.21222149319509911, "DS": 0.21222149319509911, "DT": 0.21222149319509911, "GM": 0.21222149319509911, "GN": 0.21222149319509911, "GB": 0.21222149319509911, "KNN": 0.21222149319509911, "KM": 0.21222149319509911, "LR": 0.21222149319509911, "LRR": 0.21222149319509911, "LRL": 0.21222149319509911, "LRE": 0.21222149319509911, "LOG_R": 0.21222149319509911, "RF": 0.21222149319509911, "SVM": 0.21222149319509911, "DNN": 0.21222149319509911}, "0 + 2": {"AB": 0.2800594755706951, "AC": 0.2800594755706951, "DS": 0.2800594755706951, "DT": 0.2800594755706951, "GM": 0.2800594755706951, "GN": 0.2800594755706951, "GB": 0.2800594755706951, "KNN": 0.2800594755706951, "KM": 0.2800594755706951, "LR": 0.2800594755706951, "LRR": 0.2800594755706951, "LRL": 0.2800594755706951, "LRE": 0.2800594755706951, "LOG_R": 0.2800594755706951, "RF": 0.2800594755706951, "SVM": 0.2800594755706951, "DNN": 0.2800594755706951}, "0 + 3": {"AB": 0.16567558215457276, "AC": 0.16567558215457276, "DS": 0.16567558215457276, "DT": 0.16567558215457276, "GM": 0.16567558215457276, "GN": 0.16567558215457276, "GB": 0.16567558215457276, "KNN": 0.16567558215457276, "KM": 0.16567558215457276, "LR": 0.16567558215457276, "LRR": 0.16567558215457276, "LRL": 0.16567558215457276, "LRE": 0.16567558215457276, "LOG_R": 0.16567558215457276, "RF": 0.16567558215457276, "SVM": 0.16567558215457276, "DNN": 0.16567558215457276}, "0 + 4": {"AB": 0.1577942671013104, "AC": 0.1577942671013104, "DS": 0.1577942671013104, "DT": 0.1577942671013104, "GM": 0.1577942671013104, "GN": 0.1577942671013104, "GB": 0.1577942671013104, "KNN": 0.1577942671013104, "KM": 0.1577942671013104, "LR": 0.1577942671013104, "LRR": 0.1577942671013104, "LRL": 0.1577942671013104, "LRE": 0.1577942671013104, "LOG_R": 0.1577942671013104, "RF": 0.1577942671013104, "SVM": 0.1577942671013104, "DNN": 0.1577942671013104}, "1 + 2": {"AB": 0.2592784374458609, "AC": 0.2592784374458609, "DS": 0.2592784374458609, "DT": 0.2592784374458609, "GM": 0.2592784374458609, "GN": 0.2592784374458609, "GB": 0.2592784374458609, "KNN": 0.2592784374458609, "KM": 0.2592784374458609, "LR": 0.2592784374458609, "LRR": 0.2592784374458609, "LRL": 0.2592784374458609, "LRE": 0.2592784374458609, "LOG_R": 0.2592784374458609, "RF": 0.2592784374458609, "SVM": 0.2592784374458609, "DNN": 0.2592784374458609}, "1 + 3": {"AB": 0.1615970460398558, "AC": 0.1615970460398558, "DS": 0.1615970460398558, "DT": 0.1615970460398558, "GM": 0.1615970460398558, "GN": 0.1615970460398558, "GB": 0.1615970460398558, "KNN": 0.1615970460398558, "KM": 0.1615970460398558, "LR": 0.1615970460398558, "LRR": 0.1615970460398558, "LRL": 0.1615970460398558, "LRE": 0.1615970460398558, "LOG_R": 0.1615970460398558, "RF": 0.1615970460398558, "SVM": 0.1615970460398558, "DNN": 0.1615970460398558}, "1 + 4": {"AB": 0.15383918609592562, "AC": 0.15383918609592562, "DS": 0.15383918609592562, "DT": 0.15383918609592562, "GM": 0.15383918609592562, "GN": 0.15383918609592562, "GB": 0.15383918609592562, "KNN": 0.15383918609592562, "KM": 0.15383918609592562, "LR": 0.15383918609592562, "LRR": 0.15383918609592562, "LRL": 0.15383918609592562, "LRE": 0.15383918609592562, "LOG_R": 0.15383918609592562, "RF": 0.15383918609592562, "SVM": 0.15383918609592562, "DNN": 0.15383918609592562}, "2 + 3": {"AB": 0.21288290355755188, "AC": 0.21288290355755188, "DS": 0.21288290355755188, "DT": 0.21288290355755188, "GM": 0.21288290355755188, "GN": 0.21288290355755188, "GB": 0.21288290355755188, "KNN": 0.21288290355755188, "KM": 0.21288290355755188, "LR": 0.21288290355755188, "LRR": 0.21288290355755188, "LRL": 0.21288290355755188, "LRE": 0.21288290355755188, "LOG_R": 0.21288290355755188, "RF": 0.21288290355755188, "SVM": 0.21288290355755188, "DNN": 0.21288290355755188}, "2 + 4": {"AB": 0.2050254159201165, "AC": 0.2050254159201165, "DS": 0.2050254159201165, "DT": 0.2050254159201165, "GM": 0.2050254159201165, "GN": 0.2050254159201165, "GB": 0.2050254159201165, "KNN": 0.2050254159201165, "KM": 0.2050254159201165, "LR": 0.2050254159201165, "LRR": 0.2050254159201165, "LRL": 0.2050254159201165, "LRE": 0.2050254159201165, "LOG_R": 0.2050254159201165, "RF": 0.2050254159201165, "SVM": 0.2050254159201165, "DNN": 0.2050254159201165}, "3 + 4": {"AB": 0.14171071899374638, "AC": 0.14171071899374638, "DS": 0.14171071899374638, "DT": 0.14171071899374638, "GM": 0.14171071899374638, "GN": 0.14171071899374638, "GB": 0.14171071899374638, "KNN": 0.14171071899374638, "KM": 0.14171071899374638, "LR": 0.14171071899374638, "LRR": 0.14171071899374638, "LRL": 0.14171071899374638, "LRE": 0.14171071899374638, "LOG_R": 0.14171071899374638, "RF": 0.14171071899374638, "SVM": 0.14171071899374638, "DNN": 0.14171071899374638}, "0 + 1 + 2": {"AB": 0.27586351555260497, "AC": 0.27586351555260497, "DS": 0.27586351555260497, "DT": 0.27586351555260497, "GM": 0.27586351555260497, "GN": 0.27586351555260497, "GB": 0.27586351555260497, "KNN": 0.27586351555260497, "KM": 0.27586351555260497, "LR": 0.27586351555260497, "LRR": 0.27586351555260497, "LRL": 0.27586351555260497, "LRE": 0.27586351555260497, "LOG_R": 0.27586351555260497, "RF": 0.27586351555260497, "SVM": 0.27586351555260497, "DNN": 0.27586351555260497}, "0 + 1 + 3": {"AB": 0.18954572217614368, "AC": 0.18954572217614368, "DS": 0.18954572217614368, "DT": 0.18954572217614368, "GM": 0.18954572217614368, "GN": 0.18954572217614368, "GB": 0.18954572217614368, "KNN": 0.18954572217614368, "KM": 0.18954572217614368, "LR": 0.18954572217614368, "LRR": 0.18954572217614368, "LRL": 0.18954572217614368, "LRE": 0.18954572217614368, "LOG_R": 0.18954572217614368, "RF": 0.18954572217614368,