{"0": {"AB": 0.0, "AC": 0.0, "DS": 0.0, "DT": 0.0, "GM": 0.0, "GN": 0.0, "GB": 0.0, "KNN": 0.0, "KM": 0.0, "LR": 0.0, "LRR": 0.0, "LRL": 0.0, "LRE": 0.0, "LOG_R": 0.0, "RF": 0.0, "SVM": 0.0, "DNN": 0.0}, "1": {"AB": 0.0, "AC": 0.0, "DS": 0.0, "DT": 0.0, "GM": 0.0, "GN": 0.0, "GB": 0.0, "KNN": 0.0, "KM": 0.0, "LR": 0.0, "LRR": 0.0, "LRL": 0.0, "LRE": 0.0, "LOG_R": 0.0, "RF": 0.0, "SVM": 0.0, "DNN": 0.0}, "2": {"AB": 0.0, "AC": 0.0, "DS": 0.0, "DT": 0.0, "GM": 0.0, "GN": 0.0, "GB": 0.0, "KNN": 0.0, "KM": 0.0, "LR": 0.0, "LRR": 0.0, "LRL": 0.0, "LRE": 0.0, "LOG_R": 0.0, "RF": 0.0, "SVM": 0.0, "DNN": 0.0}, "3": {"AB": 0.0, "AC": 0.0, "DS": 0.0, "DT": 0.0, "GM": 0.0, "GN": 0.0, "GB": 0.0, "KNN": 0.0, "KM": 0.0, "LR": 0.0, "LRR": 0.0, "LRL": 0.0, "LRE": 0.0, "LOG_R": 0.0, "RF": 0.0, "SVM": 0.0, "DNN": 0.0}, "4": {"AB": 0.0, "AC": 0.0, "DS": 0.0, "DT": 0.0, "GM": 0.0, "GN": 0.0, "GB": 0.0, "KNN": 0.0, "KM": 0.0, "LR": 0.0, "LRR": 0.0, "LRL": 0.0, "LRE": 0.0, "LOG_R": 0.0, "RF": 0.0, "SVM": 0.0, "DNN": 0.0}, "0 + 1": {"AB": 0.0399410288222532, "AC": 0.0399410288222532, "DS": 0.0399410288222532, "DT": 0.0399410288222532, "GM": 0.0399410288222532, "GN": 0.0399410288222532, "GB": 0.0399410288222532, "KNN": 0.0399410288222532, "KM": 0.0399410288222532, "LR": 0.0399410288222532, "LRR": 0.0399410288222532, "LRL": 0.0399410288222532, "LRE": 0.0399410288222532, "LOG_R": 0.0399410288222532, "RF": 0.0399410288222532, "SVM": 0.0399410288222532, "DNN": 0.0399410288222532}, "0 + 2": {"AB": 0.04626617596463761, "AC": 0.04626617596463761, "DS": 0.04626617596463761, "DT": 0.04626617596463761, "GM": 0.04626617596463761, "GN": 0.04626617596463761, "GB": 0.04626617596463761, "KNN": 0.04626617596463761, "KM": 0.04626617596463761, "LR": 0.04626617596463761, "LRR": 0.04626617596463761, "LRL": 0.04626617596463761, "LRE": 0.04626617596463761, "LOG_R": 0.04626617596463761, "RF": 0.04626617596463761, "SVM": 0.04626617596463761, "DNN": 0.04626617596463761}, "0 + 3": {"AB": 0.0875970533342175, "AC": 0.0875970533342175, "DS": 0.0875970533342175, "DT": 0.0875970533342175, "GM": 0.0875970533342175, "GN": 0.0875970533342175, "GB": 0.0875970533342175, "KNN": 0.0875970533342175, "KM": 0.0875970533342175, "LR": 0.0875970533342175, "LRR": 0.0875970533342175, "LRL": 0.0875970533342175, "LRE": 0.0875970533342175, "LOG_R": 0.0875970533342175, "RF": 0.0875970533342175, "SVM": 0.0875970533342175, "DNN": 0.0875970533342175}, "0 + 4": {"AB": 0.1003399958260103, "AC": 0.1003399958260103, "DS": 0.1003399958260103, "DT": 0.1003399958260103, "GM": 0.1003399958260103, "GN": 0.1003399958260103, "GB": 0.1003399958260103, "KNN": 0.1003399958260103, "KM": 0.1003399958260103, "LR": 0.1003399958260103, "LRR": 0.1003399958260103, "LRL": 0.1003399958260103, "LRE": 0.1003399958260103, "LOG_R": 0.1003399958260103, "RF": 0.1003399958260103, "SVM": 0.1003399958260103, "DNN": 0.1003399958260103}, "1 + 2": {"AB": 0.08620720478689081, "AC": 0.08620720478689081, "DS": 0.08620720478689081, "DT": 0.08620720478689081, "GM": 0.08620720478689081, "GN": 0.08620720478689081, "GB": 0.08620720478689081, "KNN": 0.08620720478689081, "KM": 0.08620720478689081, "LR": 0.08620720478689081, "LRR": 0.08620720478689081, "LRL": 0.08620720478689081, "LRE": 0.08620720478689081, "LOG_R": 0.08620720478689081, "RF": 0.08620720478689081, "SVM": 0.08620720478689081, "DNN": 0.08620720478689081}, "1 + 3": {"AB": 0.32825748889150197, "AC": 0.32825748889150197, "DS": 0.32825748889150197, "DT": 0.32825748889150197, "GM": 0.32825748889150197, "GN": 0.32825748889150197, "GB": 0.32825748889150197, "KNN": 0.32825748889150197, "KM": 0.32825748889150197, "LR": 0.32825748889150197, "LRR": 0.32825748889150197, "LRL": 0.32825748889150197, "LRE": 0.32825748889150197, "LOG_R": 0.32825748889150197, "RF": 0.32825748889150197, "SVM": 0.32825748889150197, "DNN": 0.32825748889150197}, "1 + 4": {"AB": 0.3410004313832948, "AC": 0.3410004313832948, "DS": 0.3410004313832948, "DT": 0.3410004313832948, "GM": 0.3410004313832948, "GN": 0.3410004313832948, "GB": 0.3410004313832948, "KNN": 0.3410004313832948, "KM": 0.3410004313832948, "LR": 0.3410004313832948, "LRR": 0.3410004313832948, "LRL": 0.3410004313832948, "LRE": 0.3410004313832948, "LOG_R": 0.3410004313832948, "RF": 0.3410004313832948, "SVM": 0.3410004313832948, "DNN": 0.3410004313832948}, "2 + 3": {"AB": 0.04133087736957988, "AC": 0.04133087736957988, "DS": 0.04133087736957988, "DT": 0.04133087736957988, "GM": 0.04133087736957988, "GN": 0.04133087736957988, "GB": 0.04133087736957988, "KNN": 0.04133087736957988, "KM": 0.04133087736957988, "LR": 0.04133087736957988, "LRR": 0.04133087736957988, "LRL": 0.04133087736957988, "LRE": 0.04133087736957988, "LOG_R": 0.04133087736957988, "RF": 0.04133087736957988, "SVM": 0.04133087736957988, "DNN": 0.04133087736957988}, "2 + 4": {"AB": 0.05407381986137269, "AC": 0.05407381986137269, "DS": 0.05407381986137269, "DT": 0.05407381986137269, "GM": 0.05407381986137269, "GN": 0.05407381986137269, "GB": 0.05407381986137269, "KNN": 0.05407381986137269, "KM": 0.05407381986137269, "LR": 0.05407381986137269, "LRR": 0.05407381986137269, "LRL": 0.05407381986137269, "LRE": 0.05407381986137269, "LOG_R": 0.05407381986137269, "RF": 0.05407381986137269, "SVM": 0.05407381986137269, "DNN": 0.05407381986137269}, "3 + 4": {"AB": 0.012742942491792808, "AC": 0.012742942491792808, "DS": 0.012742942491792808, "DT": 0.012742942491792808, "GM": 0.012742942491792808, "GN": 0.012742942491792808, "GB": 0.012742942491792808, "KNN": 0.012742942491792808, "KM": 0.012742942491792808, "LR": 0.012742942491792808, "LRR": 0.012742942491792808, "LRL": 0.012742942491792808, "LRE": 0.012742942491792808, "LOG_R": 0.012742942491792808, "RF": 0.012742942491792808, "SVM": 0.012742942491792808, "DNN": 0.012742942491792808}, "0 + 1 + 2": {"AB": 0.06623669037576421, "AC": 0.06623669037576421, "DS": 0.06623669037576421, "DT": 0.06623669037576421, "GM": 0.06623669037576421, "GN": 0.06623669037576421, "GB": 0.06623669037576421, "KNN": 0.06623669037576421, "KM": 0.06623669037576421, "LR": 0.06623669037576421, "LRR": 0.06623669037576421, "LRL": 0.06623669037576421, "LRE": 0.06623669037576421, "LOG_R": 0.06623669037576421, "RF": 0.06623669037576421, "SVM": 0.06623669037576421, "DNN": 0.06623669037576421}, "0 + 1 + 3": {"AB": 0.20792727111285975, "AC": 0.20792727111285975, "DS": 0.20792727111285975, "DT": 0.20792727111285975, "GM": 0.20792727111285975, "GN": 0.20792727111285975, "GB": 0.20792727111285975, "KNN": 0.20792727111285975, "KM": 0.20792727111285975, "LR": 0.20792727111285975, "LRR": 0.20792727111285975, "LRL": 0.20792727111285975, "LRE": 0.20792727111285975, "LOG_R": 0.20792727111285975, "RF": 0.20792727111285975, "SVM": 0.20792727111285975, "DNN": 0.20792727111285975}, "0 + 1 + 4": {"AB": 0.22067021360465255, "AC": 0.22067021360465255, "DS": 0.22067021360465255, "DT": 0.22067021360465255, "GM": 0.22067021360465255, "GN": 0.22067021360465255, "GB": 0.22067021360465255, "KNN": 0.22067021360465255, "KM": 0.22067021360465255, "LR": 0.22067021360465255, "LRR": 0.22067021360465255, "LRL": 0.22067021360465255, "LRE": 0.22067021360465255, "LOG_R": 0.22067021360465255, "RF": 0.22067021360465255, "SVM": 0.22067021360465255, "DNN": 0.22067021360465255}, "0 + 2 + 3": {"AB": 0.06446396535189869, "AC": 0.06446396535189869, "DS": 0.06446396535189869, "DT": 0.06446396535189869, "GM": 0.06446396535189869, "GN": 0.06446396535189869, "GB": 0.06446396535189869, "KNN": 0.06446396535189869, "KM": 0.06446396535189869, "LR": 0.06446396535189869, "LRR": 0.06446396535189869, "LRL": 0.06446396535189869, "LRE": 0.06446396535189869, "LOG_R": 0.06446396535189869, "RF": 0.06446396535189869, "SVM": 0.06446396535189869, "DNN": 0.06446396535189869}, "0 + 2 + 4": {"AB": 0.0772069078436915, "AC": 0.0772069078436915, "DS": 0.0772069078436915, "DT": 0.0772069078436915, "GM": 0.0772069078436915, "GN": 0.0772069078436915, "GB": 0.0772069078436915, "KNN": 0.0772069078436915, "KM": 0.0772069078436915, "LR": 0.0772069078436915, "LRR": 0.0772069078436915,