{"0": {"AB": 0.0, "AC": 0.0, "DS": 0.0, "DT": 0.0, "GM": 0.0, "GN": 0.0, "GB": 0.0, "KNN": 0.0, "KM": 0.0, "LR": 0.0, "LRR": 0.0, "LRL": 0.0, "LRE": 0.0, "LOG_R": 0.0, "RF": 0.0, "SVM": 0.0, "DNN": 0.0}, "1": {"AB": 0.0, "AC": 0.0, "DS": 0.0, "DT": 0.0, "GM": 0.0, "GN": 0.0, "GB": 0.0, "KNN": 0.0, "KM": 0.0, "LR": 0.0, "LRR": 0.0, "LRL": 0.0, "LRE": 0.0, "LOG_R": 0.0, "RF": 0.0, "SVM": 0.0, "DNN": 0.0}, "2": {"AB": 0.0, "AC": 0.0, "DS": 0.0, "DT": 0.0, "GM": 0.0, "GN": 0.0, "GB": 0.0, "KNN": 0.0, "KM": 0.0, "LR": 0.0, "LRR": 0.0, "LRL": 0.0, "LRE": 0.0, "LOG_R": 0.0, "RF": 0.0, "SVM": 0.0, "DNN": 0.0}, "3": {"AB": 0.0, "AC": 0.0, "DS": 0.0, "DT": 0.0, "GM": 0.0, "GN": 0.0, "GB": 0.0, "KNN": 0.0, "KM": 0.0, "LR": 0.0, "LRR": 0.0, "LRL": 0.0, "LRE": 0.0, "LOG_R": 0.0, "RF": 0.0, "SVM": 0.0, "DNN": 0.0}, "4": {"AB": 0.0, "AC": 0.0, "DS": 0.0, "DT": 0.0, "GM": 0.0, "GN": 0.0, "GB": 0.0, "KNN": 0.0, "KM": 0.0, "LR": 0.0, "LRR": 0.0, "LRL": 0.0, "LRE": 0.0, "LOG_R": 0.0, "RF": 0.0, "SVM": 0.0, "DNN": 0.0}, "0 + 1": {"AB": 0.026758431774114827, "AC": 0.026758431774114827, "DS": 0.026758431774114827, "DT": 0.026758431774114827, "GM": 0.026758431774114827, "GN": 0.026758431774114827, "GB": 0.026758431774114827, "KNN": 0.026758431774114827, "KM": 0.026758431774114827, "LR": 0.026758431774114827, "LRR": 0.026758431774114827, "LRL": 0.026758431774114827, "LRE": 0.026758431774114827, "LOG_R": 0.026758431774114827, "RF": 0.026758431774114827, "SVM": 0.026758431774114827, "DNN": 0.026758431774114827}, "0 + 2": {"AB": 0.026658857648259843, "AC": 0.026658857648259843, "DS": 0.026658857648259843, "DT": 0.026658857648259843, "GM": 0.026658857648259843, "GN": 0.026658857648259843, "GB": 0.026658857648259843, "KNN": 0.026658857648259843, "KM": 0.026658857648259843, "LR": 0.026658857648259843, "LRR": 0.026658857648259843, "LRL": 0.026658857648259843, "LRE": 0.026658857648259843, "LOG_R": 0.026658857648259843, "RF": 0.026658857648259843, "SVM": 0.026658857648259843, "DNN": 0.026658857648259843}, "0 + 3": {"AB": 0.04590344762472123, "AC": 0.04590344762472123, "DS": 0.04590344762472123, "DT": 0.04590344762472123, "GM": 0.04590344762472123, "GN": 0.04590344762472123, "GB": 0.04590344762472123, "KNN": 0.04590344762472123, "KM": 0.04590344762472123, "LR": 0.04590344762472123, "LRR": 0.04590344762472123, "LRL": 0.04590344762472123, "LRE": 0.04590344762472123, "LOG_R": 0.04590344762472123, "RF": 0.04590344762472123, "SVM": 0.04590344762472123, "DNN": 0.04590344762472123}, "0 + 4": {"AB": 0.13389820243383171, "AC": 0.13389820243383171, "DS": 0.13389820243383171, "DT": 0.13389820243383171, "GM": 0.13389820243383171, "GN": 0.13389820243383171, "GB": 0.13389820243383171, "KNN": 0.13389820243383171, "KM": 0.13389820243383171, "LR": 0.13389820243383171, "LRR": 0.13389820243383171, "LRL": 0.13389820243383171, "LRE": 0.13389820243383171, "LOG_R": 0.13389820243383171, "RF": 0.13389820243383171, "SVM": 0.13389820243383171, "DNN": 0.13389820243383171}, "1 + 2": {"AB": 0.05341728942237467, "AC": 0.05341728942237467, "DS": 0.05341728942237467, "DT": 0.05341728942237467, "GM": 0.05341728942237467, "GN": 0.05341728942237467, "GB": 0.05341728942237467, "KNN": 0.05341728942237467, "KM": 0.05341728942237467, "LR": 0.05341728942237467, "LRR": 0.05341728942237467, "LRL": 0.05341728942237467, "LRE": 0.05341728942237467, "LOG_R": 0.05341728942237467, "RF": 0.05341728942237467, "SVM": 0.05341728942237467, "DNN": 0.05341728942237467}, "1 + 3": {"AB": 0.07266187939883606, "AC": 0.07266187939883606, "DS": 0.07266187939883606, "DT": 0.07266187939883606, "GM": 0.07266187939883606, "GN": 0.07266187939883606, "GB": 0.07266187939883606, "KNN": 0.07266187939883606, "KM": 0.07266187939883606, "LR": 0.07266187939883606, "LRR": 0.07266187939883606, "LRL": 0.07266187939883606, "LRE": 0.07266187939883606, "LOG_R": 0.07266187939883606, "RF": 0.07266187939883606, "SVM": 0.07266187939883606, "DNN": 0.07266187939883606}, "1 + 4": {"AB": 0.16065663420794654, "AC": 0.16065663420794654, "DS": 0.16065663420794654, "DT": 0.16065663420794654, "GM": 0.16065663420794654, "GN": 0.16065663420794654, "GB": 0.16065663420794654, "KNN": 0.16065663420794654, "KM": 0.16065663420794654, "LR": 0.16065663420794654, "LRR": 0.16065663420794654, "LRL": 0.16065663420794654, "LRE": 0.16065663420794654, "LOG_R": 0.16065663420794654, "RF": 0.16065663420794654, "SVM": 0.16065663420794654, "DNN": 0.16065663420794654}, "2 + 3": {"AB": -0.01924458997646139, "AC": -0.01924458997646139, "DS": -0.01924458997646139, "DT": -0.01924458997646139, "GM": -0.01924458997646139, "GN": -0.01924458997646139, "GB": -0.01924458997646139, "KNN": -0.01924458997646139, "KM": -0.01924458997646139, "LR": -0.01924458997646139, "LRR": -0.01924458997646139, "LRL": -0.01924458997646139, "LRE": -0.01924458997646139, "LOG_R": -0.01924458997646139, "RF": -0.01924458997646139, "SVM": -0.01924458997646139, "DNN": -0.01924458997646139}, "2 + 4": {"AB": 0.10723934478557187, "AC": 0.10723934478557187, "DS": 0.10723934478557187, "DT": 0.10723934478557187, "GM": 0.10723934478557187, "GN": 0.10723934478557187, "GB": 0.10723934478557187, "KNN": 0.10723934478557187, "KM": 0.10723934478557187, "LR": 0.10723934478557187, "LRR": 0.10723934478557187, "LRL": 0.10723934478557187, "LRE": 0.10723934478557187, "LOG_R": 0.10723934478557187, "RF": 0.10723934478557187, "SVM": 0.10723934478557187, "DNN": 0.10723934478557187}, "3 + 4": {"AB": 0.08799475480911048, "AC": 0.08799475480911048, "DS": 0.08799475480911048, "DT": 0.08799475480911048, "GM": 0.08799475480911048, "GN": 0.08799475480911048, "GB": 0.08799475480911048, "KNN": 0.08799475480911048, "KM": 0.08799475480911048, "LR": 0.08799475480911048, "LRR": 0.08799475480911048, "LRL": 0.08799475480911048, "LRE": 0.08799475480911048, "LOG_R": 0.08799475480911048, "RF": 0.08799475480911048, "SVM": 0.08799475480911048, "DNN": 0.08799475480911048}, "0 + 1 + 2": {"AB": 0.040038073535317256, "AC": 0.040038073535317256, "DS": 0.040038073535317256, "DT": 0.040038073535317256, "GM": 0.040038073535317256, "GN": 0.040038073535317256, "GB": 0.040038073535317256, "KNN": 0.040038073535317256, "KM": 0.040038073535317256, "LR": 0.040038073535317256, "LRR": 0.040038073535317256, "LRL": 0.040038073535317256, "LRE": 0.040038073535317256, "LOG_R": 0.040038073535317256, "RF": 0.040038073535317256, "SVM": 0.040038073535317256, "DNN": 0.040038073535317256}, "0 + 1 + 3": {"AB": 0.05928266351177865, "AC": 0.05928266351177865, "DS": 0.05928266351177865, "DT": 0.05928266351177865, "GM": 0.05928266351177865, "GN": 0.05928266351177865, "GB": 0.05928266351177865, "KNN": 0.05928266351177865, "KM": 0.05928266351177865, "LR": 0.05928266351177865, "LRR": 0.05928266351177865, "LRL": 0.05928266351177865, "LRE": 0.05928266351177865, "LOG_R": 0.05928266351177865, "RF": 0.05928266351177865, "SVM": 0.05928266351177865, "DNN": 0.05928266351177865}, "0 + 1 + 4": {"AB": 0.14727741832088914, "AC": 0.14727741832088914, "DS": 0.14727741832088914, "DT": 0.14727741832088914, "GM": 0.14727741832088914, "GN": 0.14727741832088914, "GB": 0.14727741832088914, "KNN": 0.14727741832088914, "KM": 0.14727741832088914, "LR": 0.14727741832088914, "LRR": 0.14727741832088914, "LRL": 0.14727741832088914, "LRE": 0.14727741832088914, "LOG_R": 0.14727741832088914, "RF": 0.14727741832088914, "SVM": 0.14727741832088914, "DNN": 0.14727741832088914}, "0 + 2 + 3": {"AB": 0.003707133835899226, "AC": 0.003707133835899226, "DS": 0.003707133835899226, "DT": 0.003707133835899226, "GM": 0.003707133835899226, "GN": 0.003707133835899226, "GB": 0.003707133835899226, "KNN": 0.003707133835899226, "KM": 0.003707133835899226, "LR": 0.003707133835899226, "LRR": 0.003707133835899226, "LRL": 0.003707133835899226, "LRE": 0.003707133835899226, "LOG_R": 0.003707133835899226, "RF": 0.003707133835899226, "SVM": 0.003707133835899226, "DNN": 0.003707133835899226}, "0 + 2 + 4": {"AB": 0.1205687736097018, "AC": 0.1205687736097018, "DS": 0.1205687736097018, "DT": 0.1205687736097018, "GM": 0.1205687736097018, "GN": 0.1205687736097018,