{"0": {"AB": 0.0, "AC": 0.0, "DS": 0.0, "DT": 0.0, "GM": 0.0, "GN": 0.0, "GB": 0.0, "KNN": 0.0, "KM": 0.0, "LR": 0.0, "LRR": 0.0, "LRL": 0.0, "LRE": 0.0, "LOG_R": 0.0, "RF": 0.0, "SVM": 0.0, "DNN": 0.0}, "1": {"AB": 0.0, "AC": 0.0, "DS": 0.0, "DT": 0.0, "GM": 0.0, "GN": 0.0, "GB": 0.0, "KNN": 0.0, "KM": 0.0, "LR": 0.0, "LRR": 0.0, "LRL": 0.0, "LRE": 0.0, "LOG_R": 0.0, "RF": 0.0, "SVM": 0.0, "DNN": 0.0}, "2": {"AB": 0.0, "AC": 0.0, "DS": 0.0, "DT": 0.0, "GM": 0.0, "GN": 0.0, "GB": 0.0, "KNN": 0.0, "KM": 0.0, "LR": 0.0, "LRR": 0.0, "LRL": 0.0, "LRE": 0.0, "LOG_R": 0.0, "RF": 0.0, "SVM": 0.0, "DNN": 0.0}, "3": {"AB": 0.0, "AC": 0.0, "DS": 0.0, "DT": 0.0, "GM": 0.0, "GN": 0.0, "GB": 0.0, "KNN": 0.0, "KM": 0.0, "LR": 0.0, "LRR": 0.0, "LRL": 0.0, "LRE": 0.0, "LOG_R": 0.0, "RF": 0.0, "SVM": 0.0, "DNN": 0.0}, "4": {"AB": 0.0, "AC": 0.0, "DS": 0.0, "DT": 0.0, "GM": 0.0, "GN": 0.0, "GB": 0.0, "KNN": 0.0, "KM": 0.0, "LR": 0.0, "LRR": 0.0, "LRL": 0.0, "LRE": 0.0, "LOG_R": 0.0, "RF": 0.0, "SVM": 0.0, "DNN": 0.0}, "0 + 1": {"AB": 0.1183811518772944, "AC": 0.1183811518772944, "DS": 0.1183811518772944, "DT": 0.1183811518772944, "GM": 0.1183811518772944, "GN": 0.1183811518772944, "GB": 0.1183811518772944, "KNN": 0.1183811518772944, "KM": 0.1183811518772944, "LR": 0.1183811518772944, "LRR": 0.1183811518772944, "LRL": 0.1183811518772944, "LRE": 0.1183811518772944, "LOG_R": 0.1183811518772944, "RF": 0.1183811518772944, "SVM": 0.1183811518772944, "DNN": 0.1183811518772944}, "0 + 2": {"AB": 0.02621521053516418, "AC": 0.02621521053516418, "DS": 0.02621521053516418, "DT": 0.02621521053516418, "GM": 0.02621521053516418, "GN": 0.02621521053516418, "GB": 0.02621521053516418, "KNN": 0.02621521053516418, "KM": 0.02621521053516418, "LR": 0.02621521053516418, "LRR": 0.02621521053516418, "LRL": 0.02621521053516418, "LRE": 0.02621521053516418, "LOG_R": 0.02621521053516418, "RF": 0.02621521053516418, "SVM": 0.02621521053516418, "DNN": 0.02621521053516418}, "0 + 3": {"AB": 0.1571248655200853, "AC": 0.1571248655200853, "DS": 0.1571248655200853, "DT": 0.1571248655200853, "GM": 0.1571248655200853, "GN": 0.1571248655200853, "GB": 0.1571248655200853, "KNN": 0.1571248655200853, "KM": 0.1571248655200853, "LR": 0.1571248655200853, "LRR": 0.1571248655200853, "LRL": 0.1571248655200853, "LRE": 0.1571248655200853, "LOG_R": 0.1571248655200853, "RF": 0.1571248655200853, "SVM": 0.1571248655200853, "DNN": 0.1571248655200853}, "0 + 4": {"AB": 0.15138548900493015, "AC": 0.15138548900493015, "DS": 0.15138548900493015, "DT": 0.15138548900493015, "GM": 0.15138548900493015, "GN": 0.15138548900493015, "GB": 0.15138548900493015, "KNN": 0.15138548900493015, "KM": 0.15138548900493015, "LR": 0.15138548900493015, "LRR": 0.15138548900493015, "LRL": 0.15138548900493015, "LRE": 0.15138548900493015, "LOG_R": 0.15138548900493015, "RF": 0.15138548900493015, "SVM": 0.15138548900493015, "DNN": 0.15138548900493015}, "1 + 2": {"AB": 0.14459636241245857, "AC": 0.14459636241245857, "DS": 0.14459636241245857, "DT": 0.14459636241245857, "GM": 0.14459636241245857, "GN": 0.14459636241245857, "GB": 0.14459636241245857, "KNN": 0.14459636241245857, "KM": 0.14459636241245857, "LR": 0.14459636241245857, "LRR": 0.14459636241245857, "LRL": 0.14459636241245857, "LRE": 0.14459636241245857, "LOG_R": 0.14459636241245857, "RF": 0.14459636241245857, "SVM": 0.14459636241245857, "DNN": 0.14459636241245857}, "1 + 3": {"AB": 0.03874371364279092, "AC": 0.03874371364279092, "DS": 0.03874371364279092, "DT": 0.03874371364279092, "GM": 0.03874371364279092, "GN": 0.03874371364279092, "GB": 0.03874371364279092, "KNN": 0.03874371364279092, "KM": 0.03874371364279092, "LR": 0.03874371364279092, "LRR": 0.03874371364279092, "LRL": 0.03874371364279092, "LRE": 0.03874371364279092, "LOG_R": 0.03874371364279092, "RF": 0.03874371364279092, "SVM": 0.03874371364279092, "DNN": 0.03874371364279092}, "1 + 4": {"AB": 0.03300433712763576, "AC": 0.03300433712763576, "DS": 0.03300433712763576, "DT": 0.03300433712763576, "GM": 0.03300433712763576, "GN": 0.03300433712763576, "GB": 0.03300433712763576, "KNN": 0.03300433712763576, "KM": 0.03300433712763576, "LR": 0.03300433712763576, "LRR": 0.03300433712763576, "LRL": 0.03300433712763576, "LRE": 0.03300433712763576, "LOG_R": 0.03300433712763576, "RF": 0.03300433712763576, "SVM": 0.03300433712763576, "DNN": 0.03300433712763576}, "2 + 3": {"AB": 0.1833400760552495, "AC": 0.1833400760552495, "DS": 0.1833400760552495, "DT": 0.1833400760552495, "GM": 0.1833400760552495, "GN": 0.1833400760552495, "GB": 0.1833400760552495, "KNN": 0.1833400760552495, "KM": 0.1833400760552495, "LR": 0.1833400760552495, "LRR": 0.1833400760552495, "LRL": 0.1833400760552495, "LRE": 0.1833400760552495, "LOG_R": 0.1833400760552495, "RF": 0.1833400760552495, "SVM": 0.1833400760552495, "DNN": 0.1833400760552495}, "2 + 4": {"AB": 0.17760069954009433, "AC": 0.17760069954009433, "DS": 0.17760069954009433, "DT": 0.17760069954009433, "GM": 0.17760069954009433, "GN": 0.17760069954009433, "GB": 0.17760069954009433, "KNN": 0.17760069954009433, "KM": 0.17760069954009433, "LR": 0.17760069954009433, "LRR": 0.17760069954009433, "LRL": 0.17760069954009433, "LRE": 0.17760069954009433, "LOG_R": 0.17760069954009433, "RF": 0.17760069954009433, "SVM": 0.17760069954009433, "DNN": 0.17760069954009433}, "3 + 4": {"AB": 0.005739376515155159, "AC": 0.005739376515155159, "DS": 0.005739376515155159, "DT": 0.005739376515155159, "GM": 0.005739376515155159, "GN": 0.005739376515155159, "GB": 0.005739376515155159, "KNN": 0.005739376515155159, "KM": 0.005739376515155159, "LR": 0.005739376515155159, "LRR": 0.005739376515155159, "LRL": 0.005739376515155159, "LRE": 0.005739376515155159, "LOG_R": 0.005739376515155159, "RF": 0.005739376515155159, "SVM": 0.005739376515155159, "DNN": 0.005739376515155159}, "0 + 1 + 2": {"AB": 0.13148875714487648, "AC": 0.13148875714487648, "DS": 0.13148875714487648, "DT": 0.13148875714487648, "GM": 0.13148875714487648, "GN": 0.13148875714487648, "GB": 0.13148875714487648, "KNN": 0.13148875714487648, "KM": 0.13148875714487648, "LR": 0.13148875714487648, "LRR": 0.13148875714487648, "LRL": 0.13148875714487648, "LRE": 0.13148875714487648, "LOG_R": 0.13148875714487648, "RF": 0.13148875714487648, "SVM": 0.13148875714487648, "DNN": 0.13148875714487648}, "0 + 1 + 3": {"AB": 0.09793428958143811, "AC": 0.09793428958143811, "DS": 0.09793428958143811, "DT": 0.09793428958143811, "GM": 0.09793428958143811, "GN": 0.09793428958143811, "GB": 0.09793428958143811, "KNN": 0.09793428958143811, "KM": 0.09793428958143811, "LR": 0.09793428958143811, "LRR": 0.09793428958143811, "LRL": 0.09793428958143811, "LRE": 0.09793428958143811, "LOG_R": 0.09793428958143811, "RF": 0.09793428958143811, "SVM": 0.09793428958143811, "DNN": 0.09793428958143811}, "0 + 1 + 4": {"AB": 0.09219491306628295, "AC": 0.09219491306628295, "DS": 0.09219491306628295, "DT": 0.09219491306628295, "GM": 0.09219491306628295, "GN": 0.09219491306628295, "GB": 0.09219491306628295, "KNN": 0.09219491306628295, "KM": 0.09219491306628295, "LR": 0.09219491306628295, "LRR": 0.09219491306628295, "LRL": 0.09219491306628295, "LRE": 0.09219491306628295, "LOG_R": 0.09219491306628295, "RF": 0.09219491306628295, "SVM": 0.09219491306628295, "DNN": 0.09219491306628295}, "0 + 2 + 3": {"AB": 0.1702324707876674, "AC": 0.1702324707876674, "DS": 0.1702324707876674, "DT": 0.1702324707876674, "GM": 0.1702324707876674, "GN": 0.1702324707876674, "GB": 0.1702324707876674, "KNN": 0.1702324707876674, "KM": 0.1702324707876674, "LR": 0.1702324707876674, "LRR": 0.1702324707876674, "LRL": 0.1702324707876674, "LRE": 0.1702324707876674, "LOG_R": 0.1702324707876674, "RF": 0.1702324707876674, "SVM": 0.1702324707876674, "DNN": 0.1702324707876674}, "0 + 2 + 4": {"AB": 0.16449309427251224, "AC": 0.16449309427251224, "DS": 0.16449309427251224, "DT": 0.16449309427251224, "GM": 0.16449309427251224, "GN": 0.16449309427251224, "GB": 0.16449309427251224, "KNN": 0.16449309427251224, "KM": 0.16449309427251224, "LR": 0.16449309427251224, "LRR": 0.16449309427251224,