{"0": {"AB": 0.14089336254481938, "AC": 0.14089336254481938, "DS": 0.14089336254481938, "DT": 0.14089336254481938, "GM": 0.14089336254481938, "GN": 0.14089336254481938, "GB": 0.14089336254481938, "KNN": 0.14089336254481938, "KM": 0.14089336254481938, "LR": 0.14089336254481938, "LRR": 0.14089336254481938, "LRL": 0.14089336254481938, "LRE": 0.14089336254481938, "LOG_R": 0.14089336254481938, "RF": 0.14089336254481938, "SVM": 0.14089336254481938, "DNN": 0.14089336254481938}, "1": {"AB": 0.31117781006934375, "AC": 0.31117781006934375, "DS": 0.31117781006934375, "DT": 0.31117781006934375, "GM": 0.31117781006934375, "GN": 0.31117781006934375, "GB": 0.31117781006934375, "KNN": 0.31117781006934375, "KM": 0.31117781006934375, "LR": 0.31117781006934375, "LRR": 0.31117781006934375, "LRL": 0.31117781006934375, "LRE": 0.31117781006934375, "LOG_R": 0.31117781006934375, "RF": 0.31117781006934375, "SVM": 0.31117781006934375, "DNN": 0.31117781006934375}, "2": {"AB": 0.10744199460091247, "AC": 0.10744199460091247, "DS": 0.10744199460091247, "DT": 0.10744199460091247, "GM": 0.10744199460091247, "GN": 0.10744199460091247, "GB": 0.10744199460091247, "KNN": 0.10744199460091247, "KM": 0.10744199460091247, "LR": 0.10744199460091247, "LRR": 0.10744199460091247, "LRL": 0.10744199460091247, "LRE": 0.10744199460091247, "LOG_R": 0.10744199460091247, "RF": 0.10744199460091247, "SVM": 0.10744199460091247, "DNN": 0.10744199460091247}, "3": {"AB": 0.18924083731575564, "AC": 0.18924083731575564, "DS": 0.18924083731575564, "DT": 0.18924083731575564, "GM": 0.18924083731575564, "GN": 0.18924083731575564, "GB": 0.18924083731575564, "KNN": 0.18924083731575564, "KM": 0.18924083731575564, "LR": 0.18924083731575564, "LRR": 0.18924083731575564, "LRL": 0.18924083731575564, "LRE": 0.18924083731575564, "LOG_R": 0.18924083731575564, "RF": 0.18924083731575564, "SVM": 0.18924083731575564, "DNN": 0.18924083731575564}, "4": {"AB": 0.1025990778573919, "AC": 0.1025990778573919, "DS": 0.1025990778573919, "DT": 0.1025990778573919, "GM": 0.1025990778573919, "GN": 0.1025990778573919, "GB": 0.1025990778573919, "KNN": 0.1025990778573919, "KM": 0.1025990778573919, "LR": 0.1025990778573919, "LRR": 0.1025990778573919, "LRL": 0.1025990778573919, "LRE": 0.1025990778573919, "LOG_R": 0.1025990778573919, "RF": 0.1025990778573919, "SVM": 0.1025990778573919, "DNN": 0.1025990778573919}, "0 + 1": {"AB": 0.2637132361886681, "AC": 0.2637132361886681, "DS": 0.2637132361886681, "DT": 0.2637132361886681, "GM": 0.2637132361886681, "GN": 0.2637132361886681, "GB": 0.2637132361886681, "KNN": 0.2637132361886681, "KM": 0.2637132361886681, "LR": 0.2637132361886681, "LRR": 0.2637132361886681, "LRL": 0.2637132361886681, "LRE": 0.2637132361886681, "LOG_R": 0.2637132361886681, "RF": 0.2637132361886681, "SVM": 0.2637132361886681, "DNN": 0.2637132361886681}, "0 + 2": {"AB": 0.1537932683440509, "AC": 0.1537932683440509, "DS": 0.1537932683440509, "DT": 0.1537932683440509, "GM": 0.1537932683440509, "GN": 0.1537932683440509, "GB": 0.1537932683440509, "KNN": 0.1537932683440509, "KM": 0.1537932683440509, "LR": 0.1537932683440509, "LRR": 0.1537932683440509, "LRL": 0.1537932683440509, "LRE": 0.1537932683440509, "LOG_R": 0.1537932683440509, "RF": 0.1537932683440509, "SVM": 0.1537932683440509, "DNN": 0.1537932683440509}, "0 + 3": {"AB": 0.220725518104781, "AC": 0.220725518104781, "DS": 0.220725518104781, "DT": 0.220725518104781, "GM": 0.220725518104781, "GN": 0.220725518104781, "GB": 0.220725518104781, "KNN": 0.220725518104781, "KM": 0.220725518104781, "LR": 0.220725518104781, "LRR": 0.220725518104781, "LRL": 0.220725518104781, "LRE": 0.220725518104781, "LOG_R": 0.220725518104781, "RF": 0.220725518104781, "SVM": 0.220725518104781, "DNN": 0.220725518104781}, "0 + 4": {"AB": 0.1489882965586017, "AC": 0.1489882965586017, "DS": 0.1489882965586017, "DT": 0.1489882965586017, "GM": 0.1489882965586017, "GN": 0.1489882965586017, "GB": 0.1489882965586017, "KNN": 0.1489882965586017, "KM": 0.1489882965586017, "LR": 0.1489882965586017, "LRR": 0.1489882965586017, "LRL": 0.1489882965586017, "LRE": 0.1489882965586017, "LOG_R": 0.1489882965586017, "RF": 0.1489882965586017, "SVM": 0.1489882965586017, "DNN": 0.1489882965586017}, "1 + 2": {"AB": 0.22805354714619197, "AC": 0.22805354714619197, "DS": 0.22805354714619197, "DT": 0.22805354714619197, "GM": 0.22805354714619197, "GN": 0.22805354714619197, "GB": 0.22805354714619197, "KNN": 0.22805354714619197, "KM": 0.22805354714619197, "LR": 0.22805354714619197, "LRR": 0.22805354714619197, "LRL": 0.22805354714619197, "LRE": 0.22805354714619197, "LOG_R": 0.22805354714619197, "RF": 0.22805354714619197, "SVM": 0.22805354714619197, "DNN": 0.22805354714619197}, "1 + 3": {"AB": 0.2849007762041903, "AC": 0.2849007762041903, "DS": 0.2849007762041903, "DT": 0.2849007762041903, "GM": 0.2849007762041903, "GN": 0.2849007762041903, "GB": 0.2849007762041903, "KNN": 0.2849007762041903, "KM": 0.2849007762041903, "LR": 0.2849007762041903, "LRR": 0.2849007762041903, "LRL": 0.2849007762041903, "LRE": 0.2849007762041903, "LOG_R": 0.2849007762041903, "RF": 0.2849007762041903, "SVM": 0.2849007762041903, "DNN": 0.2849007762041903}, "1 + 4": {"AB": 0.22303482199102226, "AC": 0.22303482199102226, "DS": 0.22303482199102226, "DT": 0.22303482199102226, "GM": 0.22303482199102226, "GN": 0.22303482199102226, "GB": 0.22303482199102226, "KNN": 0.22303482199102226, "KM": 0.22303482199102226, "LR": 0.22303482199102226, "LRR": 0.22303482199102226, "LRL": 0.22303482199102226, "LRE": 0.22303482199102226, "LOG_R": 0.22303482199102226, "RF": 0.22303482199102226, "SVM": 0.22303482199102226, "DNN": 0.22303482199102226}, "2 + 3": {"AB": 0.1867239031361333, "AC": 0.1867239031361333, "DS": 0.1867239031361333, "DT": 0.1867239031361333, "GM": 0.1867239031361333, "GN": 0.1867239031361333, "GB": 0.1867239031361333, "KNN": 0.1867239031361333, "KM": 0.1867239031361333, "LR": 0.1867239031361333, "LRR": 0.1867239031361333, "LRL": 0.1867239031361333, "LRE": 0.1867239031361333, "LOG_R": 0.1867239031361333, "RF": 0.1867239031361333, "SVM": 0.1867239031361333, "DNN": 0.1867239031361333}, "2 + 4": {"AB": 0.14136530885202422, "AC": 0.14136530885202422, "DS": 0.14136530885202422, "DT": 0.14136530885202422, "GM": 0.14136530885202422, "GN": 0.14136530885202422, "GB": 0.14136530885202422, "KNN": 0.14136530885202422, "KM": 0.14136530885202422, "LR": 0.14136530885202422, "LRR": 0.14136530885202422, "LRL": 0.14136530885202422, "LRE": 0.14136530885202422, "LOG_R": 0.14136530885202422, "RF": 0.14136530885202422, "SVM": 0.14136530885202422, "DNN": 0.14136530885202422}, "3 + 4": {"AB": 0.18192736460650205, "AC": 0.18192736460650205, "DS": 0.18192736460650205, "DT": 0.18192736460650205, "GM": 0.18192736460650205, "GN": 0.18192736460650205, "GB": 0.18192736460650205, "KNN": 0.18192736460650205, "KM": 0.18192736460650205, "LR": 0.18192736460650205, "LRR": 0.18192736460650205, "LRL": 0.18192736460650205, "LRE": 0.18192736460650205, "LOG_R": 0.18192736460650205, "RF": 0.18192736460650205, "SVM": 0.18192736460650205, "DNN": 0.18192736460650205}, "0 + 1 + 2": {"AB": 0.2326641143172259, "AC": 0.2326641143172259, "DS": 0.2326641143172259, "DT": 0.2326641143172259, "GM": 0.2326641143172259, "GN": 0.2326641143172259, "GB": 0.2326641143172259, "KNN": 0.2326641143172259, "KM": 0.2326641143172259, "LR": 0.2326641143172259, "LRR": 0.2326641143172259, "LRL": 0.2326641143172259, "LRE": 0.2326641143172259, "LOG_R": 0.2326641143172259, "RF": 0.2326641143172259, "SVM": 0.2326641143172259, "DNN": 0.2326641143172259}, "0 + 1 + 3": {"AB": 0.28514394054196723, "AC": 0.28514394054196723, "DS": 0.28514394054196723, "DT": 0.28514394054196723, "GM": 0.28514394054196723, "GN": 0.28514394054196723, "GB": 0.28514394054196723, "KNN": 0.28514394054196723, "KM": 0.28514394054196723, "LR": 0.28514394054196723, "LRR": 0.28514394054196723, "LRL": 0.28514394054196723, "LRE": 0.28514394054196723, "LOG_R": 0.28514394054196723, "RF": 0.28514394054196723, "SVM": 0.28514394054196723, "DNN": 0.28514394054196723},