{"0": {"AB": 0.11812775566216056, "AC": 0.11812775566216056, "DS": 0.11812775566216056, "DT": 0.11812775566216056, "GM": 0.11812775566216056, "GN": 0.11812775566216056, "GB": 0.11812775566216056, "KNN": 0.11812775566216056, "KM": 0.11812775566216056, "LR": 0.11812775566216056, "LRR": 0.11812775566216056, "LRL": 0.11812775566216056, "LRE": 0.11812775566216056, "LOG_R": 0.11812775566216056, "RF": 0.11812775566216056, "SVM": 0.11812775566216056, "DNN": 0.11812775566216056}, "1": {"AB": 0.10661621871505125, "AC": 0.10661621871505125, "DS": 0.10661621871505125, "DT": 0.10661621871505125, "GM": 0.10661621871505125, "GN": 0.10661621871505125, "GB": 0.10661621871505125, "KNN": 0.10661621871505125, "KM": 0.10661621871505125, "LR": 0.10661621871505125, "LRR": 0.10661621871505125, "LRL": 0.10661621871505125, "LRE": 0.10661621871505125, "LOG_R": 0.10661621871505125, "RF": 0.10661621871505125, "SVM": 0.10661621871505125, "DNN": 0.10661621871505125}, "2": {"AB": 0.10329835746169479, "AC": 0.10329835746169479, "DS": 0.10329835746169479, "DT": 0.10329835746169479, "GM": 0.10329835746169479, "GN": 0.10329835746169479, "GB": 0.10329835746169479, "KNN": 0.10329835746169479, "KM": 0.10329835746169479, "LR": 0.10329835746169479, "LRR": 0.10329835746169479, "LRL": 0.10329835746169479, "LRE": 0.10329835746169479, "LOG_R": 0.10329835746169479, "RF": 0.10329835746169479, "SVM": 0.10329835746169479, "DNN": 0.10329835746169479}, "3": {"AB": 0.09812506402103006, "AC": 0.09812506402103006, "DS": 0.09812506402103006, "DT": 0.09812506402103006, "GM": 0.09812506402103006, "GN": 0.09812506402103006, "GB": 0.09812506402103006, "KNN": 0.09812506402103006, "KM": 0.09812506402103006, "LR": 0.09812506402103006, "LRR": 0.09812506402103006, "LRL": 0.09812506402103006, "LRE": 0.09812506402103006, "LOG_R": 0.09812506402103006, "RF": 0.09812506402103006, "SVM": 0.09812506402103006, "DNN": 0.09812506402103006}, "4": {"AB": 0.07527031892052256, "AC": 0.07527031892052256, "DS": 0.07527031892052256, "DT": 0.07527031892052256, "GM": 0.07527031892052256, "GN": 0.07527031892052256, "GB": 0.07527031892052256, "KNN": 0.07527031892052256, "KM": 0.07527031892052256, "LR": 0.07527031892052256, "LRR": 0.07527031892052256, "LRL": 0.07527031892052256, "LRE": 0.07527031892052256, "LOG_R": 0.07527031892052256, "RF": 0.07527031892052256, "SVM": 0.07527031892052256, "DNN": 0.07527031892052256}, "0 + 1": {"AB": 0.14628531742572448, "AC": 0.14628531742572448, "DS": 0.14628531742572448, "DT": 0.14628531742572448, "GM": 0.14628531742572448, "GN": 0.14628531742572448, "GB": 0.14628531742572448, "KNN": 0.14628531742572448, "KM": 0.14628531742572448, "LR": 0.14628531742572448, "LRR": 0.14628531742572448, "LRL": 0.14628531742572448, "LRE": 0.14628531742572448, "LOG_R": 0.14628531742572448, "RF": 0.14628531742572448, "SVM": 0.14628531742572448, "DNN": 0.14628531742572448}, "0 + 2": {"AB": 0.14308188725556212, "AC": 0.14308188725556212, "DS": 0.14308188725556212, "DT": 0.14308188725556212, "GM": 0.14308188725556212, "GN": 0.14308188725556212, "GB": 0.14308188725556212, "KNN": 0.14308188725556212, "KM": 0.14308188725556212, "LR": 0.14308188725556212, "LRR": 0.14308188725556212, "LRL": 0.14308188725556212, "LRE": 0.14308188725556212, "LOG_R": 0.14308188725556212, "RF": 0.14308188725556212, "SVM": 0.14308188725556212, "DNN": 0.14308188725556212}, "0 + 3": {"AB": 0.13811303479593273, "AC": 0.13811303479593273, "DS": 0.13811303479593273, "DT": 0.13811303479593273, "GM": 0.13811303479593273, "GN": 0.13811303479593273, "GB": 0.13811303479593273, "KNN": 0.13811303479593273, "KM": 0.13811303479593273, "LR": 0.13811303479593273, "LRR": 0.13811303479593273, "LRL": 0.13811303479593273, "LRE": 0.13811303479593273, "LOG_R": 0.13811303479593273, "RF": 0.13811303479593273, "SVM": 0.13811303479593273, "DNN": 0.13811303479593273}, "0 + 4": {"AB": 0.11652544209052669, "AC": 0.11652544209052669, "DS": 0.11652544209052669, "DT": 0.11652544209052669, "GM": 0.11652544209052669, "GN": 0.11652544209052669, "GB": 0.11652544209052669, "KNN": 0.11652544209052669, "KM": 0.11652544209052669, "LR": 0.11652544209052669, "LRR": 0.11652544209052669, "LRL": 0.11652544209052669, "LRE": 0.11652544209052669, "LOG_R": 0.11652544209052669, "RF": 0.11652544209052669, "SVM": 0.11652544209052669, "DNN": 0.11652544209052669}, "1 + 2": {"AB": 0.13900598181191226, "AC": 0.13900598181191226, "DS": 0.13900598181191226, "DT": 0.13900598181191226, "GM": 0.13900598181191226, "GN": 0.13900598181191226, "GB": 0.13900598181191226, "KNN": 0.13900598181191226, "KM": 0.13900598181191226, "LR": 0.13900598181191226, "LRR": 0.13900598181191226, "LRL": 0.13900598181191226, "LRE": 0.13900598181191226, "LOG_R": 0.13900598181191226, "RF": 0.13900598181191226, "SVM": 0.13900598181191226, "DNN": 0.13900598181191226}, "1 + 3": {"AB": 0.1341206060937514, "AC": 0.1341206060937514, "DS": 0.1341206060937514, "DT": 0.1341206060937514, "GM": 0.1341206060937514, "GN": 0.1341206060937514, "GB": 0.1341206060937514, "KNN": 0.1341206060937514, "KM": 0.1341206060937514, "LR": 0.1341206060937514, "LRR": 0.1341206060937514, "LRL": 0.1341206060937514, "LRE": 0.1341206060937514, "LOG_R": 0.1341206060937514, "RF": 0.1341206060937514, "SVM": 0.1341206060937514, "DNN": 0.1341206060937514}, "1 + 4": {"AB": 0.1128818109058457, "AC": 0.1128818109058457, "DS": 0.1128818109058457, "DT": 0.1128818109058457, "GM": 0.1128818109058457, "GN": 0.1128818109058457, "GB": 0.1128818109058457, "KNN": 0.1128818109058457, "KM": 0.1128818109058457, "LR": 0.1128818109058457, "LRR": 0.1128818109058457, "LRL": 0.1128818109058457, "LRE": 0.1128818109058457, "LOG_R": 0.1128818109058457, "RF": 0.1128818109058457, "SVM": 0.1128818109058457, "DNN": 0.1128818109058457}, "2 + 3": {"AB": 0.13287187694465866, "AC": 0.13287187694465866, "DS": 0.13287187694465866, "DT": 0.13287187694465866, "GM": 0.13287187694465866, "GN": 0.13287187694465866, "GB": 0.13287187694465866, "KNN": 0.13287187694465866, "KM": 0.13287187694465866, "LR": 0.13287187694465866, "LRR": 0.13287187694465866, "LRL": 0.13287187694465866, "LRE": 0.13287187694465866, "LOG_R": 0.13287187694465866, "RF": 0.13287187694465866, "SVM": 0.13287187694465866, "DNN": 0.13287187694465866}, "2 + 4": {"AB": 0.11174217666106417, "AC": 0.11174217666106417, "DS": 0.11174217666106417, "DT": 0.11174217666106417, "GM": 0.11174217666106417, "GN": 0.11174217666106417, "GB": 0.11174217666106417, "KNN": 0.11174217666106417, "KM": 0.11174217666106417, "LR": 0.11174217666106417, "LRR": 0.11174217666106417, "LRL": 0.11174217666106417, "LRE": 0.11174217666106417, "LOG_R": 0.11174217666106417, "RF": 0.11174217666106417, "SVM": 0.11174217666106417, "DNN": 0.11174217666106417}, "3 + 4": {"AB": 0.10988180779733546, "AC": 0.10988180779733546, "DS": 0.10988180779733546, "DT": 0.10988180779733546, "GM": 0.10988180779733546, "GN": 0.10988180779733546, "GB": 0.10988180779733546, "KNN": 0.10988180779733546, "KM": 0.10988180779733546, "LR": 0.10988180779733546, "LRR": 0.10988180779733546, "LRL": 0.10988180779733546, "LRE": 0.10988180779733546, "LOG_R": 0.10988180779733546, "RF": 0.10988180779733546, "SVM": 0.10988180779733546, "DNN": 0.10988180779733546}, "0 + 1 + 2": {"AB": 0.15991672306975838, "AC": 0.15991672306975838, "DS": 0.15991672306975838, "DT": 0.15991672306975838, "GM": 0.15991672306975838, "GN": 0.15991672306975838, "GB": 0.15991672306975838, "KNN": 0.15991672306975838, "KM": 0.15991672306975838, "LR": 0.15991672306975838, "LRR": 0.15991672306975838, "LRL": 0.15991672306975838, "LRE": 0.15991672306975838, "LOG_R": 0.15991672306975838, "RF": 0.15991672306975838, "SVM": 0.15991672306975838, "DNN": 0.15991672306975838}, "0 + 1 + 3": {"AB": 0.15511269865674807, "AC": 0.15511269865674807, "DS": 0.15511269865674807, "DT": 0.15511269865674807, "GM": 0.15511269865674807, "GN": 0.15511269865674807, "GB": 0.15511269865674807, "KNN": 0.15511269865674807, "KM": 0.15511269865674807, "LR": 0.15511269865674807, "LRR": 0.15511269865674807, "LRL": 0.15511269865674807, "LRE": 0.15511269865674807,