{"0": {"AB": 0.15092369811058062, "AC": 0.15092369811058062, "DS": 0.15092369811058062, "DT": 0.15092369811058062, "GM": 0.15092369811058062, "GN": 0.15092369811058062, "GB": 0.15092369811058062, "KNN": 0.15092369811058062, "KM": 0.15092369811058062, "LR": 0.15092369811058062, "LRR": 0.15092369811058062, "LRL": 0.15092369811058062, "LRE": 0.15092369811058062, "LOG_R": 0.15092369811058062, "RF": 0.15092369811058062, "SVM": 0.15092369811058062, "DNN": 0.15092369811058062}, "1": {"AB": 0.2712539158892229, "AC": 0.2712539158892229, "DS": 0.2712539158892229, "DT": 0.2712539158892229, "GM": 0.2712539158892229, "GN": 0.2712539158892229, "GB": 0.2712539158892229, "KNN": 0.2712539158892229, "KM": 0.2712539158892229, "LR": 0.2712539158892229, "LRR": 0.2712539158892229, "LRL": 0.2712539158892229, "LRE": 0.2712539158892229, "LOG_R": 0.2712539158892229, "RF": 0.2712539158892229, "SVM": 0.2712539158892229, "DNN": 0.2712539158892229}, "2": {"AB": 0.12779061012826182, "AC": 0.12779061012826182, "DS": 0.12779061012826182, "DT": 0.12779061012826182, "GM": 0.12779061012826182, "GN": 0.12779061012826182, "GB": 0.12779061012826182, "KNN": 0.12779061012826182, "KM": 0.12779061012826182, "LR": 0.12779061012826182, "LRR": 0.12779061012826182, "LRL": 0.12779061012826182, "LRE": 0.12779061012826182, "LOG_R": 0.12779061012826182, "RF": 0.12779061012826182, "SVM": 0.12779061012826182, "DNN": 0.12779061012826182}, "3": {"AB": 0.10712517144347188, "AC": 0.10712517144347188, "DS": 0.10712517144347188, "DT": 0.10712517144347188, "GM": 0.10712517144347188, "GN": 0.10712517144347188, "GB": 0.10712517144347188, "KNN": 0.10712517144347188, "KM": 0.10712517144347188, "LR": 0.10712517144347188, "LRR": 0.10712517144347188, "LRL": 0.10712517144347188, "LRE": 0.10712517144347188, "LOG_R": 0.10712517144347188, "RF": 0.10712517144347188, "SVM": 0.10712517144347188, "DNN": 0.10712517144347188}, "4": {"AB": 0.10075370019757547, "AC": 0.10075370019757547, "DS": 0.10075370019757547, "DT": 0.10075370019757547, "GM": 0.10075370019757547, "GN": 0.10075370019757547, "GB": 0.10075370019757547, "KNN": 0.10075370019757547, "KM": 0.10075370019757547, "LR": 0.10075370019757547, "LRR": 0.10075370019757547, "LRL": 0.10075370019757547, "LRE": 0.10075370019757547, "LOG_R": 0.10075370019757547, "RF": 0.10075370019757547, "SVM": 0.10075370019757547, "DNN": 0.10075370019757547}, "0 + 1": {"AB": 0.2727048331211619, "AC": 0.2727048331211619, "DS": 0.2727048331211619, "DT": 0.2727048331211619, "GM": 0.2727048331211619, "GN": 0.2727048331211619, "GB": 0.2727048331211619, "KNN": 0.2727048331211619, "KM": 0.2727048331211619, "LR": 0.2727048331211619, "LRR": 0.2727048331211619, "LRL": 0.2727048331211619, "LRE": 0.2727048331211619, "LOG_R": 0.2727048331211619, "RF": 0.2727048331211619, "SVM": 0.2727048331211619, "DNN": 0.2727048331211619}, "0 + 2": {"AB": 0.1769170861425348, "AC": 0.1769170861425348, "DS": 0.1769170861425348, "DT": 0.1769170861425348, "GM": 0.1769170861425348, "GN": 0.1769170861425348, "GB": 0.1769170861425348, "KNN": 0.1769170861425348, "KM": 0.1769170861425348, "LR": 0.1769170861425348, "LRR": 0.1769170861425348, "LRL": 0.1769170861425348, "LRE": 0.1769170861425348, "LOG_R": 0.1769170861425348, "RF": 0.1769170861425348, "SVM": 0.1769170861425348, "DNN": 0.1769170861425348}, "0 + 3": {"AB": 0.15586302644490124, "AC": 0.15586302644490124, "DS": 0.15586302644490124, "DT": 0.15586302644490124, "GM": 0.15586302644490124, "GN": 0.15586302644490124, "GB": 0.15586302644490124, "KNN": 0.15586302644490124, "KM": 0.15586302644490124, "LR": 0.15586302644490124, "LRR": 0.15586302644490124, "LRL": 0.15586302644490124, "LRE": 0.15586302644490124, "LOG_R": 0.15586302644490124, "RF": 0.15586302644490124, "SVM": 0.15586302644490124, "DNN": 0.15586302644490124}, "0 + 4": {"AB": 0.1494903853387313, "AC": 0.1494903853387313, "DS": 0.1494903853387313, "DT": 0.1494903853387313, "GM": 0.1494903853387313, "GN": 0.1494903853387313, "GB": 0.1494903853387313, "KNN": 0.1494903853387313, "KM": 0.1494903853387313, "LR": 0.1494903853387313, "LRR": 0.1494903853387313, "LRL": 0.1494903853387313, "LRE": 0.1494903853387313, "LOG_R": 0.1494903853387313, "RF": 0.1494903853387313, "SVM": 0.1494903853387313, "DNN": 0.1494903853387313}, "1 + 2": {"AB": 0.24798670965083794, "AC": 0.24798670965083794, "DS": 0.24798670965083794, "DT": 0.24798670965083794, "GM": 0.24798670965083794, "GN": 0.24798670965083794, "GB": 0.24798670965083794, "KNN": 0.24798670965083794, "KM": 0.24798670965083794, "LR": 0.24798670965083794, "LRR": 0.24798670965083794, "LRL": 0.24798670965083794, "LRE": 0.24798670965083794, "LOG_R": 0.24798670965083794, "RF": 0.24798670965083794, "SVM": 0.24798670965083794, "DNN": 0.24798670965083794}, "1 + 3": {"AB": 0.20448015152109555, "AC": 0.20448015152109555, "DS": 0.20448015152109555, "DT": 0.20448015152109555, "GM": 0.20448015152109555, "GN": 0.20448015152109555, "GB": 0.20448015152109555, "KNN": 0.20448015152109555, "KM": 0.20448015152109555, "LR": 0.20448015152109555, "LRR": 0.20448015152109555, "LRL": 0.20448015152109555, "LRE": 0.20448015152109555, "LOG_R": 0.20448015152109555, "RF": 0.20448015152109555, "SVM": 0.20448015152109555, "DNN": 0.20448015152109555}, "1 + 4": {"AB": 0.19801106084901887, "AC": 0.19801106084901887, "DS": 0.19801106084901887, "DT": 0.19801106084901887, "GM": 0.19801106084901887, "GN": 0.19801106084901887, "GB": 0.19801106084901887, "KNN": 0.19801106084901887, "KM": 0.19801106084901887, "LR": 0.19801106084901887, "LRR": 0.19801106084901887, "LRL": 0.19801106084901887, "LRE": 0.19801106084901887, "LOG_R": 0.19801106084901887, "RF": 0.19801106084901887, "SVM": 0.19801106084901887, "DNN": 0.19801106084901887}, "2 + 3": {"AB": 0.14985146305914512, "AC": 0.14985146305914512, "DS": 0.14985146305914512, "DT": 0.14985146305914512, "GM": 0.14985146305914512, "GN": 0.14985146305914512, "GB": 0.14985146305914512, "KNN": 0.14985146305914512, "KM": 0.14985146305914512, "LR": 0.14985146305914512, "LRR": 0.14985146305914512, "LRL": 0.14985146305914512, "LRE": 0.14985146305914512, "LOG_R": 0.14985146305914512, "RF": 0.14985146305914512, "SVM": 0.14985146305914512, "DNN": 0.14985146305914512}, "2 + 4": {"AB": 0.14363009610023017, "AC": 0.14363009610023017, "DS": 0.14363009610023017, "DT": 0.14363009610023017, "GM": 0.14363009610023017, "GN": 0.14363009610023017, "GB": 0.14363009610023017, "KNN": 0.14363009610023017, "KM": 0.14363009610023017, "LR": 0.14363009610023017, "LRR": 0.14363009610023017, "LRL": 0.14363009610023017, "LRE": 0.14363009610023017, "LOG_R": 0.14363009610023017, "RF": 0.14363009610023017, "SVM": 0.14363009610023017, "DNN": 0.14363009610023017}, "3 + 4": {"AB": 0.13678879245650324, "AC": 0.13678879245650324, "DS": 0.13678879245650324, "DT": 0.13678879245650324, "GM": 0.13678879245650324, "GN": 0.13678879245650324, "GB": 0.13678879245650324, "KNN": 0.13678879245650324, "KM": 0.13678879245650324, "LR": 0.13678879245650324, "LRR": 0.13678879245650324, "LRL": 0.13678879245650324, "LRE": 0.13678879245650324, "LOG_R": 0.13678879245650324, "RF": 0.13678879245650324, "SVM": 0.13678879245650324, "DNN": 0.13678879245650324}, "0 + 1 + 2": {"AB": 0.25478254178089865, "AC": 0.25478254178089865, "DS": 0.25478254178089865, "DT": 0.25478254178089865, "GM": 0.25478254178089865, "GN": 0.25478254178089865, "GB": 0.25478254178089865, "KNN": 0.25478254178089865, "KM": 0.25478254178089865, "LR": 0.25478254178089865, "LRR": 0.25478254178089865, "LRL": 0.25478254178089865, "LRE": 0.25478254178089865, "LOG_R": 0.25478254178089865, "RF": 0.25478254178089865, "SVM": 0.25478254178089865, "DNN": 0.25478254178089865}, "0 + 1 + 3": {"AB": 0.21669479775276168, "AC": 0.21669479775276168, "DS": 0.21669479775276168, "DT": 0.21669479775276168, "GM": 0.21669479775276168, "GN": 0.21669479775276168, "GB": 0.21669479775276168, "KNN": 0.21669479775276168, "KM": 0.21669479775276168, "LR": 0.21669479775276168, "LRR": 0.21669479775276168, "LRL": 0.21669479775276168, "LRE": 0.21669479775276168, "LOG_R": 0.21669479775276168,