{"0": {"AB": 1.0, "AC": 0.2645161290322581, "DS": 0.3333333333333333, "DT": 1.0, "GM": 0.37117641159362147, "GN": 1.0, "GB": 1.0, "KNN": 1.0, "KM": 0.0, "LR": 0.9864864864864864, "LRR": 0.9864864864864864, "LRL": 0.9864864864864864, "LRE": 0.9864864864864864, "LOG_R": 1.0, "RF": 1.0, "SVM": 1.0, "DNN": 1.0}, "1": {"AB": 0.9475139052389353, "AC": 0.12360696517412935, "DS": 0.10818687626953986, "DT": 0.9402985074626866, "GM": 0.2582503797245898, "GN": 0.7407006215085171, "GB": 0.8209521651703531, "KNN": 0.9408230954073172, "KM": 0.24366380830605305, "LR": 0.7286220062478307, "LRR": 0.7286220062478307, "LRL": 0.7286220062478307, "LRE": 0.7286220062478307, "LOG_R": 0.7478295946822877, "RF": 0.8105162262084077, "SVM": 0.7478295946822877, "DNN": 0.7998072261004178}, "2": {"AB": 1.0, "AC": 0.3605246976839517, "DS": 0.3333333333333333, "DT": 1.0, "GM": 0.2982456140350877, "GN": 1.0, "GB": 1.0, "KNN": 1.0, "KM": 0.8860579205570502, "LR": 0.9743466410133077, "LRR": 0.9743466410133077, "LRL": 0.9743466410133077, "LRE": 0.9743466410133077, "LOG_R": 1.0, "RF": 1.0, "SVM": 1.0, "DNN": 1.0}, "3": {"AB": 0.9082509082509082, "AC": 0.10525981954553383, "DS": 0.09767316017316018, "DT": 0.922077922077922, "GM": 0.11960946854563874, "GN": 0.8284038542103057, "GB": 0.8342290547014957, "KNN": 0.9112100935973158, "KM": 0.438996138996139, "LR": 0.774941724941725, "LRR": 0.774941724941725, "LRL": 0.774941724941725, "LRE": 0.774941724941725, "LOG_R": 0.774941724941725, "RF": 0.8520923520923521, "SVM": 0.8225108225108224, "DNN": 0.816911386541599}, "4": {"AB": 1.0, "AC": 0.4861778846153846, "DS": 0.3333333333333333, "DT": 1.0, "GM": 0.3333333333333333, "GN": 1.0, "GB": 1.0, "KNN": 1.0, "KM": 0.9777667984189722, "LR": 0.9886363636363635, "LRR": 0.9886363636363635, "LRL": 0.9943820224719101, "LRE": 0.9943820224719101, "LOG_R": 1.0, "RF": 1.0, "SVM": 1.0, "DNN": 1.0}, "0 + 1": {"AB": 1.0, "AC": 0.6085658663205711, "DS": 0.20968846285518658, "DT": 1.0, "GM": 0.2664779403909839, "GN": 1.0, "GB": 1.0, "KNN": 1.0, "KM": 0.6427221172022685, "LR": 0.9832549941245593, "LRR": 0.9832549941245593, "LRL": 0.9832549941245593, "LRE": 0.9832549941245593, "LOG_R": 1.0, "RF": 1.0, "SVM": 1.0, "DNN": 1.0}, "0 + 2": {"AB": 1.0, "AC": 0.3605246976839517, "DS": 0.3333333333333333, "DT": 1.0, "GM": 0.45893719806763295, "GN": 1.0, "GB": 1.0, "KNN": 1.0, "KM": 0.9874980465697764, "LR": 0.9805194805194806, "LRR": 0.9805194805194806, "LRL": 0.9871794871794872, "LRE": 0.9805194805194806, "LOG_R": 1.0, "RF": 1.0, "SVM": 1.0, "DNN": 1.0}, "0 + 3": {"AB": 1.0, "AC": 0.10246120920278222, "DS": 0.1, "DT": 1.0, "GM": 0.8758012820512819, "GN": 1.0, "GB": 1.0, "KNN": 1.0, "KM": 0.8034769463340893, "LR": 0.980085348506401, "LRR": 0.980085348506401, "LRL": 0.9867215041128085, "LRE": 0.980085348506401, "LOG_R": 1.0, "RF": 1.0, "SVM": 1.0, "DNN": 1.0}, "0 + 4": {"AB": 1.0, "AC": 0.0, "DS": 0.3333333333333333, "DT": 1.0, "GM": 0.3023255813953488, "GN": 1.0, "GB": 1.0, "KNN": 1.0, "KM": 0.0, "LR": 0.9943820224719101, "LRR": 0.9943820224719101, "LRL": 0.9943820224719101, "LRE": 0.9943820224719101, "LOG_R": 1.0, "RF": 1.0, "SVM": 1.0, "DNN": 1.0}, "1 + 2": {"AB": 1.0, "AC": 0.2784313725490196, "DS": 0.296969696969697, "DT": 1.0, "GM": 0.3133652312599681, "GN": 1.0, "GB": 1.0, "KNN": 1.0, "KM": 0.5893333333333334, "LR": 0.9866761751946276, "LRR": 0.9866761751946276, "LRL": 0.9866761751946276, "LRE": 0.9866761751946276, "LOG_R": 1.0, "RF": 1.0, "SVM": 1.0, "DNN": 1.0}, "1 + 3": {"AB": 0.9488949646844382, "AC": 0.08046301524562395, "DS": 0.09767316017316018, "DT": 0.9871230219056304, "GM": 0.7500665318288269, "GN": 0.876677041966298, "GB": 0.9187929717341481, "KNN": 0.9488949646844382, "KM": 0.7500665318288269, "LR": 0.861148073238237, "LRR": 0.8732463445287992, "LRL": 0.8401182266009852, "LRE": 0.8732463445287992, "LOG_R": 0.861148073238237, "RF": 0.9314872455368324, "SVM": 0.9063407181054239, "DNN": 0.8820368820368819}, "1 + 4": {"AB": 1.0, "AC": 0.25000000000000006, "DS": 0.266304347826087, "DT": 1.0, "GM": 0.32936507936507936, "GN": 1.0, "GB": 1.0, "KNN": 1.0, "KM": 0.3006254225828263, "LR": 0.981053937259923, "LRR": 0.981053937259923, "LRL": 0.9936797752808989, "LRE": 0.981053937259923, "LOG_R": 1.0, "RF": 1.0, "SVM": 1.0, "DNN": 1.0}, "2 + 3": {"AB": 1.0, "AC": 0.4511465603190429, "DS": 0.1568883094306823, "DT": 1.0, "GM": 0.5812483185364542, "GN": 1.0, "GB": 1.0, "KNN": 1.0, "KM": 0.3033006244424621, "LR": 0.9390270746202949, "LRR": 0.9390270746202949, "LRL": 0.9390270746202949, "LRE": 0.9390270746202949, "LOG_R": 1.0, "RF": 1.0, "SVM": 1.0, "DNN": 1.0}, "2 + 4": {"AB": 1.0, "AC": 0.06976744186046512, "DS": 0.3333333333333333, "DT": 1.0, "GM": 0.48131197559115185, "GN": 1.0, "GB": 1.0, "KNN": 1.0, "KM": 0.0, "LR": 0.9871794871794872, "LRR": 0.9871794871794872, "LRL": 0.9871794871794872, "LRE": 0.9871794871794872, "LOG_R": 1.0, "RF": 1.0, "SVM": 1.0, "DNN": 1.0}, "3 + 4": {"AB": 1.0, "AC": 0.9390227021040974, "DS": 0.13591867469879518, "DT": 1.0, "GM": 0.17804487179487177, "GN": 1.0, "GB": 1.0, "KNN": 1.0, "KM": 0.10350274725274725, "LR": 0.9840198863636364, "LRR": 0.9840198863636364, "LRL": 0.9840198863636364, "LRE": 0.9840198863636364, "LOG_R": 1.0, "RF": 1.0, "SVM": 1.0, "DNN": 0.96875}, "0 + 1 + 2": {"AB": 1.0, "AC": 0.5306666666666667, "DS": 0.296969696969697, "DT": 1.0, "GM": 0.15757575757575756, "GN": 1.0, "GB": 1.0, "KNN": 1.0, "KM": 0.34367816091954023, "LR": 1.0, "LRR": 1.0, "LRL": 1.0, "LRE": 1.0, "LOG_R": 1.0, "RF": 1.0, "SVM": 1.0, "DNN": 1.0}, "0 + 1 + 3": {"AB": 1.0, "AC": 0.19429323968393325, "DS": 0.1, "DT": 1.0, "GM": 0.7049808429118773, "GN": 1.0, "GB": 1.0, "KNN": 0.9867215041128085, "KM": 0.6882783882783882, "LR": 0.9530583214793742, "LRR": 0.9530583214793742, "LRL": 0.9733194733194734, "LRE": 0.9600563909774436, "LOG_R": 1.0, "RF": 1.0, "SVM": 1.0, "DNN": 0.9867215041128085}, "0 + 1 + 4": {"AB": 1.0, "AC": 0.5534689485550317, "DS": 0.266304347826087, "DT": 1.0, "GM": 0.16624040920716113, "GN": 1.0, "GB": 1.0, "KNN": 1.0, "KM": 0.29469696969696973, "LR": 1.0, "LRR": 1.0, "LRL": 1.0, "LRE": 1.0, "LOG_R": 1.0, "RF": 1.0, "SVM": 1.0, "DNN": 1.0}, "0 + 2 + 3": {"AB": 1.0, "AC": 0.022598870056497175, "DS": 0.1568883094306823, "DT": 1.0, "GM": 0.699660235882215, "GN": 1.0, "GB": 1.0, "KNN": 1.0, "KM": 1.0, "LR": 0.9914181506114568, "LRR": 0.9914181506114568, "LRL": 0.9914181506114568, "LRE": 0.9914181506114568, "LOG_R": 1.0, "RF": 1.0, "SVM": 1.0, "DNN": 1.0}, "0 + 2 + 4": {"AB": 1.0, "AC": 0.48131197559115185, "DS": 0.3333333333333333, "DT": 1.0, "GM": 0.523809523809524, "GN": 1.0, "GB": 1.0, "KNN": 1.0, "KM": 0.0, "LR": 1.0, "LRR": 1.0, "LRL": 1.0, "LRE": 1.0, "LOG_R": 1.0, "RF": 1.0, "SVM": 1.0, "DNN": 1.0}, "0 + 3 + 4": {"AB": 1.0, "AC": 0.9691761363636364, "DS": 0.13591867469879518, "DT": 1.0, "GM": 0.2220394736842105, "GN": 1.0, "GB": 1.0, "KNN": 1.0, "KM": 0.0, "LR": 1.0, "LRR": 1.0, "LRL": 1.0, "LRE": 1.0, "LOG_R": 1.0, "RF": 1.0, "SVM": 1.0, "DNN": 1.0}, "1 + 2 + 3": {"AB": 1.0, "AC": 0.222619525301829, "DS": 0.1568883094306823, "DT": 1.0, "GM": 0.7049820236260914, "GN": 1.0, "GB": 1.0, "KNN": 1.0, "KM": 0.24136876563447784, "LR": 0.9299579892800233, "LRR": 0.9299579892800233, "LRL": 0.9299579892800233, "LRE": 0.9299579892800233, "LOG_R": 1.0, "RF": 1.0, "SVM": 1.0, "DNN": 0.9829264292541129}, "1 + 2 + 4": {"AB": 1.0, "AC": 0.3718022328548644, "DS": 0.296969696969697, "DT": 1.0, "GM": 0.7868945868945869, "GN": 1.0, "GB": 1.0, "KNN": 1.0, "KM": 0.602469135802469, "LR": 0.9863247863247864, "LRR": 0.9863247863247864, "LRL": 0.9863247863247864, "LRE": 0.9863247863247864, "LOG_R": 1.0, "RF": 1.0, "SVM": 1.0, "DNN": 1.0}, "1 + 3 + 4": {"AB": 1.0, "AC": 0.6556490384615384, "DS": 0.13591867469879518, "DT": 1.0, "GM": 0.09926470588235294, "GN": 1.0, "GB": 1.0, "KNN": 1.0, "KM": 0.1406055417185554, "LR": 0.9840198863636364, "LRR": 0.9840198863636364, "LRL": 0.9920997191011236, "LRE": 0.9840198863636364, "LOG_R": 1.0, "RF": 1.0, "SVM": 1.0, "DNN": 1.0}, "2 + 3 + 4": {"AB": 1.0, "AC": 0.19199733709861866,