{"0": {"AB": 0.13987710435826642, "AC": 0.13987710435826642, "DS": 0.13987710435826642, "DT": 0.13987710435826642, "GM": 0.13987710435826642, "GN": 0.13987710435826642, "GB": 0.13987710435826642, "KNN": 0.13987710435826642, "KM": 0.13987710435826642, "LR": 0.13987710435826642, "LRR": 0.13987710435826642, "LRL": 0.13987710435826642, "LRE": 0.13987710435826642, "LOG_R": 0.13987710435826642, "RF": 0.13987710435826642, "SVM": 0.13987710435826642, "DNN": 0.13987710435826642}, "1": {"AB": 0.30103822360068566, "AC": 0.30103822360068566, "DS": 0.30103822360068566, "DT": 0.30103822360068566, "GM": 0.30103822360068566, "GN": 0.30103822360068566, "GB": 0.30103822360068566, "KNN": 0.30103822360068566, "KM": 0.30103822360068566, "LR": 0.30103822360068566, "LRR": 0.30103822360068566, "LRL": 0.30103822360068566, "LRE": 0.30103822360068566, "LOG_R": 0.30103822360068566, "RF": 0.30103822360068566, "SVM": 0.30103822360068566, "DNN": 0.30103822360068566}, "2": {"AB": 0.24292240666569365, "AC": 0.24292240666569365, "DS": 0.24292240666569365, "DT": 0.24292240666569365, "GM": 0.24292240666569365, "GN": 0.24292240666569365, "GB": 0.24292240666569365, "KNN": 0.24292240666569365, "KM": 0.24292240666569365, "LR": 0.24292240666569365, "LRR": 0.24292240666569365, "LRL": 0.24292240666569365, "LRE": 0.24292240666569365, "LOG_R": 0.24292240666569365, "RF": 0.24292240666569365, "SVM": 0.24292240666569365, "DNN": 0.24292240666569365}, "3": {"AB": 0.2149807998233645, "AC": 0.2149807998233645, "DS": 0.2149807998233645, "DT": 0.2149807998233645, "GM": 0.2149807998233645, "GN": 0.2149807998233645, "GB": 0.2149807998233645, "KNN": 0.2149807998233645, "KM": 0.2149807998233645, "LR": 0.2149807998233645, "LRR": 0.2149807998233645, "LRL": 0.2149807998233645, "LRE": 0.2149807998233645, "LOG_R": 0.2149807998233645, "RF": 0.2149807998233645, "SVM": 0.2149807998233645, "DNN": 0.2149807998233645}, "4": {"AB": 0.21774756603241086, "AC": 0.21774756603241086, "DS": 0.21774756603241086, "DT": 0.21774756603241086, "GM": 0.21774756603241086, "GN": 0.21774756603241086, "GB": 0.21774756603241086, "KNN": 0.21774756603241086, "KM": 0.21774756603241086, "LR": 0.21774756603241086, "LRR": 0.21774756603241086, "LRL": 0.21774756603241086, "LRE": 0.21774756603241086, "LOG_R": 0.21774756603241086, "RF": 0.21774756603241086, "SVM": 0.21774756603241086, "DNN": 0.21774756603241086}, "0 + 1": {"AB": 0.24544077880279605, "AC": 0.24544077880279605, "DS": 0.24544077880279605, "DT": 0.24544077880279605, "GM": 0.24544077880279605, "GN": 0.24544077880279605, "GB": 0.24544077880279605, "KNN": 0.24544077880279605, "KM": 0.24544077880279605, "LR": 0.24544077880279605, "LRR": 0.24544077880279605, "LRL": 0.24544077880279605, "LRE": 0.24544077880279605, "LOG_R": 0.24544077880279605, "RF": 0.24544077880279605, "SVM": 0.24544077880279605, "DNN": 0.24544077880279605}, "0 + 2": {"AB": 0.20665620397515605, "AC": 0.20665620397515605, "DS": 0.20665620397515605, "DT": 0.20665620397515605, "GM": 0.20665620397515605, "GN": 0.20665620397515605, "GB": 0.20665620397515605, "KNN": 0.20665620397515605, "KM": 0.20665620397515605, "LR": 0.20665620397515605, "LRR": 0.20665620397515605, "LRL": 0.20665620397515605, "LRE": 0.20665620397515605, "LOG_R": 0.20665620397515605, "RF": 0.20665620397515605, "SVM": 0.20665620397515605, "DNN": 0.20665620397515605}, "0 + 3": {"AB": 0.187685282675874, "AC": 0.187685282675874, "DS": 0.187685282675874, "DT": 0.187685282675874, "GM": 0.187685282675874, "GN": 0.187685282675874, "GB": 0.187685282675874, "KNN": 0.187685282675874, "KM": 0.187685282675874, "LR": 0.187685282675874, "LRR": 0.187685282675874, "LRL": 0.187685282675874, "LRE": 0.187685282675874, "LOG_R": 0.187685282675874, "RF": 0.187685282675874, "SVM": 0.187685282675874, "DNN": 0.187685282675874}, "0 + 4": {"AB": 0.18436249591666007, "AC": 0.18436249591666007, "DS": 0.18436249591666007, "DT": 0.18436249591666007, "GM": 0.18436249591666007, "GN": 0.18436249591666007, "GB": 0.18436249591666007, "KNN": 0.18436249591666007, "KM": 0.18436249591666007, "LR": 0.18436249591666007, "LRR": 0.18436249591666007, "LRL": 0.18436249591666007, "LRE": 0.18436249591666007, "LOG_R": 0.18436249591666007, "RF": 0.18436249591666007, "SVM": 0.18436249591666007, "DNN": 0.18436249591666007}, "1 + 2": {"AB": 0.33660305325688156, "AC": 0.33660305325688156, "DS": 0.33660305325688156, "DT": 0.33660305325688156, "GM": 0.33660305325688156, "GN": 0.33660305325688156, "GB": 0.33660305325688156, "KNN": 0.33660305325688156, "KM": 0.33660305325688156, "LR": 0.33660305325688156, "LRR": 0.33660305325688156, "LRL": 0.33660305325688156, "LRE": 0.33660305325688156, "LOG_R": 0.33660305325688156, "RF": 0.33660305325688156, "SVM": 0.33660305325688156, "DNN": 0.33660305325688156}, "1 + 3": {"AB": 0.3108965694420821, "AC": 0.3108965694420821, "DS": 0.3108965694420821, "DT": 0.3108965694420821, "GM": 0.3108965694420821, "GN": 0.3108965694420821, "GB": 0.3108965694420821, "KNN": 0.3108965694420821, "KM": 0.3108965694420821, "LR": 0.3108965694420821, "LRR": 0.3108965694420821, "LRL": 0.3108965694420821, "LRE": 0.3108965694420821, "LOG_R": 0.3108965694420821, "RF": 0.3108965694420821, "SVM": 0.3108965694420821, "DNN": 0.3108965694420821}, "1 + 4": {"AB": 0.3133923103053895, "AC": 0.3133923103053895, "DS": 0.3133923103053895, "DT": 0.3133923103053895, "GM": 0.3133923103053895, "GN": 0.3133923103053895, "GB": 0.3133923103053895, "KNN": 0.3133923103053895, "KM": 0.3133923103053895, "LR": 0.3133923103053895, "LRR": 0.3133923103053895, "LRL": 0.3133923103053895, "LRE": 0.3133923103053895, "LOG_R": 0.3133923103053895, "RF": 0.3133923103053895, "SVM": 0.3133923103053895, "DNN": 0.3133923103053895}, "2 + 3": {"AB": 0.2966945164395782, "AC": 0.2966945164395782, "DS": 0.2966945164395782, "DT": 0.2966945164395782, "GM": 0.2966945164395782, "GN": 0.2966945164395782, "GB": 0.2966945164395782, "KNN": 0.2966945164395782, "KM": 0.2966945164395782, "LR": 0.2966945164395782, "LRR": 0.2966945164395782, "LRL": 0.2966945164395782, "LRE": 0.2966945164395782, "LOG_R": 0.2966945164395782, "RF": 0.2966945164395782, "SVM": 0.2966945164395782, "DNN": 0.2966945164395782}, "2 + 4": {"AB": 0.30206070859246203, "AC": 0.30206070859246203, "DS": 0.30206070859246203, "DT": 0.30206070859246203, "GM": 0.30206070859246203, "GN": 0.30206070859246203, "GB": 0.30206070859246203, "KNN": 0.30206070859246203, "KM": 0.30206070859246203, "LR": 0.30206070859246203, "LRR": 0.30206070859246203, "LRL": 0.30206070859246203, "LRE": 0.30206070859246203, "LOG_R": 0.30206070859246203, "RF": 0.30206070859246203, "SVM": 0.30206070859246203, "DNN": 0.30206070859246203}, "3 + 4": {"AB": 0.2869588249952084, "AC": 0.2869588249952084, "DS": 0.2869588249952084, "DT": 0.2869588249952084, "GM": 0.2869588249952084, "GN": 0.2869588249952084, "GB": 0.2869588249952084, "KNN": 0.2869588249952084, "KM": 0.2869588249952084, "LR": 0.2869588249952084, "LRR": 0.2869588249952084, "LRL": 0.2869588249952084, "LRE": 0.2869588249952084, "LOG_R": 0.2869588249952084, "RF": 0.2869588249952084, "SVM": 0.2869588249952084, "DNN": 0.2869588249952084}, "0 + 1 + 2": {"AB": 0.26015988597978645, "AC": 0.26015988597978645, "DS": 0.26015988597978645, "DT": 0.26015988597978645, "GM": 0.26015988597978645, "GN": 0.26015988597978645, "GB": 0.26015988597978645, "KNN": 0.26015988597978645, "KM": 0.26015988597978645, "LR": 0.26015988597978645, "LRR": 0.26015988597978645, "LRL": 0.26015988597978645, "LRE": 0.26015988597978645, "LOG_R": 0.26015988597978645, "RF": 0.26015988597978645, "SVM": 0.26015988597978645, "DNN": 0.26015988597978645}, "0 + 1 + 3": {"AB": 0.2415253504094249, "AC": 0.2415253504094249, "DS": 0.2415253504094249, "DT": 0.2415253504094249, "GM": 0.2415253504094249, "GN": 0.2415253504094249, "GB": 0.2415253504094249, "KNN": 0.2415253504094249, "KM": 0.2415253504094249, "LR": 0.2415253504094249, "LRR": 0.2415253504094249, "LRL": 0.2415253504094249, "LRE": 0.2415253504094249, "LOG_R": 0.2415253504094249, "RF": 0.2415253504094249, "SVM": 0.2415253504094249, "DNN": 0.2415253504094249},