{"0": {"AB": 0.12298557451601067, "AC": 0.12298557451601067, "DS": 0.12298557451601067, "DT": 0.12298557451601067, "GM": 0.12298557451601067, "GN": 0.12298557451601067, "GB": 0.12298557451601067, "KNN": 0.12298557451601067, "KM": 0.12298557451601067, "LR": 0.12298557451601067, "LRR": 0.12298557451601067, "LRL": 0.12298557451601067, "LRE": 0.12298557451601067, "LOG_R": 0.12298557451601067, "RF": 0.12298557451601067, "SVM": 0.12298557451601067, "DNN": 0.12298557451601067}, "1": {"AB": 0.12007626290338914, "AC": 0.12007626290338914, "DS": 0.12007626290338914, "DT": 0.12007626290338914, "GM": 0.12007626290338914, "GN": 0.12007626290338914, "GB": 0.12007626290338914, "KNN": 0.12007626290338914, "KM": 0.12007626290338914, "LR": 0.12007626290338914, "LRR": 0.12007626290338914, "LRL": 0.12007626290338914, "LRE": 0.12007626290338914, "LOG_R": 0.12007626290338914, "RF": 0.12007626290338914, "SVM": 0.12007626290338914, "DNN": 0.12007626290338914}, "2": {"AB": 0.10874382398993829, "AC": 0.10874382398993829, "DS": 0.10874382398993829, "DT": 0.10874382398993829, "GM": 0.10874382398993829, "GN": 0.10874382398993829, "GB": 0.10874382398993829, "KNN": 0.10874382398993829, "KM": 0.10874382398993829, "LR": 0.10874382398993829, "LRR": 0.10874382398993829, "LRL": 0.10874382398993829, "LRE": 0.10874382398993829, "LOG_R": 0.10874382398993829, "RF": 0.10874382398993829, "SVM": 0.10874382398993829, "DNN": 0.10874382398993829}, "3": {"AB": 0.10874382398993829, "AC": 0.10874382398993829, "DS": 0.10874382398993829, "DT": 0.10874382398993829, "GM": 0.10874382398993829, "GN": 0.10874382398993829, "GB": 0.10874382398993829, "KNN": 0.10874382398993829, "KM": 0.10874382398993829, "LR": 0.10874382398993829, "LRR": 0.10874382398993829, "LRL": 0.10874382398993829, "LRE": 0.10874382398993829, "LOG_R": 0.10874382398993829, "RF": 0.10874382398993829, "SVM": 0.10874382398993829, "DNN": 0.10874382398993829}, "4": {"AB": 0.07540614138595654, "AC": 0.07540614138595654, "DS": 0.07540614138595654, "DT": 0.07540614138595654, "GM": 0.07540614138595654, "GN": 0.07540614138595654, "GB": 0.07540614138595654, "KNN": 0.07540614138595654, "KM": 0.07540614138595654, "LR": 0.07540614138595654, "LRR": 0.07540614138595654, "LRL": 0.07540614138595654, "LRE": 0.07540614138595654, "LOG_R": 0.07540614138595654, "RF": 0.07540614138595654, "SVM": 0.07540614138595654, "DNN": 0.07540614138595654}, "0 + 1": {"AB": 0.16297823787302104, "AC": 0.16297823787302104, "DS": 0.16297823787302104, "DT": 0.16297823787302104, "GM": 0.16297823787302104, "GN": 0.16297823787302104, "GB": 0.16297823787302104, "KNN": 0.16297823787302104, "KM": 0.16297823787302104, "LR": 0.16297823787302104, "LRR": 0.16297823787302104, "LRL": 0.16297823787302104, "LRE": 0.16297823787302104, "LOG_R": 0.16297823787302104, "RF": 0.16297823787302104, "SVM": 0.16297823787302104, "DNN": 0.16297823787302104}, "0 + 2": {"AB": 0.14994606784789885, "AC": 0.14994606784789885, "DS": 0.14994606784789885, "DT": 0.14994606784789885, "GM": 0.14994606784789885, "GN": 0.14994606784789885, "GB": 0.14994606784789885, "KNN": 0.14994606784789885, "KM": 0.14994606784789885, "LR": 0.14994606784789885, "LRR": 0.14994606784789885, "LRL": 0.14994606784789885, "LRE": 0.14994606784789885, "LOG_R": 0.14994606784789885, "RF": 0.14994606784789885, "SVM": 0.14994606784789885, "DNN": 0.14994606784789885}, "0 + 3": {"AB": 0.14994606784789885, "AC": 0.14994606784789885, "DS": 0.14994606784789885, "DT": 0.14994606784789885, "GM": 0.14994606784789885, "GN": 0.14994606784789885, "GB": 0.14994606784789885, "KNN": 0.14994606784789885, "KM": 0.14994606784789885, "LR": 0.14994606784789885, "LRR": 0.14994606784789885, "LRL": 0.14994606784789885, "LRE": 0.14994606784789885, "LOG_R": 0.14994606784789885, "RF": 0.14994606784789885, "SVM": 0.14994606784789885, "DNN": 0.14994606784789885}, "0 + 4": {"AB": 0.11805191735075743, "AC": 0.11805191735075743, "DS": 0.11805191735075743, "DT": 0.11805191735075743, "GM": 0.11805191735075743, "GN": 0.11805191735075743, "GB": 0.11805191735075743, "KNN": 0.11805191735075743, "KM": 0.11805191735075743, "LR": 0.11805191735075743, "LRR": 0.11805191735075743, "LRL": 0.11805191735075743, "LRE": 0.11805191735075743, "LOG_R": 0.11805191735075743, "RF": 0.11805191735075743, "SVM": 0.11805191735075743, "DNN": 0.11805191735075743}, "1 + 2": {"AB": 0.14899905445568307, "AC": 0.14899905445568307, "DS": 0.14899905445568307, "DT": 0.14899905445568307, "GM": 0.14899905445568307, "GN": 0.14899905445568307, "GB": 0.14899905445568307, "KNN": 0.14899905445568307, "KM": 0.14899905445568307, "LR": 0.14899905445568307, "LRR": 0.14899905445568307, "LRL": 0.14899905445568307, "LRE": 0.14899905445568307, "LOG_R": 0.14899905445568307, "RF": 0.14899905445568307, "SVM": 0.14899905445568307, "DNN": 0.14899905445568307}, "1 + 3": {"AB": 0.14899905445568307, "AC": 0.14899905445568307, "DS": 0.14899905445568307, "DT": 0.14899905445568307, "GM": 0.14899905445568307, "GN": 0.14899905445568307, "GB": 0.14899905445568307, "KNN": 0.14899905445568307, "KM": 0.14899905445568307, "LR": 0.14899905445568307, "LRR": 0.14899905445568307, "LRL": 0.14899905445568307, "LRE": 0.14899905445568307, "LOG_R": 0.14899905445568307, "RF": 0.14899905445568307, "SVM": 0.14899905445568307, "DNN": 0.14899905445568307}, "1 + 4": {"AB": 0.1172231309157053, "AC": 0.1172231309157053, "DS": 0.1172231309157053, "DT": 0.1172231309157053, "GM": 0.1172231309157053, "GN": 0.1172231309157053, "GB": 0.1172231309157053, "KNN": 0.1172231309157053, "KM": 0.1172231309157053, "LR": 0.1172231309157053, "LRR": 0.1172231309157053, "LRL": 0.1172231309157053, "LRE": 0.1172231309157053, "LOG_R": 0.1172231309157053, "RF": 0.1172231309157053, "SVM": 0.1172231309157053, "DNN": 0.1172231309157053}, "2 + 3": {"AB": 0.14499176531991773, "AC": 0.14499176531991773, "DS": 0.14499176531991773, "DT": 0.14499176531991773, "GM": 0.14499176531991773, "GN": 0.14499176531991773, "GB": 0.14499176531991773, "KNN": 0.14499176531991773, "KM": 0.14499176531991773, "LR": 0.14499176531991773, "LRR": 0.14499176531991773, "LRL": 0.14499176531991773, "LRE": 0.14499176531991773, "LOG_R": 0.14499176531991773, "RF": 0.14499176531991773, "SVM": 0.14499176531991773, "DNN": 0.14499176531991773}, "2 + 4": {"AB": 0.11371611939469257, "AC": 0.11371611939469257, "DS": 0.11371611939469257, "DT": 0.11371611939469257, "GM": 0.11371611939469257, "GN": 0.11371611939469257, "GB": 0.11371611939469257, "KNN": 0.11371611939469257, "KM": 0.11371611939469257, "LR": 0.11371611939469257, "LRR": 0.11371611939469257, "LRL": 0.11371611939469257, "LRE": 0.11371611939469257, "LOG_R": 0.11371611939469257, "RF": 0.11371611939469257, "SVM": 0.11371611939469257, "DNN": 0.11371611939469257}, "3 + 4": {"AB": 0.11371611939469257, "AC": 0.11371611939469257, "DS": 0.11371611939469257, "DT": 0.11371611939469257, "GM": 0.11371611939469257, "GN": 0.11371611939469257, "GB": 0.11371611939469257, "KNN": 0.11371611939469257, "KM": 0.11371611939469257, "LR": 0.11371611939469257, "LRR": 0.11371611939469257, "LRL": 0.11371611939469257, "LRE": 0.11371611939469257, "LOG_R": 0.11371611939469257, "RF": 0.11371611939469257, "SVM": 0.11371611939469257, "DNN": 0.11371611939469257}, "0 + 1 + 2": {"AB": 0.1698369297327173, "AC": 0.1698369297327173, "DS": 0.1698369297327173, "DT": 0.1698369297327173, "GM": 0.1698369297327173, "GN": 0.1698369297327173, "GB": 0.1698369297327173, "KNN": 0.1698369297327173, "KM": 0.1698369297327173, "LR": 0.1698369297327173, "LRR": 0.1698369297327173, "LRL": 0.1698369297327173, "LRE": 0.1698369297327173, "LOG_R": 0.1698369297327173, "RF": 0.1698369297327173, "SVM": 0.1698369297327173, "DNN": 0.1698369297327173}, "0 + 1 + 3": {"AB": 0.1698369297327173, "AC": 0.1698369297327173, "DS": 0.1698369297327173, "DT": 0.1698369297327173, "GM": 0.1698369297327173, "GN": 0.1698369297327173, "GB": 0.1698369297327173, "KNN": 0.1698369297327173, "KM": 0.1698369297327173, "LR": 0.1698369297327173, "LRR": 0.1698369297327173, "LRL": 0.1698369297327173, "LRE": 0.1698369297327173, "LOG_R": 0.1698369297327173,