{"0": {"AB": 1.0, "AC": 0.378482332218987, "DS": 0.3333333333333333, "DT": 1.0, "GM": 0.9842065889002799, "GN": 1.0, "GB": 1.0, "KNN": 1.0, "KM": 0.02564102564102564, "LR": 0.9589644646662443, "LRR": 0.9589644646662443, "LRL": 0.9564532301962471, "LRE": 0.9619129438717067, "LOG_R": 0.9947366963073768, "RF": 1.0, "SVM": 1.0, "DNN": 0.9842065889002799}, "1": {"AB": 1.0, "AC": 0.40813008130081296, "DS": 0.3333333333333333, "DT": 1.0, "GM": 0.29648241206030146, "GN": 1.0, "GB": 1.0, "KNN": 1.0, "KM": 0.9282051282051282, "LR": 0.9675925925925926, "LRR": 0.9675925925925926, "LRL": 0.9675925925925926, "LRE": 0.9675925925925926, "LOG_R": 0.9928567784070614, "RF": 1.0, "SVM": 1.0, "DNN": 0.9857113696672789}, "2": {"AB": 1.0, "AC": 0.43733693207377417, "DS": 0.3333333333333333, "DT": 1.0, "GM": 0.3874675565443085, "GN": 1.0, "GB": 1.0, "KNN": 1.0, "KM": 0.008403361344537815, "LR": 0.9614826635717394, "LRR": 0.9614826635717394, "LRL": 0.9614826635717394, "LRE": 0.9614826635717394, "LOG_R": 1.0, "RF": 1.0, "SVM": 1.0, "DNN": 0.9915248150542268}, "3": {"AB": 1.0, "AC": 0.36431623931623935, "DS": 0.3333333333333333, "DT": 1.0, "GM": 0.3269230769230769, "GN": 1.0, "GB": 1.0, "KNN": 1.0, "KM": 0.02777777777777778, "LR": 0.9705696867773805, "LRR": 0.9705696867773805, "LRL": 0.9705696867773805, "LRE": 0.9705696867773805, "LOG_R": 0.9857113696672789, "RF": 1.0, "SVM": 1.0, "DNN": 0.9857113696672789}, "4": {"AB": 1.0, "AC": 0.3819397993311037, "DS": 0.3333333333333333, "DT": 1.0, "GM": 0.42708333333333337, "GN": 1.0, "GB": 1.0, "KNN": 1.0, "KM": 0.02222222222222222, "LR": 0.9523035230352302, "LRR": 0.9523035230352302, "LRL": 0.9523035230352302, "LRE": 0.9523035230352302, "LOG_R": 1.0, "RF": 1.0, "SVM": 1.0, "DNN": 1.0}, "0 + 1": {"AB": 1.0, "AC": 0.40813008130081296, "DS": 0.3333333333333333, "DT": 1.0, "GM": 1.0, "GN": 1.0, "GB": 1.0, "KNN": 1.0, "KM": 1.0, "LR": 0.9928567784070614, "LRR": 0.9928567784070614, "LRL": 0.9928567784070614, "LRE": 0.9928567784070614, "LOG_R": 1.0, "RF": 1.0, "SVM": 1.0, "DNN": 1.0}, "0 + 2": {"AB": 1.0, "AC": 0.36992974238875875, "DS": 0.3333333333333333, "DT": 1.0, "GM": 1.0, "GN": 1.0, "GB": 1.0, "KNN": 1.0, "KM": 1.0, "LR": 1.0, "LRR": 1.0, "LRL": 1.0, "LRE": 1.0, "LOG_R": 1.0, "RF": 1.0, "SVM": 1.0, "DNN": 1.0}, "0 + 3": {"AB": 1.0, "AC": 0.36431623931623935, "DS": 0.3333333333333333, "DT": 1.0, "GM": 1.0, "GN": 1.0, "GB": 1.0, "KNN": 1.0, "KM": 1.0, "LR": 1.0, "LRR": 1.0, "LRL": 1.0, "LRE": 1.0, "LOG_R": 1.0, "RF": 1.0, "SVM": 1.0, "DNN": 1.0}, "0 + 4": {"AB": 1.0, "AC": 0.4692063492063493, "DS": 0.3333333333333333, "DT": 1.0, "GM": 0.6459770114942529, "GN": 1.0, "GB": 1.0, "KNN": 1.0, "KM": 0.08333333333333334, "LR": 0.9772609819121446, "LRR": 0.9772609819121446, "LRL": 0.9772609819121446, "LRE": 0.9772609819121446, "LOG_R": 1.0, "RF": 1.0, "SVM": 1.0, "DNN": 1.0}, "1 + 2": {"AB": 1.0, "AC": 0.3874675565443085, "DS": 0.3333333333333333, "DT": 1.0, "GM": 0.43733693207377417, "GN": 1.0, "GB": 1.0, "KNN": 1.0, "KM": 1.0, "LR": 1.0, "LRR": 1.0, "LRL": 1.0, "LRE": 1.0, "LOG_R": 1.0, "RF": 1.0, "SVM": 1.0, "DNN": 1.0}, "1 + 3": {"AB": 1.0, "AC": 0.36431623931623935, "DS": 0.3333333333333333, "DT": 1.0, "GM": 0.44909875602944904, "GN": 1.0, "GB": 1.0, "KNN": 1.0, "KM": 0.014084507042253521, "LR": 0.9927536231884058, "LRR": 0.9927536231884058, "LRL": 0.9927536231884058, "LRE": 0.9927536231884058, "LOG_R": 1.0, "RF": 1.0, "SVM": 1.0, "DNN": 1.0}, "1 + 4": {"AB": 1.0, "AC": 0.3819397993311037, "DS": 0.3333333333333333, "DT": 1.0, "GM": 0.4692063492063493, "GN": 1.0, "GB": 1.0, "KNN": 1.0, "KM": 0.9772609819121446, "LR": 0.9883720930232559, "LRR": 0.9883720930232559, "LRL": 0.9883720930232559, "LRE": 0.9883720930232559, "LOG_R": 1.0, "RF": 1.0, "SVM": 1.0, "DNN": 1.0}, "2 + 3": {"AB": 1.0, "AC": 0.36431623931623935, "DS": 0.3333333333333333, "DT": 1.0, "GM": 0.3, "GN": 1.0, "GB": 1.0, "KNN": 1.0, "KM": 0.0, "LR": 0.9857113696672789, "LRR": 0.9857113696672789, "LRL": 0.9857113696672789, "LRE": 0.9857113696672789, "LOG_R": 1.0, "RF": 1.0, "SVM": 1.0, "DNN": 1.0}, "2 + 4": {"AB": 1.0, "AC": 0.3819397993311037, "DS": 0.3333333333333333, "DT": 1.0, "GM": 0.3015873015873016, "GN": 1.0, "GB": 1.0, "KNN": 1.0, "KM": 0.0, "LR": 0.9883720930232559, "LRR": 0.9883720930232559, "LRL": 0.9883720930232559, "LRE": 0.9883720930232559, "LOG_R": 1.0, "RF": 1.0, "SVM": 1.0, "DNN": 1.0}, "3 + 4": {"AB": 1.0, "AC": 0.42708333333333337, "DS": 0.3333333333333333, "DT": 1.0, "GM": 0.5086848635235732, "GN": 1.0, "GB": 1.0, "KNN": 1.0, "KM": 1.0, "LR": 1.0, "LRR": 1.0, "LRL": 1.0, "LRE": 1.0, "LOG_R": 1.0, "RF": 1.0, "SVM": 1.0, "DNN": 1.0}, "0 + 1 + 2": {"AB": 1.0, "AC": 0.43733693207377417, "DS": 0.3333333333333333, "DT": 1.0, "GM": 1.0, "GN": 1.0, "GB": 1.0, "KNN": 1.0, "KM": 1.0, "LR": 0.9913793103448275, "LRR": 0.9913793103448275, "LRL": 0.9913793103448275, "LRE": 0.9913793103448275, "LOG_R": 1.0, "RF": 1.0, "SVM": 1.0, "DNN": 1.0}, "0 + 1 + 3": {"AB": 1.0, "AC": 0.475, "DS": 0.3333333333333333, "DT": 1.0, "GM": 1.0, "GN": 1.0, "GB": 1.0, "KNN": 1.0, "KM": 1.0, "LR": 1.0, "LRR": 1.0, "LRL": 1.0, "LRE": 1.0, "LOG_R": 1.0, "RF": 1.0, "SVM": 1.0, "DNN": 1.0}, "0 + 1 + 4": {"AB": 1.0, "AC": 0.6142606662770309, "DS": 0.3333333333333333, "DT": 1.0, "GM": 1.0, "GN": 1.0, "GB": 1.0, "KNN": 1.0, "KM": 1.0, "LR": 0.9883720930232559, "LRR": 0.9883720930232559, "LRL": 1.0, "LRE": 0.9883720930232559, "LOG_R": 1.0, "RF": 1.0, "SVM": 1.0, "DNN": 1.0}, "0 + 2 + 3": {"AB": 1.0, "AC": 0.3069306930693069, "DS": 0.3333333333333333, "DT": 1.0, "GM": 0.0, "GN": 1.0, "GB": 1.0, "KNN": 1.0, "KM": 1.0, "LR": 1.0, "LRR": 1.0, "LRL": 1.0, "LRE": 1.0, "LOG_R": 1.0, "RF": 1.0, "SVM": 1.0, "DNN": 1.0}, "0 + 2 + 4": {"AB": 1.0, "AC": 0.3819397993311037, "DS": 0.3333333333333333, "DT": 1.0, "GM": 1.0, "GN": 1.0, "GB": 1.0, "KNN": 1.0, "KM": 0.0, "LR": 0.9883720930232559, "LRR": 0.9883720930232559, "LRL": 0.9883720930232559, "LRE": 0.9883720930232559, "LOG_R": 1.0, "RF": 1.0, "SVM": 1.0, "DNN": 1.0}, "0 + 3 + 4": {"AB": 1.0, "AC": 0.42708333333333337, "DS": 0.3333333333333333, "DT": 1.0, "GM": 1.0, "GN": 1.0, "GB": 1.0, "KNN": 1.0, "KM": 0.0, "LR": 1.0, "LRR": 1.0, "LRL": 1.0, "LRE": 1.0, "LOG_R": 1.0, "RF": 1.0, "SVM": 1.0, "DNN": 1.0}, "1 + 2 + 3": {"AB": 1.0, "AC": 0.3203883495145631, "DS": 0.3333333333333333, "DT": 1.0, "GM": 1.0, "GN": 1.0, "GB": 1.0, "KNN": 1.0, "KM": 0.0, "LR": 0.9927536231884058, "LRR": 0.9927536231884058, "LRL": 0.9927536231884058, "LRE": 0.9927536231884058, "LOG_R": 1.0, "RF": 1.0, "SVM": 1.0, "DNN": 1.0}, "1 + 2 + 4": {"AB": 1.0, "AC": 0.3819397993311037, "DS": 0.3333333333333333, "DT": 1.0, "GM": 0.0, "GN": 1.0, "GB": 1.0, "KNN": 1.0, "KM": 0.0, "LR": 1.0, "LRR": 1.0, "LRL": 1.0, "LRE": 1.0, "LOG_R": 1.0, "RF": 1.0, "SVM": 1.0, "DNN": 1.0}, "1 + 3 + 4": {"AB": 1.0, "AC": 0.3015873015873016, "DS": 0.3333333333333333, "DT": 1.0, "GM": 0.9772609819121446, "GN": 1.0, "GB": 1.0, "KNN": 1.0, "KM": 1.0, "LR": 0.9772609819121446, "LRR": 0.9772609819121446, "LRL": 0.9772609819121446, "LRE": 0.9772609819121446, "LOG_R": 1.0, "RF": 1.0, "SVM": 1.0, "DNN": 1.0}, "2 + 3 + 4": {"AB": 1.0, "AC": 0.0, "DS": 0.3333333333333333, "DT": 1.0, "GM": 1.0, "GN": 1.0, "GB": 1.0, "KNN": 1.0, "KM": 1.0, "LR": 1.0, "LRR": 1.0, "LRL": 1.0, "LRE": 1.0, "LOG_R": 1.0, "RF": 1.0, "SVM": 1.0, "DNN": 1.0}, "0 + 1 + 2 + 3": {"AB": 1.0, "AC": 0.3938598792967724, "DS": 0.3333333333333333, "DT": 1.0, "GM": 0.0, "GN": 1.0, "GB": 1.0, "KNN": 1.0, "KM": 1.0, "LR": 0.9927536231884058, "LRR": 0.9927536231884058, "LRL": 0.9927536231884058, "LRE": 0.9927536231884058, "LOG_R": 1.0, "RF": 1.0, "SVM": 1.0, "DNN": 1.0}, "0 + 1 + 2 + 4": {"AB": 1.0, "AC": 0.580952380952381, "DS": 0.3333333333333333, "DT": 1.0, "GM": 0.0, "GN": 1.0, "GB": 1.0, "KNN": 1.0, "KM": 1.0, "LR": 1.0, "LRR": 1.0, "LRL": 1.0, "LRE": 1.0, "LOG_R": 1.0, "RF": 1.0, "SVM": 1.0, "DNN": 1.0}, "0 + 1 + 3 + 4": {"AB": 1.0, "AC": 0.3819397993311037, "DS": 0.3333333333333333, "DT": 1.0, "GM": 0.0, "GN": 1.0, "GB": 1.0, "KNN": 1.0, "KM": 0.0, "LR": 1.0,