{"0": {"AB": 0.911976911976912, "AC": 0.27596554598499584, "DS": 0.06666666666666667, "DT": 0.911976911976912, "GM": 0.17174825174825173, "GN": 0.8862745098039215, "GB": 0.9077644606565919, "KNN": 0.8475123263110712, "KM": 0.5193838254172015, "LR": 0.7816711590296497, "LRR": 0.7816711590296497, "LRL": 0.7816711590296497, "LRE": 0.7816711590296497, "LOG_R": 0.7816711590296497, "RF": 0.9077644606565919, "SVM": 0.7816711590296497, "DNN": 0.8384615384615385}, "1": {"AB": 0.9674948240165632, "AC": 0.42201537464110406, "DS": 0.07716894977168949, "DT": 0.9835523695738749, "GM": 0.679874213836478, "GN": 0.8506666666666666, "GB": 0.9333333333333335, "KNN": 0.9059659090909091, "KM": 0.508994708994709, "LR": 0.7892628205128206, "LRR": 0.7892628205128206, "LRL": 0.7892628205128206, "LRE": 0.7892628205128206, "LOG_R": 0.7761469636398247, "RF": 0.9333333333333335, "SVM": 0.7761469636398247, "DNN": 0.8028322440087146}, "2": {"AB": 1.0, "AC": 0.5076167076167076, "DS": 0.3434830230010953, "DT": 1.0, "GM": 0.3232815964523281, "GN": 0.5189102564102565, "GB": 1.0, "KNN": 0.8906920665541355, "KM": 0.4338842975206611, "LR": 0.6006878924615822, "LRR": 0.6006878924615822, "LRL": 0.6006878924615822, "LRE": 0.6006878924615822, "LOG_R": 0.6641189796119373, "RF": 0.9081784725812828, "SVM": 0.6225895316804407, "DNN": 0.534984520123839}, "3": {"AB": 1.0, "AC": 0.7702564102564102, "DS": 0.3333333333333333, "DT": 0.9687194525904204, "GM": 0.3333333333333333, "GN": 1.0, "GB": 1.0, "KNN": 1.0, "KM": 1.0, "LR": 0.9515151515151515, "LRR": 0.9515151515151515, "LRL": 0.9515151515151515, "LRE": 0.9515151515151515, "LOG_R": 1.0, "RF": 0.9687194525904204, "SVM": 1.0, "DNN": 1.0}, "4": {"AB": 0.9487179487179487, "AC": 0.6209935897435896, "DS": 0.7040293040293041, "DT": 0.9487179487179487, "GM": 0.6209935897435896, "GN": 0.8974358974358975, "GB": 0.9458562271062271, "KNN": 0.8834498834498834, "KM": 0.6209935897435896, "LR": 0.7040293040293041, "LRR": 0.7040293040293041, "LRL": 0.7040293040293041, "LRE": 0.7040293040293041, "LOG_R": 0.7040293040293041, "RF": 0.9487179487179487, "SVM": 0.7040293040293041, "DNN": 0.7253940089760985}, "0 + 1": {"AB": 1.0, "AC": 0.0639225181598063, "DS": 0.06875149200286466, "DT": 1.0, "GM": 0.8083593878558499, "GN": 0.8902109996540989, "GB": 0.9649139702105802, "KNN": 1.0, "KM": 0.05383848454636093, "LR": 0.827320020137607, "LRR": 0.827320020137607, "LRL": 0.7998670654702559, "LRE": 0.827320020137607, "LOG_R": 0.9105114700082374, "RF": 0.982771593685762, "SVM": 0.8902109996540989, "DNN": 0.9463068820049425}, "0 + 2": {"AB": 0.8907161803713527, "AC": 0.1971428571428571, "DS": 0.14479638009049772, "DT": 0.8660111818006555, "GM": 0.5538461538461538, "GN": 0.726790450928382, "GB": 0.8603581966650656, "KNN": 0.8461538461538461, "KM": 0.358695652173913, "LR": 0.6720467032967031, "LRR": 0.6720467032967031, "LRL": 0.6720467032967031, "LRE": 0.6720467032967031, "LOG_R": 0.7568238213399504, "RF": 0.8603581966650656, "SVM": 0.8660111818006555, "DNN": 0.8360742705570292}, "0 + 3": {"AB": 1.0, "AC": 0.3523809523809524, "DS": 0.2571428571428571, "DT": 1.0, "GM": 0.10144134282065316, "GN": 1.0, "GB": 1.0, "KNN": 0.9644239631336406, "KM": 0.10144134282065316, "LR": 0.9619047619047619, "LRR": 0.9619047619047619, "LRL": 0.9815668202764977, "LRE": 0.9619047619047619, "LOG_R": 1.0, "RF": 1.0, "SVM": 1.0, "DNN": 1.0}, "0 + 4": {"AB": 0.7934065934065935, "AC": 0.37241379310344835, "DS": 0.4499999999999999, "DT": 0.7809523809523808, "GM": 0.3, "GN": 0.8967032967032967, "GB": 0.7809523809523808, "KNN": 0.841025641025641, "KM": 0.7468671679197995, "LR": 0.8020202020202021, "LRR": 0.8020202020202021, "LRL": 0.8020202020202021, "LRE": 0.8020202020202021, "LOG_R": 0.8020202020202021, "RF": 0.9, "SVM": 0.8020202020202021, "DNN": 0.8020202020202021}, "1 + 2": {"AB": 0.9508241758241758, "AC": 0.558466819221968, "DS": 0.15943396226415096, "DT": 0.9508241758241758, "GM": 0.15943396226415096, "GN": 0.8524725274725273, "GB": 0.9241818181818182, "KNN": 0.8761355695317959, "KM": 0.34006085192697766, "LR": 0.7662471395881008, "LRR": 0.7662471395881008, "LRL": 0.7952380952380953, "LRE": 0.7662471395881008, "LOG_R": 0.8181922196796337, "RF": 0.9241818181818182, "SVM": 0.8, "DNN": 0.8464285714285715}, "1 + 3": {"AB": 1.0, "AC": 0.34918122000692625, "DS": 0.277504105090312, "DT": 1.0, "GM": 0.34918122000692625, "GN": 1.0, "GB": 1.0, "KNN": 1.0, "KM": 0.07119021134593995, "LR": 0.9632183908045977, "LRR": 0.9429250891795482, "LRL": 0.9632183908045977, "LRE": 0.9429250891795482, "LOG_R": 1.0, "RF": 1.0, "SVM": 1.0, "DNN": 1.0}, "1 + 4": {"AB": 0.8095238095238095, "AC": 0.292436974789916, "DS": 0.4733893557422969, "DT": 0.9516754850088185, "GM": 0.6666666666666667, "GN": 0.6698039215686273, "GB": 0.9516754850088185, "KNN": 0.9047619047619048, "KM": 0.3333333333333333, "LR": 0.7641456582633053, "LRR": 0.7641456582633053, "LRL": 0.7641456582633053, "LRE": 0.7641456582633053, "LOG_R": 0.8095238095238095, "RF": 1.0, "SVM": 0.8584873949579832, "DNN": 0.8121693121693121}, "2 + 3": {"AB": 1.0, "AC": 0.3043478260869565, "DS": 0.3333333333333333, "DT": 1.0, "GM": 0.3333333333333333, "GN": 1.0, "GB": 1.0, "KNN": 1.0, "KM": 0.0, "LR": 0.9515151515151515, "LRR": 0.9515151515151515, "LRL": 0.9515151515151515, "LRE": 0.9515151515151515, "LOG_R": 1.0, "RF": 1.0, "SVM": 1.0, "DNN": 1.0}, "2 + 4": {"AB": 0.9715399610136453, "AC": 0.5900383141762452, "DS": 0.6805555555555557, "DT": 0.9715399610136453, "GM": 0.5900383141762452, "GN": 0.8395061728395061, "GB": 1.0, "KNN": 0.9414340448823206, "KM": 0.5900383141762452, "LR": 0.811111111111111, "LRR": 0.811111111111111, "LRL": 0.811111111111111, "LRE": 0.811111111111111, "LOG_R": 0.8828680897646415, "RF": 0.9715399610136453, "SVM": 0.8828680897646415, "DNN": 0.788063160944517}, "3 + 4": {"AB": 1.0, "AC": 0.3333333333333333, "DS": 0.5333333333333333, "DT": 1.0, "GM": 0.6666666666666666, "GN": 1.0, "GB": 1.0, "KNN": 1.0, "KM": 0.6666666666666666, "LR": 0.9777777777777779, "LRR": 0.9777777777777779, "LRL": 0.9777777777777779, "LRE": 0.9777777777777779, "LOG_R": 1.0, "RF": 1.0, "SVM": 1.0, "DNN": 1.0}, "0 + 1 + 2": {"AB": 0.9746298984034834, "AC": 0.13538461538461538, "DS": 0.14479638009049772, "DT": 0.9473026973026972, "GM": 0.13538461538461538, "GN": 0.850989010989011, "GB": 0.9473026973026972, "KNN": 0.8461538461538461, "KM": 0.606456043956044, "LR": 0.8224092888243831, "LRR": 0.8224092888243831, "LRL": 0.7948717948717948, "LRE": 0.8224092888243831, "LOG_R": 0.8751466398525222, "RF": 0.8461538461538461, "SVM": 0.8491124260355029, "DNN": 0.7948717948717948}, "0 + 1 + 3": {"AB": 1.0, "AC": 0.24175824175824176, "DS": 0.2571428571428571, "DT": 1.0, "GM": 0.24175824175824176, "GN": 1.0, "GB": 1.0, "KNN": 1.0, "KM": 0.24175824175824176, "LR": 0.9815668202764977, "LRR": 0.9815668202764977, "LRL": 0.9815668202764977, "LRE": 0.9815668202764977, "LOG_R": 1.0, "RF": 1.0, "SVM": 1.0, "DNN": 1.0}, "0 + 1 + 4": {"AB": 1.0, "AC": 0.851150895140665, "DS": 0.4499999999999999, "DT": 0.9493333333333334, "GM": 0.27692307692307694, "GN": 0.8, "GB": 1.0, "KNN": 0.851150895140665, "KM": 0.27692307692307694, "LR": 0.7966386554621849, "LRR": 0.7966386554621849, "LRL": 0.7466666666666667, "LRE": 0.7966386554621849, "LOG_R": 0.9503836317135551, "RF": 1.0, "SVM": 0.901010101010101, "DNN": 0.7468671679197995}, "0 + 2 + 3": {"AB": 1.0, "AC": 0.20849420849420852, "DS": 0.2571428571428571, "DT": 1.0, "GM": 0.380952380952381, "GN": 1.0, "GB": 1.0, "KNN": 1.0, "KM": 0.7209653092006033, "LR": 0.9815668202764977, "LRR": 0.9815668202764977, "LRL": 0.9815668202764977, "LRE": 0.9815668202764977, "LOG_R": 1.0, "RF": 1.0, "SVM": 1.0, "DNN": 1.0}, "0 + 2 + 4": {"AB": 0.9, "AC": 0.45833333333333337, "DS": 0.4499999999999999, "DT": 0.8020202020202021, "GM": 0.37241379310344835, "GN": 0.8020202020202021, "GB": 0.8511278195488721, "KNN": 0.841025641025641, "KM": 0.24000000000000005, "LR": 0.6726315789473685, "LRR": 0.6726315789473685, "LRL": 0.6726315789473685, "LRE": 0.6726315789473685, "LOG_R": 0.7,