{"0": {"AB": 1.0, "AC": 1.0, "DS": 0.3333333333333333, "DT": 1.0, "GM": 0.3333333333333333, "GN": 1.0, "GB": 1.0, "KNN": 1.0, "KM": 1.0, "LR": 1.0, "LRR": 1.0, "LRL": 1.0, "LRE": 1.0, "LOG_R": 1.0, "RF": 1.0, "SVM": 1.0, "DNN": 1.0}, "1": {"AB": 1.0, "AC": 0.3, "DS": 0.3333333333333333, "DT": 1.0, "GM": 0.2631578947368421, "GN": 1.0, "GB": 1.0, "KNN": 1.0, "KM": 0.0, "LR": 1.0, "LRR": 1.0, "LRL": 1.0, "LRE": 1.0, "LOG_R": 1.0, "RF": 1.0, "SVM": 1.0, "DNN": 1.0}, "2": {"AB": 1.0, "AC": 1.0, "DS": 0.8526315789473685, "DT": 1.0, "GM": 0.0, "GN": 1.0, "GB": 1.0, "KNN": 0.8526315789473685, "KM": 0.0, "LR": 1.0, "LRR": 1.0, "LRL": 1.0, "LRE": 1.0, "LOG_R": 1.0, "RF": 1.0, "SVM": 1.0, "DNN": 1.0}, "3": {"AB": -1.0, "AC": -1.0, "DS": -1.0, "DT": -1.0, "GM": -1.0, "GN": -1.0, "GB": -1.0, "KNN": -1.0, "KM": -1.0, "LR": -1.0, "LRR": -1.0, "LRL": -1.0, "LRE": -1.0, "LOG_R": -1.0, "RF": -1.0, "SVM": -1.0, "DNN": -1.0}, "4": {"AB": -1.0, "AC": -1.0, "DS": -1.0, "DT": -1.0, "GM": -1.0, "GN": -1.0, "GB": -1.0, "KNN": -1.0, "KM": -1.0, "LR": -1.0, "LRR": -1.0, "LRL": -1.0, "LRE": -1.0, "LOG_R": -1.0, "RF": -1.0, "SVM": -1.0, "DNN": -1.0}, "0 + 1": {"AB": 1.0, "AC": 0.23076923076923075, "DS": 0.3333333333333333, "DT": 1.0, "GM": 0.23076923076923075, "GN": 1.0, "GB": 1.0, "KNN": 1.0, "KM": 0.6703296703296704, "LR": 0.9444444444444444, "LRR": 0.875, "LRL": 1.0, "LRE": 0.9444444444444444, "LOG_R": 1.0, "RF": 1.0, "SVM": 1.0, "DNN": 1.0}, "0 + 2": {"AB": 1.0, "AC": 1.0, "DS": 0.7575757575757575, "DT": 1.0, "GM": 0.0, "GN": 0.7575757575757575, "GB": 0.7575757575757575, "KNN": 1.0, "KM": 1.0, "LR": 1.0, "LRR": 1.0, "LRL": 1.0, "LRE": 0.8333333333333334, "LOG_R": 1.0, "RF": 1.0, "SVM": 1.0, "DNN": 0.7575757575757575}, "0 + 3": {"AB": -1.0, "AC": -1.0, "DS": -1.0, "DT": -1.0, "GM": -1.0, "GN": -1.0, "GB": -1.0, "KNN": -1.0, "KM": -1.0, "LR": -1.0, "LRR": -1.0, "LRL": -1.0, "LRE": -1.0, "LOG_R": -1.0, "RF": -1.0, "SVM": -1.0, "DNN": -1.0}, "0 + 4": {"AB": -1.0, "AC": -1.0, "DS": -1.0, "DT": -1.0, "GM": -1.0, "GN": -1.0, "GB": -1.0, "KNN": -1.0, "KM": -1.0, "LR": -1.0, "LRR": -1.0, "LRL": -1.0, "LRE": -1.0, "LOG_R": -1.0, "RF": -1.0, "SVM": -1.0, "DNN": -1.0}, "1 + 2": {"AB": 1.0, "AC": 1.0, "DS": 0.8166666666666667, "DT": 1.0, "GM": 1.0, "GN": 1.0, "GB": 1.0, "KNN": 1.0, "KM": 1.0, "LR": 1.0, "LRR": 1.0, "LRL": 1.0, "LRE": 1.0, "LOG_R": 1.0, "RF": 1.0, "SVM": 1.0, "DNN": 1.0}, "1 + 3": {"AB": -1.0, "AC": -1.0, "DS": -1.0, "DT": -1.0, "GM": -1.0, "GN": -1.0, "GB": -1.0, "KNN": -1.0, "KM": -1.0, "LR": -1.0, "LRR": -1.0, "LRL": -1.0, "LRE": -1.0, "LOG_R": -1.0, "RF": -1.0, "SVM": -1.0, "DNN": -1.0}, "1 + 4": {"AB": -1.0, "AC": -1.0, "DS": -1.0, "DT": -1.0, "GM": -1.0, "GN": -1.0, "GB": -1.0, "KNN": -1.0, "KM": -1.0, "LR": -1.0, "LRR": -1.0, "LRL": -1.0, "LRE": -1.0, "LOG_R": -1.0, "RF": -1.0, "SVM": -1.0, "DNN": -1.0}, "2 + 3": {"AB": -1.0, "AC": -1.0, "DS": -1.0, "DT": -1.0, "GM": -1.0, "GN": -1.0, "GB": -1.0, "KNN": -1.0, "KM": -1.0, "LR": -1.0, "LRR": -1.0, "LRL": -1.0, "LRE": -1.0, "LOG_R": -1.0, "RF": -1.0, "SVM": -1.0, "DNN": -1.0}, "2 + 4": {"AB": -1.0, "AC": -1.0, "DS": -1.0, "DT": -1.0, "GM": -1.0, "GN": -1.0, "GB": -1.0, "KNN": -1.0, "KM": -1.0, "LR": -1.0, "LRR": -1.0, "LRL": -1.0, "LRE": -1.0, "LOG_R": -1.0, "RF": -1.0, "SVM": -1.0, "DNN": -1.0}, "3 + 4": {"AB": -1.0, "AC": -1.0, "DS": -1.0, "DT": -1.0, "GM": -1.0, "GN": -1.0, "GB": -1.0, "KNN": -1.0, "KM": -1.0, "LR": -1.0, "LRR": -1.0, "LRL": -1.0, "LRE": -1.0, "LOG_R": -1.0, "RF": -1.0, "SVM": -1.0, "DNN": -1.0}, "0 + 1 + 2": {"AB": 1.0, "AC": 1.0, "DS": 0.7575757575757575, "DT": 1.0, "GM": 1.0, "GN": 1.0, "GB": 1.0, "KNN": 1.0, "KM": 0.0, "LR": 1.0, "LRR": 0.8333333333333334, "LRL": 0.8333333333333334, "LRE": 1.0, "LOG_R": 1.0, "RF": 1.0, "SVM": 1.0, "DNN": 1.0}, "0 + 1 + 3": {"AB": -1.0, "AC": -1.0, "DS": -1.0, "DT": -1.0, "GM": -1.0, "GN": -1.0, "GB": -1.0, "KNN": -1.0, "KM": -1.0, "LR": -1.0, "LRR": -1.0, "LRL": -1.0, "LRE": -1.0, "LOG_R": -1.0, "RF": -1.0, "SVM": -1.0, "DNN": -1.0}, "0 + 1 + 4": {"AB": -1.0, "AC": -1.0, "DS": -1.0, "DT": -1.0, "GM": -1.0, "GN": -1.0, "GB": -1.0, "KNN": -1.0, "KM": -1.0, "LR": -1.0, "LRR": -1.0, "LRL": -1.0, "LRE": -1.0, "LOG_R": -1.0, "RF": -1.0, "SVM": -1.0, "DNN": -1.0}, "0 + 2 + 3": {"AB": -1.0, "AC": -1.0, "DS": -1.0, "DT": -1.0, "GM": -1.0, "GN": -1.0, "GB": -1.0, "KNN": -1.0, "KM": -1.0, "LR": -1.0, "LRR": -1.0, "LRL": -1.0, "LRE": -1.0, "LOG_R": -1.0, "RF": -1.0, "SVM": -1.0, "DNN": -1.0}, "0 + 2 + 4": {"AB": -1.0, "AC": -1.0, "DS": -1.0, "DT": -1.0, "GM": -1.0, "GN": -1.0, "GB": -1.0, "KNN": -1.0, "KM": -1.0, "LR": -1.0, "LRR": -1.0, "LRL": -1.0, "LRE": -1.0, "LOG_R": -1.0, "RF": -1.0, "SVM": -1.0, "DNN": -1.0}, "0 + 3 + 4": {"AB": -1.0, "AC": -1.0, "DS": -1.0, "DT": -1.0, "GM": -1.0, "GN": -1.0, "GB": -1.0, "KNN": -1.0, "KM": -1.0, "LR": -1.0, "LRR": -1.0, "LRL": -1.0, "LRE": -1.0, "LOG_R": -1.0, "RF": -1.0, "SVM": -1.0, "DNN": -1.0}, "1 + 2 + 3": {"AB": -1.0, "AC": -1.0, "DS": -1.0, "DT": -1.0, "GM": -1.0, "GN": -1.0, "GB": -1.0, "KNN": -1.0, "KM": -1.0, "LR": -1.0, "LRR": -1.0, "LRL": -1.0, "LRE": -1.0, "LOG_R": -1.0, "RF": -1.0, "SVM": -1.0, "DNN": -1.0}, "1 + 2 + 4": {"AB": -1.0, "AC": -1.0, "DS": -1.0, "DT": -1.0, "GM": -1.0, "GN": -1.0, "GB": -1.0, "KNN": -1.0, "KM": -1.0, "LR": -1.0, "LRR": -1.0, "LRL": -1.0, "LRE": -1.0, "LOG_R": -1.0, "RF": -1.0, "SVM": -1.0, "DNN": -1.0}, "1 + 3 + 4": {"AB": -1.0, "AC": -1.0, "DS": -1.0, "DT": -1.0, "GM": -1.0, "GN": -1.0, "GB": -1.0, "KNN": -1.0, "KM": -1.0, "LR": -1.0, "LRR": -1.0, "LRL": -1.0, "LRE": -1.0, "LOG_R": -1.0, "RF": -1.0, "SVM": -1.0, "DNN": -1.0}, "2 + 3 + 4": {"AB": -1.0, "AC": -1.0, "DS": -1.0, "DT": -1.0, "GM": -1.0, "GN": -1.0, "GB": -1.0, "KNN": -1.0, "KM": -1.0, "LR": -1.0, "LRR": -1.0, "LRL": -1.0, "LRE": -1.0, "LOG_R": -1.0, "RF": -1.0, "SVM": -1.0, "DNN": -1.0}, "0 + 1 + 2 + 3": {"AB": -1.0, "AC": -1.0, "DS": -1.0, "DT": -1.0, "GM": -1.0, "GN": -1.0, "GB": -1.0, "KNN": -1.0, "KM": -1.0, "LR": -1.0, "LRR": -1.0, "LRL": -1.0, "LRE": -1.0, "LOG_R": -1.0, "RF": -1.0, "SVM": -1.0, "DNN": -1.0}, "0 + 1 + 2 + 4": {"AB": -1.0, "AC": -1.0, "DS": -1.0, "DT": -1.0, "GM": -1.0, "GN": -1.0, "GB": -1.0, "KNN": -1.0, "KM": -1.0, "LR": -1.0, "LRR": -1.0, "LRL": -1.0, "LRE": -1.0, "LOG_R": -1.0, "RF": -1.0, "SVM": -1.0, "DNN": -1.0}, "0 + 1 + 3 + 4": {"AB": -1.0, "AC": -1.0, "DS": -1.0, "DT": -1.0, "GM": -1.0, "GN": -1.0, "GB": -1.0, "KNN": -1.0, "KM": -1.0, "LR": -1.0, "LRR": -1.0, "LRL": -1.0, "LRE": -1.0, "LOG_R": -1.0, "RF": -1.0, "SVM": -1.0, "DNN": -1.0}, "0 + 2 + 3 + 4": {"AB": -1.0, "AC": -1.0, "DS": -1.0, "DT": -1.0, "GM": -1.0, "GN": -1.0, "GB": -1.0, "KNN": -1.0, "KM": -1.0, "LR": -1.0, "LRR": -1.0, "LRL": -1.0, "LRE": -1.0, "LOG_R": -1.0, "RF": -1.0, "SVM": -1.0, "DNN": -1.0}, "1 + 2 + 3 + 4": {"AB": -1.0, "AC": -1.0, "DS": -1.0, "DT": -1.0, "GM": -1.0, "GN": -1.0, "GB": -1.0, "KNN": -1.0, "KM": -1.0, "LR": -1.0, "LRR": -1.0, "LRL": -1.0, "LRE": -1.0, "LOG_R": -1.0, "RF": -1.0, "SVM": -1.0, "DNN": -1.0}, "0 + 1 + 2 + 3 + 4": {"AB": -1.0, "AC": -1.0, "DS": -1.0, "DT": -1.0, "GM": -1.0, "GN": -1.0, "GB": -1.0, "KNN": -1.0, "KM": -1.0, "LR": -1.0, "LRR": -1.0, "LRL": -1.0, "LRE": -1.0, "LOG_R": -1.0, "RF": -1.0, "SVM": -1.0, "DNN": -1.0}}