{"0": {"AB": 1.0, "AC": 0.8181818181818182, "DS": 0.8658008658008658, "DT": 1.0, "GM": 0.8181818181818182, "GN": 0.8658008658008658, "GB": 1.0, "KNN": 1.0, "KM": 0.8181818181818182, "LR": 0.8658008658008658, "LRR": 0.8658008658008658, "LRL": 0.8658008658008658, "LRE": 0.8658008658008658, "LOG_R": 0.8658008658008658, "RF": 0.8658008658008658, "SVM": 0.8658008658008658, "DNN": 0.8658008658008658}, "1": {"AB": 1.0, "AC": 0.17777777777777778, "DS": 0.8366013071895425, "DT": 0.9037037037037037, "GM": 0.8366013071895425, "GN": 1.0, "GB": 1.0, "KNN": 0.8366013071895425, "KM": 0.17777777777777778, "LR": 0.7777777777777778, "LRR": 0.8366013071895425, "LRL": 0.8366013071895425, "LRE": 0.7777777777777778, "LOG_R": 0.8366013071895425, "RF": 1.0, "SVM": 0.8366013071895425, "DNN": 0.8366013071895425}, "2": {"AB": 1.0, "AC": 0.0, "DS": 0.0, "DT": 1.0, "GM": 1.0, "GN": 1.0, "GB": 1.0, "KNN": 1.0, "KM": 0.0, "LR": 1.0, "LRR": 1.0, "LRL": 1.0, "LRE": 1.0, "LOG_R": 1.0, "RF": 1.0, "SVM": 1.0, "DNN": 0.3333333333333333}, "3": {"AB": 1.0, "AC": 1.0, "DS": 0.0, "DT": 1.0, "GM": 0.0, "GN": 1.0, "GB": 1.0, "KNN": 1.0, "KM": 1.0, "LR": 1.0, "LRR": 1.0, "LRL": 1.0, "LRE": 1.0, "LOG_R": 1.0, "RF": 1.0, "SVM": 1.0, "DNN": 1.0}, "4": {"AB": 1.0, "AC": 1.0, "DS": 0.0, "DT": 0.3333333333333333, "GM": 0.0, "GN": 0.3333333333333333, "GB": 0.3333333333333333, "KNN": 0.3333333333333333, "KM": 1.0, "LR": 0.3333333333333333, "LRR": 0.3333333333333333, "LRL": 0.3333333333333333, "LRE": 0.3333333333333333, "LOG_R": 0.3333333333333333, "RF": 0.3333333333333333, "SVM": 0.3333333333333333, "DNN": 1.0}, "0 + 1": {"AB": 1.0, "AC": 0.7777777777777778, "DS": 0.8366013071895425, "DT": 0.8366013071895425, "GM": 0.2222222222222222, "GN": 0.8366013071895425, "GB": 0.8366013071895425, "KNN": 0.8366013071895425, "KM": 0.2222222222222222, "LR": 0.9407407407407408, "LRR": 0.9407407407407408, "LRL": 0.9407407407407408, "LRE": 0.9407407407407408, "LOG_R": 0.8366013071895425, "RF": 0.8366013071895425, "SVM": 1.0, "DNN": 0.8366013071895425}, "0 + 2": {"AB": 1.0, "AC": 0.0, "DS": 0.0, "DT": 1.0, "GM": 1.0, "GN": 1.0, "GB": 1.0, "KNN": 1.0, "KM": 0.0, "LR": 0.5, "LRR": 0.5, "LRL": 0.5, "LRE": 0.5, "LOG_R": 1.0, "RF": 1.0, "SVM": 1.0, "DNN": 1.0}, "0 + 3": {"AB": 1.0, "AC": 0.0, "DS": 0.0, "DT": 1.0, "GM": 1.0, "GN": 1.0, "GB": 1.0, "KNN": 1.0, "KM": 0.0, "LR": 1.0, "LRR": 1.0, "LRL": 1.0, "LRE": 1.0, "LOG_R": 1.0, "RF": 1.0, "SVM": 1.0, "DNN": 1.0}, "0 + 4": {"AB": 0.3333333333333333, "AC": 1.0, "DS": 0.0, "DT": 0.3333333333333333, "GM": 0.0, "GN": 0.3333333333333333, "GB": 0.3333333333333333, "KNN": 0.3333333333333333, "KM": 1.0, "LR": 0.0, "LRR": 0.0, "LRL": 0.0, "LRE": 0.0, "LOG_R": 0.3333333333333333, "RF": 0.3333333333333333, "SVM": 0.3333333333333333, "DNN": 0.3333333333333333}, "1 + 2": {"AB": 0.0, "AC": 1.0, "DS": 0.0, "DT": 0.3333333333333333, "GM": 0.0, "GN": 1.0, "GB": 0.3333333333333333, "KNN": 1.0, "KM": 1.0, "LR": 0.5, "LRR": 0.5, "LRL": 0.5, "LRE": 0.5, "LOG_R": 1.0, "RF": 1.0, "SVM": 1.0, "DNN": 0.0}, "1 + 3": {"AB": 0.3333333333333333, "AC": 0.0, "DS": 0.0, "DT": 0.3333333333333333, "GM": 1.0, "GN": 1.0, "GB": 1.0, "KNN": 1.0, "KM": 0.0, "LR": 1.0, "LRR": 1.0, "LRL": 1.0, "LRE": 1.0, "LOG_R": 0.3333333333333333, "RF": 1.0, "SVM": 1.0, "DNN": 1.0}, "1 + 4": {"AB": 0.3333333333333333, "AC": 1.0, "DS": 0.0, "DT": 1.0, "GM": 0.0, "GN": 1.0, "GB": 1.0, "KNN": 0.3333333333333333, "KM": 1.0, "LR": 0.0, "LRR": 0.0, "LRL": 0.0, "LRE": 0.0, "LOG_R": 1.0, "RF": 0.3333333333333333, "SVM": 1.0, "DNN": 0.3333333333333333}, "2 + 3": {"AB": 1.0, "AC": 0.0, "DS": 0.0, "DT": 1.0, "GM": 1.0, "GN": 1.0, "GB": 1.0, "KNN": 1.0, "KM": 0.0, "LR": 1.0, "LRR": 1.0, "LRL": 1.0, "LRE": 1.0, "LOG_R": 1.0, "RF": 1.0, "SVM": 1.0, "DNN": 1.0}, "2 + 4": {"AB": 1.0, "AC": 1.0, "DS": 0.0, "DT": 0.3333333333333333, "GM": 0.0, "GN": 0.3333333333333333, "GB": 0.3333333333333333, "KNN": 0.3333333333333333, "KM": 1.0, "LR": 0.3333333333333333, "LRR": 0.3333333333333333, "LRL": 0.3333333333333333, "LRE": 0.3333333333333333, "LOG_R": 0.3333333333333333, "RF": 0.3333333333333333, "SVM": 0.3333333333333333, "DNN": 0.3333333333333333}, "3 + 4": {"AB": 1.0, "AC": 0.0, "DS": 0.0, "DT": 1.0, "GM": 1.0, "GN": 1.0, "GB": 1.0, "KNN": 0.3333333333333333, "KM": 0.0, "LR": 1.0, "LRR": 1.0, "LRL": 1.0, "LRE": 1.0, "LOG_R": 1.0, "RF": 1.0, "SVM": 1.0, "DNN": 0.3333333333333333}, "0 + 1 + 2": {"AB": 0.3333333333333333, "AC": 1.0, "DS": 0.0, "DT": 0.3333333333333333, "GM": 0.0, "GN": 1.0, "GB": 1.0, "KNN": 1.0, "KM": 1.0, "LR": 1.0, "LRR": 1.0, "LRL": 1.0, "LRE": 1.0, "LOG_R": 1.0, "RF": 1.0, "SVM": 1.0, "DNN": 0.3333333333333333}, "0 + 1 + 3": {"AB": 0.3333333333333333, "AC": 1.0, "DS": 0.0, "DT": 1.0, "GM": 0.0, "GN": 1.0, "GB": 1.0, "KNN": 1.0, "KM": 1.0, "LR": 1.0, "LRR": 1.0, "LRL": 1.0, "LRE": 1.0, "LOG_R": 1.0, "RF": 1.0, "SVM": 1.0, "DNN": 1.0}, "0 + 1 + 4": {"AB": 0.3333333333333333, "AC": 1.0, "DS": 0.0, "DT": 0.3333333333333333, "GM": 0.0, "GN": 0.3333333333333333, "GB": 1.0, "KNN": 0.3333333333333333, "KM": 1.0, "LR": 0.0, "LRR": 0.0, "LRL": 0.0, "LRE": 0.0, "LOG_R": 0.3333333333333333, "RF": 0.3333333333333333, "SVM": 0.3333333333333333, "DNN": 1.0}, "0 + 2 + 3": {"AB": 0.3333333333333333, "AC": 1.0, "DS": 0.0, "DT": 1.0, "GM": 0.0, "GN": 1.0, "GB": 1.0, "KNN": 1.0, "KM": 1.0, "LR": 0.5, "LRR": 0.5, "LRL": 0.5, "LRE": 0.5, "LOG_R": 1.0, "RF": 1.0, "SVM": 1.0, "DNN": 0.3333333333333333}, "0 + 2 + 4": {"AB": 0.0, "AC": 1.0, "DS": 0.0, "DT": 1.0, "GM": 0.0, "GN": 0.0, "GB": 1.0, "KNN": 0.3333333333333333, "KM": 1.0, "LR": 0.0, "LRR": 0.0, "LRL": 0.0, "LRE": 0.0, "LOG_R": 0.0, "RF": 1.0, "SVM": 0.0, "DNN": 1.0}, "0 + 3 + 4": {"AB": 0.3333333333333333, "AC": 0.0, "DS": 0.0, "DT": 1.0, "GM": 1.0, "GN": 0.3333333333333333, "GB": 0.3333333333333333, "KNN": 0.3333333333333333, "KM": 0.0, "LR": 0.3333333333333333, "LRR": 0.3333333333333333, "LRL": 0.3333333333333333, "LRE": 0.3333333333333333, "LOG_R": 0.3333333333333333, "RF": 1.0, "SVM": 0.3333333333333333, "DNN": 1.0}, "1 + 2 + 3": {"AB": 1.0, "AC": 0.0, "DS": 0.0, "DT": 1.0, "GM": 1.0, "GN": 1.0, "GB": 1.0, "KNN": 1.0, "KM": 0.0, "LR": 1.0, "LRR": 1.0, "LRL": 1.0, "LRE": 1.0, "LOG_R": 1.0, "RF": 1.0, "SVM": 1.0, "DNN": 0.3333333333333333}, "1 + 2 + 4": {"AB": 0.0, "AC": 1.0, "DS": 0.0, "DT": 0.3333333333333333, "GM": 0.0, "GN": 1.0, "GB": 0.3333333333333333, "KNN": 0.3333333333333333, "KM": 1.0, "LR": 1.0, "LRR": 1.0, "LRL": 0.0, "LRE": 1.0, "LOG_R": 1.0, "RF": 0.3333333333333333, "SVM": 1.0, "DNN": 0.3333333333333333}, "1 + 3 + 4": {"AB": 0.0, "AC": 1.0, "DS": 0.0, "DT": 1.0, "GM": 0.0, "GN": 1.0, "GB": 1.0, "KNN": 0.3333333333333333, "KM": 1.0, "LR": 1.0, "LRR": 1.0, "LRL": 0.0, "LRE": 1.0, "LOG_R": 1.0, "RF": 1.0, "SVM": 1.0, "DNN": 0.3333333333333333}, "2 + 3 + 4": {"AB": 1.0, "AC": 0.0, "DS": 0.0, "DT": 1.0, "GM": 1.0, "GN": 1.0, "GB": 1.0, "KNN": 0.3333333333333333, "KM": 0.0, "LR": 1.0, "LRR": 1.0, "LRL": 1.0, "LRE": 1.0, "LOG_R": 1.0, "RF": 1.0, "SVM": 1.0, "DNN": 1.0}, "0 + 1 + 2 + 3": {"AB": 1.0, "AC": 0.0, "DS": 0.0, "DT": 1.0, "GM": 1.0, "GN": 1.0, "GB": 1.0, "KNN": 1.0, "KM": 0.0, "LR": 1.0, "LRR": 1.0, "LRL": 1.0, "LRE": 1.0, "LOG_R": 1.0, "RF": 1.0, "SVM": 1.0, "DNN": 0.3333333333333333}, "0 + 1 + 2 + 4": {"AB": 1.0, "AC": 0.0, "DS": 0.0, "DT": 0.0, "GM": 1.0, "GN": 0.0, "GB": 1.0, "KNN": 0.3333333333333333, "KM": 0.0, "LR": 0.0, "LRR": 0.0, "LRL": 0.0, "LRE": 0.3333333333333333, "LOG_R": 0.0, "RF": 1.0, "SVM": 0.0, "DNN": 0.3333333333333333}, "0 + 1 + 3 + 4": {"AB": 1.0, "AC": 1.0, "DS": 0.0, "DT": 0.3333333333333333, "GM": 0.0, "GN": 1.0, "GB": 1.0, "KNN": 0.3333333333333333, "KM": 1.0, "LR": 0.5, "LRR": 0.5, "LRL": 0.0, "LRE": 0.5, "LOG_R": 1.0, "RF": 1.0, "SVM": 1.0, "DNN": 0.3333333333333333}, "0 + 2 + 3 + 4": {"AB": 1.0, "AC": 1.0, "DS": 0.0, "DT": 0.0, "GM": 0.0, "GN": 1.0, "GB": 1.0, "KNN": 0.3333333333333333, "KM": 1.0, "LR": 1.0, "LRR": 1.0, "LRL": 0.0, "LRE": 1.0, "LOG_R": 1.0, "RF": 1.0, "SVM": 1.0, "DNN": 0.3333333333333333}, "1 + 2 + 3 + 4": {"AB": 1.0,