{"0": {"AB": 0.11523533299003723, "AC": 0.11523533299003723, "DS": 0.11523533299003723, "DT": 0.11523533299003723, "GM": 0.11523533299003723, "GN": 0.11523533299003723, "GB": 0.11523533299003723, "KNN": 0.11523533299003723, "KM": 0.11523533299003723, "LR": 0.11523533299003723, "LRR": 0.11523533299003723, "LRL": 0.11523533299003723, "LRE": 0.11523533299003723, "LOG_R": 0.11523533299003723, "RF": 0.11523533299003723, "SVM": 0.11523533299003723, "DNN": 0.11523533299003723}, "1": {"AB": 0.1282569094138255, "AC": 0.1282569094138255, "DS": 0.1282569094138255, "DT": 0.1282569094138255, "GM": 0.1282569094138255, "GN": 0.1282569094138255, "GB": 0.1282569094138255, "KNN": 0.1282569094138255, "KM": 0.1282569094138255, "LR": 0.1282569094138255, "LRR": 0.1282569094138255, "LRL": 0.1282569094138255, "LRE": 0.1282569094138255, "LOG_R": 0.1282569094138255, "RF": 0.1282569094138255, "SVM": 0.1282569094138255, "DNN": 0.1282569094138255}, "2": {"AB": 0.2136427384824789, "AC": 0.2136427384824789, "DS": 0.2136427384824789, "DT": 0.2136427384824789, "GM": 0.2136427384824789, "GN": 0.2136427384824789, "GB": 0.2136427384824789, "KNN": 0.2136427384824789, "KM": 0.2136427384824789, "LR": 0.2136427384824789, "LRR": 0.2136427384824789, "LRL": 0.2136427384824789, "LRE": 0.2136427384824789, "LOG_R": 0.2136427384824789, "RF": 0.2136427384824789, "SVM": 0.2136427384824789, "DNN": 0.2136427384824789}, "3": {"AB": -1.0, "AC": -1.0, "DS": -1.0, "DT": -1.0, "GM": -1.0, "GN": -1.0, "GB": -1.0, "KNN": -1.0, "KM": -1.0, "LR": -1.0, "LRR": -1.0, "LRL": -1.0, "LRE": -1.0, "LOG_R": -1.0, "RF": -1.0, "SVM": -1.0, "DNN": -1.0}, "4": {"AB": -1.0, "AC": -1.0, "DS": -1.0, "DT": -1.0, "GM": -1.0, "GN": -1.0, "GB": -1.0, "KNN": -1.0, "KM": -1.0, "LR": -1.0, "LRR": -1.0, "LRL": -1.0, "LRE": -1.0, "LOG_R": -1.0, "RF": -1.0, "SVM": -1.0, "DNN": -1.0}, "0 + 1": {"AB": 0.15798854100961768, "AC": 0.15798854100961768, "DS": 0.15798854100961768, "DT": 0.15798854100961768, "GM": 0.15798854100961768, "GN": 0.15798854100961768, "GB": 0.15798854100961768, "KNN": 0.15798854100961768, "KM": 0.15798854100961768, "LR": 0.15798854100961768, "LRR": 0.15798854100961768, "LRL": 0.15798854100961768, "LRE": 0.15798854100961768, "LOG_R": 0.15798854100961768, "RF": 0.15798854100961768, "SVM": 0.15798854100961768, "DNN": 0.15798854100961768}, "0 + 2": {"AB": 0.2016177310031454, "AC": 0.2016177310031454, "DS": 0.2016177310031454, "DT": 0.2016177310031454, "GM": 0.2016177310031454, "GN": 0.2016177310031454, "GB": 0.2016177310031454, "KNN": 0.2016177310031454, "KM": 0.2016177310031454, "LR": 0.2016177310031454, "LRR": 0.2016177310031454, "LRL": 0.2016177310031454, "LRE": 0.2016177310031454, "LOG_R": 0.2016177310031454, "RF": 0.2016177310031454, "SVM": 0.2016177310031454, "DNN": 0.2016177310031454}, "0 + 3": {"AB": -1.0, "AC": -1.0, "DS": -1.0, "DT": -1.0, "GM": -1.0, "GN": -1.0, "GB": -1.0, "KNN": -1.0, "KM": -1.0, "LR": -1.0, "LRR": -1.0, "LRL": -1.0, "LRE": -1.0, "LOG_R": -1.0, "RF": -1.0, "SVM": -1.0, "DNN": -1.0}, "0 + 4": {"AB": -1.0, "AC": -1.0, "DS": -1.0, "DT": -1.0, "GM": -1.0, "GN": -1.0, "GB": -1.0, "KNN": -1.0, "KM": -1.0, "LR": -1.0, "LRR": -1.0, "LRL": -1.0, "LRE": -1.0, "LOG_R": -1.0, "RF": -1.0, "SVM": -1.0, "DNN": -1.0}, "1 + 2": {"AB": 0.21507028006665985, "AC": 0.21507028006665985, "DS": 0.21507028006665985, "DT": 0.21507028006665985, "GM": 0.21507028006665985, "GN": 0.21507028006665985, "GB": 0.21507028006665985, "KNN": 0.21507028006665985, "KM": 0.21507028006665985, "LR": 0.21507028006665985, "LRR": 0.21507028006665985, "LRL": 0.21507028006665985, "LRE": 0.21507028006665985, "LOG_R": 0.21507028006665985, "RF": 0.21507028006665985, "SVM": 0.21507028006665985, "DNN": 0.21507028006665985}, "1 + 3": {"AB": -1.0, "AC": -1.0, "DS": -1.0, "DT": -1.0, "GM": -1.0, "GN": -1.0, "GB": -1.0, "KNN": -1.0, "KM": -1.0, "LR": -1.0, "LRR": -1.0, "LRL": -1.0, "LRE": -1.0, "LOG_R": -1.0, "RF": -1.0, "SVM": -1.0, "DNN": -1.0}, "1 + 4": {"AB": -1.0, "AC": -1.0, "DS": -1.0, "DT": -1.0, "GM": -1.0, "GN": -1.0, "GB": -1.0, "KNN": -1.0, "KM": -1.0, "LR": -1.0, "LRR": -1.0, "LRL": -1.0, "LRE": -1.0, "LOG_R": -1.0, "RF": -1.0, "SVM": -1.0, "DNN": -1.0}, "2 + 3": {"AB": -1.0, "AC": -1.0, "DS": -1.0, "DT": -1.0, "GM": -1.0, "GN": -1.0, "GB": -1.0, "KNN": -1.0, "KM": -1.0, "LR": -1.0, "LRR": -1.0, "LRL": -1.0, "LRE": -1.0, "LOG_R": -1.0, "RF": -1.0, "SVM": -1.0, "DNN": -1.0}, "2 + 4": {"AB": -1.0, "AC": -1.0, "DS": -1.0, "DT": -1.0, "GM": -1.0, "GN": -1.0, "GB": -1.0, "KNN": -1.0, "KM": -1.0, "LR": -1.0, "LRR": -1.0, "LRL": -1.0, "LRE": -1.0, "LOG_R": -1.0, "RF": -1.0, "SVM": -1.0, "DNN": -1.0}, "3 + 4": {"AB": -1.0, "AC": -1.0, "DS": -1.0, "DT": -1.0, "GM": -1.0, "GN": -1.0, "GB": -1.0, "KNN": -1.0, "KM": -1.0, "LR": -1.0, "LRR": -1.0, "LRL": -1.0, "LRE": -1.0, "LOG_R": -1.0, "RF": -1.0, "SVM": -1.0, "DNN": -1.0}, "0 + 1 + 2": {"AB": 0.21208703751455368, "AC": 0.21208703751455368, "DS": 0.21208703751455368, "DT": 0.21208703751455368, "GM": 0.21208703751455368, "GN": 0.21208703751455368, "GB": 0.21208703751455368, "KNN": 0.21208703751455368, "KM": 0.21208703751455368, "LR": 0.21208703751455368, "LRR": 0.21208703751455368, "LRL": 0.21208703751455368, "LRE": 0.21208703751455368, "LOG_R": 0.21208703751455368, "RF": 0.21208703751455368, "SVM": 0.21208703751455368, "DNN": 0.21208703751455368}, "0 + 1 + 3": {"AB": -1.0, "AC": -1.0, "DS": -1.0, "DT": -1.0, "GM": -1.0, "GN": -1.0, "GB": -1.0, "KNN": -1.0, "KM": -1.0, "LR": -1.0, "LRR": -1.0, "LRL": -1.0, "LRE": -1.0, "LOG_R": -1.0, "RF": -1.0, "SVM": -1.0, "DNN": -1.0}, "0 + 1 + 4": {"AB": -1.0, "AC": -1.0, "DS": -1.0, "DT": -1.0, "GM": -1.0, "GN": -1.0, "GB": -1.0, "KNN": -1.0, "KM": -1.0, "LR": -1.0, "LRR": -1.0, "LRL": -1.0, "LRE": -1.0, "LOG_R": -1.0, "RF": -1.0, "SVM": -1.0, "DNN": -1.0}, "0 + 2 + 3": {"AB": -1.0, "AC": -1.0, "DS": -1.0, "DT": -1.0, "GM": -1.0, "GN": -1.0, "GB": -1.0, "KNN": -1.0, "KM": -1.0, "LR": -1.0, "LRR": -1.0, "LRL": -1.0, "LRE": -1.0, "LOG_R": -1.0, "RF": -1.0, "SVM": -1.0, "DNN": -1.0}, "0 + 2 + 4": {"AB": -1.0, "AC": -1.0, "DS": -1.0, "DT": -1.0, "GM": -1.0, "GN": -1.0, "GB": -1.0, "KNN": -1.0, "KM": -1.0, "LR": -1.0, "LRR": -1.0, "LRL": -1.0, "LRE": -1.0, "LOG_R": -1.0, "RF": -1.0, "SVM": -1.0, "DNN": -1.0}, "0 + 3 + 4": {"AB": -1.0, "AC": -1.0, "DS": -1.0, "DT": -1.0, "GM": -1.0, "GN": -1.0, "GB": -1.0, "KNN": -1.0, "KM": -1.0, "LR": -1.0, "LRR": -1.0, "LRL": -1.0, "LRE": -1.0, "LOG_R": -1.0, "RF": -1.0, "SVM": -1.0, "DNN": -1.0}, "1 + 2 + 3": {"AB": -1.0, "AC": -1.0, "DS": -1.0, "DT": -1.0, "GM": -1.0, "GN": -1.0, "GB": -1.0, "KNN": -1.0, "KM": -1.0, "LR": -1.0, "LRR": -1.0, "LRL": -1.0, "LRE": -1.0, "LOG_R": -1.0, "RF": -1.0, "SVM": -1.0, "DNN": -1.0}, "1 + 2 + 4": {"AB": -1.0, "AC": -1.0, "DS": -1.0, "DT": -1.0, "GM": -1.0, "GN": -1.0, "GB": -1.0, "KNN": -1.0, "KM": -1.0, "LR": -1.0, "LRR": -1.0, "LRL": -1.0, "LRE": -1.0, "LOG_R": -1.0, "RF": -1.0, "SVM": -1.0, "DNN": -1.0}, "1 + 3 + 4": {"AB": -1.0, "AC": -1.0, "DS": -1.0, "DT": -1.0, "GM": -1.0, "GN": -1.0, "GB": -1.0, "KNN": -1.0, "KM": -1.0, "LR": -1.0, "LRR": -1.0, "LRL": -1.0, "LRE": -1.0, "LOG_R": -1.0, "RF": -1.0, "SVM": -1.0, "DNN": -1.0}, "2 + 3 + 4": {"AB": -1.0, "AC": -1.0, "DS": -1.0, "DT": -1.0, "GM": -1.0, "GN": -1.0, "GB": -1.0, "KNN": -1.0, "KM": -1.0, "LR": -1.0, "LRR": -1.0, "LRL": -1.0, "LRE": -1.0, "LOG_R": -1.0, "RF": -1.0, "SVM": -1.0, "DNN": -1.0}, "0 + 1 + 2 + 3": {"AB": -1.0, "AC": -1.0, "DS": -1.0, "DT": -1.0, "GM": -1.0, "GN": -1.0, "GB": -1.0, "KNN": -1.0, "KM": -1.0, "LR": -1.0, "LRR": -1.0, "LRL": -1.0, "LRE": -1.0, "LOG_R": -1.0, "RF": -1.0, "SVM": -1.0, "DNN": -1.0}, "0 + 1 + 2 + 4": {"AB": -1.0, "AC": -1.0, "DS": -1.0, "DT": -1.0, "GM": -1.0, "GN": -1.0, "GB": -1.0, "KNN": -1.0, "KM": -1.0, "LR": -1.0, "LRR": -1.0, "LRL": -1.0, "LRE": -1.0, "LOG_R": -1.0, "RF": -1.0, "SVM": -1.0, "DNN": -1.0}, "0 + 1 + 3 + 4": {"AB": -1.0, "AC": -1.0, "DS": -1.0, "DT": -1.0, "GM": -1.0, "GN": -1.0, "GB": -1.0, "KNN": -1.0, "KM": -1.0, "LR": -1.0, "LRR": -1.0, "LRL": -1.0, "LRE": -1.0,