{"0": {"AB": 1.0, "AC": 0.4672157401052391, "DS": 0.3333333333333333, "DT": 1.0, "GM": 0.296137339055794, "GN": 1.0, "GB": 1.0, "KNN": 1.0, "KM": 0.1276595744680851, "LR": 0.9521475256769374, "LRR": 0.9521475256769374, "LRL": 0.9624542124542126, "LRE": 0.9521475256769374, "LOG_R": 1.0, "RF": 1.0, "SVM": 1.0, "DNN": 0.9939022123071204}, "1": {"AB": 1.0, "AC": 0.31521739130434784, "DS": 0.3333333333333333, "DT": 1.0, "GM": 0.415920716112532, "GN": 1.0, "GB": 1.0, "KNN": 1.0, "KM": 0.8456977118917177, "LR": 0.9677109359984625, "LRR": 0.9677109359984625, "LRL": 0.9677109359984625, "LRE": 0.9677109359984625, "LOG_R": 1.0, "RF": 1.0, "SVM": 1.0, "DNN": 0.9920629921259843}, "2": {"AB": 1.0, "AC": 0.3771467207572684, "DS": 0.3333333333333333, "DT": 1.0, "GM": 0.3771467207572684, "GN": 1.0, "GB": 1.0, "KNN": 1.0, "KM": 0.02, "LR": 0.9525398191993113, "LRR": 0.9525398191993113, "LRL": 0.9525398191993113, "LRE": 0.9525398191993113, "LOG_R": 1.0, "RF": 1.0, "SVM": 1.0, "DNN": 0.9897948557742372}, "3": {"AB": 1.0, "AC": 0.9511031604054859, "DS": 0.3333333333333333, "DT": 1.0, "GM": 0.3333333333333333, "GN": 1.0, "GB": 1.0, "KNN": 1.0, "KM": 1.0, "LR": 1.0, "LRR": 1.0, "LRL": 1.0, "LRE": 1.0, "LOG_R": 1.0, "RF": 1.0, "SVM": 1.0, "DNN": 1.0}, "4": {"AB": 1.0, "AC": 0.48821548821548827, "DS": 0.3333333333333333, "DT": 1.0, "GM": 0.48821548821548827, "GN": 1.0, "GB": 1.0, "KNN": 1.0, "KM": 0.48821548821548827, "LR": 0.97999297999298, "LRR": 0.97999297999298, "LRL": 0.9868398268398266, "LRE": 0.9868398268398266, "LOG_R": 1.0, "RF": 1.0, "SVM": 1.0, "DNN": 1.0}, "0 + 1": {"AB": 1.0, "AC": 0.28409090909090906, "DS": 0.3333333333333333, "DT": 1.0, "GM": 0.5418181818181818, "GN": 1.0, "GB": 1.0, "KNN": 1.0, "KM": 0.0935251798561151, "LR": 0.9799923780487804, "LRR": 0.9799923780487804, "LRL": 0.9799923780487804, "LRE": 0.9799923780487804, "LOG_R": 1.0, "RF": 1.0, "SVM": 1.0, "DNN": 0.9920629921259843}, "0 + 2": {"AB": 1.0, "AC": 0.3771467207572684, "DS": 0.3333333333333333, "DT": 1.0, "GM": 0.28467153284671537, "GN": 1.0, "GB": 1.0, "KNN": 1.0, "KM": 0.02, "LR": 0.9897948557742372, "LRR": 0.9897948557742372, "LRL": 0.9897948557742372, "LRE": 0.9897948557742372, "LOG_R": 1.0, "RF": 1.0, "SVM": 1.0, "DNN": 1.0}, "0 + 3": {"AB": 1.0, "AC": 0.49928160919540227, "DS": 0.3333333333333333, "DT": 1.0, "GM": 0.0, "GN": 1.0, "GB": 1.0, "KNN": 1.0, "KM": 0.987803064108285, "LR": 1.0, "LRR": 1.0, "LRL": 1.0, "LRE": 1.0, "LOG_R": 1.0, "RF": 1.0, "SVM": 1.0, "DNN": 1.0}, "0 + 4": {"AB": 1.0, "AC": 0.5737179487179488, "DS": 0.3333333333333333, "DT": 1.0, "GM": 0.5737179487179488, "GN": 1.0, "GB": 1.0, "KNN": 1.0, "KM": 0.2692307692307693, "LR": 0.9933333333333334, "LRR": 0.9933333333333334, "LRL": 0.9933333333333334, "LRE": 0.9933333333333334, "LOG_R": 1.0, "RF": 1.0, "SVM": 1.0, "DNN": 1.0}, "1 + 2": {"AB": 1.0, "AC": 0.3771467207572684, "DS": 0.3333333333333333, "DT": 1.0, "GM": 0.2949640287769784, "GN": 1.0, "GB": 1.0, "KNN": 1.0, "KM": 0.0, "LR": 1.0, "LRR": 1.0, "LRL": 1.0, "LRE": 1.0, "LOG_R": 1.0, "RF": 1.0, "SVM": 1.0, "DNN": 1.0}, "1 + 3": {"AB": 1.0, "AC": 0.4098484848484848, "DS": 0.3333333333333333, "DT": 1.0, "GM": 0.4780869248954355, "GN": 1.0, "GB": 1.0, "KNN": 1.0, "KM": 0.02380952380952381, "LR": 0.987803064108285, "LRR": 0.987803064108285, "LRL": 0.987803064108285, "LRE": 0.987803064108285, "LOG_R": 1.0, "RF": 1.0, "SVM": 1.0, "DNN": 1.0}, "1 + 4": {"AB": 1.0, "AC": 0.38928571428571423, "DS": 0.3333333333333333, "DT": 1.0, "GM": 0.63113958454669, "GN": 1.0, "GB": 1.0, "KNN": 1.0, "KM": 0.63113958454669, "LR": 0.9864864864864864, "LRR": 0.9864864864864864, "LRL": 0.9864864864864864, "LRE": 0.9864864864864864, "LOG_R": 1.0, "RF": 1.0, "SVM": 1.0, "DNN": 1.0}, "2 + 3": {"AB": 1.0, "AC": 0.32231404958677684, "DS": 0.3333333333333333, "DT": 1.0, "GM": 0.5396491228070175, "GN": 1.0, "GB": 1.0, "KNN": 1.0, "KM": 1.0, "LR": 1.0, "LRR": 1.0, "LRL": 1.0, "LRE": 1.0, "LOG_R": 1.0, "RF": 1.0, "SVM": 1.0, "DNN": 1.0}, "2 + 4": {"AB": 1.0, "AC": 0.3619242114817336, "DS": 0.3333333333333333, "DT": 1.0, "GM": 0.48821548821548827, "GN": 1.0, "GB": 1.0, "KNN": 1.0, "KM": 0.2962962962962963, "LR": 0.9933333333333334, "LRR": 0.9933333333333334, "LRL": 0.9933333333333334, "LRE": 0.9933333333333334, "LOG_R": 1.0, "RF": 1.0, "SVM": 1.0, "DNN": 1.0}, "3 + 4": {"AB": 1.0, "AC": 0.48821548821548827, "DS": 0.3333333333333333, "DT": 1.0, "GM": 0.2962962962962963, "GN": 1.0, "GB": 1.0, "KNN": 1.0, "KM": 0.48821548821548827, "LR": 1.0, "LRR": 1.0, "LRL": 1.0, "LRE": 1.0, "LOG_R": 1.0, "RF": 1.0, "SVM": 1.0, "DNN": 1.0}, "0 + 1 + 2": {"AB": 1.0, "AC": 0.3556164383561644, "DS": 0.3333333333333333, "DT": 1.0, "GM": 0.0, "GN": 1.0, "GB": 1.0, "KNN": 1.0, "KM": 1.0, "LR": 1.0, "LRR": 1.0, "LRL": 1.0, "LRE": 1.0, "LOG_R": 1.0, "RF": 1.0, "SVM": 1.0, "DNN": 1.0}, "0 + 1 + 3": {"AB": 1.0, "AC": 0.4098484848484848, "DS": 0.3333333333333333, "DT": 1.0, "GM": 1.0, "GN": 1.0, "GB": 1.0, "KNN": 1.0, "KM": 1.0, "LR": 0.9938271604938271, "LRR": 0.9938271604938271, "LRL": 0.9938271604938271, "LRE": 0.9938271604938271, "LOG_R": 1.0, "RF": 1.0, "SVM": 1.0, "DNN": 1.0}, "0 + 1 + 4": {"AB": 1.0, "AC": 0.4406926406926407, "DS": 0.3333333333333333, "DT": 1.0, "GM": 0.4406926406926407, "GN": 1.0, "GB": 1.0, "KNN": 1.0, "KM": 0.9868398268398266, "LR": 0.9933333333333334, "LRR": 1.0, "LRL": 1.0, "LRE": 1.0, "LOG_R": 1.0, "RF": 1.0, "SVM": 1.0, "DNN": 1.0}, "0 + 2 + 3": {"AB": 1.0, "AC": 0.4561532792925571, "DS": 0.3333333333333333, "DT": 1.0, "GM": 0.4561532792925571, "GN": 1.0, "GB": 1.0, "KNN": 1.0, "KM": 1.0, "LR": 0.9938271604938271, "LRR": 0.9938271604938271, "LRL": 1.0, "LRE": 0.9938271604938271, "LOG_R": 1.0, "RF": 1.0, "SVM": 1.0, "DNN": 1.0}, "0 + 2 + 4": {"AB": 1.0, "AC": 0.3619242114817336, "DS": 0.3333333333333333, "DT": 1.0, "GM": 0.5737179487179488, "GN": 1.0, "GB": 1.0, "KNN": 1.0, "KM": 0.5737179487179488, "LR": 0.9864864864864864, "LRR": 0.9864864864864864, "LRL": 0.9933333333333334, "LRE": 0.9864864864864864, "LOG_R": 1.0, "RF": 1.0, "SVM": 1.0, "DNN": 1.0}, "0 + 3 + 4": {"AB": 1.0, "AC": 0.48821548821548827, "DS": 0.3333333333333333, "DT": 1.0, "GM": 0.0, "GN": 1.0, "GB": 1.0, "KNN": 1.0, "KM": 1.0, "LR": 1.0, "LRR": 1.0, "LRL": 1.0, "LRE": 1.0, "LOG_R": 1.0, "RF": 1.0, "SVM": 1.0, "DNN": 1.0}, "1 + 2 + 3": {"AB": 1.0, "AC": 0.3598750975800156, "DS": 0.3333333333333333, "DT": 1.0, "GM": 1.0, "GN": 1.0, "GB": 1.0, "KNN": 1.0, "KM": 0.0, "LR": 1.0, "LRR": 1.0, "LRL": 1.0, "LRE": 1.0, "LOG_R": 1.0, "RF": 1.0, "SVM": 1.0, "DNN": 1.0}, "1 + 2 + 4": {"AB": 1.0, "AC": 0.5934218347533188, "DS": 0.3333333333333333, "DT": 1.0, "GM": 0.5934218347533188, "GN": 1.0, "GB": 1.0, "KNN": 1.0, "KM": 0.5934218347533188, "LR": 1.0, "LRR": 1.0, "LRL": 1.0, "LRE": 1.0, "LOG_R": 1.0, "RF": 1.0, "SVM": 1.0, "DNN": 1.0}, "1 + 3 + 4": {"AB": 1.0, "AC": 0.464902922978451, "DS": 0.3333333333333333, "DT": 1.0, "GM": 0.5324036095159967, "GN": 1.0, "GB": 1.0, "KNN": 1.0, "KM": 0.0, "LR": 0.9933333333333334, "LRR": 0.9933333333333334, "LRL": 0.9933333333333334, "LRE": 0.9933333333333334, "LOG_R": 1.0, "RF": 1.0, "SVM": 1.0, "DNN": 1.0}, "2 + 3 + 4": {"AB": 1.0, "AC": 0.3619242114817336, "DS": 0.3333333333333333, "DT": 1.0, "GM": 1.0, "GN": 1.0, "GB": 1.0, "KNN": 1.0, "KM": 0.28971962616822433, "LR": 1.0, "LRR": 1.0, "LRL": 1.0, "LRE": 1.0, "LOG_R": 1.0, "RF": 1.0, "SVM": 1.0, "DNN": 1.0}, "0 + 1 + 2 + 3": {"AB": 1.0, "AC": 0.3853546031135883, "DS": 0.3333333333333333, "DT": 1.0, "GM": 0.4561532792925571, "GN": 1.0, "GB": 1.0, "KNN": 1.0, "KM": 0.0, "LR": 0.9874999999999999, "LRR": 0.9874999999999999, "LRL": 0.9874999999999999, "LRE": 0.9874999999999999, "LOG_R": 1.0, "RF": 1.0, "SVM": 1.0, "DNN": 1.0}, "0 + 1 + 2 + 4": {"AB": 1.0, "AC": 0.5324036095159967, "DS": 0.3333333333333333, "DT": 1.0, "GM": 0.5324036095159967, "GN": 1.0, "GB": 1.0, "KNN": 1.0, "KM": 1.0, "LR": 1.0, "LRR": 1.0, "LRL": 1.0, "LRE": 1.0, "LOG_R": 1.0, "RF": 1.0, "SVM": 1.0, "DNN": 1.0}, "0 + 1 + 3 + 4": {"AB": 1.0, "AC": 0.48821548821548827,