{"0": {"AB": 0.0, "AC": 0.0, "DS": 0.0, "DT": 0.0, "GM": 0.0, "GN": 0.0, "GB": 0.0, "KNN": 0.0, "KM": 0.0, "LR": 0.0, "LRR": 0.0, "LRL": 0.0, "LRE": 0.0, "LOG_R": 0.0, "RF": 0.0, "SVM": 0.0, "DNN": 0.0}, "1": {"AB": 0.0, "AC": 0.0, "DS": 0.0, "DT": 0.0, "GM": 0.0, "GN": 0.0, "GB": 0.0, "KNN": 0.0, "KM": 0.0, "LR": 0.0, "LRR": 0.0, "LRL": 0.0, "LRE": 0.0, "LOG_R": 0.0, "RF": 0.0, "SVM": 0.0, "DNN": 0.0}, "2": {"AB": 0.0, "AC": 0.0, "DS": 0.0, "DT": 0.0, "GM": 0.0, "GN": 0.0, "GB": 0.0, "KNN": 0.0, "KM": 0.0, "LR": 0.0, "LRR": 0.0, "LRL": 0.0, "LRE": 0.0, "LOG_R": 0.0, "RF": 0.0, "SVM": 0.0, "DNN": 0.0}, "3": {"AB": 0.0, "AC": 0.0, "DS": 0.0, "DT": 0.0, "GM": 0.0, "GN": 0.0, "GB": 0.0, "KNN": 0.0, "KM": 0.0, "LR": 0.0, "LRR": 0.0, "LRL": 0.0, "LRE": 0.0, "LOG_R": 0.0, "RF": 0.0, "SVM": 0.0, "DNN": 0.0}, "4": {"AB": 0.0, "AC": 0.0, "DS": 0.0, "DT": 0.0, "GM": 0.0, "GN": 0.0, "GB": 0.0, "KNN": 0.0, "KM": 0.0, "LR": 0.0, "LRR": 0.0, "LRL": 0.0, "LRE": 0.0, "LOG_R": 0.0, "RF": 0.0, "SVM": 0.0, "DNN": 0.0}, "0 + 1": {"AB": -0.0014800088111681653, "AC": -0.0014800088111681653, "DS": -0.0014800088111681653, "DT": -0.0014800088111681653, "GM": -0.0014800088111681653, "GN": -0.0014800088111681653, "GB": -0.0014800088111681653, "KNN": -0.0014800088111681653, "KM": -0.0014800088111681653, "LR": -0.0014800088111681653, "LRR": -0.0014800088111681653, "LRL": -0.0014800088111681653, "LRE": -0.0014800088111681653, "LOG_R": -0.0014800088111681653, "RF": -0.0014800088111681653, "SVM": -0.0014800088111681653, "DNN": -0.0014800088111681653}, "0 + 2": {"AB": 0.2273083074682249, "AC": 0.2273083074682249, "DS": 0.2273083074682249, "DT": 0.2273083074682249, "GM": 0.2273083074682249, "GN": 0.2273083074682249, "GB": 0.2273083074682249, "KNN": 0.2273083074682249, "KM": 0.2273083074682249, "LR": 0.2273083074682249, "LRR": 0.2273083074682249, "LRL": 0.2273083074682249, "LRE": 0.2273083074682249, "LOG_R": 0.2273083074682249, "RF": 0.2273083074682249, "SVM": 0.2273083074682249, "DNN": 0.2273083074682249}, "0 + 3": {"AB": 0.20025267190468507, "AC": 0.20025267190468507, "DS": 0.20025267190468507, "DT": 0.20025267190468507, "GM": 0.20025267190468507, "GN": 0.20025267190468507, "GB": 0.20025267190468507, "KNN": 0.20025267190468507, "KM": 0.20025267190468507, "LR": 0.20025267190468507, "LRR": 0.20025267190468507, "LRL": 0.20025267190468507, "LRE": 0.20025267190468507, "LOG_R": 0.20025267190468507, "RF": 0.20025267190468507, "SVM": 0.20025267190468507, "DNN": 0.20025267190468507}, "0 + 4": {"AB": 0.36567669393192037, "AC": 0.36567669393192037, "DS": 0.36567669393192037, "DT": 0.36567669393192037, "GM": 0.36567669393192037, "GN": 0.36567669393192037, "GB": 0.36567669393192037, "KNN": 0.36567669393192037, "KM": 0.36567669393192037, "LR": 0.36567669393192037, "LRR": 0.36567669393192037, "LRL": 0.36567669393192037, "LRE": 0.36567669393192037, "LOG_R": 0.36567669393192037, "RF": 0.36567669393192037, "SVM": 0.36567669393192037, "DNN": 0.36567669393192037}, "1 + 2": {"AB": 0.22878831627939306, "AC": 0.22878831627939306, "DS": 0.22878831627939306, "DT": 0.22878831627939306, "GM": 0.22878831627939306, "GN": 0.22878831627939306, "GB": 0.22878831627939306, "KNN": 0.22878831627939306, "KM": 0.22878831627939306, "LR": 0.22878831627939306, "LRR": 0.22878831627939306, "LRL": 0.22878831627939306, "LRE": 0.22878831627939306, "LOG_R": 0.22878831627939306, "RF": 0.22878831627939306, "SVM": 0.22878831627939306, "DNN": 0.22878831627939306}, "1 + 3": {"AB": 0.19109077531254573, "AC": 0.19109077531254573, "DS": 0.19109077531254573, "DT": 0.19109077531254573, "GM": 0.19109077531254573, "GN": 0.19109077531254573, "GB": 0.19109077531254573, "KNN": 0.19109077531254573, "KM": 0.19109077531254573, "LR": 0.19109077531254573, "LRR": 0.19109077531254573, "LRL": 0.19109077531254573, "LRE": 0.19109077531254573, "LOG_R": 0.19109077531254573, "RF": 0.19109077531254573, "SVM": 0.19109077531254573, "DNN": 0.19109077531254573}, "1 + 4": {"AB": 0.3671567027430884, "AC": 0.3671567027430884, "DS": 0.3671567027430884, "DT": 0.3671567027430884, "GM": 0.3671567027430884, "GN": 0.3671567027430884, "GB": 0.3671567027430884, "KNN": 0.3671567027430884, "KM": 0.3671567027430884, "LR": 0.3671567027430884, "LRR": 0.3671567027430884, "LRL": 0.3671567027430884, "LRE": 0.3671567027430884, "LOG_R": 0.3671567027430884, "RF": 0.3671567027430884, "SVM": 0.3671567027430884, "DNN": 0.3671567027430884}, "2 + 3": {"AB": 0.26913376764523134, "AC": 0.26913376764523134, "DS": 0.26913376764523134, "DT": 0.26913376764523134, "GM": 0.26913376764523134, "GN": 0.26913376764523134, "GB": 0.26913376764523134, "KNN": 0.26913376764523134, "KM": 0.26913376764523134, "LR": 0.26913376764523134, "LRR": 0.26913376764523134, "LRL": 0.26913376764523134, "LRE": 0.26913376764523134, "LOG_R": 0.26913376764523134, "RF": 0.26913376764523134, "SVM": 0.26913376764523134, "DNN": 0.26913376764523134}, "2 + 4": {"AB": 0.13836838646369543, "AC": 0.13836838646369543, "DS": 0.13836838646369543, "DT": 0.13836838646369543, "GM": 0.13836838646369543, "GN": 0.13836838646369543, "GB": 0.13836838646369543, "KNN": 0.13836838646369543, "KM": 0.13836838646369543, "LR": 0.13836838646369543, "LRR": 0.13836838646369543, "LRL": 0.13836838646369543, "LRE": 0.13836838646369543, "LOG_R": 0.13836838646369543, "RF": 0.13836838646369543, "SVM": 0.13836838646369543, "DNN": 0.13836838646369543}, "3 + 4": {"AB": 0.3096010680445679, "AC": 0.3096010680445679, "DS": 0.3096010680445679, "DT": 0.3096010680445679, "GM": 0.3096010680445679, "GN": 0.3096010680445679, "GB": 0.3096010680445679, "KNN": 0.3096010680445679, "KM": 0.3096010680445679, "LR": 0.3096010680445679, "LRR": 0.3096010680445679, "LRL": 0.3096010680445679, "LRE": 0.3096010680445679, "LOG_R": 0.3096010680445679, "RF": 0.3096010680445679, "SVM": 0.3096010680445679, "DNN": 0.3096010680445679}, "0 + 1 + 2": {"AB": 0.17940331717264185, "AC": 0.17940331717264185, "DS": 0.17940331717264185, "DT": 0.17940331717264185, "GM": 0.17940331717264185, "GN": 0.17940331717264185, "GB": 0.17940331717264185, "KNN": 0.17940331717264185, "KM": 0.17940331717264185, "LR": 0.17940331717264185, "LRR": 0.17940331717264185, "LRL": 0.17940331717264185, "LRE": 0.17940331717264185, "LOG_R": 0.17940331717264185, "RF": 0.17940331717264185, "SVM": 0.17940331717264185, "DNN": 0.17940331717264185}, "0 + 1 + 3": {"AB": 0.19035077090696165, "AC": 0.19035077090696165, "DS": 0.19035077090696165, "DT": 0.19035077090696165, "GM": 0.19035077090696165, "GN": 0.19035077090696165, "GB": 0.19035077090696165, "KNN": 0.19035077090696165, "KM": 0.19035077090696165, "LR": 0.19035077090696165, "LRR": 0.19035077090696165, "LRL": 0.19035077090696165, "LRE": 0.19035077090696165, "LOG_R": 0.19035077090696165, "RF": 0.19035077090696165, "SVM": 0.19035077090696165, "DNN": 0.19035077090696165}, "0 + 1 + 4": {"AB": 0.3066507549142856, "AC": 0.3066507549142856, "DS": 0.3066507549142856, "DT": 0.3066507549142856, "GM": 0.3066507549142856, "GN": 0.3066507549142856, "GB": 0.3066507549142856, "KNN": 0.3066507549142856, "KM": 0.3066507549142856, "LR": 0.3066507549142856, "LRR": 0.3066507549142856, "LRL": 0.3066507549142856, "LRE": 0.3066507549142856, "LOG_R": 0.3066507549142856, "RF": 0.3066507549142856, "SVM": 0.3066507549142856, "DNN": 0.3066507549142856}, "0 + 2 + 3": {"AB": 0.16260469676629186, "AC": 0.16260469676629186, "DS": 0.16260469676629186, "DT": 0.16260469676629186, "GM": 0.16260469676629186, "GN": 0.16260469676629186, "GB": 0.16260469676629186, "KNN": 0.16260469676629186, "KM": 0.16260469676629186, "LR": 0.16260469676629186, "LRR": 0.16260469676629186, "LRL": 0.16260469676629186, "LRE": 0.16260469676629186, "LOG_R": 0.16260469676629186, "RF": 0.16260469676629186, "SVM": 0.16260469676629186, "DNN": 0.16260469676629186}, "0 + 2 + 4": {"AB": 0.27890468077361585, "AC": 0.27890468077361585, "DS": 0.27890468077361585, "DT": 0.27890468077361585, "GM": 0.27890468077361585, "GN": 0.27890468077361585, "GB": 0.27890468077361585, "KNN": 0.27890468077361585, "KM": 0.27890468077361585,