{"0": {"AB": 1.0, "AC": 0.3048780487804878, "DS": 0.3333333333333333, "DT": 1.0, "GM": 0.2919254658385093, "GN": 1.0, "GB": 1.0, "KNN": 1.0, "KM": 0.9472222222222222, "LR": 0.9586690299709957, "LRR": 0.9586690299709957, "LRL": 0.9586690299709957, "LRE": 0.9586690299709957, "LOG_R": 1.0, "RF": 1.0, "SVM": 1.0, "DNN": 0.9912273951519815}, "1": {"AB": 1.0, "AC": 0.5361742424242425, "DS": 0.3333333333333333, "DT": 1.0, "GM": 0.5660755015593726, "GN": 1.0, "GB": 1.0, "KNN": 1.0, "KM": 0.006289308176100628, "LR": 0.9768211920529802, "LRR": 0.9768211920529802, "LRL": 0.980263157894737, "LRE": 0.9768211920529802, "LOG_R": 1.0, "RF": 1.0, "SVM": 1.0, "DNN": 1.0}, "2": {"AB": 1.0, "AC": 0.3718321562110511, "DS": 0.3333333333333333, "DT": 1.0, "GM": 0.32530120481927716, "GN": 1.0, "GB": 1.0, "KNN": 1.0, "KM": 0.8916129032258064, "LR": 0.8990163934426229, "LRR": 0.8990163934426229, "LRL": 0.8990163934426229, "LRE": 0.8990163934426229, "LOG_R": 1.0, "RF": 1.0, "SVM": 1.0, "DNN": 0.9642401021711368}, "3": {"AB": 1.0, "AC": 0.3598750975800156, "DS": 0.3333333333333333, "DT": 1.0, "GM": 0.3853546031135883, "GN": 1.0, "GB": 1.0, "KNN": 1.0, "KM": 0.0, "LR": 0.9743589743589743, "LRR": 0.9743589743589743, "LRL": 0.9810126582278481, "LRE": 0.9743589743589743, "LOG_R": 1.0, "RF": 1.0, "SVM": 1.0, "DNN": 1.0}, "4": {"AB": 1.0, "AC": 0.3612068965517241, "DS": 0.3333333333333333, "DT": 1.0, "GM": 0.3612068965517241, "GN": 1.0, "GB": 1.0, "KNN": 1.0, "KM": 0.0, "LR": 0.9805129913391073, "LRR": 0.9805129913391073, "LRL": 0.9805129913391073, "LRE": 0.9805129913391073, "LOG_R": 1.0, "RF": 1.0, "SVM": 1.0, "DNN": 1.0}, "0 + 1": {"AB": 1.0, "AC": 0.37117641159362147, "DS": 0.3333333333333333, "DT": 1.0, "GM": 0.008695652173913044, "GN": 1.0, "GB": 1.0, "KNN": 1.0, "KM": 1.0, "LR": 0.9910714285714286, "LRR": 0.9910714285714286, "LRL": 0.9910714285714286, "LRE": 0.9910714285714286, "LOG_R": 1.0, "RF": 1.0, "SVM": 1.0, "DNN": 1.0}, "0 + 2": {"AB": 1.0, "AC": 0.3718321562110511, "DS": 0.3333333333333333, "DT": 1.0, "GM": 1.0, "GN": 1.0, "GB": 1.0, "KNN": 1.0, "KM": 1.0, "LR": 0.9821371610845295, "LRR": 0.9821371610845295, "LRL": 0.9821371610845295, "LRE": 0.9821371610845295, "LOG_R": 1.0, "RF": 1.0, "SVM": 1.0, "DNN": 0.9821371610845295}, "0 + 3": {"AB": 1.0, "AC": 0.3853546031135883, "DS": 0.3333333333333333, "DT": 1.0, "GM": 0.4780869248954355, "GN": 1.0, "GB": 1.0, "KNN": 1.0, "KM": 0.0, "LR": 0.9874999999999999, "LRR": 0.9874999999999999, "LRL": 0.9874999999999999, "LRE": 0.9874999999999999, "LOG_R": 1.0, "RF": 1.0, "SVM": 1.0, "DNN": 1.0}, "0 + 4": {"AB": 1.0, "AC": 0.5685676139614724, "DS": 0.3333333333333333, "DT": 1.0, "GM": 0.5879245283018868, "GN": 1.0, "GB": 1.0, "KNN": 1.0, "KM": 0.0, "LR": 0.9743421052631578, "LRR": 0.9743421052631578, "LRL": 0.9743421052631578, "LRE": 0.9743421052631578, "LOG_R": 1.0, "RF": 1.0, "SVM": 1.0, "DNN": 0.9871773795824427}, "1 + 2": {"AB": 1.0, "AC": 0.47500000000000003, "DS": 0.3333333333333333, "DT": 1.0, "GM": 1.0, "GN": 1.0, "GB": 1.0, "KNN": 1.0, "KM": 0.0, "LR": 0.990909090909091, "LRR": 0.990909090909091, "LRL": 0.990909090909091, "LRE": 0.990909090909091, "LOG_R": 1.0, "RF": 1.0, "SVM": 1.0, "DNN": 1.0}, "1 + 3": {"AB": 1.0, "AC": 0.3598750975800156, "DS": 0.3333333333333333, "DT": 1.0, "GM": 1.0, "GN": 1.0, "GB": 1.0, "KNN": 1.0, "KM": 0.0, "LR": 0.9938271604938271, "LRR": 0.9938271604938271, "LRL": 0.9938271604938271, "LRE": 0.9938271604938271, "LOG_R": 1.0, "RF": 1.0, "SVM": 1.0, "DNN": 1.0}, "1 + 4": {"AB": 1.0, "AC": 0.2909090909090909, "DS": 0.3333333333333333, "DT": 1.0, "GM": 0.9871773795824427, "GN": 1.0, "GB": 1.0, "KNN": 1.0, "KM": 0.9871773795824427, "LR": 0.9736708860759494, "LRR": 0.9736708860759494, "LRL": 0.9736708860759494, "LRE": 0.9736708860759494, "LOG_R": 1.0, "RF": 1.0, "SVM": 1.0, "DNN": 1.0}, "2 + 3": {"AB": 1.0, "AC": 0.0, "DS": 0.3333333333333333, "DT": 1.0, "GM": 0.408130081300813, "GN": 1.0, "GB": 1.0, "KNN": 1.0, "KM": 1.0, "LR": 1.0, "LRR": 1.0, "LRL": 1.0, "LRE": 1.0, "LOG_R": 1.0, "RF": 1.0, "SVM": 1.0, "DNN": 1.0}, "2 + 4": {"AB": 1.0, "AC": 0.0, "DS": 0.3333333333333333, "DT": 1.0, "GM": 0.3718321562110511, "GN": 1.0, "GB": 1.0, "KNN": 1.0, "KM": 1.0, "LR": 0.990909090909091, "LRR": 0.990909090909091, "LRL": 0.990909090909091, "LRE": 0.990909090909091, "LOG_R": 1.0, "RF": 1.0, "SVM": 1.0, "DNN": 1.0}, "3 + 4": {"AB": 1.0, "AC": 0.3612068965517241, "DS": 0.3333333333333333, "DT": 1.0, "GM": 0.3612068965517241, "GN": 1.0, "GB": 1.0, "KNN": 1.0, "KM": 1.0, "LR": 0.9935064935064934, "LRR": 0.9935064935064934, "LRL": 0.9935064935064934, "LRE": 0.9935064935064934, "LOG_R": 1.0, "RF": 1.0, "SVM": 1.0, "DNN": 1.0}, "0 + 1 + 2": {"AB": 1.0, "AC": 0.2533333333333333, "DS": 0.3333333333333333, "DT": 1.0, "GM": 0.01754385964912281, "GN": 1.0, "GB": 1.0, "KNN": 1.0, "KM": 0.01754385964912281, "LR": 1.0, "LRR": 1.0, "LRL": 1.0, "LRE": 1.0, "LOG_R": 1.0, "RF": 1.0, "SVM": 1.0, "DNN": 1.0}, "0 + 1 + 3": {"AB": 1.0, "AC": 0.4780869248954355, "DS": 0.3333333333333333, "DT": 1.0, "GM": 1.0, "GN": 1.0, "GB": 1.0, "KNN": 1.0, "KM": 1.0, "LR": 1.0, "LRR": 1.0, "LRL": 1.0, "LRE": 1.0, "LOG_R": 1.0, "RF": 1.0, "SVM": 1.0, "DNN": 1.0}, "0 + 1 + 4": {"AB": 1.0, "AC": 0.43815599917678527, "DS": 0.3333333333333333, "DT": 1.0, "GM": 1.0, "GN": 1.0, "GB": 1.0, "KNN": 1.0, "KM": 1.0, "LR": 1.0, "LRR": 1.0, "LRL": 1.0, "LRE": 1.0, "LOG_R": 1.0, "RF": 1.0, "SVM": 1.0, "DNN": 1.0}, "0 + 2 + 3": {"AB": 1.0, "AC": 0.3718321562110511, "DS": 0.3333333333333333, "DT": 1.0, "GM": 0.0, "GN": 1.0, "GB": 1.0, "KNN": 1.0, "KM": 1.0, "LR": 0.9814814814814815, "LRR": 0.9814814814814815, "LRL": 0.9814814814814815, "LRE": 0.9814814814814815, "LOG_R": 1.0, "RF": 1.0, "SVM": 1.0, "DNN": 1.0}, "0 + 2 + 4": {"AB": 1.0, "AC": 0.408130081300813, "DS": 0.3333333333333333, "DT": 1.0, "GM": 0.9821371610845295, "GN": 1.0, "GB": 1.0, "KNN": 1.0, "KM": 1.0, "LR": 1.0, "LRR": 1.0, "LRL": 1.0, "LRE": 1.0, "LOG_R": 1.0, "RF": 1.0, "SVM": 1.0, "DNN": 1.0}, "0 + 3 + 4": {"AB": 1.0, "AC": 0.3879109225874868, "DS": 0.3333333333333333, "DT": 1.0, "GM": 0.9871773795824427, "GN": 1.0, "GB": 1.0, "KNN": 1.0, "KM": 0.9871773795824427, "LR": 0.9871773795824427, "LRR": 0.9871773795824427, "LRL": 1.0, "LRE": 0.9871773795824427, "LOG_R": 1.0, "RF": 1.0, "SVM": 1.0, "DNN": 1.0}, "1 + 2 + 3": {"AB": 1.0, "AC": 0.3718321562110511, "DS": 0.3333333333333333, "DT": 1.0, "GM": 0.0, "GN": 1.0, "GB": 1.0, "KNN": 1.0, "KM": 1.0, "LR": 0.990909090909091, "LRR": 0.990909090909091, "LRL": 0.990909090909091, "LRE": 0.990909090909091, "LOG_R": 1.0, "RF": 1.0, "SVM": 1.0, "DNN": 1.0}, "1 + 2 + 4": {"AB": 1.0, "AC": 0.2727272727272727, "DS": 0.3333333333333333, "DT": 1.0, "GM": 0.0, "GN": 1.0, "GB": 1.0, "KNN": 1.0, "KM": 0.0, "LR": 1.0, "LRR": 1.0, "LRL": 1.0, "LRE": 1.0, "LOG_R": 1.0, "RF": 1.0, "SVM": 1.0, "DNN": 1.0}, "1 + 3 + 4": {"AB": 1.0, "AC": 0.4135338345864662, "DS": 0.3333333333333333, "DT": 1.0, "GM": 0.0, "GN": 1.0, "GB": 1.0, "KNN": 1.0, "KM": 1.0, "LR": 1.0, "LRR": 1.0, "LRL": 1.0, "LRE": 1.0, "LOG_R": 1.0, "RF": 1.0, "SVM": 1.0, "DNN": 1.0}, "2 + 3 + 4": {"AB": 1.0, "AC": 0.0, "DS": 0.3333333333333333, "DT": 1.0, "GM": 1.0, "GN": 1.0, "GB": 1.0, "KNN": 1.0, "KM": 1.0, "LR": 1.0, "LRR": 1.0, "LRL": 1.0, "LRE": 1.0, "LOG_R": 1.0, "RF": 1.0, "SVM": 1.0, "DNN": 1.0}, "0 + 1 + 2 + 3": {"AB": 1.0, "AC": 0.3718321562110511, "DS": 0.3333333333333333, "DT": 1.0, "GM": 1.0, "GN": 1.0, "GB": 1.0, "KNN": 1.0, "KM": 0.0, "LR": 0.990909090909091, "LRR": 0.990909090909091, "LRL": 0.990909090909091, "LRE": 0.990909090909091, "LOG_R": 1.0, "RF": 1.0, "SVM": 1.0, "DNN": 1.0}, "0 + 1 + 2 + 4": {"AB": 1.0, "AC": 0.4424532058940661, "DS": 0.3333333333333333, "DT": 1.0, "GM": 0.0, "GN": 1.0, "GB": 1.0, "KNN": 1.0, "KM": 0.0, "LR": 0.990909090909091, "LRR": 0.990909090909091, "LRL": 0.990909090909091, "LRE": 0.990909090909091, "LOG_R": 1.0, "RF": 1.0, "SVM": 1.0, "DNN": 1.0}, "0 + 1 + 3 + 4": {"AB": 1.0, "AC": 0.3612068965517241, "DS": 0.3333333333333333, "DT": 1.0, "GM": 1.0, "GN": 1.0,