{"0": {"AB": 0.85, "AC": 0.7530853795538437, "DS": 0.3758130081300813, "DT": 0.8619124861528722, "GM": 0.662920185461169, "GN": 0.7590969925995906, "GB": 0.85, "KNN": 0.8218407479045776, "KM": 0.6786701777485188, "LR": 0.8084942237695838, "LRR": 0.8084942237695838, "LRL": 0.8084942237695838, "LRE": 0.8084942237695838, "LOG_R": 0.7614966358942261, "RF": 0.8626936316695353, "SVM": 0.7949206349206349, "DNN": 0.760450980392157}, "1": {"AB": 0.8315720039857971, "AC": 0.3478987323380916, "DS": 0.11468253968253968, "DT": 0.9063492063492062, "GM": 0.11468253968253968, "GN": 0.6162807630697539, "GB": 0.7296558227251296, "KNN": 0.8315720039857971, "KM": 0.337712096332786, "LR": 0.6162807630697539, "LRR": 0.6162807630697539, "LRL": 0.6162807630697539, "LRE": 0.6162807630697539, "LOG_R": 0.6519694297472074, "RF": 0.7176827674928138, "SVM": 0.6162807630697539, "DNN": 0.680040469825189}, "2": {"AB": 1.0, "AC": 0.3746993746993747, "DS": 0.3333333333333333, "DT": 1.0, "GM": 0.3333333333333333, "GN": 1.0, "GB": 1.0, "KNN": 1.0, "KM": 0.0, "LR": 0.98, "LRR": 0.98, "LRL": 0.98, "LRE": 0.98, "LOG_R": 1.0, "RF": 1.0, "SVM": 1.0, "DNN": 1.0}, "3": {"AB": 0.8953265516733009, "AC": 0.30456370623030093, "DS": 0.24951267056530213, "DT": 0.7646433156060884, "GM": 0.317162471395881, "GN": 0.5664160401002507, "GB": 0.7290100250626566, "KNN": 0.7620089725352884, "KM": 0.35525372571212976, "LR": 0.6511178901031008, "LRR": 0.6511178901031008, "LRL": 0.6511178901031008, "LRE": 0.6511178901031008, "LOG_R": 0.6511178901031008, "RF": 0.7290100250626566, "SVM": 0.6511178901031008, "DNN": 0.711546307629539}, "4": {"AB": 0.8260869565217391, "AC": 0.21300207039337477, "DS": 0.05152979066022545, "DT": 0.9130434782608695, "GM": 0.21300207039337477, "GN": 0.7698678133460742, "GB": 0.9539735626692147, "KNN": 0.7705745341614908, "KM": 0.19367588932806323, "LR": 0.7474120082815735, "LRR": 0.7474120082815735, "LRL": 0.7474120082815735, "LRE": 0.7474120082815735, "LOG_R": 0.7474120082815735, "RF": 0.8352067868504772, "SVM": 0.7474120082815735, "DNN": 0.7474120082815735}, "0 + 1": {"AB": 0.9245857699805069, "AC": 0.08124253285543608, "DS": 0.1507563901930099, "DT": 0.9813243546576879, "GM": 0.08124253285543608, "GN": 0.8632976057681426, "GB": 0.8811507936507936, "KNN": 0.9092049796275149, "KM": 0.08124253285543608, "LR": 0.8632976057681426, "LRR": 0.8632976057681426, "LRL": 0.8632976057681426, "LRE": 0.8632976057681426, "LOG_R": 0.8843304843304843, "RF": 0.8811507936507936, "SVM": 0.8189300411522635, "DNN": 0.904730872472808}, "0 + 2": {"AB": 1.0, "AC": 0.2121212121212121, "DS": 0.3333333333333333, "DT": 1.0, "GM": 0.7097288676236044, "GN": 1.0, "GB": 1.0, "KNN": 1.0, "KM": 0.2121212121212121, "LR": 0.98, "LRR": 0.98, "LRL": 0.98, "LRE": 0.98, "LOG_R": 1.0, "RF": 1.0, "SVM": 1.0, "DNN": 1.0}, "0 + 3": {"AB": 0.8947368421052632, "AC": 0.1754385964912281, "DS": 0.24951267056530213, "DT": 0.8688846852861541, "GM": 0.5413533834586466, "GN": 0.7462538699690403, "GB": 0.8026418988648091, "KNN": 0.8421052631578947, "KM": 0.7369284573204957, "LR": 0.8005728607232365, "LRR": 0.7901754385964912, "LRL": 0.7801857585139319, "LRE": 0.8005728607232365, "LOG_R": 0.7290100250626566, "RF": 0.8374060150375939, "SVM": 0.7290100250626566, "DNN": 0.6984922624020369}, "0 + 4": {"AB": 0.9539735626692147, "AC": 0.014492753623188408, "DS": 0.05152979066022545, "DT": 0.9539735626692147, "GM": 0.28326745718050067, "GN": 0.9539735626692147, "GB": 0.9539735626692147, "KNN": 0.7698678133460742, "KM": 0.9539735626692147, "LR": 0.8352067868504772, "LRR": 0.8352067868504772, "LRL": 0.8352067868504772, "LRE": 0.8352067868504772, "LOG_R": 0.8352067868504772, "RF": 0.8352067868504772, "SVM": 0.8352067868504772, "DNN": 0.9007246376811595}, "1 + 2": {"AB": 1.0, "AC": 0.2726171184980803, "DS": 0.22403100775193796, "DT": 1.0, "GM": 0.6161469344608879, "GN": 1.0, "GB": 1.0, "KNN": 1.0, "KM": 0.5581968152136557, "LR": 0.9881440948472411, "LRR": 0.9881440948472411, "LRL": 0.9881440948472411, "LRE": 0.9881440948472411, "LOG_R": 1.0, "RF": 1.0, "SVM": 1.0, "DNN": 1.0}, "1 + 3": {"AB": 0.9476632758366504, "AC": 0.4660213752772736, "DS": 0.24951267056530213, "DT": 0.869246286447827, "GM": 0.5152354570637119, "GN": 0.611174089068826, "GB": 0.7894736842105263, "KNN": 0.8953265516733009, "KM": 0.35525372571212976, "LR": 0.5411605937921727, "LRR": 0.5411605937921727, "LRL": 0.5615474288674926, "LRE": 0.5411605937921727, "LOG_R": 0.6436726737478617, "RF": 0.8164385594006157, "SVM": 0.5770897832817338, "DNN": 0.5556275303643725}, "1 + 4": {"AB": 0.8619206880076445, "AC": 0.28326745718050067, "DS": 0.05152979066022545, "DT": 0.8014492753623188, "GM": 0.28326745718050067, "GN": 0.8014492753623188, "GB": 0.8014492753623188, "KNN": 0.7579710144927536, "KM": 0.6778149386845039, "LR": 0.7474120082815735, "LRR": 0.7474120082815735, "LRL": 0.7474120082815735, "LRE": 0.7474120082815735, "LOG_R": 0.7474120082815735, "RF": 0.8352067868504772, "SVM": 0.7474120082815735, "DNN": 0.7474120082815735}, "2 + 3": {"AB": 1.0, "AC": 0.32485829959514173, "DS": 0.24951267056530213, "DT": 1.0, "GM": 0.49774436090225566, "GN": 1.0, "GB": 1.0, "KNN": 0.9737769370572309, "KM": 0.2932330827067669, "LR": 0.9865361077111384, "LRR": 0.9865361077111384, "LRL": 0.9865361077111384, "LRE": 0.9865361077111384, "LOG_R": 1.0, "RF": 1.0, "SVM": 1.0, "DNN": 1.0}, "2 + 4": {"AB": 1.0, "AC": 0.21300207039337477, "DS": 0.05152979066022545, "DT": 1.0, "GM": 0.21300207039337477, "GN": 1.0, "GB": 1.0, "KNN": 1.0, "KM": 0.21300207039337477, "LR": 1.0, "LRR": 1.0, "LRL": 1.0, "LRE": 1.0, "LOG_R": 1.0, "RF": 1.0, "SVM": 1.0, "DNN": 1.0}, "3 + 4": {"AB": 0.8352067868504772, "AC": 0.28326745718050067, "DS": 0.05152979066022545, "DT": 0.8352067868504772, "GM": 0.28326745718050067, "GN": 0.7474120082815735, "GB": 0.7474120082815735, "KNN": 0.8352067868504772, "KM": 0.6778149386845039, "LR": 0.7474120082815735, "LRR": 0.7474120082815735, "LRL": 0.7474120082815735, "LRE": 0.7474120082815735, "LOG_R": 0.7474120082815735, "RF": 0.7474120082815735, "SVM": 0.7474120082815735, "DNN": 0.7474120082815735}, "0 + 1 + 2": {"AB": 1.0, "AC": 0.7684635913076631, "DS": 0.22403100775193796, "DT": 1.0, "GM": 0.7053461087839248, "GN": 1.0, "GB": 1.0, "KNN": 1.0, "KM": 0.17251585623678647, "LR": 0.9629805410536307, "LRR": 0.9758139534883721, "LRL": 0.9629805410536307, "LRE": 0.9758139534883721, "LOG_R": 1.0, "RF": 1.0, "SVM": 1.0, "DNN": 1.0}, "0 + 1 + 3": {"AB": 0.9473684210526315, "AC": 0.7369284573204957, "DS": 0.24951267056530213, "DT": 0.8947368421052632, "GM": 0.16125419932810753, "GN": 0.7533118510562119, "GB": 0.8121404023632082, "KNN": 0.9215477718686961, "KM": 0.13099415204678364, "LR": 0.7801857585139319, "LRR": 0.7801857585139319, "LRL": 0.7801857585139319, "LRE": 0.7801857585139319, "LOG_R": 0.7832080200501252, "RF": 0.8916040100250626, "SVM": 0.7222672064777328, "DNN": 0.8026418988648091}, "0 + 1 + 4": {"AB": 0.9130434782608695, "AC": 0.014492753623188408, "DS": 0.05152979066022545, "DT": 0.958349654001828, "GM": 1.0, "GN": 0.9193236714975844, "GB": 0.958349654001828, "KNN": 1.0, "KM": 0.0, "LR": 1.0, "LRR": 1.0, "LRL": 1.0, "LRE": 1.0, "LOG_R": 1.0, "RF": 0.9007246376811595, "SVM": 1.0, "DNN": 0.9539735626692147}, "0 + 2 + 3": {"AB": 1.0, "AC": 0.30456370623030093, "DS": 0.24951267056530213, "DT": 1.0, "GM": 0.11483253588516745, "GN": 1.0, "GB": 1.0, "KNN": 0.9737769370572309, "KM": 0.8333603238866396, "LR": 1.0, "LRR": 1.0, "LRL": 1.0, "LRE": 1.0, "LOG_R": 1.0, "RF": 1.0, "SVM": 1.0, "DNN": 1.0}, "0 + 2 + 4": {"AB": 1.0, "AC": 0.02782608695652174, "DS": 0.05152979066022545, "DT": 1.0, "GM": 0.19367588932806323, "GN": 0.9007246376811595, "GB": 1.0, "KNN": 0.9539735626692147, "KM": 0.7917482700091397, "LR": 0.9776733254994125, "LRR": 0.9776733254994125, "LRL": 0.9776733254994125, "LRE": 0.9776733254994125, "LOG_R": 0.9539735626692147, "RF": 1.0, "SVM": 0.9539735626692147, "DNN": 0.8352067868504772}, "0 + 3 + 4": {"AB": 0.8014492753623188, "AC": 0.9130434782608695, "DS": 0.05152979066022545,