{"0": {"AB": 0.21167373743147164, "AC": 0.21167373743147164, "DS": 0.21167373743147164, "DT": 0.21167373743147164, "GM": 0.21167373743147164, "GN": 0.21167373743147164, "GB": 0.21167373743147164, "KNN": 0.21167373743147164, "KM": 0.21167373743147164, "LR": 0.21167373743147164, "LRR": 0.21167373743147164, "LRL": 0.21167373743147164, "LRE": 0.21167373743147164, "LOG_R": 0.21167373743147164, "RF": 0.21167373743147164, "SVM": 0.21167373743147164, "DNN": 0.21167373743147164}, "1": {"AB": 0.19280762601105983, "AC": 0.19280762601105983, "DS": 0.19280762601105983, "DT": 0.19280762601105983, "GM": 0.19280762601105983, "GN": 0.19280762601105983, "GB": 0.19280762601105983, "KNN": 0.19280762601105983, "KM": 0.19280762601105983, "LR": 0.19280762601105983, "LRR": 0.19280762601105983, "LRL": 0.19280762601105983, "LRE": 0.19280762601105983, "LOG_R": 0.19280762601105983, "RF": 0.19280762601105983, "SVM": 0.19280762601105983, "DNN": 0.19280762601105983}, "2": {"AB": 0.07153046411640261, "AC": 0.07153046411640261, "DS": 0.07153046411640261, "DT": 0.07153046411640261, "GM": 0.07153046411640261, "GN": 0.07153046411640261, "GB": 0.07153046411640261, "KNN": 0.07153046411640261, "KM": 0.07153046411640261, "LR": 0.07153046411640261, "LRR": 0.07153046411640261, "LRL": 0.07153046411640261, "LRE": 0.07153046411640261, "LOG_R": 0.07153046411640261, "RF": 0.07153046411640261, "SVM": 0.07153046411640261, "DNN": 0.07153046411640261}, "3": {"AB": 0.06780215503366847, "AC": 0.06780215503366847, "DS": 0.06780215503366847, "DT": 0.06780215503366847, "GM": 0.06780215503366847, "GN": 0.06780215503366847, "GB": 0.06780215503366847, "KNN": 0.06780215503366847, "KM": 0.06780215503366847, "LR": 0.06780215503366847, "LRR": 0.06780215503366847, "LRL": 0.06780215503366847, "LRE": 0.06780215503366847, "LOG_R": 0.06780215503366847, "RF": 0.06780215503366847, "SVM": 0.06780215503366847, "DNN": 0.06780215503366847}, "4": {"AB": 0.06372168328097551, "AC": 0.06372168328097551, "DS": 0.06372168328097551, "DT": 0.06372168328097551, "GM": 0.06372168328097551, "GN": 0.06372168328097551, "GB": 0.06372168328097551, "KNN": 0.06372168328097551, "KM": 0.06372168328097551, "LR": 0.06372168328097551, "LRR": 0.06372168328097551, "LRL": 0.06372168328097551, "LRE": 0.06372168328097551, "LOG_R": 0.06372168328097551, "RF": 0.06372168328097551, "SVM": 0.06372168328097551, "DNN": 0.06372168328097551}, "0 + 1": {"AB": 0.2593684830637607, "AC": 0.2593684830637607, "DS": 0.2593684830637607, "DT": 0.2593684830637607, "GM": 0.2593684830637607, "GN": 0.2593684830637607, "GB": 0.2593684830637607, "KNN": 0.2593684830637607, "KM": 0.2593684830637607, "LR": 0.2593684830637607, "LRR": 0.2593684830637607, "LRL": 0.2593684830637607, "LRE": 0.2593684830637607, "LOG_R": 0.2593684830637607, "RF": 0.2593684830637607, "SVM": 0.2593684830637607, "DNN": 0.2593684830637607}, "0 + 2": {"AB": 0.1492120246111696, "AC": 0.1492120246111696, "DS": 0.1492120246111696, "DT": 0.1492120246111696, "GM": 0.1492120246111696, "GN": 0.1492120246111696, "GB": 0.1492120246111696, "KNN": 0.1492120246111696, "KM": 0.1492120246111696, "LR": 0.1492120246111696, "LRR": 0.1492120246111696, "LRL": 0.1492120246111696, "LRE": 0.1492120246111696, "LOG_R": 0.1492120246111696, "RF": 0.1492120246111696, "SVM": 0.1492120246111696, "DNN": 0.1492120246111696}, "0 + 3": {"AB": 0.15092142757966395, "AC": 0.15092142757966395, "DS": 0.15092142757966395, "DT": 0.15092142757966395, "GM": 0.15092142757966395, "GN": 0.15092142757966395, "GB": 0.15092142757966395, "KNN": 0.15092142757966395, "KM": 0.15092142757966395, "LR": 0.15092142757966395, "LRR": 0.15092142757966395, "LRL": 0.15092142757966395, "LRE": 0.15092142757966395, "LOG_R": 0.15092142757966395, "RF": 0.15092142757966395, "SVM": 0.15092142757966395, "DNN": 0.15092142757966395}, "0 + 4": {"AB": 0.14167898168191467, "AC": 0.14167898168191467, "DS": 0.14167898168191467, "DT": 0.14167898168191467, "GM": 0.14167898168191467, "GN": 0.14167898168191467, "GB": 0.14167898168191467, "KNN": 0.14167898168191467, "KM": 0.14167898168191467, "LR": 0.14167898168191467, "LRR": 0.14167898168191467, "LRL": 0.14167898168191467, "LRE": 0.14167898168191467, "LOG_R": 0.14167898168191467, "RF": 0.14167898168191467, "SVM": 0.14167898168191467, "DNN": 0.14167898168191467}, "1 + 2": {"AB": 0.15487815555628387, "AC": 0.15487815555628387, "DS": 0.15487815555628387, "DT": 0.15487815555628387, "GM": 0.15487815555628387, "GN": 0.15487815555628387, "GB": 0.15487815555628387, "KNN": 0.15487815555628387, "KM": 0.15487815555628387, "LR": 0.15487815555628387, "LRR": 0.15487815555628387, "LRL": 0.15487815555628387, "LRE": 0.15487815555628387, "LOG_R": 0.15487815555628387, "RF": 0.15487815555628387, "SVM": 0.15487815555628387, "DNN": 0.15487815555628387}, "1 + 3": {"AB": 0.15134974637936982, "AC": 0.15134974637936982, "DS": 0.15134974637936982, "DT": 0.15134974637936982, "GM": 0.15134974637936982, "GN": 0.15134974637936982, "GB": 0.15134974637936982, "KNN": 0.15134974637936982, "KM": 0.15134974637936982, "LR": 0.15134974637936982, "LRR": 0.15134974637936982, "LRL": 0.15134974637936982, "LRE": 0.15134974637936982, "LOG_R": 0.15134974637936982, "RF": 0.15134974637936982, "SVM": 0.15134974637936982, "DNN": 0.15134974637936982}, "1 + 4": {"AB": 0.1402375706119337, "AC": 0.1402375706119337, "DS": 0.1402375706119337, "DT": 0.1402375706119337, "GM": 0.1402375706119337, "GN": 0.1402375706119337, "GB": 0.1402375706119337, "KNN": 0.1402375706119337, "KM": 0.1402375706119337, "LR": 0.1402375706119337, "LRR": 0.1402375706119337, "LRL": 0.1402375706119337, "LRE": 0.1402375706119337, "LOG_R": 0.1402375706119337, "RF": 0.1402375706119337, "SVM": 0.1402375706119337, "DNN": 0.1402375706119337}, "2 + 3": {"AB": 0.09356756405926984, "AC": 0.09356756405926984, "DS": 0.09356756405926984, "DT": 0.09356756405926984, "GM": 0.09356756405926984, "GN": 0.09356756405926984, "GB": 0.09356756405926984, "KNN": 0.09356756405926984, "KM": 0.09356756405926984, "LR": 0.09356756405926984, "LRR": 0.09356756405926984, "LRL": 0.09356756405926984, "LRE": 0.09356756405926984, "LOG_R": 0.09356756405926984, "RF": 0.09356756405926984, "SVM": 0.09356756405926984, "DNN": 0.09356756405926984}, "2 + 4": {"AB": 0.08870161185472321, "AC": 0.08870161185472321, "DS": 0.08870161185472321, "DT": 0.08870161185472321, "GM": 0.08870161185472321, "GN": 0.08870161185472321, "GB": 0.08870161185472321, "KNN": 0.08870161185472321, "KM": 0.08870161185472321, "LR": 0.08870161185472321, "LRR": 0.08870161185472321, "LRL": 0.08870161185472321, "LRE": 0.08870161185472321, "LOG_R": 0.08870161185472321, "RF": 0.08870161185472321, "SVM": 0.08870161185472321, "DNN": 0.08870161185472321}, "3 + 4": {"AB": 0.08695077443136556, "AC": 0.08695077443136556, "DS": 0.08695077443136556, "DT": 0.08695077443136556, "GM": 0.08695077443136556, "GN": 0.08695077443136556, "GB": 0.08695077443136556, "KNN": 0.08695077443136556, "KM": 0.08695077443136556, "LR": 0.08695077443136556, "LRR": 0.08695077443136556, "LRL": 0.08695077443136556, "LRE": 0.08695077443136556, "LOG_R": 0.08695077443136556, "RF": 0.08695077443136556, "SVM": 0.08695077443136556, "DNN": 0.08695077443136556}, "0 + 1 + 2": {"AB": 0.1970837250138072, "AC": 0.1970837250138072, "DS": 0.1970837250138072, "DT": 0.1970837250138072, "GM": 0.1970837250138072, "GN": 0.1970837250138072, "GB": 0.1970837250138072, "KNN": 0.1970837250138072, "KM": 0.1970837250138072, "LR": 0.1970837250138072, "LRR": 0.1970837250138072, "LRL": 0.1970837250138072, "LRE": 0.1970837250138072, "LOG_R": 0.1970837250138072, "RF": 0.1970837250138072, "SVM": 0.1970837250138072, "DNN": 0.1970837250138072}, "0 + 1 + 3": {"AB": 0.1935972770451225, "AC": 0.1935972770451225, "DS": 0.1935972770451225, "DT": 0.1935972770451225, "GM": 0.1935972770451225, "GN": 0.1935972770451225, "GB": 0.1935972770451225, "KNN": 0.1935972770451225, "KM": 0.1935972770451225, "LR": 0.1935972770451225, "LRR": 0.1935972770451225, "LRL": 0.1935972770451225, "LRE": 0.1935972770451225, "LOG_R": 0.1935972770451225, "RF": 0.1935972770451225,