{"0": {"AB": 0.9579583207490185, "AC": 0.029432154786664142, "DS": 0.00638895987733197, "DT": 0.9299305345816973, "GM": 0.9078173157747269, "GN": 0.9019027484143761, "GB": 0.9385448771831512, "KNN": 0.9190882711636317, "KM": 0.9078173157747269, "LR": 0.9136610499930373, "LRR": 0.9136610499930373, "LRL": 0.9136610499930373, "LRE": 0.9136610499930373, "LOG_R": 0.9136610499930373, "RF": 0.9385448771831512, "SVM": 0.9136610499930373, "DNN": 0.9136610499930373}, "1": {"AB": 1.0, "AC": 0.3598750975800156, "DS": 0.3333333333333333, "DT": 1.0, "GM": 0.4098484848484848, "GN": 1.0, "GB": 1.0, "KNN": 1.0, "KM": 0.0, "LR": 0.9556277056277057, "LRR": 0.9556277056277057, "LRL": 0.9556277056277057, "LRE": 0.9556277056277057, "LOG_R": 1.0, "RF": 1.0, "SVM": 1.0, "DNN": 1.0}, "2": {"AB": 0.890207075064711, "AC": 0.6816905991945654, "DS": 0.012419274714356679, "DT": 0.9016393442622951, "GM": 0.07611998304126623, "GN": 0.8788006165055344, "GB": 0.8793784354498123, "KNN": 0.8705483323911813, "KM": 0.39562841530054643, "LR": 0.8788006165055344, "LRR": 0.8788006165055344, "LRL": 0.8788006165055344, "LRE": 0.8788006165055344, "LOG_R": 0.8788006165055344, "RF": 0.8788006165055344, "SVM": 0.8788006165055344, "DNN": 0.8788006165055344}, "3": {"AB": 0.8462851511631999, "AC": 0.534080298786181, "DS": 0.1397599690282617, "DT": 0.8140589569160998, "GM": 0.29136849545012816, "GN": 0.5450229187934107, "GB": 0.8747139165743817, "KNN": 0.77113872750824, "KM": 0.534080298786181, "LR": 0.5743954902833408, "LRR": 0.5743954902833408, "LRL": 0.5743954902833408, "LRE": 0.5743954902833408, "LOG_R": 0.5743954902833408, "RF": 0.792063492063492, "SVM": 0.5743954902833408, "DNN": 0.7266313932980599}, "4": {"AB": 0.9827534939042522, "AC": 0.14705882352941177, "DS": 0.3333333333333333, "DT": 1.0, "GM": 0.3333333333333333, "GN": 1.0, "GB": 1.0, "KNN": 1.0, "KM": 1.0, "LR": 1.0, "LRR": 1.0, "LRL": 1.0, "LRE": 1.0, "LOG_R": 1.0, "RF": 1.0, "SVM": 1.0, "DNN": 1.0}, "0 + 1": {"AB": 1.0, "AC": 0.06418219461697722, "DS": 0.021312872975277068, "DT": 1.0, "GM": 0.06418219461697722, "GN": 1.0, "GB": 1.0, "KNN": 1.0, "KM": 0.3467494824016563, "LR": 0.9889962426194309, "LRR": 0.9889962426194309, "LRL": 1.0, "LRE": 0.9889962426194309, "LOG_R": 1.0, "RF": 1.0, "SVM": 1.0, "DNN": 1.0}, "0 + 2": {"AB": 0.9827683479214018, "AC": 0.04482201721200858, "DS": 0.012419274714356679, "DT": 0.9827683479214018, "GM": 0.8379976167613405, "GN": 0.9672131147540983, "GB": 0.9136988882607876, "KNN": 1.0, "KM": 0.26208218011496703, "LR": 0.8788006165055344, "LRR": 0.8788006165055344, "LRL": 0.8788006165055344, "LRE": 0.8788006165055344, "LOG_R": 0.8788006165055344, "RF": 0.9409225129823847, "SVM": 0.9409225129823847, "DNN": 0.9136988882607876}, "0 + 3": {"AB": 0.9785727024892353, "AC": 0.05916228126470714, "DS": 0.01889644746787604, "DT": 0.9280855199222546, "GM": 0.05916228126470714, "GN": 0.907932403730723, "GB": 0.9785727024892353, "KNN": 0.9804021922248524, "KM": 0.05916228126470714, "LR": 0.839396628216504, "LRR": 0.839396628216504, "LRL": 0.839396628216504, "LRE": 0.839396628216504, "LOG_R": 0.8496818082071538, "RF": 0.9785727024892353, "SVM": 0.8496818082071538, "DNN": 0.8496818082071538}, "0 + 4": {"AB": 1.0, "AC": 0.29411764705882354, "DS": 0.037707390648567124, "DT": 1.0, "GM": 0.27934810287751466, "GN": 1.0, "GB": 1.0, "KNN": 1.0, "KM": 0.29411764705882354, "LR": 0.9850361197110423, "LRR": 0.9850361197110423, "LRL": 0.9850361197110423, "LRE": 0.9850361197110423, "LOG_R": 1.0, "RF": 1.0, "SVM": 1.0, "DNN": 1.0}, "1 + 2": {"AB": 1.0, "AC": 0.6593210244192972, "DS": 0.021312872975277068, "DT": 1.0, "GM": 0.7946568884232583, "GN": 1.0, "GB": 1.0, "KNN": 1.0, "KM": 0.5767263427109974, "LR": 0.9777173913043479, "LRR": 0.9777173913043479, "LRL": 0.9777173913043479, "LRE": 0.9777173913043479, "LOG_R": 1.0, "RF": 1.0, "SVM": 1.0, "DNN": 1.0}, "1 + 3": {"AB": 1.0, "AC": 0.1868131868131868, "DS": 0.15232067510548525, "DT": 1.0, "GM": 0.36643518518518525, "GN": 1.0, "GB": 1.0, "KNN": 1.0, "KM": 0.36643518518518525, "LR": 0.9747970085470086, "LRR": 0.9747970085470086, "LRL": 0.9834441278885723, "LRE": 0.9747970085470086, "LOG_R": 1.0, "RF": 1.0, "SVM": 0.9834441278885723, "DNN": 1.0}, "1 + 4": {"AB": 1.0, "AC": 0.4056925996204934, "DS": 0.3333333333333333, "DT": 1.0, "GM": 1.0, "GN": 1.0, "GB": 1.0, "KNN": 1.0, "KM": 0.0, "LR": 0.9821428571428572, "LRR": 0.9821428571428572, "LRL": 0.9821428571428572, "LRE": 0.9821428571428572, "LOG_R": 1.0, "RF": 1.0, "SVM": 1.0, "DNN": 1.0}, "2 + 3": {"AB": 0.9266651715631307, "AC": 0.05916228126470714, "DS": 0.01889644746787604, "DT": 0.8928635124461771, "GM": 0.05916228126470714, "GN": 0.941206576674557, "GB": 0.8929310854776693, "KNN": 0.9183673469387755, "KM": 0.839396628216504, "LR": 0.839396628216504, "LRR": 0.839396628216504, "LRL": 0.839396628216504, "LRE": 0.839396628216504, "LOG_R": 0.8071543224031185, "RF": 0.8929310854776693, "SVM": 0.8496818082071538, "DNN": 0.8496818082071538}, "2 + 4": {"AB": 1.0, "AC": 0.37765522875817, "DS": 0.037707390648567124, "DT": 1.0, "GM": 0.17647058823529416, "GN": 1.0, "GB": 1.0, "KNN": 1.0, "KM": 0.611542730299667, "LR": 1.0, "LRR": 1.0, "LRL": 1.0, "LRE": 1.0, "LOG_R": 1.0, "RF": 1.0, "SVM": 1.0, "DNN": 1.0}, "3 + 4": {"AB": 1.0, "AC": 0.26818181818181813, "DS": 0.22450248756218905, "DT": 1.0, "GM": 0.47686322686322685, "GN": 1.0, "GB": 1.0, "KNN": 1.0, "KM": 0.2981770833333333, "LR": 0.979251012145749, "LRR": 0.979251012145749, "LRL": 1.0, "LRE": 0.979251012145749, "LOG_R": 1.0, "RF": 1.0, "SVM": 1.0, "DNN": 1.0}, "0 + 1 + 2": {"AB": 1.0, "AC": 0.1050948185138565, "DS": 0.021312872975277068, "DT": 1.0, "GM": 0.1050948185138565, "GN": 1.0, "GB": 1.0, "KNN": 1.0, "KM": 0.8179028132992328, "LR": 0.9777173913043479, "LRR": 0.9777173913043479, "LRL": 0.9889962426194309, "LRE": 0.9777173913043479, "LOG_R": 1.0, "RF": 1.0, "SVM": 1.0, "DNN": 1.0}, "0 + 1 + 3": {"AB": 1.0, "AC": 0.06418219461697722, "DS": 0.021312872975277068, "DT": 1.0, "GM": 0.8064182194616976, "GN": 1.0, "GB": 1.0, "KNN": 0.9791148196945297, "KM": 0.14418642951251648, "LR": 0.9889962426194309, "LRR": 0.9889962426194309, "LRL": 0.9889962426194309, "LRE": 0.9889962426194309, "LOG_R": 1.0, "RF": 1.0, "SVM": 1.0, "DNN": 1.0}, "0 + 1 + 4": {"AB": 1.0, "AC": 0.09556243550051599, "DS": 0.037707390648567124, "DT": 1.0, "GM": 0.6883384932920537, "GN": 1.0, "GB": 1.0, "KNN": 1.0, "KM": 0.755062680810029, "LR": 1.0, "LRR": 1.0, "LRL": 1.0, "LRE": 1.0, "LOG_R": 1.0, "RF": 1.0, "SVM": 1.0, "DNN": 1.0}, "0 + 2 + 3": {"AB": 0.9545351473922902, "AC": 0.8071543224031185, "DS": 0.01889644746787604, "DT": 0.8775510204081632, "GM": 0.17006802721088438, "GN": 0.9591836734693877, "GB": 0.9266651715631307, "KNN": 0.9357181074677063, "KM": 0.17006802721088438, "LR": 0.8496818082071538, "LRR": 0.8496818082071538, "LRL": 0.8496818082071538, "LRE": 0.8496818082071538, "LOG_R": 0.9266651715631307, "RF": 0.9545351473922902, "SVM": 0.9545351473922902, "DNN": 0.8929310854776693}, "0 + 2 + 4": {"AB": 1.0, "AC": 0.12859689330277563, "DS": 0.037707390648567124, "DT": 1.0, "GM": 0.5690821256038647, "GN": 1.0, "GB": 1.0, "KNN": 1.0, "KM": 0.4807153630683043, "LR": 0.9692035006092832, "LRR": 0.9692035006092832, "LRL": 0.9692035006092832, "LRE": 0.9692035006092832, "LOG_R": 0.9692035006092832, "RF": 1.0, "SVM": 1.0, "DNN": 0.9348039215686273}, "0 + 3 + 4": {"AB": 1.0, "AC": 0.09556243550051599, "DS": 0.037707390648567124, "DT": 1.0, "GM": 0.8250447720071634, "GN": 0.9692035006092832, "GB": 1.0, "KNN": 1.0, "KM": 0.09556243550051599, "LR": 0.9028825205295794, "LRR": 0.9561688311688312, "LRL": 0.9850361197110423, "LRE": 0.9561688311688312, "LOG_R": 1.0, "RF": 1.0, "SVM": 1.0, "DNN": 0.9348039215686273}, "1 + 2 + 3": {"AB": 1.0, "AC": 0.18158084078528108, "DS": 0.021312872975277068, "DT": 1.0, "GM": 0.24258893280632413, "GN": 1.0, "GB": 1.0, "KNN": 0.9791148196945297, "KM": 0.24258893280632413, "LR": 0.9889962426194309, "LRR": 0.9889962426194309, "LRL": 1.0, "LRE": 0.9889962426194309, "LOG_R": 1.0, "RF": 1.0, "SVM": 1.0,