{"0": {"AB": 0.7422267654825794, "AC": 0.2652380952380952, "DS": 0.30523968784838346, "DT": 0.7565305476416588, "GM": 0.4910352805089647, "GN": 0.5685545224006763, "GB": 0.8205128205128205, "KNN": 0.7821587695005416, "KM": 0.5360081778686431, "LR": 0.5597319347319348, "LRR": 0.5597319347319348, "LRL": 0.5597319347319348, "LRE": 0.5597319347319348, "LOG_R": 0.5479183485180488, "RF": 0.6791387959866221, "SVM": 0.5479183485180488, "DNN": 0.5897435897435898}, "1": {"AB": 0.8394847020933978, "AC": 0.5334949494949496, "DS": 0.35578947368421054, "DT": 0.8394847020933978, "GM": 0.35578947368421054, "GN": 0.5514285714285714, "GB": 0.8394847020933978, "KNN": 0.755270935960591, "KM": 0.5334949494949496, "LR": 0.34666666666666673, "LRR": 0.34666666666666673, "LRL": 0.35578947368421054, "LRE": 0.34666666666666673, "LOG_R": 0.34666666666666673, "RF": 0.7742703596527492, "SVM": 0.35578947368421054, "DNN": 0.5557487922705314}, "2": {"AB": 0.7680499325236166, "AC": 0.4502457002457003, "DS": 0.40499999999999997, "DT": 0.7482142857142856, "GM": 0.4502457002457003, "GN": 0.7302287581699347, "GB": 0.7482142857142856, "KNN": 0.722343105817682, "KM": 0.4502457002457003, "LR": 0.7582547169811319, "LRR": 0.7582547169811319, "LRL": 0.7582547169811319, "LRE": 0.7582547169811319, "LOG_R": 0.7701219512195121, "RF": 0.7482142857142856, "SVM": 0.7701219512195121, "DNN": 0.7713361123299691}, "3": {"AB": 1.0, "AC": 0.20754716981132074, "DS": 0.3333333333333333, "DT": 1.0, "GM": 0.4750000000000001, "GN": 1.0, "GB": 1.0, "KNN": 1.0, "KM": 0.08695652173913043, "LR": 0.9878048780487804, "LRR": 0.9878048780487804, "LRL": 0.9878048780487804, "LRE": 0.9878048780487804, "LOG_R": 1.0, "RF": 1.0, "SVM": 1.0, "DNN": 1.0}, "4": {"AB": 0.8859420918244448, "AC": 0.5926136363636365, "DS": 0.41172595520421607, "DT": 0.8636363636363636, "GM": 0.26046176046176045, "GN": 0.532228640924293, "GB": 0.8829201101928373, "KNN": 0.9071103188750249, "KM": 0.38922960796339107, "LR": 0.41172595520421607, "LRR": 0.41172595520421607, "LRL": 0.41172595520421607, "LRE": 0.41172595520421607, "LOG_R": 0.41172595520421607, "RF": 0.8847096299926488, "SVM": 0.41172595520421607, "DNN": 0.41172595520421607}, "0 + 1": {"AB": 0.7362872297021624, "AC": 0.33729729729729735, "DS": 0.35578947368421054, "DT": 0.7576623376623375, "GM": 0.34666666666666673, "GN": 0.61771176234444, "GB": 0.7980519480519481, "KNN": 0.7520000000000002, "KM": 0.6595918367346938, "LR": 0.7291803278688525, "LRR": 0.7291803278688525, "LRL": 0.6921868540719305, "LRE": 0.7291803278688525, "LOG_R": 0.6921868540719305, "RF": 0.7993558776167471, "SVM": 0.6566666666666666, "DNN": 0.6742857142857143}, "0 + 2": {"AB": 0.7713361123299691, "AC": 0.4502457002457003, "DS": 0.40499999999999997, "DT": 0.8102226720647773, "GM": 0.31039915966386555, "GN": 0.631541019955654, "GB": 0.9373059866962304, "KNN": 0.7559523809523809, "KM": 0.5702588181401741, "LR": 0.8388157894736841, "LRR": 0.8388157894736841, "LRL": 0.8388157894736841, "LRE": 0.8388157894736841, "LOG_R": 0.8504924415941365, "RF": 0.9373059866962304, "SVM": 0.8119300911854103, "DNN": 0.8960618692408951}, "0 + 3": {"AB": 1.0, "AC": 0.31773879142300193, "DS": 0.3333333333333333, "DT": 1.0, "GM": 0.10638297872340424, "GN": 1.0, "GB": 1.0, "KNN": 1.0, "KM": 0.9045454545454544, "LR": 0.9878048780487804, "LRR": 0.9878048780487804, "LRL": 0.9878048780487804, "LRE": 0.9878048780487804, "LOG_R": 1.0, "RF": 1.0, "SVM": 1.0, "DNN": 1.0}, "0 + 4": {"AB": 0.8413253413253414, "AC": 0.4010695187165774, "DS": 0.41172595520421607, "DT": 0.8642045454545454, "GM": 0.4010695187165774, "GN": 0.5692976274371624, "GB": 0.6955922865013774, "KNN": 0.7677757971875618, "KM": 0.4179223933322294, "LR": 0.6146472575044004, "LRR": 0.6146472575044004, "LRL": 0.6146472575044004, "LRE": 0.6146472575044004, "LOG_R": 0.6146472575044004, "RF": 0.6599828742685886, "SVM": 0.5701986130112752, "DNN": 0.5415695415695416}, "1 + 2": {"AB": 0.8723404255319149, "AC": 0.3409574468085106, "DS": 0.39405421160011656, "DT": 0.8723404255319149, "GM": 0.39405421160011656, "GN": 0.49073205914172374, "GB": 0.8493974110995387, "KNN": 0.8493974110995387, "KM": 0.5558085621554788, "LR": 0.6520900741902801, "LRR": 0.6520900741902801, "LRL": 0.5933969185619956, "LRE": 0.6520900741902801, "LOG_R": 0.6520900741902801, "RF": 0.9362866373664754, "SVM": 0.6057020840823175, "DNN": 0.9151257253384911}, "1 + 3": {"AB": 1.0, "AC": 0.43121881682109764, "DS": 0.3333333333333333, "DT": 1.0, "GM": 0.3225806451612903, "GN": 1.0, "GB": 1.0, "KNN": 1.0, "KM": 0.9761769710720364, "LR": 0.9750000000000001, "LRR": 0.9750000000000001, "LRL": 0.9750000000000001, "LRE": 0.9750000000000001, "LOG_R": 1.0, "RF": 1.0, "SVM": 1.0, "DNN": 1.0}, "1 + 4": {"AB": 0.7506459948320415, "AC": 0.4010695187165774, "DS": 0.41172595520421607, "DT": 0.8189393939393939, "GM": 0.26046176046176045, "GN": 0.6321927634025822, "GB": 0.7736683606248824, "KNN": 0.7707847707847708, "KM": 0.5089910089910089, "LR": 0.553044733044733, "LRR": 0.553044733044733, "LRL": 0.5700757575757577, "LRE": 0.553044733044733, "LOG_R": 0.553044733044733, "RF": 0.7511676180591593, "SVM": 0.41172595520421607, "DNN": 0.5831517985229265}, "2 + 3": {"AB": 0.9761769710720364, "AC": 0.08695652173913043, "DS": 0.3333333333333333, "DT": 0.9761769710720364, "GM": 0.3333333333333333, "GN": 1.0, "GB": 0.9761769710720364, "KNN": 0.9761769710720364, "KM": 0.9282051282051281, "LR": 0.9282051282051281, "LRR": 0.9282051282051281, "LRL": 0.9282051282051281, "LRE": 0.9282051282051281, "LOG_R": 0.9282051282051281, "RF": 0.9761769710720364, "SVM": 0.9761769710720364, "DNN": 0.9282051282051281}, "2 + 4": {"AB": 0.9090909090909091, "AC": 0.3427128427128427, "DS": 0.41172595520421607, "DT": 0.954156954156954, "GM": 0.41172595520421607, "GN": 0.8416521205831015, "GB": 0.8847096299926488, "KNN": 0.9090909090909091, "KM": 0.48910675381263624, "LR": 0.8189393939393939, "LRR": 0.8189393939393939, "LRL": 0.8189393939393939, "LRE": 0.8189393939393939, "LOG_R": 0.8189393939393939, "RF": 0.9083139083139083, "SVM": 0.6790986790986792, "DNN": 0.7249417249417249}, "3 + 4": {"AB": 1.0, "AC": 0.0, "DS": 0.36147540983606563, "DT": 1.0, "GM": 0.36147540983606563, "GN": 1.0, "GB": 1.0, "KNN": 1.0, "KM": 0.023170731707317073, "LR": 0.9497474747474748, "LRR": 0.9497474747474748, "LRL": 0.9497474747474748, "LRE": 0.9497474747474748, "LOG_R": 0.9749528598365809, "RF": 1.0, "SVM": 1.0, "DNN": 0.9749528598365809}, "0 + 1 + 2": {"AB": 0.8924267222139564, "AC": 0.3841607565011821, "DS": 0.39405421160011656, "DT": 0.8715130023640663, "GM": 0.3841607565011821, "GN": 0.7633387888707037, "GB": 0.8297872340425532, "KNN": 0.9134538473844186, "KM": 0.6308795956631614, "LR": 0.7836346184610462, "LRR": 0.7836346184610462, "LRL": 0.7836346184610462, "LRE": 0.7836346184610462, "LOG_R": 0.8063680999851212, "RF": 0.8063680999851212, "SVM": 0.7858550039401103, "DNN": 0.830095590502621}, "0 + 1 + 3": {"AB": 1.0, "AC": 0.25, "DS": 0.3333333333333333, "DT": 1.0, "GM": 0.9282051282051281, "GN": 1.0, "GB": 1.0, "KNN": 0.9761769710720364, "KM": 0.1923076923076923, "LR": 0.9388111888111887, "LRR": 0.9388111888111887, "LRL": 0.9388111888111887, "LRE": 0.9388111888111887, "LOG_R": 0.9761769710720364, "RF": 1.0, "SVM": 0.9761769710720364, "DNN": 0.9522727272727274}, "0 + 1 + 4": {"AB": 0.9315652550946667, "AC": 0.37878787878787884, "DS": 0.41172595520421607, "DT": 0.9090909090909091, "GM": 0.3900949796472185, "GN": 0.5909090909090909, "GB": 0.9094696969696969, "KNN": 0.8847096299926488, "KM": 0.6426506720624368, "LR": 0.7424242424242425, "LRR": 0.7424242424242425, "LRL": 0.7424242424242425, "LRE": 0.7424242424242425, "LOG_R": 0.7424242424242425, "RF": 0.9319965748537178, "SVM": 0.7371250707413695, "DNN": 0.7892561983471075}, "0 + 2 + 3": {"AB": 1.0, "AC": 0.3609251369446135, "DS": 0.3333333333333333, "DT": 1.0, "GM": 0.37134711332858156, "GN": 1.0, "GB": 1.0, "KNN": 1.0, "KM": 0.1409090909090909, "LR": 0.9878048780487804, "LRR": 0.9878048780487804, "LRL": 0.9878048780487804, "LRE": 0.9878048780487804,