{"0": {"AB": 0.33239719248610144, "AC": 0.33239719248610144, "DS": 0.33239719248610144, "DT": 0.33239719248610144, "GM": 0.33239719248610144, "GN": 0.33239719248610144, "GB": 0.33239719248610144, "KNN": 0.33239719248610144, "KM": 0.33239719248610144, "LR": 0.33239719248610144, "LRR": 0.33239719248610144, "LRL": 0.33239719248610144, "LRE": 0.33239719248610144, "LOG_R": 0.33239719248610144, "RF": 0.33239719248610144, "SVM": 0.33239719248610144, "DNN": 0.33239719248610144}, "1": {"AB": 0.2103418845330667, "AC": 0.2103418845330667, "DS": 0.2103418845330667, "DT": 0.2103418845330667, "GM": 0.2103418845330667, "GN": 0.2103418845330667, "GB": 0.2103418845330667, "KNN": 0.2103418845330667, "KM": 0.2103418845330667, "LR": 0.2103418845330667, "LRR": 0.2103418845330667, "LRL": 0.2103418845330667, "LRE": 0.2103418845330667, "LOG_R": 0.2103418845330667, "RF": 0.2103418845330667, "SVM": 0.2103418845330667, "DNN": 0.2103418845330667}, "2": {"AB": 0.20152550446967313, "AC": 0.20152550446967313, "DS": 0.20152550446967313, "DT": 0.20152550446967313, "GM": 0.20152550446967313, "GN": 0.20152550446967313, "GB": 0.20152550446967313, "KNN": 0.20152550446967313, "KM": 0.20152550446967313, "LR": 0.20152550446967313, "LRR": 0.20152550446967313, "LRL": 0.20152550446967313, "LRE": 0.20152550446967313, "LOG_R": 0.20152550446967313, "RF": 0.20152550446967313, "SVM": 0.20152550446967313, "DNN": 0.20152550446967313}, "3": {"AB": 0.0941264989362576, "AC": 0.0941264989362576, "DS": 0.0941264989362576, "DT": 0.0941264989362576, "GM": 0.0941264989362576, "GN": 0.0941264989362576, "GB": 0.0941264989362576, "KNN": 0.0941264989362576, "KM": 0.0941264989362576, "LR": 0.0941264989362576, "LRR": 0.0941264989362576, "LRL": 0.0941264989362576, "LRE": 0.0941264989362576, "LOG_R": 0.0941264989362576, "RF": 0.0941264989362576, "SVM": 0.0941264989362576, "DNN": 0.0941264989362576}, "4": {"AB": 0.185391978945454, "AC": 0.185391978945454, "DS": 0.185391978945454, "DT": 0.185391978945454, "GM": 0.185391978945454, "GN": 0.185391978945454, "GB": 0.185391978945454, "KNN": 0.185391978945454, "KM": 0.185391978945454, "LR": 0.185391978945454, "LRR": 0.185391978945454, "LRL": 0.185391978945454, "LRE": 0.185391978945454, "LOG_R": 0.185391978945454, "RF": 0.185391978945454, "SVM": 0.185391978945454, "DNN": 0.185391978945454}, "0 + 1": {"AB": 0.312990303151154, "AC": 0.312990303151154, "DS": 0.312990303151154, "DT": 0.312990303151154, "GM": 0.312990303151154, "GN": 0.312990303151154, "GB": 0.312990303151154, "KNN": 0.312990303151154, "KM": 0.312990303151154, "LR": 0.312990303151154, "LRR": 0.312990303151154, "LRL": 0.312990303151154, "LRE": 0.312990303151154, "LOG_R": 0.312990303151154, "RF": 0.312990303151154, "SVM": 0.312990303151154, "DNN": 0.312990303151154}, "0 + 2": {"AB": 0.3039127128501744, "AC": 0.3039127128501744, "DS": 0.3039127128501744, "DT": 0.3039127128501744, "GM": 0.3039127128501744, "GN": 0.3039127128501744, "GB": 0.3039127128501744, "KNN": 0.3039127128501744, "KM": 0.3039127128501744, "LR": 0.3039127128501744, "LRR": 0.3039127128501744, "LRL": 0.3039127128501744, "LRE": 0.3039127128501744, "LOG_R": 0.3039127128501744, "RF": 0.3039127128501744, "SVM": 0.3039127128501744, "DNN": 0.3039127128501744}, "0 + 3": {"AB": 0.20301392001170002, "AC": 0.20301392001170002, "DS": 0.20301392001170002, "DT": 0.20301392001170002, "GM": 0.20301392001170002, "GN": 0.20301392001170002, "GB": 0.20301392001170002, "KNN": 0.20301392001170002, "KM": 0.20301392001170002, "LR": 0.20301392001170002, "LRR": 0.20301392001170002, "LRL": 0.20301392001170002, "LRE": 0.20301392001170002, "LOG_R": 0.20301392001170002, "RF": 0.20301392001170002, "SVM": 0.20301392001170002, "DNN": 0.20301392001170002}, "0 + 4": {"AB": 0.28779113244864507, "AC": 0.28779113244864507, "DS": 0.28779113244864507, "DT": 0.28779113244864507, "GM": 0.28779113244864507, "GN": 0.28779113244864507, "GB": 0.28779113244864507, "KNN": 0.28779113244864507, "KM": 0.28779113244864507, "LR": 0.28779113244864507, "LRR": 0.28779113244864507, "LRL": 0.28779113244864507, "LRE": 0.28779113244864507, "LOG_R": 0.28779113244864507, "RF": 0.28779113244864507, "SVM": 0.28779113244864507, "DNN": 0.28779113244864507}, "1 + 2": {"AB": 0.2687461939421397, "AC": 0.2687461939421397, "DS": 0.2687461939421397, "DT": 0.2687461939421397, "GM": 0.2687461939421397, "GN": 0.2687461939421397, "GB": 0.2687461939421397, "KNN": 0.2687461939421397, "KM": 0.2687461939421397, "LR": 0.2687461939421397, "LRR": 0.2687461939421397, "LRL": 0.2687461939421397, "LRE": 0.2687461939421397, "LOG_R": 0.2687461939421397, "RF": 0.2687461939421397, "SVM": 0.2687461939421397, "DNN": 0.2687461939421397}, "1 + 3": {"AB": 0.17613048489472494, "AC": 0.17613048489472494, "DS": 0.17613048489472494, "DT": 0.17613048489472494, "GM": 0.17613048489472494, "GN": 0.17613048489472494, "GB": 0.17613048489472494, "KNN": 0.17613048489472494, "KM": 0.17613048489472494, "LR": 0.17613048489472494, "LRR": 0.17613048489472494, "LRL": 0.17613048489472494, "LRE": 0.17613048489472494, "LOG_R": 0.17613048489472494, "RF": 0.17613048489472494, "SVM": 0.17613048489472494, "DNN": 0.17613048489472494}, "1 + 4": {"AB": 0.2569663397979416, "AC": 0.2569663397979416, "DS": 0.2569663397979416, "DT": 0.2569663397979416, "GM": 0.2569663397979416, "GN": 0.2569663397979416, "GB": 0.2569663397979416, "KNN": 0.2569663397979416, "KM": 0.2569663397979416, "LR": 0.2569663397979416, "LRR": 0.2569663397979416, "LRL": 0.2569663397979416, "LRE": 0.2569663397979416, "LOG_R": 0.2569663397979416, "RF": 0.2569663397979416, "SVM": 0.2569663397979416, "DNN": 0.2569663397979416}, "2 + 3": {"AB": 0.1711940906825075, "AC": 0.1711940906825075, "DS": 0.1711940906825075, "DT": 0.1711940906825075, "GM": 0.1711940906825075, "GN": 0.1711940906825075, "GB": 0.1711940906825075, "KNN": 0.1711940906825075, "KM": 0.1711940906825075, "LR": 0.1711940906825075, "LRR": 0.1711940906825075, "LRL": 0.1711940906825075, "LRE": 0.1711940906825075, "LOG_R": 0.1711940906825075, "RF": 0.1711940906825075, "SVM": 0.1711940906825075, "DNN": 0.1711940906825075}, "2 + 4": {"AB": 0.2535758256965358, "AC": 0.2535758256965358, "DS": 0.2535758256965358, "DT": 0.2535758256965358, "GM": 0.2535758256965358, "GN": 0.2535758256965358, "GB": 0.2535758256965358, "KNN": 0.2535758256965358, "KM": 0.2535758256965358, "LR": 0.2535758256965358, "LRR": 0.2535758256965358, "LRL": 0.2535758256965358, "LRE": 0.2535758256965358, "LOG_R": 0.2535758256965358, "RF": 0.2535758256965358, "SVM": 0.2535758256965358, "DNN": 0.2535758256965358}, "3 + 4": {"AB": 0.16349762882919283, "AC": 0.16349762882919283, "DS": 0.16349762882919283, "DT": 0.16349762882919283, "GM": 0.16349762882919283, "GN": 0.16349762882919283, "GB": 0.16349762882919283, "KNN": 0.16349762882919283, "KM": 0.16349762882919283, "LR": 0.16349762882919283, "LRR": 0.16349762882919283, "LRL": 0.16349762882919283, "LRE": 0.16349762882919283, "LOG_R": 0.16349762882919283, "RF": 0.16349762882919283, "SVM": 0.16349762882919283, "DNN": 0.16349762882919283}, "0 + 1 + 2": {"AB": 0.32723704224643746, "AC": 0.32723704224643746, "DS": 0.32723704224643746, "DT": 0.32723704224643746, "GM": 0.32723704224643746, "GN": 0.32723704224643746, "GB": 0.32723704224643746, "KNN": 0.32723704224643746, "KM": 0.32723704224643746, "LR": 0.32723704224643746, "LRR": 0.32723704224643746, "LRL": 0.32723704224643746, "LRE": 0.32723704224643746, "LOG_R": 0.32723704224643746, "RF": 0.32723704224643746, "SVM": 0.32723704224643746, "DNN": 0.32723704224643746}, "0 + 1 + 3": {"AB": 0.2372950542116899, "AC": 0.2372950542116899, "DS": 0.2372950542116899, "DT": 0.2372950542116899, "GM": 0.2372950542116899, "GN": 0.2372950542116899, "GB": 0.2372950542116899, "KNN": 0.2372950542116899, "KM": 0.2372950542116899, "LR": 0.2372950542116899, "LRR": 0.2372950542116899, "LRL": 0.2372950542116899, "LRE": 0.2372950542116899, "LOG_R": 0.2372950542116899, "RF": 0.2372950542116899, "SVM": 0.2372950542116899, "DNN": 0.2372950542116899}, "0 + 1 + 4": {"AB": 0.315872114712213, "AC": 0.315872114712213,