{"0": {"AB": 0.10388410439707188, "AC": 0.10388410439707188, "DS": 0.10388410439707188, "DT": 0.10388410439707188, "GM": 0.10388410439707188, "GN": 0.10388410439707188, "GB": 0.10388410439707188, "KNN": 0.10388410439707188, "KM": 0.10388410439707188, "LR": 0.10388410439707188, "LRR": 0.10388410439707188, "LRL": 0.10388410439707188, "LRE": 0.10388410439707188, "LOG_R": 0.10388410439707188, "RF": 0.10388410439707188, "SVM": 0.10388410439707188, "DNN": 0.10388410439707188}, "1": {"AB": 0.0681371694752471, "AC": 0.0681371694752471, "DS": 0.0681371694752471, "DT": 0.0681371694752471, "GM": 0.0681371694752471, "GN": 0.0681371694752471, "GB": 0.0681371694752471, "KNN": 0.0681371694752471, "KM": 0.0681371694752471, "LR": 0.0681371694752471, "LRR": 0.0681371694752471, "LRL": 0.0681371694752471, "LRE": 0.0681371694752471, "LOG_R": 0.0681371694752471, "RF": 0.0681371694752471, "SVM": 0.0681371694752471, "DNN": 0.0681371694752471}, "2": {"AB": 0.07015150804129945, "AC": 0.07015150804129945, "DS": 0.07015150804129945, "DT": 0.07015150804129945, "GM": 0.07015150804129945, "GN": 0.07015150804129945, "GB": 0.07015150804129945, "KNN": 0.07015150804129945, "KM": 0.07015150804129945, "LR": 0.07015150804129945, "LRR": 0.07015150804129945, "LRL": 0.07015150804129945, "LRE": 0.07015150804129945, "LOG_R": 0.07015150804129945, "RF": 0.07015150804129945, "SVM": 0.07015150804129945, "DNN": 0.07015150804129945}, "3": {"AB": 0.10834138430248441, "AC": 0.10834138430248441, "DS": 0.10834138430248441, "DT": 0.10834138430248441, "GM": 0.10834138430248441, "GN": 0.10834138430248441, "GB": 0.10834138430248441, "KNN": 0.10834138430248441, "KM": 0.10834138430248441, "LR": 0.10834138430248441, "LRR": 0.10834138430248441, "LRL": 0.10834138430248441, "LRE": 0.10834138430248441, "LOG_R": 0.10834138430248441, "RF": 0.10834138430248441, "SVM": 0.10834138430248441, "DNN": 0.10834138430248441}, "4": {"AB": 0.029979811300645715, "AC": 0.029979811300645715, "DS": 0.029979811300645715, "DT": 0.029979811300645715, "GM": 0.029979811300645715, "GN": 0.029979811300645715, "GB": 0.029979811300645715, "KNN": 0.029979811300645715, "KM": 0.029979811300645715, "LR": 0.029979811300645715, "LRR": 0.029979811300645715, "LRL": 0.029979811300645715, "LRE": 0.029979811300645715, "LOG_R": 0.029979811300645715, "RF": 0.029979811300645715, "SVM": 0.029979811300645715, "DNN": 0.029979811300645715}, "0 + 1": {"AB": 0.10545349573630058, "AC": 0.10545349573630058, "DS": 0.10545349573630058, "DT": 0.10545349573630058, "GM": 0.10545349573630058, "GN": 0.10545349573630058, "GB": 0.10545349573630058, "KNN": 0.10545349573630058, "KM": 0.10545349573630058, "LR": 0.10545349573630058, "LRR": 0.10545349573630058, "LRL": 0.10545349573630058, "LRE": 0.10545349573630058, "LOG_R": 0.10545349573630058, "RF": 0.10545349573630058, "SVM": 0.10545349573630058, "DNN": 0.10545349573630058}, "0 + 2": {"AB": 0.10728201455004449, "AC": 0.10728201455004449, "DS": 0.10728201455004449, "DT": 0.10728201455004449, "GM": 0.10728201455004449, "GN": 0.10728201455004449, "GB": 0.10728201455004449, "KNN": 0.10728201455004449, "KM": 0.10728201455004449, "LR": 0.10728201455004449, "LRR": 0.10728201455004449, "LRL": 0.10728201455004449, "LRE": 0.10728201455004449, "LOG_R": 0.10728201455004449, "RF": 0.10728201455004449, "SVM": 0.10728201455004449, "DNN": 0.10728201455004449}, "0 + 3": {"AB": 0.13230955587674972, "AC": 0.13230955587674972, "DS": 0.13230955587674972, "DT": 0.13230955587674972, "GM": 0.13230955587674972, "GN": 0.13230955587674972, "GB": 0.13230955587674972, "KNN": 0.13230955587674972, "KM": 0.13230955587674972, "LR": 0.13230955587674972, "LRR": 0.13230955587674972, "LRL": 0.13230955587674972, "LRE": 0.13230955587674972, "LOG_R": 0.13230955587674972, "RF": 0.13230955587674972, "SVM": 0.13230955587674972, "DNN": 0.13230955587674972}, "0 + 4": {"AB": 0.06569458812823852, "AC": 0.06569458812823852, "DS": 0.06569458812823852, "DT": 0.06569458812823852, "GM": 0.06569458812823852, "GN": 0.06569458812823852, "GB": 0.06569458812823852, "KNN": 0.06569458812823852, "KM": 0.06569458812823852, "LR": 0.06569458812823852, "LRR": 0.06569458812823852, "LRL": 0.06569458812823852, "LRE": 0.06569458812823852, "LOG_R": 0.06569458812823852, "RF": 0.06569458812823852, "SVM": 0.06569458812823852, "DNN": 0.06569458812823852}, "1 + 2": {"AB": 0.09181714200799636, "AC": 0.09181714200799636, "DS": 0.09181714200799636, "DT": 0.09181714200799636, "GM": 0.09181714200799636, "GN": 0.09181714200799636, "GB": 0.09181714200799636, "KNN": 0.09181714200799636, "KM": 0.09181714200799636, "LR": 0.09181714200799636, "LRR": 0.09181714200799636, "LRL": 0.09181714200799636, "LRE": 0.09181714200799636, "LOG_R": 0.09181714200799636, "RF": 0.09181714200799636, "SVM": 0.09181714200799636, "DNN": 0.09181714200799636}, "1 + 3": {"AB": 0.11761197852126477, "AC": 0.11761197852126477, "DS": 0.11761197852126477, "DT": 0.11761197852126477, "GM": 0.11761197852126477, "GN": 0.11761197852126477, "GB": 0.11761197852126477, "KNN": 0.11761197852126477, "KM": 0.11761197852126477, "LR": 0.11761197852126477, "LRR": 0.11761197852126477, "LRL": 0.11761197852126477, "LRE": 0.11761197852126477, "LOG_R": 0.11761197852126477, "RF": 0.11761197852126477, "SVM": 0.11761197852126477, "DNN": 0.11761197852126477}, "1 + 4": {"AB": 0.054574619880771016, "AC": 0.054574619880771016, "DS": 0.054574619880771016, "DT": 0.054574619880771016, "GM": 0.054574619880771016, "GN": 0.054574619880771016, "GB": 0.054574619880771016, "KNN": 0.054574619880771016, "KM": 0.054574619880771016, "LR": 0.054574619880771016, "LRR": 0.054574619880771016, "LRL": 0.054574619880771016, "LRE": 0.054574619880771016, "LOG_R": 0.054574619880771016, "RF": 0.054574619880771016, "SVM": 0.054574619880771016, "DNN": 0.054574619880771016}, "2 + 3": {"AB": 0.11866110561583312, "AC": 0.11866110561583312, "DS": 0.11866110561583312, "DT": 0.11866110561583312, "GM": 0.11866110561583312, "GN": 0.11866110561583312, "GB": 0.11866110561583312, "KNN": 0.11866110561583312, "KM": 0.11866110561583312, "LR": 0.11866110561583312, "LRR": 0.11866110561583312, "LRL": 0.11866110561583312, "LRE": 0.11866110561583312, "LOG_R": 0.11866110561583312, "RF": 0.11866110561583312, "SVM": 0.11866110561583312, "DNN": 0.11866110561583312}, "2 + 4": {"AB": 0.05531137253874292, "AC": 0.05531137253874292, "DS": 0.05531137253874292, "DT": 0.05531137253874292, "GM": 0.05531137253874292, "GN": 0.05531137253874292, "GB": 0.05531137253874292, "KNN": 0.05531137253874292, "KM": 0.05531137253874292, "LR": 0.05531137253874292, "LRR": 0.05531137253874292, "LRL": 0.05531137253874292, "LRE": 0.05531137253874292, "LOG_R": 0.05531137253874292, "RF": 0.05531137253874292, "SVM": 0.05531137253874292, "DNN": 0.05531137253874292}, "3 + 4": {"AB": 0.08212731317967169, "AC": 0.08212731317967169, "DS": 0.08212731317967169, "DT": 0.08212731317967169, "GM": 0.08212731317967169, "GN": 0.08212731317967169, "GB": 0.08212731317967169, "KNN": 0.08212731317967169, "KM": 0.08212731317967169, "LR": 0.08212731317967169, "LRR": 0.08212731317967169, "LRL": 0.08212731317967169, "LRE": 0.08212731317967169, "LOG_R": 0.08212731317967169, "RF": 0.08212731317967169, "SVM": 0.08212731317967169, "DNN": 0.08212731317967169}, "0 + 1 + 2": {"AB": 0.11388439357059915, "AC": 0.11388439357059915, "DS": 0.11388439357059915, "DT": 0.11388439357059915, "GM": 0.11388439357059915, "GN": 0.11388439357059915, "GB": 0.11388439357059915, "KNN": 0.11388439357059915, "KM": 0.11388439357059915, "LR": 0.11388439357059915, "LRR": 0.11388439357059915, "LRL": 0.11388439357059915, "LRE": 0.11388439357059915, "LOG_R": 0.11388439357059915, "RF": 0.11388439357059915, "SVM": 0.11388439357059915, "DNN": 0.11388439357059915}, "0 + 1 + 3": {"AB": 0.13323052095555046, "AC": 0.13323052095555046, "DS": 0.13323052095555046, "DT": 0.13323052095555046, "GM": 0.13323052095555046, "GN": 0.13323052095555046, "GB": 0.13323052095555046, "KNN": 0.13323052095555046, "KM": 0.13323052095555046, "LR": 0.13323052095555046, "LRR": 0.13323052095555046,