{"0": {"AB": 0.3119243512193784, "AC": 0.3119243512193784, "DS": 0.3119243512193784, "DT": 0.3119243512193784, "GM": 0.3119243512193784, "GN": 0.3119243512193784, "GB": 0.3119243512193784, "KNN": 0.3119243512193784, "KM": 0.3119243512193784, "LR": 0.3119243512193784, "LRR": 0.3119243512193784, "LRL": 0.3119243512193784, "LRE": 0.3119243512193784, "LOG_R": 0.3119243512193784, "RF": 0.3119243512193784, "SVM": 0.3119243512193784, "DNN": 0.3119243512193784}, "1": {"AB": 0.09530958450269933, "AC": 0.09530958450269933, "DS": 0.09530958450269933, "DT": 0.09530958450269933, "GM": 0.09530958450269933, "GN": 0.09530958450269933, "GB": 0.09530958450269933, "KNN": 0.09530958450269933, "KM": 0.09530958450269933, "LR": 0.09530958450269933, "LRR": 0.09530958450269933, "LRL": 0.09530958450269933, "LRE": 0.09530958450269933, "LOG_R": 0.09530958450269933, "RF": 0.09530958450269933, "SVM": 0.09530958450269933, "DNN": 0.09530958450269933}, "2": {"AB": 0.10366691404873012, "AC": 0.10366691404873012, "DS": 0.10366691404873012, "DT": 0.10366691404873012, "GM": 0.10366691404873012, "GN": 0.10366691404873012, "GB": 0.10366691404873012, "KNN": 0.10366691404873012, "KM": 0.10366691404873012, "LR": 0.10366691404873012, "LRR": 0.10366691404873012, "LRL": 0.10366691404873012, "LRE": 0.10366691404873012, "LOG_R": 0.10366691404873012, "RF": 0.10366691404873012, "SVM": 0.10366691404873012, "DNN": 0.10366691404873012}, "3": {"AB": 0.22146674444104242, "AC": 0.22146674444104242, "DS": 0.22146674444104242, "DT": 0.22146674444104242, "GM": 0.22146674444104242, "GN": 0.22146674444104242, "GB": 0.22146674444104242, "KNN": 0.22146674444104242, "KM": 0.22146674444104242, "LR": 0.22146674444104242, "LRR": 0.22146674444104242, "LRL": 0.22146674444104242, "LRE": 0.22146674444104242, "LOG_R": 0.22146674444104242, "RF": 0.22146674444104242, "SVM": 0.22146674444104242, "DNN": 0.22146674444104242}, "4": {"AB": 0.08688862768175704, "AC": 0.08688862768175704, "DS": 0.08688862768175704, "DT": 0.08688862768175704, "GM": 0.08688862768175704, "GN": 0.08688862768175704, "GB": 0.08688862768175704, "KNN": 0.08688862768175704, "KM": 0.08688862768175704, "LR": 0.08688862768175704, "LRR": 0.08688862768175704, "LRL": 0.08688862768175704, "LRE": 0.08688862768175704, "LOG_R": 0.08688862768175704, "RF": 0.08688862768175704, "SVM": 0.08688862768175704, "DNN": 0.08688862768175704}, "0 + 1": {"AB": 0.1971051413258231, "AC": 0.1971051413258231, "DS": 0.1971051413258231, "DT": 0.1971051413258231, "GM": 0.1971051413258231, "GN": 0.1971051413258231, "GB": 0.1971051413258231, "KNN": 0.1971051413258231, "KM": 0.1971051413258231, "LR": 0.1971051413258231, "LRR": 0.1971051413258231, "LRL": 0.1971051413258231, "LRE": 0.1971051413258231, "LOG_R": 0.1971051413258231, "RF": 0.1971051413258231, "SVM": 0.1971051413258231, "DNN": 0.1971051413258231}, "0 + 2": {"AB": 0.20568624287786572, "AC": 0.20568624287786572, "DS": 0.20568624287786572, "DT": 0.20568624287786572, "GM": 0.20568624287786572, "GN": 0.20568624287786572, "GB": 0.20568624287786572, "KNN": 0.20568624287786572, "KM": 0.20568624287786572, "LR": 0.20568624287786572, "LRR": 0.20568624287786572, "LRL": 0.20568624287786572, "LRE": 0.20568624287786572, "LOG_R": 0.20568624287786572, "RF": 0.20568624287786572, "SVM": 0.20568624287786572, "DNN": 0.20568624287786572}, "0 + 3": {"AB": 0.3239034156386481, "AC": 0.3239034156386481, "DS": 0.3239034156386481, "DT": 0.3239034156386481, "GM": 0.3239034156386481, "GN": 0.3239034156386481, "GB": 0.3239034156386481, "KNN": 0.3239034156386481, "KM": 0.3239034156386481, "LR": 0.3239034156386481, "LRR": 0.3239034156386481, "LRL": 0.3239034156386481, "LRE": 0.3239034156386481, "LOG_R": 0.3239034156386481, "RF": 0.3239034156386481, "SVM": 0.3239034156386481, "DNN": 0.3239034156386481}, "0 + 4": {"AB": 0.18855877736100743, "AC": 0.18855877736100743, "DS": 0.18855877736100743, "DT": 0.18855877736100743, "GM": 0.18855877736100743, "GN": 0.18855877736100743, "GB": 0.18855877736100743, "KNN": 0.18855877736100743, "KM": 0.18855877736100743, "LR": 0.18855877736100743, "LRR": 0.18855877736100743, "LRL": 0.18855877736100743, "LRE": 0.18855877736100743, "LOG_R": 0.18855877736100743, "RF": 0.18855877736100743, "SVM": 0.18855877736100743, "DNN": 0.18855877736100743}, "1 + 2": {"AB": 0.13037884605411645, "AC": 0.13037884605411645, "DS": 0.13037884605411645, "DT": 0.13037884605411645, "GM": 0.13037884605411645, "GN": 0.13037884605411645, "GB": 0.13037884605411645, "KNN": 0.13037884605411645, "KM": 0.13037884605411645, "LR": 0.13037884605411645, "LRR": 0.13037884605411645, "LRL": 0.13037884605411645, "LRE": 0.13037884605411645, "LOG_R": 0.13037884605411645, "RF": 0.13037884605411645, "SVM": 0.13037884605411645, "DNN": 0.13037884605411645}, "1 + 3": {"AB": 0.17884321641136425, "AC": 0.17884321641136425, "DS": 0.17884321641136425, "DT": 0.17884321641136425, "GM": 0.17884321641136425, "GN": 0.17884321641136425, "GB": 0.17884321641136425, "KNN": 0.17884321641136425, "KM": 0.17884321641136425, "LR": 0.17884321641136425, "LRR": 0.17884321641136425, "LRL": 0.17884321641136425, "LRE": 0.17884321641136425, "LOG_R": 0.17884321641136425, "RF": 0.17884321641136425, "SVM": 0.17884321641136425, "DNN": 0.17884321641136425}, "1 + 4": {"AB": 0.12344986918622153, "AC": 0.12344986918622153, "DS": 0.12344986918622153, "DT": 0.12344986918622153, "GM": 0.12344986918622153, "GN": 0.12344986918622153, "GB": 0.12344986918622153, "KNN": 0.12344986918622153, "KM": 0.12344986918622153, "LR": 0.12344986918622153, "LRR": 0.12344986918622153, "LRL": 0.12344986918622153, "LRE": 0.12344986918622153, "LOG_R": 0.12344986918622153, "RF": 0.12344986918622153, "SVM": 0.12344986918622153, "DNN": 0.12344986918622153}, "2 + 3": {"AB": 0.18730291184132736, "AC": 0.18730291184132736, "DS": 0.18730291184132736, "DT": 0.18730291184132736, "GM": 0.18730291184132736, "GN": 0.18730291184132736, "GB": 0.18730291184132736, "KNN": 0.18730291184132736, "KM": 0.18730291184132736, "LR": 0.18730291184132736, "LRR": 0.18730291184132736, "LRL": 0.18730291184132736, "LRE": 0.18730291184132736, "LOG_R": 0.18730291184132736, "RF": 0.18730291184132736, "SVM": 0.18730291184132736, "DNN": 0.18730291184132736}, "2 + 4": {"AB": 0.12255097302710793, "AC": 0.12255097302710793, "DS": 0.12255097302710793, "DT": 0.12255097302710793, "GM": 0.12255097302710793, "GN": 0.12255097302710793, "GB": 0.12255097302710793, "KNN": 0.12255097302710793, "KM": 0.12255097302710793, "LR": 0.12255097302710793, "LRR": 0.12255097302710793, "LRL": 0.12255097302710793, "LRE": 0.12255097302710793, "LOG_R": 0.12255097302710793, "RF": 0.12255097302710793, "SVM": 0.12255097302710793, "DNN": 0.12255097302710793}, "3 + 4": {"AB": 0.17041514608088237, "AC": 0.17041514608088237, "DS": 0.17041514608088237, "DT": 0.17041514608088237, "GM": 0.17041514608088237, "GN": 0.17041514608088237, "GB": 0.17041514608088237, "KNN": 0.17041514608088237, "KM": 0.17041514608088237, "LR": 0.17041514608088237, "LRR": 0.17041514608088237, "LRL": 0.17041514608088237, "LRE": 0.17041514608088237, "LOG_R": 0.17041514608088237, "RF": 0.17041514608088237, "SVM": 0.17041514608088237, "DNN": 0.17041514608088237}, "0 + 1 + 2": {"AB": 0.19795819828360503, "AC": 0.19795819828360503, "DS": 0.19795819828360503, "DT": 0.19795819828360503, "GM": 0.19795819828360503, "GN": 0.19795819828360503, "GB": 0.19795819828360503, "KNN": 0.19795819828360503, "KM": 0.19795819828360503, "LR": 0.19795819828360503, "LRR": 0.19795819828360503, "LRL": 0.19795819828360503, "LRE": 0.19795819828360503, "LOG_R": 0.19795819828360503, "RF": 0.19795819828360503, "SVM": 0.19795819828360503, "DNN": 0.19795819828360503}, "0 + 1 + 3": {"AB": 0.24105123344323076, "AC": 0.24105123344323076, "DS": 0.24105123344323076, "DT": 0.24105123344323076, "GM": 0.24105123344323076, "GN": 0.24105123344323076, "GB": 0.24105123344323076, "KNN": 0.24105123344323076, "KM": 0.24105123344323076, "LR": 0.24105123344323076, "LRR": 0.24105123344323076, "LRL": 0.24105123344323076, "LRE": 0.24105123344323076, "LOG_R": 0.24105123344323076,