{"0": {"AB": 0.9601358234295416, "AC": 0.4567231638418079, "DS": 0.20297734627831718, "DT": 0.9601358234295416, "GM": 0.46341736694677876, "GN": 0.9339293474886695, "GB": 0.9866156299840511, "KNN": 0.8948582600195505, "KM": 0.4567231638418079, "LR": 0.8896969696969695, "LRR": 0.8896969696969695, "LRL": 0.8965333333333333, "LRE": 0.8896969696969695, "LOG_R": 0.9866156299840511, "RF": 0.9866156299840511, "SVM": 0.9866156299840511, "DNN": 0.9470064967516241}, "1": {"AB": 1.0, "AC": 0.36347562515786813, "DS": 0.3333333333333333, "DT": 1.0, "GM": 0.3333333333333333, "GN": 1.0, "GB": 1.0, "KNN": 1.0, "KM": 0.052631578947368425, "LR": 0.9363707776904948, "LRR": 0.9363707776904948, "LRL": 0.9363707776904948, "LRE": 0.9363707776904948, "LOG_R": 0.9722007722007722, "RF": 1.0, "SVM": 1.0, "DNN": 0.9722007722007722}, "2": {"AB": 0.8826606492640648, "AC": 0.3316176470588235, "DS": 0.40066592674805773, "DT": 0.8823529411764706, "GM": 0.3868778280542986, "GN": 0.5473955238661121, "GB": 0.702352659926031, "KNN": 0.8818328392364903, "KM": 0.3868778280542986, "LR": 0.40066592674805773, "LRR": 0.40066592674805773, "LRL": 0.40066592674805773, "LRE": 0.40066592674805773, "LOG_R": 0.40066592674805773, "RF": 0.702352659926031, "SVM": 0.40066592674805773, "DNN": 0.4525691699604743}, "3": {"AB": 0.9830508474576272, "AC": 0.3086322428064643, "DS": 0.32395993836671805, "DT": 0.9830508474576272, "GM": 0.32395993836671805, "GN": 0.7760499595740143, "GB": 0.9660431148949465, "KNN": 0.9490647987013937, "KM": 0.5301911479403847, "LR": 0.34279184917158634, "LRR": 0.34279184917158634, "LRL": 0.34279184917158634, "LRE": 0.34279184917158634, "LOG_R": 0.34279184917158634, "RF": 0.824959644874899, "SVM": 0.34279184917158634, "DNN": 0.6095553917956277}, "4": {"AB": 0.9244745471160565, "AC": 0.3845589080841052, "DS": 0.34386792452830184, "DT": 0.9244745471160565, "GM": 0.3845589080841052, "GN": 0.47687754347021827, "GB": 0.8294590924751231, "KNN": 0.8487331536388142, "KM": 0.3845589080841052, "LR": 0.546199460916442, "LRR": 0.546199460916442, "LRL": 0.546199460916442, "LRE": 0.546199460916442, "LOG_R": 0.546199460916442, "RF": 0.685759209344115, "SVM": 0.4638705531865178, "DNN": 0.5159519725557462}, "0 + 1": {"AB": 1.0, "AC": 0.29963617463617465, "DS": 0.266304347826087, "DT": 1.0, "GM": 0.29963617463617465, "GN": 1.0, "GB": 1.0, "KNN": 0.9844020261922412, "KM": 0.41880431735351836, "LR": 0.9337774294670846, "LRR": 0.9337774294670846, "LRL": 0.9337774294670846, "LRE": 0.9337774294670846, "LOG_R": 0.9844020261922412, "RF": 1.0, "SVM": 1.0, "DNN": 0.9844020261922412}, "0 + 2": {"AB": 0.9827432036589753, "AC": 0.30669371196754563, "DS": 0.3143544506816359, "DT": 0.9654348453013636, "GM": 0.30669371196754563, "GN": 0.9137160182948764, "GB": 0.9655172413793104, "KNN": 0.9137162016672307, "KM": 0.30669371196754563, "LR": 0.9310344827586207, "LRR": 0.9310344827586207, "LRL": 0.9310344827586207, "LRE": 0.9310344827586207, "LOG_R": 0.9310344827586207, "RF": 0.9655172413793104, "SVM": 0.9310344827586207, "DNN": 0.9310344827586207}, "0 + 3": {"AB": 0.9827432036589753, "AC": 0.35142314990512336, "DS": 0.3143544506816359, "DT": 0.9655172413793104, "GM": 0.35142314990512336, "GN": 0.9827432036589753, "GB": 0.9827432036589753, "KNN": 0.9655172413793104, "KM": 0.32860040567951326, "LR": 0.9008755810182683, "LRR": 0.9008755810182683, "LRL": 0.9008755810182683, "LRE": 0.9008755810182683, "LOG_R": 0.9482912424251746, "RF": 0.9827432036589753, "SVM": 0.9482912424251746, "DNN": 0.9482912424251746}, "0 + 4": {"AB": 1.0, "AC": 0.4227659133319511, "DS": 0.34386792452830184, "DT": 1.0, "GM": 0.4587617977338212, "GN": 0.9245283018867925, "GB": 0.9622372735580282, "KNN": 0.9811186224060808, "KM": 0.9433558672182424, "LR": 0.933428266286935, "LRR": 0.933428266286935, "LRL": 0.933428266286935, "LRE": 0.933428266286935, "LOG_R": 0.9622641509433962, "RF": 0.9622372735580282, "SVM": 0.9433558672182424, "DNN": 0.9622641509433962}, "1 + 2": {"AB": 1.0, "AC": 0.378037803780378, "DS": 0.3850267379679144, "DT": 1.0, "GM": 0.378037803780378, "GN": 1.0, "GB": 1.0, "KNN": 1.0, "KM": 0.31656536919694817, "LR": 0.9388243335611758, "LRR": 0.9388243335611758, "LRL": 0.9388243335611758, "LRE": 0.9388243335611758, "LOG_R": 0.9695840040667628, "RF": 1.0, "SVM": 1.0, "DNN": 0.9542583732057416}, "1 + 3": {"AB": 1.0, "AC": 0.7295100998374738, "DS": 0.32395993836671805, "DT": 1.0, "GM": 0.32395993836671805, "GN": 1.0, "GB": 1.0, "KNN": 1.0, "KM": 0.0, "LR": 0.9824663939216833, "LRR": 0.9824663939216833, "LRL": 0.9824663939216833, "LRE": 0.9824663939216833, "LOG_R": 1.0, "RF": 1.0, "SVM": 1.0, "DNN": 1.0}, "1 + 4": {"AB": 1.0, "AC": 0.3845589080841052, "DS": 0.34386792452830184, "DT": 1.0, "GM": 0.3144654088050315, "GN": 1.0, "GB": 1.0, "KNN": 1.0, "KM": 0.06885137371731215, "LR": 0.9239861201474734, "LRR": 0.9239861201474734, "LRL": 0.9239861201474734, "LRE": 0.9239861201474734, "LOG_R": 0.9431530308250411, "RF": 1.0, "SVM": 1.0, "DNN": 0.9239861201474734}, "2 + 3": {"AB": 0.9491232944823855, "AC": 0.4469107213243989, "DS": 0.32395993836671805, "DT": 0.9491232944823855, "GM": 0.30069790628115656, "GN": 0.6175798186834844, "GB": 0.8433970493134615, "KNN": 0.9152542372881356, "KM": 0.4469107213243989, "LR": 0.5748037273461003, "LRR": 0.5748037273461003, "LRL": 0.5748037273461003, "LRE": 0.5748037273461003, "LOG_R": 0.5748037273461003, "RF": 0.7113230333569317, "SVM": 0.4897680231195814, "DNN": 0.6345931150647436}, "2 + 4": {"AB": 0.924366576819407, "AC": 0.40155810357501964, "DS": 0.34386792452830184, "DT": 0.9811320754716981, "GM": 0.32656023222060965, "GN": 0.5977723193326484, "GB": 0.924366576819407, "KNN": 0.9621832884097035, "KM": 0.40155810357501964, "LR": 0.6596495956873315, "LRR": 0.63996919522526, "LRL": 0.63996919522526, "LRE": 0.63996919522526, "LOG_R": 0.6376310650545354, "RF": 0.8105121293800539, "SVM": 0.6778671746752325, "DNN": 0.6341959652197822}, "3 + 4": {"AB": 0.9811186224060808, "AC": 0.3845589080841052, "DS": 0.34386792452830184, "DT": 0.9622641509433962, "GM": 0.3845589080841052, "GN": 0.7909666349161313, "GB": 0.9622641509433962, "KNN": 0.9239861201474734, "KM": 0.3845589080841052, "LR": 0.5263414023720471, "LRR": 0.5263414023720471, "LRL": 0.5379819524200163, "LRE": 0.5263414023720471, "LOG_R": 0.5379819524200163, "RF": 0.9622641509433962, "SVM": 0.6412538257155349, "DNN": 0.6389423694005905}, "0 + 1 + 2": {"AB": 1.0, "AC": 0.30669371196754563, "DS": 0.3143544506816359, "DT": 1.0, "GM": 0.30669371196754563, "GN": 1.0, "GB": 1.0, "KNN": 1.0, "KM": 0.0, "LR": 0.9827637474750582, "LRR": 0.9827637474750582, "LRL": 0.9827637474750582, "LRE": 0.9827637474750582, "LOG_R": 1.0, "RF": 1.0, "SVM": 1.0, "DNN": 0.9827637474750582}, "0 + 1 + 3": {"AB": 1.0, "AC": 0.3864942528735632, "DS": 0.3143544506816359, "DT": 1.0, "GM": 0.3201970443349754, "GN": 1.0, "GB": 1.0, "KNN": 1.0, "KM": 0.034482758620689655, "LR": 0.9482297210003383, "LRR": 0.9655172413793104, "LRL": 0.9482297210003383, "LRE": 0.9655172413793104, "LOG_R": 1.0, "RF": 1.0, "SVM": 1.0, "DNN": 0.9827637474750582}, "0 + 1 + 4": {"AB": 1.0, "AC": 0.4227659133319511, "DS": 0.34386792452830184, "DT": 1.0, "GM": 0.4227659133319511, "GN": 1.0, "GB": 1.0, "KNN": 1.0, "KM": 0.4227659133319511, "LR": 0.9803773584905661, "LRR": 0.9803773584905661, "LRL": 0.9803773584905661, "LRE": 0.9803773584905661, "LOG_R": 1.0, "RF": 1.0, "SVM": 1.0, "DNN": 1.0}, "0 + 2 + 3": {"AB": 0.9827432036589753, "AC": 0.35142314990512336, "DS": 0.3143544506816359, "DT": 0.9482912424251746, "GM": 0.35142314990512336, "GN": 0.7199327165685451, "GB": 0.9482912424251746, "KNN": 0.9655172413793104, "KM": 0.32860040567951326, "LR": 0.8654199545995027, "LRR": 0.8654199545995027, "LRL": 0.8654199545995027, "LRE": 0.8654199545995027, "LOG_R": 0.9482296109769259, "RF": 0.9827432036589753, "SVM": 0.9482296109769259, "DNN": 0.896551724137931}, "0 + 2 + 4": {"AB": 0.9621832884097035, "AC": 0.3845589080841052, "DS": 0.34386792452830184, "DT": 0.9811186224060808, "GM": 0.3845589080841052, "GN": 0.9622641509433962,