{"0": {"AB": 0.8331963395254536, "AC": 0.30156707978490155, "DS": 0.30523968784838346, "DT": 0.7944669365721998, "GM": 0.4350817086766185, "GN": 0.5856300562182916, "GB": 0.8187321937321937, "KNN": 0.765550728341426, "KM": 0.5856300562182916, "LR": 0.5617855013203851, "LRR": 0.5617855013203851, "LRL": 0.5737515857455888, "LRE": 0.5617855013203851, "LOG_R": 0.5617855013203851, "RF": 0.7778034059893131, "SVM": 0.5856300562182916, "DNN": 0.6791387959866221}, "1": {"AB": 0.9192207792207792, "AC": 0.34666666666666673, "DS": 0.35578947368421054, "DT": 0.8591515151515151, "GM": 0.35578947368421054, "GN": 0.3844187044187045, "GB": 0.9192207792207792, "KNN": 0.7425, "KM": 0.35625, "LR": 0.32740237691001695, "LRR": 0.32740237691001695, "LRL": 0.35625, "LRE": 0.32740237691001695, "LOG_R": 0.35625, "RF": 0.8776354679802956, "SVM": 0.35625, "DNN": 0.5015186615186614}, "2": {"AB": 0.8119179600886918, "AC": 0.7916666666666666, "DS": 0.40499999999999997, "DT": 0.8102226720647773, "GM": 0.40499999999999997, "GN": 0.537878787878788, "GB": 0.7680499325236166, "KNN": 0.8102226720647773, "KM": 0.3644366197183098, "LR": 0.5674317617866005, "LRR": 0.5674317617866005, "LRL": 0.5674317617866005, "LRE": 0.5674317617866005, "LOG_R": 0.7680499325236166, "RF": 0.7680499325236166, "SVM": 0.7916666666666666, "DNN": 0.8119179600886918}, "3": {"AB": 1.0, "AC": 0.38416422287390034, "DS": 0.3333333333333333, "DT": 1.0, "GM": 0.3225806451612903, "GN": 1.0, "GB": 1.0, "KNN": 1.0, "KM": 0.9761769710720364, "LR": 0.9750000000000001, "LRR": 0.9750000000000001, "LRL": 0.9750000000000001, "LRE": 0.9750000000000001, "LOG_R": 1.0, "RF": 1.0, "SVM": 1.0, "DNN": 1.0}, "4": {"AB": 0.8416521205831015, "AC": 0.34261216819356355, "DS": 0.41172595520421607, "DT": 0.8416521205831015, "GM": 0.26046176046176045, "GN": 0.462594696969697, "GB": 0.8181818181818182, "KNN": 0.8181818181818182, "KM": 0.34261216819356355, "LR": 0.41172595520421607, "LRR": 0.41172595520421607, "LRL": 0.41172595520421607, "LRE": 0.41172595520421607, "LOG_R": 0.41172595520421607, "RF": 0.8181818181818182, "SVM": 0.41172595520421607, "DNN": 0.5062673644763197}, "0 + 1": {"AB": 0.8174545454545455, "AC": 0.3205882352941177, "DS": 0.35578947368421054, "DT": 0.8197839135654261, "GM": 0.35578947368421054, "GN": 0.5281762545899632, "GB": 0.779735894357743, "KNN": 0.7332286068623398, "KM": 0.4048945845390656, "LR": 0.6365217391304347, "LRR": 0.6365217391304347, "LRL": 0.61771176234444, "LRE": 0.6365217391304347, "LOG_R": 0.61771176234444, "RF": 0.776888888888889, "SVM": 0.5868637110016421, "DNN": 0.6102325581395349}, "0 + 2": {"AB": 0.812907077724707, "AC": 0.4502457002457003, "DS": 0.40499999999999997, "DT": 0.812907077724707, "GM": 0.4502457002457003, "GN": 0.5801282051282052, "GB": 0.7916666666666666, "KNN": 0.8119179600886918, "KM": 0.42955407969639464, "LR": 0.6959414132379248, "LRR": 0.6959414132379248, "LRL": 0.6959414132379248, "LRE": 0.6959414132379248, "LOG_R": 0.7283259423503327, "RF": 0.7923951048951049, "SVM": 0.722343105817682, "DNN": 0.7083333333333334}, "0 + 3": {"AB": 1.0, "AC": 0.38416422287390034, "DS": 0.3333333333333333, "DT": 1.0, "GM": 0.8558352402745995, "GN": 1.0, "GB": 1.0, "KNN": 1.0, "KM": 0.9045454545454544, "LR": 0.9633720930232558, "LRR": 0.9633720930232558, "LRL": 0.9633720930232558, "LRE": 0.9633720930232558, "LOG_R": 1.0, "RF": 1.0, "SVM": 1.0, "DNN": 0.9761769710720364}, "0 + 4": {"AB": 0.8642010163749294, "AC": 0.5236914600550964, "DS": 0.41172595520421607, "DT": 0.9094696969696969, "GM": 0.4010695187165774, "GN": 0.7002450379808871, "GB": 0.8385934819897084, "KNN": 0.8581574675324675, "KM": 0.36730694927416235, "LR": 0.6893296290579822, "LRR": 0.6893296290579822, "LRL": 0.6487603305785123, "LRE": 0.6893296290579822, "LOG_R": 0.6690340909090909, "RF": 0.8385934819897084, "SVM": 0.7097178683385579, "DNN": 0.6378693769998118}, "1 + 2": {"AB": 0.8933232808843544, "AC": 0.3841607565011821, "DS": 0.39405421160011656, "DT": 0.9151257253384911, "GM": 0.2759699624530663, "GN": 0.5763297872340425, "GB": 0.851335487188443, "KNN": 0.8924267222139564, "KM": 0.42015012365046683, "LR": 0.6234042553191489, "LRR": 0.6234042553191489, "LRL": 0.5933969185619956, "LRE": 0.6234042553191489, "LOG_R": 0.7060912578875607, "RF": 0.851335487188443, "SVM": 0.6338366506520247, "DNN": 0.8938110622774593}, "1 + 3": {"AB": 1.0, "AC": 0.4750000000000001, "DS": 0.3333333333333333, "DT": 1.0, "GM": 0.3333333333333333, "GN": 1.0, "GB": 1.0, "KNN": 1.0, "KM": 0.06666666666666667, "LR": 0.9633720930232558, "LRR": 0.9633720930232558, "LRL": 0.9633720930232558, "LRE": 0.9633720930232558, "LOG_R": 0.9761769710720364, "RF": 1.0, "SVM": 1.0, "DNN": 0.9761769710720364}, "1 + 4": {"AB": 0.7959830866807611, "AC": 0.4010695187165774, "DS": 0.41172595520421607, "DT": 0.8181818181818182, "GM": 0.26046176046176045, "GN": 0.3962170726876609, "GB": 0.8189346884999058, "KNN": 0.7272727272727273, "KM": 0.40404040404040403, "LR": 0.42354814996324425, "LRR": 0.42354814996324425, "LRL": 0.3547615372742707, "LRE": 0.42354814996324425, "LOG_R": 0.3962170726876609, "RF": 0.8416521205831015, "SVM": 0.41172595520421607, "DNN": 0.6812337282822379}, "2 + 3": {"AB": 1.0, "AC": 0.38416422287390034, "DS": 0.3333333333333333, "DT": 1.0, "GM": 0.38416422287390034, "GN": 1.0, "GB": 1.0, "KNN": 1.0, "KM": 0.04545454545454545, "LR": 0.9388111888111887, "LRR": 0.9388111888111887, "LRL": 0.9388111888111887, "LRE": 0.9388111888111887, "LOG_R": 0.9522727272727274, "RF": 1.0, "SVM": 1.0, "DNN": 0.9522727272727274}, "2 + 4": {"AB": 0.8868943718450724, "AC": 0.3547615372742707, "DS": 0.41172595520421607, "DT": 0.8413253413253414, "GM": 0.41172595520421607, "GN": 0.7272727272727273, "GB": 0.7424242424242425, "KNN": 0.792477333986768, "KM": 0.6046741929094871, "LR": 0.6790986790986792, "LRR": 0.6790986790986792, "LRL": 0.6790986790986792, "LRE": 0.6790986790986792, "LOG_R": 0.6790986790986792, "RF": 0.7249417249417249, "SVM": 0.6790986790986792, "DNN": 0.6790986790986792}, "3 + 4": {"AB": 1.0, "AC": 0.0, "DS": 0.36147540983606563, "DT": 1.0, "GM": 0.3059322033898305, "GN": 1.0, "GB": 1.0, "KNN": 1.0, "KM": 0.0, "LR": 1.0, "LRR": 1.0, "LRL": 1.0, "LRE": 1.0, "LOG_R": 1.0, "RF": 1.0, "SVM": 1.0, "DNN": 1.0}, "0 + 1 + 2": {"AB": 0.7653112179455798, "AC": 0.3841607565011821, "DS": 0.39405421160011656, "DT": 0.7872340425531915, "GM": 0.3841607565011821, "GN": 0.6235845654525783, "GB": 0.7226405302993215, "KNN": 0.8701807710766277, "KM": 0.4003940110323089, "LR": 0.6156577987760409, "LRR": 0.6156577987760409, "LRL": 0.6156577987760409, "LRE": 0.6156577987760409, "LOG_R": 0.6156577987760409, "RF": 0.7665942972933855, "SVM": 0.6156577987760409, "DNN": 0.6678687342228634}, "0 + 1 + 3": {"AB": 1.0, "AC": 0.43121881682109764, "DS": 0.3333333333333333, "DT": 1.0, "GM": 0.31147540983606553, "GN": 1.0, "GB": 1.0, "KNN": 1.0, "KM": 0.0, "LR": 0.9878048780487804, "LRR": 0.9878048780487804, "LRL": 0.9878048780487804, "LRE": 0.9878048780487804, "LOG_R": 1.0, "RF": 1.0, "SVM": 1.0, "DNN": 1.0}, "0 + 1 + 4": {"AB": 0.8624708624708624, "AC": 0.553044733044733, "DS": 0.41172595520421607, "DT": 0.9090909090909091, "GM": 0.6046741929094871, "GN": 0.5, "GB": 0.8403189285542226, "KNN": 0.8581574675324675, "KM": 0.4333047904476475, "LR": 0.6748861160625867, "LRR": 0.6748861160625867, "LRL": 0.6748861160625867, "LRE": 0.6748861160625867, "LOG_R": 0.6748861160625867, "RF": 0.954156954156954, "SVM": 0.6955922865013774, "DNN": 0.6748861160625867}, "0 + 2 + 3": {"AB": 1.0, "AC": 0.31147540983606553, "DS": 0.3333333333333333, "DT": 1.0, "GM": 0.49867374005305043, "GN": 1.0, "GB": 1.0, "KNN": 0.9761769710720364, "KM": 0.2740740740740741, "LR": 0.9388111888111887, "LRR": 0.9388111888111887, "LRL": 0.9388111888111887, "LRE": 0.9388111888111887, "LOG_R": 1.0, "RF": 1.0, "SVM": 0.9761769710720364, "DNN": 0.9522727272727274}, "0 + 2 + 4": {"AB": 0.8859420918244448, "AC": 0.6146076146076146, "DS": 0.41172595520421607, "DT": 0.9315652550946667, "GM": 0.4010695187165774, "GN": 0.6960420531849103,