{"0": {"AB": 0.0, "AC": 0.0, "DS": 0.0, "DT": 0.0, "GM": 0.0, "GN": 0.0, "GB": 0.0, "KNN": 0.0, "KM": 0.0, "LR": 0.0, "LRR": 0.0, "LRL": 0.0, "LRE": 0.0, "LOG_R": 0.0, "RF": 0.0, "SVM": 0.0, "DNN": 0.0}, "1": {"AB": 0.0, "AC": 0.0, "DS": 0.0, "DT": 0.0, "GM": 0.0, "GN": 0.0, "GB": 0.0, "KNN": 0.0, "KM": 0.0, "LR": 0.0, "LRR": 0.0, "LRL": 0.0, "LRE": 0.0, "LOG_R": 0.0, "RF": 0.0, "SVM": 0.0, "DNN": 0.0}, "2": {"AB": 0.0, "AC": 0.0, "DS": 0.0, "DT": 0.0, "GM": 0.0, "GN": 0.0, "GB": 0.0, "KNN": 0.0, "KM": 0.0, "LR": 0.0, "LRR": 0.0, "LRL": 0.0, "LRE": 0.0, "LOG_R": 0.0, "RF": 0.0, "SVM": 0.0, "DNN": 0.0}, "3": {"AB": 0.0, "AC": 0.0, "DS": 0.0, "DT": 0.0, "GM": 0.0, "GN": 0.0, "GB": 0.0, "KNN": 0.0, "KM": 0.0, "LR": 0.0, "LRR": 0.0, "LRL": 0.0, "LRE": 0.0, "LOG_R": 0.0, "RF": 0.0, "SVM": 0.0, "DNN": 0.0}, "4": {"AB": 0.0, "AC": 0.0, "DS": 0.0, "DT": 0.0, "GM": 0.0, "GN": 0.0, "GB": 0.0, "KNN": 0.0, "KM": 0.0, "LR": 0.0, "LRR": 0.0, "LRL": 0.0, "LRE": 0.0, "LOG_R": 0.0, "RF": 0.0, "SVM": 0.0, "DNN": 0.0}, "0 + 1": {"AB": 0.17643369260024125, "AC": 0.17643369260024125, "DS": 0.17643369260024125, "DT": 0.17643369260024125, "GM": 0.17643369260024125, "GN": 0.17643369260024125, "GB": 0.17643369260024125, "KNN": 0.17643369260024125, "KM": 0.17643369260024125, "LR": 0.17643369260024125, "LRR": 0.17643369260024125, "LRL": 0.17643369260024125, "LRE": 0.17643369260024125, "LOG_R": 0.17643369260024125, "RF": 0.17643369260024125, "SVM": 0.17643369260024125, "DNN": 0.17643369260024125}, "0 + 2": {"AB": 0.09387835584225435, "AC": 0.09387835584225435, "DS": 0.09387835584225435, "DT": 0.09387835584225435, "GM": 0.09387835584225435, "GN": 0.09387835584225435, "GB": 0.09387835584225435, "KNN": 0.09387835584225435, "KM": 0.09387835584225435, "LR": 0.09387835584225435, "LRR": 0.09387835584225435, "LRL": 0.09387835584225435, "LRE": 0.09387835584225435, "LOG_R": 0.09387835584225435, "RF": 0.09387835584225435, "SVM": 0.09387835584225435, "DNN": 0.09387835584225435}, "0 + 3": {"AB": 0.22678212256919728, "AC": 0.22678212256919728, "DS": 0.22678212256919728, "DT": 0.22678212256919728, "GM": 0.22678212256919728, "GN": 0.22678212256919728, "GB": 0.22678212256919728, "KNN": 0.22678212256919728, "KM": 0.22678212256919728, "LR": 0.22678212256919728, "LRR": 0.22678212256919728, "LRL": 0.22678212256919728, "LRE": 0.22678212256919728, "LOG_R": 0.22678212256919728, "RF": 0.22678212256919728, "SVM": 0.22678212256919728, "DNN": 0.22678212256919728}, "0 + 4": {"AB": 0.20942059748715958, "AC": 0.20942059748715958, "DS": 0.20942059748715958, "DT": 0.20942059748715958, "GM": 0.20942059748715958, "GN": 0.20942059748715958, "GB": 0.20942059748715958, "KNN": 0.20942059748715958, "KM": 0.20942059748715958, "LR": 0.20942059748715958, "LRR": 0.20942059748715958, "LRL": 0.20942059748715958, "LRE": 0.20942059748715958, "LOG_R": 0.20942059748715958, "RF": 0.20942059748715958, "SVM": 0.20942059748715958, "DNN": 0.20942059748715958}, "1 + 2": {"AB": 0.08152460520995722, "AC": 0.08152460520995722, "DS": 0.08152460520995722, "DT": 0.08152460520995722, "GM": 0.08152460520995722, "GN": 0.08152460520995722, "GB": 0.08152460520995722, "KNN": 0.08152460520995722, "KM": 0.08152460520995722, "LR": 0.08152460520995722, "LRR": 0.08152460520995722, "LRL": 0.08152460520995722, "LRE": 0.08152460520995722, "LOG_R": 0.08152460520995722, "RF": 0.08152460520995722, "SVM": 0.08152460520995722, "DNN": 0.08152460520995722}, "1 + 3": {"AB": 0.01631790880897932, "AC": 0.01631790880897932, "DS": 0.01631790880897932, "DT": 0.01631790880897932, "GM": 0.01631790880897932, "GN": 0.01631790880897932, "GB": 0.01631790880897932, "KNN": 0.01631790880897932, "KM": 0.01631790880897932, "LR": 0.01631790880897932, "LRR": 0.01631790880897932, "LRL": 0.01631790880897932, "LRE": 0.01631790880897932, "LOG_R": 0.01631790880897932, "RF": 0.01631790880897932, "SVM": 0.01631790880897932, "DNN": 0.01631790880897932}, "1 + 4": {"AB": 0.03298690488691833, "AC": 0.03298690488691833, "DS": 0.03298690488691833, "DT": 0.03298690488691833, "GM": 0.03298690488691833, "GN": 0.03298690488691833, "GB": 0.03298690488691833, "KNN": 0.03298690488691833, "KM": 0.03298690488691833, "LR": 0.03298690488691833, "LRR": 0.03298690488691833, "LRL": 0.03298690488691833, "LRE": 0.03298690488691833, "LOG_R": 0.03298690488691833, "RF": 0.03298690488691833, "SVM": 0.03298690488691833, "DNN": 0.03298690488691833}, "2 + 3": {"AB": 0.13290376672694293, "AC": 0.13290376672694293, "DS": 0.13290376672694293, "DT": 0.13290376672694293, "GM": 0.13290376672694293, "GN": 0.13290376672694293, "GB": 0.13290376672694293, "KNN": 0.13290376672694293, "KM": 0.13290376672694293, "LR": 0.13290376672694293, "LRR": 0.13290376672694293, "LRL": 0.13290376672694293, "LRE": 0.13290376672694293, "LOG_R": 0.13290376672694293, "RF": 0.13290376672694293, "SVM": 0.13290376672694293, "DNN": 0.13290376672694293}, "2 + 4": {"AB": 0.11451151009687555, "AC": 0.11451151009687555, "DS": 0.11451151009687555, "DT": 0.11451151009687555, "GM": 0.11451151009687555, "GN": 0.11451151009687555, "GB": 0.11451151009687555, "KNN": 0.11451151009687555, "KM": 0.11451151009687555, "LR": 0.11451151009687555, "LRR": 0.11451151009687555, "LRL": 0.11451151009687555, "LRE": 0.11451151009687555, "LOG_R": 0.11451151009687555, "RF": 0.11451151009687555, "SVM": 0.11451151009687555, "DNN": 0.11451151009687555}, "3 + 4": {"AB": 0.04930481369589765, "AC": 0.04930481369589765, "DS": 0.04930481369589765, "DT": 0.04930481369589765, "GM": 0.04930481369589765, "GN": 0.04930481369589765, "GB": 0.04930481369589765, "KNN": 0.04930481369589765, "KM": 0.04930481369589765, "LR": 0.04930481369589765, "LRR": 0.04930481369589765, "LRL": 0.04930481369589765, "LRE": 0.04930481369589765, "LOG_R": 0.04930481369589765, "RF": 0.04930481369589765, "SVM": 0.04930481369589765, "DNN": 0.04930481369589765}, "0 + 1 + 2": {"AB": 0.1284637831310844, "AC": 0.1284637831310844, "DS": 0.1284637831310844, "DT": 0.1284637831310844, "GM": 0.1284637831310844, "GN": 0.1284637831310844, "GB": 0.1284637831310844, "KNN": 0.1284637831310844, "KM": 0.1284637831310844, "LR": 0.1284637831310844, "LRR": 0.1284637831310844, "LRL": 0.1284637831310844, "LRE": 0.1284637831310844, "LOG_R": 0.1284637831310844, "RF": 0.1284637831310844, "SVM": 0.1284637831310844, "DNN": 0.1284637831310844}, "0 + 1 + 3": {"AB": 0.12970897009357796, "AC": 0.12970897009357796, "DS": 0.12970897009357796, "DT": 0.12970897009357796, "GM": 0.12970897009357796, "GN": 0.12970897009357796, "GB": 0.12970897009357796, "KNN": 0.12970897009357796, "KM": 0.12970897009357796, "LR": 0.12970897009357796, "LRR": 0.12970897009357796, "LRL": 0.12970897009357796, "LRE": 0.12970897009357796, "LOG_R": 0.12970897009357796, "RF": 0.12970897009357796, "SVM": 0.12970897009357796, "DNN": 0.12970897009357796}, "0 + 1 + 4": {"AB": 0.12120375118703895, "AC": 0.12120375118703895, "DS": 0.12120375118703895, "DT": 0.12120375118703895, "GM": 0.12120375118703895, "GN": 0.12120375118703895, "GB": 0.12120375118703895, "KNN": 0.12120375118703895, "KM": 0.12120375118703895, "LR": 0.12120375118703895, "LRR": 0.12120375118703895, "LRL": 0.12120375118703895, "LRE": 0.12120375118703895, "LOG_R": 0.12120375118703895, "RF": 0.12120375118703895, "SVM": 0.12120375118703895, "DNN": 0.12120375118703895}, "0 + 2 + 3": {"AB": 0.14547904371107273, "AC": 0.14547904371107273, "DS": 0.14547904371107273, "DT": 0.14547904371107273, "GM": 0.14547904371107273, "GN": 0.14547904371107273, "GB": 0.14547904371107273, "KNN": 0.14547904371107273, "KM": 0.14547904371107273, "LR": 0.14547904371107273, "LRR": 0.14547904371107273, "LRL": 0.14547904371107273, "LRE": 0.14547904371107273, "LOG_R": 0.14547904371107273, "RF": 0.14547904371107273, "SVM": 0.14547904371107273, "DNN": 0.14547904371107273}, "0 + 2 + 4": {"AB": 0.16145068801800272, "AC": 0.16145068801800272, "DS": 0.16145068801800272, "DT": 0.16145068801800272, "GM": 0.16145068801800272, "GN": 0.16145068801800272, "GB": 0.16145068801800272, "KNN": 0.16145068801800272, "KM": 0.16145068801800272,