{"0": {"AB": 0.32224593104017574, "AC": 0.32224593104017574, "DS": 0.32224593104017574, "DT": 0.32224593104017574, "GM": 0.32224593104017574, "GN": 0.32224593104017574, "GB": 0.32224593104017574, "KNN": 0.32224593104017574, "KM": 0.32224593104017574, "LR": 0.32224593104017574, "LRR": 0.32224593104017574, "LRL": 0.32224593104017574, "LRE": 0.32224593104017574, "LOG_R": 0.32224593104017574, "RF": 0.32224593104017574, "SVM": 0.32224593104017574, "DNN": 0.32224593104017574}, "1": {"AB": 0.16001504819163792, "AC": 0.16001504819163792, "DS": 0.16001504819163792, "DT": 0.16001504819163792, "GM": 0.16001504819163792, "GN": 0.16001504819163792, "GB": 0.16001504819163792, "KNN": 0.16001504819163792, "KM": 0.16001504819163792, "LR": 0.16001504819163792, "LRR": 0.16001504819163792, "LRL": 0.16001504819163792, "LRE": 0.16001504819163792, "LOG_R": 0.16001504819163792, "RF": 0.16001504819163792, "SVM": 0.16001504819163792, "DNN": 0.16001504819163792}, "2": {"AB": 0.2887692202772979, "AC": 0.2887692202772979, "DS": 0.2887692202772979, "DT": 0.2887692202772979, "GM": 0.2887692202772979, "GN": 0.2887692202772979, "GB": 0.2887692202772979, "KNN": 0.2887692202772979, "KM": 0.2887692202772979, "LR": 0.2887692202772979, "LRR": 0.2887692202772979, "LRL": 0.2887692202772979, "LRE": 0.2887692202772979, "LOG_R": 0.2887692202772979, "RF": 0.2887692202772979, "SVM": 0.2887692202772979, "DNN": 0.2887692202772979}, "3": {"AB": 0.2503800091504949, "AC": 0.2503800091504949, "DS": 0.2503800091504949, "DT": 0.2503800091504949, "GM": 0.2503800091504949, "GN": 0.2503800091504949, "GB": 0.2503800091504949, "KNN": 0.2503800091504949, "KM": 0.2503800091504949, "LR": 0.2503800091504949, "LRR": 0.2503800091504949, "LRL": 0.2503800091504949, "LRE": 0.2503800091504949, "LOG_R": 0.2503800091504949, "RF": 0.2503800091504949, "SVM": 0.2503800091504949, "DNN": 0.2503800091504949}, "4": {"AB": 0.2258791402270537, "AC": 0.2258791402270537, "DS": 0.2258791402270537, "DT": 0.2258791402270537, "GM": 0.2258791402270537, "GN": 0.2258791402270537, "GB": 0.2258791402270537, "KNN": 0.2258791402270537, "KM": 0.2258791402270537, "LR": 0.2258791402270537, "LRR": 0.2258791402270537, "LRL": 0.2258791402270537, "LRE": 0.2258791402270537, "LOG_R": 0.2258791402270537, "RF": 0.2258791402270537, "SVM": 0.2258791402270537, "DNN": 0.2258791402270537}, "0 + 1": {"AB": 0.2954905787444631, "AC": 0.2954905787444631, "DS": 0.2954905787444631, "DT": 0.2954905787444631, "GM": 0.2954905787444631, "GN": 0.2954905787444631, "GB": 0.2954905787444631, "KNN": 0.2954905787444631, "KM": 0.2954905787444631, "LR": 0.2954905787444631, "LRR": 0.2954905787444631, "LRL": 0.2954905787444631, "LRE": 0.2954905787444631, "LOG_R": 0.2954905787444631, "RF": 0.2954905787444631, "SVM": 0.2954905787444631, "DNN": 0.2954905787444631}, "0 + 2": {"AB": 0.35503120102794894, "AC": 0.35503120102794894, "DS": 0.35503120102794894, "DT": 0.35503120102794894, "GM": 0.35503120102794894, "GN": 0.35503120102794894, "GB": 0.35503120102794894, "KNN": 0.35503120102794894, "KM": 0.35503120102794894, "LR": 0.35503120102794894, "LRR": 0.35503120102794894, "LRL": 0.35503120102794894, "LRE": 0.35503120102794894, "LOG_R": 0.35503120102794894, "RF": 0.35503120102794894, "SVM": 0.35503120102794894, "DNN": 0.35503120102794894}, "0 + 3": {"AB": 0.3431253668337494, "AC": 0.3431253668337494, "DS": 0.3431253668337494, "DT": 0.3431253668337494, "GM": 0.3431253668337494, "GN": 0.3431253668337494, "GB": 0.3431253668337494, "KNN": 0.3431253668337494, "KM": 0.3431253668337494, "LR": 0.3431253668337494, "LRR": 0.3431253668337494, "LRL": 0.3431253668337494, "LRE": 0.3431253668337494, "LOG_R": 0.3431253668337494, "RF": 0.3431253668337494, "SVM": 0.3431253668337494, "DNN": 0.3431253668337494}, "0 + 4": {"AB": 0.3207258157502938, "AC": 0.3207258157502938, "DS": 0.3207258157502938, "DT": 0.3207258157502938, "GM": 0.3207258157502938, "GN": 0.3207258157502938, "GB": 0.3207258157502938, "KNN": 0.3207258157502938, "KM": 0.3207258157502938, "LR": 0.3207258157502938, "LRR": 0.3207258157502938, "LRL": 0.3207258157502938, "LRE": 0.3207258157502938, "LOG_R": 0.3207258157502938, "RF": 0.3207258157502938, "SVM": 0.3207258157502938, "DNN": 0.3207258157502938}, "1 + 2": {"AB": 0.24267881956962864, "AC": 0.24267881956962864, "DS": 0.24267881956962864, "DT": 0.24267881956962864, "GM": 0.24267881956962864, "GN": 0.24267881956962864, "GB": 0.24267881956962864, "KNN": 0.24267881956962864, "KM": 0.24267881956962864, "LR": 0.24267881956962864, "LRR": 0.24267881956962864, "LRL": 0.24267881956962864, "LRE": 0.24267881956962864, "LOG_R": 0.24267881956962864, "RF": 0.24267881956962864, "SVM": 0.24267881956962864, "DNN": 0.24267881956962864}, "1 + 3": {"AB": 0.2632334842802005, "AC": 0.2632334842802005, "DS": 0.2632334842802005, "DT": 0.2632334842802005, "GM": 0.2632334842802005, "GN": 0.2632334842802005, "GB": 0.2632334842802005, "KNN": 0.2632334842802005, "KM": 0.2632334842802005, "LR": 0.2632334842802005, "LRR": 0.2632334842802005, "LRL": 0.2632334842802005, "LRE": 0.2632334842802005, "LOG_R": 0.2632334842802005, "RF": 0.2632334842802005, "SVM": 0.2632334842802005, "DNN": 0.2632334842802005}, "1 + 4": {"AB": 0.24087949495701533, "AC": 0.24087949495701533, "DS": 0.24087949495701533, "DT": 0.24087949495701533, "GM": 0.24087949495701533, "GN": 0.24087949495701533, "GB": 0.24087949495701533, "KNN": 0.24087949495701533, "KM": 0.24087949495701533, "LR": 0.24087949495701533, "LRR": 0.24087949495701533, "LRL": 0.24087949495701533, "LRE": 0.24087949495701533, "LOG_R": 0.24087949495701533, "RF": 0.24087949495701533, "SVM": 0.24087949495701533, "DNN": 0.24087949495701533}, "2 + 3": {"AB": 0.34490328414267624, "AC": 0.34490328414267624, "DS": 0.34490328414267624, "DT": 0.34490328414267624, "GM": 0.34490328414267624, "GN": 0.34490328414267624, "GB": 0.34490328414267624, "KNN": 0.34490328414267624, "KM": 0.34490328414267624, "LR": 0.34490328414267624, "LRR": 0.34490328414267624, "LRL": 0.34490328414267624, "LRE": 0.34490328414267624, "LOG_R": 0.34490328414267624, "RF": 0.34490328414267624, "SVM": 0.34490328414267624, "DNN": 0.34490328414267624}, "2 + 4": {"AB": 0.3200471109812415, "AC": 0.3200471109812415, "DS": 0.3200471109812415, "DT": 0.3200471109812415, "GM": 0.3200471109812415, "GN": 0.3200471109812415, "GB": 0.3200471109812415, "KNN": 0.3200471109812415, "KM": 0.3200471109812415, "LR": 0.3200471109812415, "LRR": 0.3200471109812415, "LRL": 0.3200471109812415, "LRE": 0.3200471109812415, "LOG_R": 0.3200471109812415, "RF": 0.3200471109812415, "SVM": 0.3200471109812415, "DNN": 0.3200471109812415}, "3 + 4": {"AB": 0.3093600453473211, "AC": 0.3093600453473211, "DS": 0.3093600453473211, "DT": 0.3093600453473211, "GM": 0.3093600453473211, "GN": 0.3093600453473211, "GB": 0.3093600453473211, "KNN": 0.3093600453473211, "KM": 0.3093600453473211, "LR": 0.3093600453473211, "LRR": 0.3093600453473211, "LRL": 0.3093600453473211, "LRE": 0.3093600453473211, "LOG_R": 0.3093600453473211, "RF": 0.3093600453473211, "SVM": 0.3093600453473211, "DNN": 0.3093600453473211}, "0 + 1 + 2": {"AB": 0.3388980840394815, "AC": 0.3388980840394815, "DS": 0.3388980840394815, "DT": 0.3388980840394815, "GM": 0.3388980840394815, "GN": 0.3388980840394815, "GB": 0.3388980840394815, "KNN": 0.3388980840394815, "KM": 0.3388980840394815, "LR": 0.3388980840394815, "LRR": 0.3388980840394815, "LRL": 0.3388980840394815, "LRE": 0.3388980840394815, "LOG_R": 0.3388980840394815, "RF": 0.3388980840394815, "SVM": 0.3388980840394815, "DNN": 0.3388980840394815}, "0 + 1 + 3": {"AB": 0.32957913376021497, "AC": 0.32957913376021497, "DS": 0.32957913376021497, "DT": 0.32957913376021497, "GM": 0.32957913376021497, "GN": 0.32957913376021497, "GB": 0.32957913376021497, "KNN": 0.32957913376021497, "KM": 0.32957913376021497, "LR": 0.32957913376021497, "LRR": 0.32957913376021497, "LRL": 0.32957913376021497, "LRE": 0.32957913376021497, "LOG_R": 0.32957913376021497, "RF": 0.32957913376021497, "SVM": 0.32957913376021497, "DNN": 0.32957913376021497}, "0 + 1 + 4": {"AB": 0.308264412916955,