{"0": {"AB": 0.0, "AC": 0.0, "DS": 0.0, "DT": 0.0, "GM": 0.0, "GN": 0.0, "GB": 0.0, "KNN": 0.0, "KM": 0.0, "LR": 0.0, "LRR": 0.0, "LRL": 0.0, "LRE": 0.0, "LOG_R": 0.0, "RF": 0.0, "SVM": 0.0, "DNN": 0.0}, "1": {"AB": 0.0, "AC": 0.0, "DS": 0.0, "DT": 0.0, "GM": 0.0, "GN": 0.0, "GB": 0.0, "KNN": 0.0, "KM": 0.0, "LR": 0.0, "LRR": 0.0, "LRL": 0.0, "LRE": 0.0, "LOG_R": 0.0, "RF": 0.0, "SVM": 0.0, "DNN": 0.0}, "2": {"AB": 0.0, "AC": 0.0, "DS": 0.0, "DT": 0.0, "GM": 0.0, "GN": 0.0, "GB": 0.0, "KNN": 0.0, "KM": 0.0, "LR": 0.0, "LRR": 0.0, "LRL": 0.0, "LRE": 0.0, "LOG_R": 0.0, "RF": 0.0, "SVM": 0.0, "DNN": 0.0}, "3": {"AB": 0.0, "AC": 0.0, "DS": 0.0, "DT": 0.0, "GM": 0.0, "GN": 0.0, "GB": 0.0, "KNN": 0.0, "KM": 0.0, "LR": 0.0, "LRR": 0.0, "LRL": 0.0, "LRE": 0.0, "LOG_R": 0.0, "RF": 0.0, "SVM": 0.0, "DNN": 0.0}, "4": {"AB": 0.0, "AC": 0.0, "DS": 0.0, "DT": 0.0, "GM": 0.0, "GN": 0.0, "GB": 0.0, "KNN": 0.0, "KM": 0.0, "LR": 0.0, "LRR": 0.0, "LRL": 0.0, "LRE": 0.0, "LOG_R": 0.0, "RF": 0.0, "SVM": 0.0, "DNN": 0.0}, "0 + 1": {"AB": 0.1586890761855958, "AC": 0.1586890761855958, "DS": 0.1586890761855958, "DT": 0.1586890761855958, "GM": 0.1586890761855958, "GN": 0.1586890761855958, "GB": 0.1586890761855958, "KNN": 0.1586890761855958, "KM": 0.1586890761855958, "LR": 0.1586890761855958, "LRR": 0.1586890761855958, "LRL": 0.1586890761855958, "LRE": 0.1586890761855958, "LOG_R": 0.1586890761855958, "RF": 0.1586890761855958, "SVM": 0.1586890761855958, "DNN": 0.1586890761855958}, "0 + 2": {"AB": 0.10566572391895795, "AC": 0.10566572391895795, "DS": 0.10566572391895795, "DT": 0.10566572391895795, "GM": 0.10566572391895795, "GN": 0.10566572391895795, "GB": 0.10566572391895795, "KNN": 0.10566572391895795, "KM": 0.10566572391895795, "LR": 0.10566572391895795, "LRR": 0.10566572391895795, "LRL": 0.10566572391895795, "LRE": 0.10566572391895795, "LOG_R": 0.10566572391895795, "RF": 0.10566572391895795, "SVM": 0.10566572391895795, "DNN": 0.10566572391895795}, "0 + 3": {"AB": 0.22902966313415057, "AC": 0.22902966313415057, "DS": 0.22902966313415057, "DT": 0.22902966313415057, "GM": 0.22902966313415057, "GN": 0.22902966313415057, "GB": 0.22902966313415057, "KNN": 0.22902966313415057, "KM": 0.22902966313415057, "LR": 0.22902966313415057, "LRR": 0.22902966313415057, "LRL": 0.22902966313415057, "LRE": 0.22902966313415057, "LOG_R": 0.22902966313415057, "RF": 0.22902966313415057, "SVM": 0.22902966313415057, "DNN": 0.22902966313415057}, "0 + 4": {"AB": 0.21718684634688207, "AC": 0.21718684634688207, "DS": 0.21718684634688207, "DT": 0.21718684634688207, "GM": 0.21718684634688207, "GN": 0.21718684634688207, "GB": 0.21718684634688207, "KNN": 0.21718684634688207, "KM": 0.21718684634688207, "LR": 0.21718684634688207, "LRR": 0.21718684634688207, "LRL": 0.21718684634688207, "LRE": 0.21718684634688207, "LOG_R": 0.21718684634688207, "RF": 0.21718684634688207, "SVM": 0.21718684634688207, "DNN": 0.21718684634688207}, "1 + 2": {"AB": 0.053023352266637847, "AC": 0.053023352266637847, "DS": 0.053023352266637847, "DT": 0.053023352266637847, "GM": 0.053023352266637847, "GN": 0.053023352266637847, "GB": 0.053023352266637847, "KNN": 0.053023352266637847, "KM": 0.053023352266637847, "LR": 0.053023352266637847, "LRR": 0.053023352266637847, "LRL": 0.053023352266637847, "LRE": 0.053023352266637847, "LOG_R": 0.053023352266637847, "RF": 0.053023352266637847, "SVM": 0.053023352266637847, "DNN": 0.053023352266637847}, "1 + 3": {"AB": 0.07034058694855477, "AC": 0.07034058694855477, "DS": 0.07034058694855477, "DT": 0.07034058694855477, "GM": 0.07034058694855477, "GN": 0.07034058694855477, "GB": 0.07034058694855477, "KNN": 0.07034058694855477, "KM": 0.07034058694855477, "LR": 0.07034058694855477, "LRR": 0.07034058694855477, "LRL": 0.07034058694855477, "LRE": 0.07034058694855477, "LOG_R": 0.07034058694855477, "RF": 0.07034058694855477, "SVM": 0.07034058694855477, "DNN": 0.07034058694855477}, "1 + 4": {"AB": 0.05849777016128627, "AC": 0.05849777016128627, "DS": 0.05849777016128627, "DT": 0.05849777016128627, "GM": 0.05849777016128627, "GN": 0.05849777016128627, "GB": 0.05849777016128627, "KNN": 0.05849777016128627, "KM": 0.05849777016128627, "LR": 0.05849777016128627, "LRR": 0.05849777016128627, "LRL": 0.05849777016128627, "LRE": 0.05849777016128627, "LOG_R": 0.05849777016128627, "RF": 0.05849777016128627, "SVM": 0.05849777016128627, "DNN": 0.05849777016128627}, "2 + 3": {"AB": 0.12336393921519262, "AC": 0.12336393921519262, "DS": 0.12336393921519262, "DT": 0.12336393921519262, "GM": 0.12336393921519262, "GN": 0.12336393921519262, "GB": 0.12336393921519262, "KNN": 0.12336393921519262, "KM": 0.12336393921519262, "LR": 0.12336393921519262, "LRR": 0.12336393921519262, "LRL": 0.12336393921519262, "LRE": 0.12336393921519262, "LOG_R": 0.12336393921519262, "RF": 0.12336393921519262, "SVM": 0.12336393921519262, "DNN": 0.12336393921519262}, "2 + 4": {"AB": 0.11152112242792411, "AC": 0.11152112242792411, "DS": 0.11152112242792411, "DT": 0.11152112242792411, "GM": 0.11152112242792411, "GN": 0.11152112242792411, "GB": 0.11152112242792411, "KNN": 0.11152112242792411, "KM": 0.11152112242792411, "LR": 0.11152112242792411, "LRR": 0.11152112242792411, "LRL": 0.11152112242792411, "LRE": 0.11152112242792411, "LOG_R": 0.11152112242792411, "RF": 0.11152112242792411, "SVM": 0.11152112242792411, "DNN": 0.11152112242792411}, "3 + 4": {"AB": 0.011842816787268506, "AC": 0.011842816787268506, "DS": 0.011842816787268506, "DT": 0.011842816787268506, "GM": 0.011842816787268506, "GN": 0.011842816787268506, "GB": 0.011842816787268506, "KNN": 0.011842816787268506, "KM": 0.011842816787268506, "LR": 0.011842816787268506, "LRR": 0.011842816787268506, "LRL": 0.011842816787268506, "LRE": 0.011842816787268506, "LOG_R": 0.011842816787268506, "RF": 0.011842816787268506, "SVM": 0.011842816787268506, "DNN": 0.011842816787268506}, "0 + 1 + 2": {"AB": 0.10585621422611682, "AC": 0.10585621422611682, "DS": 0.10585621422611682, "DT": 0.10585621422611682, "GM": 0.10585621422611682, "GN": 0.10585621422611682, "GB": 0.10585621422611682, "KNN": 0.10585621422611682, "KM": 0.10585621422611682, "LR": 0.10585621422611682, "LRR": 0.10585621422611682, "LRL": 0.10585621422611682, "LRE": 0.10585621422611682, "LOG_R": 0.10585621422611682, "RF": 0.10585621422611682, "SVM": 0.10585621422611682, "DNN": 0.10585621422611682}, "0 + 1 + 3": {"AB": 0.14968512504135267, "AC": 0.14968512504135267, "DS": 0.14968512504135267, "DT": 0.14968512504135267, "GM": 0.14968512504135267, "GN": 0.14968512504135267, "GB": 0.14968512504135267, "KNN": 0.14968512504135267, "KM": 0.14968512504135267, "LR": 0.14968512504135267, "LRR": 0.14968512504135267, "LRL": 0.14968512504135267, "LRE": 0.14968512504135267, "LOG_R": 0.14968512504135267, "RF": 0.14968512504135267, "SVM": 0.14968512504135267, "DNN": 0.14968512504135267}, "0 + 1 + 4": {"AB": 0.13784230825408417, "AC": 0.13784230825408417, "DS": 0.13784230825408417, "DT": 0.13784230825408417, "GM": 0.13784230825408417, "GN": 0.13784230825408417, "GB": 0.13784230825408417, "KNN": 0.13784230825408417, "KM": 0.13784230825408417, "LR": 0.13784230825408417, "LRR": 0.13784230825408417, "LRL": 0.13784230825408417, "LRE": 0.13784230825408417, "LOG_R": 0.13784230825408417, "RF": 0.13784230825408417, "SVM": 0.13784230825408417, "DNN": 0.13784230825408417}, "0 + 2 + 3": {"AB": 0.1761968011746716, "AC": 0.1761968011746716, "DS": 0.1761968011746716, "DT": 0.1761968011746716, "GM": 0.1761968011746716, "GN": 0.1761968011746716, "GB": 0.1761968011746716, "KNN": 0.1761968011746716, "KM": 0.1761968011746716, "LR": 0.1761968011746716, "LRR": 0.1761968011746716, "LRL": 0.1761968011746716, "LRE": 0.1761968011746716, "LOG_R": 0.1761968011746716, "RF": 0.1761968011746716, "SVM": 0.1761968011746716, "DNN": 0.1761968011746716}, "0 + 2 + 4": {"AB": 0.1643539843874031, "AC": 0.1643539843874031, "DS": 0.1643539843874031, "DT": 0.1643539843874031, "GM": 0.1643539843874031, "GN": 0.1643539843874031, "GB": 0.1643539843874031, "KNN": 0.1643539843874031, "KM": 0.1643539843874031,