{"0": {"AB": 1.0, "AC": 0.45893719806763295, "DS": 0.3333333333333333, "DT": 1.0, "GM": 0.5029184710977217, "GN": 1.0, "GB": 1.0, "KNN": 1.0, "KM": 0.01234567901234568, "LR": 0.9304468788036864, "LRR": 0.9304468788036864, "LRL": 0.9304468788036864, "LRE": 0.9304468788036864, "LOG_R": 1.0, "RF": 1.0, "SVM": 1.0, "DNN": 0.9874980465697764}, "1": {"AB": 1.0, "AC": 0.5041666666666667, "DS": 0.3333333333333333, "DT": 1.0, "GM": 0.3333333333333333, "GN": 1.0, "GB": 1.0, "KNN": 1.0, "KM": 0.10526315789473684, "LR": 0.9443665264142121, "LRR": 0.9443665264142121, "LRL": 0.9443665264142121, "LRE": 0.9443665264142121, "LOG_R": 1.0, "RF": 1.0, "SVM": 1.0, "DNN": 1.0}, "2": {"AB": 0.9835497835497835, "AC": 0.10594035594035595, "DS": 0.002551834130781499, "DT": 0.9835497835497835, "GM": 0.03828763828763828, "GN": 0.9835497835497835, "GB": 0.9366185216652507, "KNN": 0.9693473193473193, "KM": 0.49233395712268946, "LR": 0.9457912457912458, "LRR": 0.9457912457912458, "LRL": 0.9457912457912458, "LRE": 0.9457912457912458, "LOG_R": 0.9457912457912458, "RF": 0.9457912457912458, "SVM": 0.9457912457912458, "DNN": 0.9457912457912458}, "3": {"AB": 0.9645493964607992, "AC": 0.3493424814179531, "DS": 0.023025263831148068, "DT": 1.0, "GM": 0.06037193667317285, "GN": 1.0, "GB": 0.9411212422135956, "KNN": 0.9817563244221795, "KM": 0.8136217211228716, "LR": 0.8240899561654278, "LRR": 0.8240899561654278, "LRL": 0.8335849056603774, "LRE": 0.8240899561654278, "LOG_R": 0.9018687370226596, "RF": 0.9817563244221795, "SVM": 0.9018687370226596, "DNN": 0.9645493964607992}, "4": {"AB": 0.9002855977152183, "AC": 0.6094036894036894, "DS": 0.42582278481012653, "DT": 0.9006060606060606, "GM": 0.42582278481012653, "GN": 0.49277777777777787, "GB": 0.8608430349257326, "KNN": 0.8594791236047955, "KM": 0.42417582417582417, "LR": 0.6094036894036894, "LRR": 0.6094036894036894, "LRL": 0.5854166666666667, "LRE": 0.6094036894036894, "LOG_R": 0.6094036894036894, "RF": 0.8807729468599034, "SVM": 0.6094036894036894, "DNN": 0.7327498927498928}, "0 + 1": {"AB": 1.0, "AC": 0.5041666666666667, "DS": 0.3333333333333333, "DT": 1.0, "GM": 0.31313131313131315, "GN": 1.0, "GB": 1.0, "KNN": 1.0, "KM": 0.9852909366212416, "LR": 1.0, "LRR": 1.0, "LRL": 1.0, "LRE": 1.0, "LOG_R": 1.0, "RF": 1.0, "SVM": 1.0, "DNN": 1.0}, "0 + 2": {"AB": 1.0, "AC": 0.1656314699792961, "DS": 0.004329004329004328, "DT": 1.0, "GM": 0.004329004329004328, "GN": 1.0, "GB": 1.0, "KNN": 1.0, "KM": 0.778795100129604, "LR": 0.9291521486643438, "LRR": 0.9291521486643438, "LRL": 0.9291521486643438, "LRE": 0.9291521486643438, "LOG_R": 1.0, "RF": 1.0, "SVM": 1.0, "DNN": 1.0}, "0 + 3": {"AB": 1.0, "AC": 0.7514761137949545, "DS": 0.030100334448160536, "DT": 1.0, "GM": 0.1907114624505929, "GN": 1.0, "GB": 1.0, "KNN": 1.0, "KM": 0.7514761137949545, "LR": 0.9661208356860531, "LRR": 0.9661208356860531, "LRL": 0.9777034559643255, "LRE": 0.9661208356860531, "LOG_R": 1.0, "RF": 1.0, "SVM": 1.0, "DNN": 1.0}, "0 + 4": {"AB": 1.0, "AC": 0.5829333333333333, "DS": 0.42582278481012653, "DT": 1.0, "GM": 0.2131343283582089, "GN": 1.0, "GB": 1.0, "KNN": 1.0, "KM": 0.062222222222222213, "LR": 0.9557894736842105, "LRR": 0.9557894736842105, "LRL": 0.9557894736842105, "LRE": 0.9557894736842105, "LOG_R": 1.0, "RF": 1.0, "SVM": 1.0, "DNN": 1.0}, "1 + 2": {"AB": 1.0, "AC": 0.05997425997425998, "DS": 0.005847953216374269, "DT": 1.0, "GM": 0.1888888888888889, "GN": 1.0, "GB": 1.0, "KNN": 1.0, "KM": 0.6402116402116401, "LR": 1.0, "LRR": 1.0, "LRL": 1.0, "LRE": 1.0, "LOG_R": 1.0, "RF": 1.0, "SVM": 1.0, "DNN": 1.0}, "1 + 3": {"AB": 1.0, "AC": 0.2531914893617021, "DS": 0.03913043478260869, "DT": 1.0, "GM": 0.7810810810810811, "GN": 1.0, "GB": 1.0, "KNN": 1.0, "KM": 0.1888888888888889, "LR": 1.0, "LRR": 1.0, "LRL": 1.0, "LRE": 1.0, "LOG_R": 1.0, "RF": 1.0, "SVM": 1.0, "DNN": 1.0}, "1 + 4": {"AB": 1.0, "AC": 0.6161330561330562, "DS": 0.42582278481012653, "DT": 1.0, "GM": 0.23130434782608694, "GN": 1.0, "GB": 1.0, "KNN": 1.0, "KM": 0.0, "LR": 0.9897560975609756, "LRR": 0.9897560975609756, "LRL": 0.9897560975609756, "LRE": 0.9897560975609756, "LOG_R": 1.0, "RF": 1.0, "SVM": 1.0, "DNN": 1.0}, "2 + 3": {"AB": 1.0, "AC": 0.08163265306122448, "DS": 0.0032012805122048813, "DT": 0.9392006802721088, "GM": 0.08163265306122448, "GN": 0.9762978875760832, "GB": 0.9392006802721088, "KNN": 0.9591836734693877, "KM": 0.08163265306122448, "LR": 0.9392006802721088, "LRR": 0.9392006802721088, "LRL": 0.9392006802721088, "LRE": 0.9392006802721088, "LOG_R": 0.9392006802721088, "RF": 0.9392006802721088, "SVM": 0.9762978875760832, "DNN": 0.9591836734693877}, "2 + 4": {"AB": 1.0, "AC": 0.17391304347826084, "DS": 0.01391304347826087, "DT": 1.0, "GM": 0.24407114624505927, "GN": 0.9603393425238601, "GB": 1.0, "KNN": 0.9603393425238601, "KM": 0.17391304347826084, "LR": 0.8493427704752274, "LRR": 0.8493427704752274, "LRL": 0.8715415019762844, "LRE": 0.8493427704752274, "LOG_R": 0.9603393425238601, "RF": 1.0, "SVM": 0.9603393425238601, "DNN": 0.8715415019762844}, "3 + 4": {"AB": 1.0, "AC": 0.6177341436808477, "DS": 0.0808080808080808, "DT": 1.0, "GM": 0.6619385342789598, "GN": 1.0, "GB": 0.9202020202020201, "KNN": 1.0, "KM": 0.5055555555555556, "LR": 0.9230769230769229, "LRR": 0.9230769230769229, "LRL": 0.9230769230769229, "LRE": 0.9230769230769229, "LOG_R": 0.9639357932040858, "RF": 1.0, "SVM": 0.9639357932040858, "DNN": 0.9639357932040858}, "0 + 1 + 2": {"AB": 1.0, "AC": 0.0, "DS": 0.005847953216374269, "DT": 1.0, "GM": 0.974792703150912, "GN": 1.0, "GB": 1.0, "KNN": 1.0, "KM": 0.7119341563786007, "LR": 1.0, "LRR": 1.0, "LRL": 1.0, "LRE": 1.0, "LOG_R": 1.0, "RF": 1.0, "SVM": 1.0, "DNN": 1.0}, "0 + 1 + 3": {"AB": 1.0, "AC": 0.22180451127819545, "DS": 0.03913043478260869, "DT": 1.0, "GM": 0.22180451127819545, "GN": 1.0, "GB": 1.0, "KNN": 1.0, "KM": 0.7285714285714285, "LR": 0.9607692307692307, "LRR": 0.9607692307692307, "LRL": 0.9742424242424242, "LRE": 0.9607692307692307, "LOG_R": 1.0, "RF": 1.0, "SVM": 1.0, "DNN": 1.0}, "0 + 1 + 4": {"AB": 1.0, "AC": 0.5476315789473684, "DS": 0.42582278481012653, "DT": 1.0, "GM": 0.5829333333333333, "GN": 1.0, "GB": 1.0, "KNN": 1.0, "KM": 0.0, "LR": 1.0, "LRR": 1.0, "LRL": 1.0, "LRE": 1.0, "LOG_R": 1.0, "RF": 1.0, "SVM": 1.0, "DNN": 1.0}, "0 + 2 + 3": {"AB": 1.0, "AC": 0.8521303258145364, "DS": 0.004329004329004328, "DT": 1.0, "GM": 0.5714285714285714, "GN": 1.0, "GB": 1.0, "KNN": 1.0, "KM": 0.4232804232804233, "LR": 0.9291521486643438, "LRR": 0.9291521486643438, "LRL": 0.9291521486643438, "LRE": 0.9291521486643438, "LOG_R": 1.0, "RF": 1.0, "SVM": 1.0, "DNN": 1.0}, "0 + 2 + 4": {"AB": 1.0, "AC": 0.17391304347826084, "DS": 0.01391304347826087, "DT": 1.0, "GM": 0.8016967126193001, "GN": 1.0, "GB": 1.0, "KNN": 1.0, "KM": 0.7956521739130435, "LR": 1.0, "LRR": 1.0, "LRL": 1.0, "LRE": 1.0, "LOG_R": 1.0, "RF": 1.0, "SVM": 1.0, "DNN": 1.0}, "0 + 3 + 4": {"AB": 1.0, "AC": 0.06944444444444445, "DS": 0.0808080808080808, "DT": 1.0, "GM": 0.6619385342789598, "GN": 0.9617101245008222, "GB": 1.0, "KNN": 1.0, "KM": 0.0, "LR": 0.981029810298103, "LRR": 0.981029810298103, "LRL": 0.981029810298103, "LRE": 0.981029810298103, "LOG_R": 1.0, "RF": 1.0, "SVM": 1.0, "DNN": 1.0}, "1 + 2 + 3": {"AB": 1.0, "AC": 0.05997425997425998, "DS": 0.005847953216374269, "DT": 1.0, "GM": 0.9033816425120773, "GN": 0.9677938808373592, "GB": 1.0, "KNN": 1.0, "KM": 0.41062801932367154, "LR": 0.9859038142620231, "LRR": 0.9859038142620231, "LRL": 1.0, "LRE": 0.9859038142620231, "LOG_R": 1.0, "RF": 1.0, "SVM": 1.0, "DNN": 1.0}, "1 + 2 + 4": {"AB": 1.0, "AC": 0.5907928388746804, "DS": 0.01391304347826087, "DT": 1.0, "GM": 0.7491638795986622, "GN": 1.0, "GB": 1.0, "KNN": 1.0, "KM": 0.7956521739130435, "LR": 0.9777306468716861, "LRR": 0.9777306468716861, "LRL": 0.9777306468716861, "LRE": 0.9777306468716861, "LOG_R": 1.0, "RF": 1.0, "SVM": 1.0, "DNN": 1.0}, "1 + 3 + 4": {"AB": 1.0, "AC": 0.22128720585943584, "DS": 0.0808080808080808, "DT": 1.0, "GM": 0.22128720585943584, "GN": 1.0, "GB": 1.0, "KNN": 1.0,