{"0": {"AB": 1.0, "AC": 0.6588235294117648, "DS": 0.7111111111111111, "DT": 1.0, "GM": 0.6588235294117648, "GN": 1.0, "GB": 1.0, "KNN": 0.8862745098039216, "KM": 0.25050505050505045, "LR": 0.9466666666666667, "LRR": 0.9466666666666667, "LRL": 0.6588235294117648, "LRE": 0.9466666666666667, "LOG_R": 1.0, "RF": 1.0, "SVM": 1.0, "DNN": 0.8862745098039216}, "1": {"AB": 1.0, "AC": 1.0, "DS": 0.3333333333333333, "DT": 1.0, "GM": 0.2727272727272727, "GN": 1.0, "GB": 1.0, "KNN": 1.0, "KM": 1.0, "LR": 1.0, "LRR": 1.0, "LRL": 1.0, "LRE": 1.0, "LOG_R": 1.0, "RF": 1.0, "SVM": 1.0, "DNN": 1.0}, "2": {"AB": 1.0, "AC": 0.7809523809523808, "DS": 0.4499999999999999, "DT": 1.0, "GM": 0.4499999999999999, "GN": 1.0, "GB": 1.0, "KNN": 1.0, "KM": 0.13333333333333333, "LR": 1.0, "LRR": 1.0, "LRL": 1.0, "LRE": 1.0, "LOG_R": 1.0, "RF": 1.0, "SVM": 1.0, "DNN": 1.0}, "3": {"AB": 1.0, "AC": -1.0, "DS": 0.0, "DT": 1.0, "GM": -1.0, "GN": 1.0, "GB": 1.0, "KNN": 1.0, "KM": -1.0, "LR": 1.0, "LRR": 1.0, "LRL": 1.0, "LRE": 1.0, "LOG_R": 1.0, "RF": 1.0, "SVM": 1.0, "DNN": 1.0}, "4": {"AB": 0.7912087912087912, "AC": 0.8744588744588745, "DS": 0.7912087912087912, "DT": 0.7912087912087912, "GM": 0.03571428571428571, "GN": 0.7912087912087912, "GB": 0.7912087912087912, "KNN": 0.7912087912087912, "KM": 0.21428571428571427, "LR": 0.7912087912087912, "LRR": 0.7912087912087912, "LRL": 0.7912087912087912, "LRE": 0.7912087912087912, "LOG_R": 0.7912087912087912, "RF": 0.7912087912087912, "SVM": 0.7912087912087912, "DNN": 0.7912087912087912}, "0 + 1": {"AB": 0.8380952380952381, "AC": 0.0, "DS": 0.5333333333333333, "DT": 1.0, "GM": 0.8148148148148149, "GN": 1.0, "GB": 1.0, "KNN": 1.0, "KM": 0.0, "LR": 1.0, "LRR": 1.0, "LRL": 1.0, "LRE": 1.0, "LOG_R": 1.0, "RF": 1.0, "SVM": 1.0, "DNN": 1.0}, "0 + 2": {"AB": 0.8, "AC": 0.34285714285714286, "DS": 0.4499999999999999, "DT": 0.8, "GM": 0.34285714285714286, "GN": 1.0, "GB": 1.0, "KNN": 0.7809523809523808, "KM": 0.34285714285714286, "LR": 0.8800000000000001, "LRR": 0.8800000000000001, "LRL": 0.8800000000000001, "LRE": 0.8800000000000001, "LOG_R": 1.0, "RF": 1.0, "SVM": 1.0, "DNN": 0.4499999999999999}, "0 + 3": {"AB": 1.0, "AC": -1.0, "DS": 0.0, "DT": 1.0, "GM": -1.0, "GN": 1.0, "GB": 1.0, "KNN": 1.0, "KM": -1.0, "LR": 1.0, "LRR": 1.0, "LRL": 1.0, "LRE": 1.0, "LOG_R": 1.0, "RF": 1.0, "SVM": 1.0, "DNN": 1.0}, "0 + 4": {"AB": 1.0, "AC": 0.7142857142857143, "DS": 0.7912087912087912, "DT": 0.7142857142857143, "GM": 0.4761904761904762, "GN": 0.7912087912087912, "GB": 0.7912087912087912, "KNN": 0.7912087912087912, "KM": 0.2857142857142857, "LR": 0.7809523809523811, "LRR": 0.7809523809523811, "LRL": 0.8744588744588745, "LRE": 0.7809523809523811, "LOG_R": 0.7912087912087912, "RF": 0.7912087912087912, "SVM": 0.8744588744588745, "DNN": 0.7912087912087912}, "1 + 2": {"AB": 1.0, "AC": 0.0, "DS": 0.4499999999999999, "DT": 1.0, "GM": 0.0, "GN": 1.0, "GB": 1.0, "KNN": 1.0, "KM": 0.0, "LR": 0.8666666666666666, "LRR": 0.8666666666666666, "LRL": 1.0, "LRE": 0.8666666666666666, "LOG_R": 1.0, "RF": 1.0, "SVM": 1.0, "DNN": 1.0}, "1 + 3": {"AB": 1.0, "AC": -1.0, "DS": 0.0, "DT": 1.0, "GM": -1.0, "GN": 1.0, "GB": 1.0, "KNN": 1.0, "KM": -1.0, "LR": 1.0, "LRR": 1.0, "LRL": 1.0, "LRE": 1.0, "LOG_R": 1.0, "RF": 1.0, "SVM": 1.0, "DNN": 1.0}, "1 + 4": {"AB": 1.0, "AC": 1.0, "DS": 0.7111111111111111, "DT": 1.0, "GM": 1.0, "GN": 0.7111111111111111, "GB": 0.7111111111111111, "KNN": 0.7111111111111111, "KM": 0.0, "LR": 1.0, "LRR": 0.8857142857142858, "LRL": 0.8857142857142858, "LRE": 1.0, "LOG_R": 1.0, "RF": 0.7111111111111111, "SVM": 1.0, "DNN": 1.0}, "2 + 3": {"AB": 1.0, "AC": -1.0, "DS": 0.0, "DT": 1.0, "GM": -1.0, "GN": 1.0, "GB": 1.0, "KNN": 1.0, "KM": -1.0, "LR": 1.0, "LRR": 1.0, "LRL": 1.0, "LRE": 1.0, "LOG_R": 1.0, "RF": 1.0, "SVM": 1.0, "DNN": 0.0}, "2 + 4": {"AB": 0.5, "AC": 0.30000000000000004, "DS": 0.0, "DT": 0.6428571428571428, "GM": 0.6428571428571428, "GN": 0.6428571428571428, "GB": 0.6428571428571428, "KNN": 0.6428571428571428, "KM": 0.30000000000000004, "LR": 1.0, "LRR": 0.6428571428571428, "LRL": 0.6428571428571428, "LRE": 0.6428571428571428, "LOG_R": 0.6428571428571428, "RF": 0.6428571428571428, "SVM": 0.6428571428571428, "DNN": 0.6428571428571428}, "3 + 4": {"AB": 1.0, "AC": -1.0, "DS": 0.0, "DT": 1.0, "GM": -1.0, "GN": 1.0, "GB": 1.0, "KNN": 1.0, "KM": -1.0, "LR": 1.0, "LRR": 1.0, "LRL": 1.0, "LRE": 1.0, "LOG_R": 1.0, "RF": 1.0, "SVM": 1.0, "DNN": 1.0}, "0 + 1 + 2": {"AB": 1.0, "AC": 0.34285714285714286, "DS": 0.4499999999999999, "DT": 1.0, "GM": 0.34285714285714286, "GN": 1.0, "GB": 1.0, "KNN": 1.0, "KM": 0.34285714285714286, "LR": 0.8, "LRR": 1.0, "LRL": 1.0, "LRE": 1.0, "LOG_R": 1.0, "RF": 1.0, "SVM": 1.0, "DNN": 1.0}, "0 + 1 + 3": {"AB": 1.0, "AC": -1.0, "DS": 0.0, "DT": 1.0, "GM": -1.0, "GN": 1.0, "GB": 1.0, "KNN": 1.0, "KM": -1.0, "LR": 1.0, "LRR": 1.0, "LRL": 1.0, "LRE": 1.0, "LOG_R": 1.0, "RF": 1.0, "SVM": 1.0, "DNN": 1.0}, "0 + 1 + 4": {"AB": 1.0, "AC": 0.6, "DS": 0.7111111111111111, "DT": 1.0, "GM": 0.6, "GN": 0.7111111111111111, "GB": 1.0, "KNN": 0.7111111111111111, "KM": 0.6, "LR": 0.32, "LRR": 0.819047619047619, "LRL": 0.8857142857142858, "LRE": 0.8857142857142858, "LOG_R": 1.0, "RF": 1.0, "SVM": 1.0, "DNN": 0.7111111111111111}, "0 + 2 + 3": {"AB": 1.0, "AC": -1.0, "DS": 0.0, "DT": 1.0, "GM": -1.0, "GN": 1.0, "GB": 1.0, "KNN": 1.0, "KM": -1.0, "LR": 0.0, "LRR": 0.0, "LRL": 1.0, "LRE": 0.0, "LOG_R": 1.0, "RF": 1.0, "SVM": 1.0, "DNN": 1.0}, "0 + 2 + 4": {"AB": 0.6428571428571428, "AC": 0.5, "DS": 0.0, "DT": 0.6428571428571428, "GM": 0.5, "GN": 0.6428571428571428, "GB": 0.6428571428571428, "KNN": 0.6428571428571428, "KM": 0.5, "LR": 0.5, "LRR": 0.5, "LRL": 0.6428571428571428, "LRE": 0.5, "LOG_R": 0.6428571428571428, "RF": 0.6428571428571428, "SVM": 0.6428571428571428, "DNN": 0.7666666666666667}, "0 + 3 + 4": {"AB": 1.0, "AC": -1.0, "DS": 0.0, "DT": 1.0, "GM": -1.0, "GN": 1.0, "GB": 1.0, "KNN": 1.0, "KM": -1.0, "LR": 1.0, "LRR": 1.0, "LRL": 1.0, "LRE": 1.0, "LOG_R": 1.0, "RF": 1.0, "SVM": 1.0, "DNN": 1.0}, "1 + 2 + 3": {"AB": 1.0, "AC": -1.0, "DS": 0.0, "DT": 1.0, "GM": -1.0, "GN": 1.0, "GB": 1.0, "KNN": 1.0, "KM": -1.0, "LR": 1.0, "LRR": 1.0, "LRL": 1.0, "LRE": 1.0, "LOG_R": 1.0, "RF": 1.0, "SVM": 1.0, "DNN": 1.0}, "1 + 2 + 4": {"AB": 0.6428571428571428, "AC": 1.0, "DS": 0.0, "DT": 0.6428571428571428, "GM": 1.0, "GN": 0.6428571428571428, "GB": 0.6428571428571428, "KNN": 0.6428571428571428, "KM": 0.0, "LR": 1.0, "LRR": 1.0, "LRL": 1.0, "LRE": 1.0, "LOG_R": 0.6428571428571428, "RF": 0.6428571428571428, "SVM": 1.0, "DNN": 0.6428571428571428}, "1 + 3 + 4": {"AB": 1.0, "AC": -1.0, "DS": 0.0, "DT": 1.0, "GM": -1.0, "GN": 1.0, "GB": 1.0, "KNN": 1.0, "KM": -1.0, "LR": 1.0, "LRR": 1.0, "LRL": 1.0, "LRE": 1.0, "LOG_R": 1.0, "RF": 1.0, "SVM": 1.0, "DNN": 0.0}, "2 + 3 + 4": {"AB": 1.0, "AC": -1.0, "DS": 0.0, "DT": 1.0, "GM": -1.0, "GN": 1.0, "GB": 1.0, "KNN": 1.0, "KM": -1.0, "LR": 1.0, "LRR": 1.0, "LRL": 1.0, "LRE": 1.0, "LOG_R": 1.0, "RF": 1.0, "SVM": 1.0, "DNN": 1.0}, "0 + 1 + 2 + 3": {"AB": 1.0, "AC": -1.0, "DS": 0.0, "DT": 1.0, "GM": -1.0, "GN": 1.0, "GB": 1.0, "KNN": 1.0, "KM": -1.0, "LR": 1.0, "LRR": 1.0, "LRL": 1.0, "LRE": 1.0, "LOG_R": 1.0, "RF": 1.0, "SVM": 1.0, "DNN": 1.0}, "0 + 1 + 2 + 4": {"AB": 0.6428571428571428, "AC": 0.5, "DS": 0.0, "DT": 0.5, "GM": 0.5, "GN": 0.6428571428571428, "GB": 0.6428571428571428, "KNN": 0.6428571428571428, "KM": 0.5, "LR": 0.6428571428571428, "LRR": 0.6428571428571428, "LRL": 1.0, "LRE": 0.6428571428571428, "LOG_R": 0.6428571428571428, "RF": 0.6428571428571428, "SVM": 0.6428571428571428, "DNN": 0.5}, "0 + 1 + 3 + 4": {"AB": 1.0, "AC": -1.0, "DS": 0.0, "DT": 1.0, "GM": -1.0, "GN": 1.0, "GB": 1.0, "KNN": 1.0, "KM": -1.0, "LR": 1.0, "LRR": 1.0, "LRL": 1.0, "LRE": 1.0, "LOG_R": 1.0, "RF": 1.0, "SVM": 1.0, "DNN": 1.0}, "0 + 2 + 3 + 4": {"AB": 1.0, "AC": -1.0, "DS": 0.0, "DT": 1.0, "GM": -1.0, "GN": 1.0, "GB": 1.0, "KNN": 1.0, "KM": -1.0, "LR": 1.0, "LRR": 1.0, "LRL": 1.0, "LRE": 1.0, "LOG_R": 1.0, "RF": 1.0, "SVM": 1.0, "DNN": 1.0},