{"0": {"AB": 0.10162036008713468, "AC": 0.10162036008713468, "DS": 0.10162036008713468, "DT": 0.10162036008713468, "GM": 0.10162036008713468, "GN": 0.10162036008713468, "GB": 0.10162036008713468, "KNN": 0.10162036008713468, "KM": 0.10162036008713468, "LR": 0.10162036008713468, "LRR": 0.10162036008713468, "LRL": 0.10162036008713468, "LRE": 0.10162036008713468, "LOG_R": 0.10162036008713468, "RF": 0.10162036008713468, "SVM": 0.10162036008713468, "DNN": 0.10162036008713468}, "1": {"AB": 0.09147056565417458, "AC": 0.09147056565417458, "DS": 0.09147056565417458, "DT": 0.09147056565417458, "GM": 0.09147056565417458, "GN": 0.09147056565417458, "GB": 0.09147056565417458, "KNN": 0.09147056565417458, "KM": 0.09147056565417458, "LR": 0.09147056565417458, "LRR": 0.09147056565417458, "LRL": 0.09147056565417458, "LRE": 0.09147056565417458, "LOG_R": 0.09147056565417458, "RF": 0.09147056565417458, "SVM": 0.09147056565417458, "DNN": 0.09147056565417458}, "2": {"AB": 0.07988655315830823, "AC": 0.07988655315830823, "DS": 0.07988655315830823, "DT": 0.07988655315830823, "GM": 0.07988655315830823, "GN": 0.07988655315830823, "GB": 0.07988655315830823, "KNN": 0.07988655315830823, "KM": 0.07988655315830823, "LR": 0.07988655315830823, "LRR": 0.07988655315830823, "LRL": 0.07988655315830823, "LRE": 0.07988655315830823, "LOG_R": 0.07988655315830823, "RF": 0.07988655315830823, "SVM": 0.07988655315830823, "DNN": 0.07988655315830823}, "3": {"AB": 0.055912093178727855, "AC": 0.055912093178727855, "DS": 0.055912093178727855, "DT": 0.055912093178727855, "GM": 0.055912093178727855, "GN": 0.055912093178727855, "GB": 0.055912093178727855, "KNN": 0.055912093178727855, "KM": 0.055912093178727855, "LR": 0.055912093178727855, "LRR": 0.055912093178727855, "LRL": 0.055912093178727855, "LRE": 0.055912093178727855, "LOG_R": 0.055912093178727855, "RF": 0.055912093178727855, "SVM": 0.055912093178727855, "DNN": 0.055912093178727855}, "4": {"AB": 0.05718157569329963, "AC": 0.05718157569329963, "DS": 0.05718157569329963, "DT": 0.05718157569329963, "GM": 0.05718157569329963, "GN": 0.05718157569329963, "GB": 0.05718157569329963, "KNN": 0.05718157569329963, "KM": 0.05718157569329963, "LR": 0.05718157569329963, "LRR": 0.05718157569329963, "LRL": 0.05718157569329963, "LRE": 0.05718157569329963, "LOG_R": 0.05718157569329963, "RF": 0.05718157569329963, "SVM": 0.05718157569329963, "DNN": 0.05718157569329963}, "0 + 1": {"AB": 0.13125398085459442, "AC": 0.13125398085459442, "DS": 0.13125398085459442, "DT": 0.13125398085459442, "GM": 0.13125398085459442, "GN": 0.13125398085459442, "GB": 0.13125398085459442, "KNN": 0.13125398085459442, "KM": 0.13125398085459442, "LR": 0.13125398085459442, "LRR": 0.13125398085459442, "LRL": 0.13125398085459442, "LRE": 0.13125398085459442, "LOG_R": 0.13125398085459442, "RF": 0.13125398085459442, "SVM": 0.13125398085459442, "DNN": 0.13125398085459442}, "0 + 2": {"AB": 0.11536376242126005, "AC": 0.11536376242126005, "DS": 0.11536376242126005, "DT": 0.11536376242126005, "GM": 0.11536376242126005, "GN": 0.11536376242126005, "GB": 0.11536376242126005, "KNN": 0.11536376242126005, "KM": 0.11536376242126005, "LR": 0.11536376242126005, "LRR": 0.11536376242126005, "LRL": 0.11536376242126005, "LRE": 0.11536376242126005, "LOG_R": 0.11536376242126005, "RF": 0.11536376242126005, "SVM": 0.11536376242126005, "DNN": 0.11536376242126005}, "0 + 3": {"AB": 0.09370161404320602, "AC": 0.09370161404320602, "DS": 0.09370161404320602, "DT": 0.09370161404320602, "GM": 0.09370161404320602, "GN": 0.09370161404320602, "GB": 0.09370161404320602, "KNN": 0.09370161404320602, "KM": 0.09370161404320602, "LR": 0.09370161404320602, "LRR": 0.09370161404320602, "LRL": 0.09370161404320602, "LRE": 0.09370161404320602, "LOG_R": 0.09370161404320602, "RF": 0.09370161404320602, "SVM": 0.09370161404320602, "DNN": 0.09370161404320602}, "0 + 4": {"AB": 0.09483519622344509, "AC": 0.09483519622344509, "DS": 0.09483519622344509, "DT": 0.09483519622344509, "GM": 0.09483519622344509, "GN": 0.09483519622344509, "GB": 0.09483519622344509, "KNN": 0.09483519622344509, "KM": 0.09483519622344509, "LR": 0.09483519622344509, "LRR": 0.09483519622344509, "LRL": 0.09483519622344509, "LRE": 0.09483519622344509, "LOG_R": 0.09483519622344509, "RF": 0.09483519622344509, "SVM": 0.09483519622344509, "DNN": 0.09483519622344509}, "1 + 2": {"AB": 0.11147695324282203, "AC": 0.11147695324282203, "DS": 0.11147695324282203, "DT": 0.11147695324282203, "GM": 0.11147695324282203, "GN": 0.11147695324282203, "GB": 0.11147695324282203, "KNN": 0.11147695324282203, "KM": 0.11147695324282203, "LR": 0.11147695324282203, "LRR": 0.11147695324282203, "LRL": 0.11147695324282203, "LRE": 0.11147695324282203, "LOG_R": 0.11147695324282203, "RF": 0.11147695324282203, "SVM": 0.11147695324282203, "DNN": 0.11147695324282203}, "1 + 3": {"AB": 0.09017022701891002, "AC": 0.09017022701891002, "DS": 0.09017022701891002, "DT": 0.09017022701891002, "GM": 0.09017022701891002, "GN": 0.09017022701891002, "GB": 0.09017022701891002, "KNN": 0.09017022701891002, "KM": 0.09017022701891002, "LR": 0.09017022701891002, "LRR": 0.09017022701891002, "LRL": 0.09017022701891002, "LRE": 0.09017022701891002, "LOG_R": 0.09017022701891002, "RF": 0.09017022701891002, "SVM": 0.09017022701891002, "DNN": 0.09017022701891002}, "1 + 4": {"AB": 0.09128583145660156, "AC": 0.09128583145660156, "DS": 0.09128583145660156, "DT": 0.09128583145660156, "GM": 0.09128583145660156, "GN": 0.09128583145660156, "GB": 0.09128583145660156, "KNN": 0.09128583145660156, "KM": 0.09128583145660156, "LR": 0.09128583145660156, "LRR": 0.09128583145660156, "LRL": 0.09128583145660156, "LRE": 0.09128583145660156, "LOG_R": 0.09128583145660156, "RF": 0.09128583145660156, "SVM": 0.09128583145660156, "DNN": 0.09128583145660156}, "2 + 3": {"AB": 0.08566237776088402, "AC": 0.08566237776088402, "DS": 0.08566237776088402, "DT": 0.08566237776088402, "GM": 0.08566237776088402, "GN": 0.08566237776088402, "GB": 0.08566237776088402, "KNN": 0.08566237776088402, "KM": 0.08566237776088402, "LR": 0.08566237776088402, "LRR": 0.08566237776088402, "LRL": 0.08566237776088402, "LRE": 0.08566237776088402, "LOG_R": 0.08566237776088402, "RF": 0.08566237776088402, "SVM": 0.08566237776088402, "DNN": 0.08566237776088402}, "2 + 4": {"AB": 0.08675503343854264, "AC": 0.08675503343854264, "DS": 0.08675503343854264, "DT": 0.08675503343854264, "GM": 0.08675503343854264, "GN": 0.08675503343854264, "GB": 0.08675503343854264, "KNN": 0.08675503343854264, "KM": 0.08675503343854264, "LR": 0.08675503343854264, "LRR": 0.08675503343854264, "LRL": 0.08675503343854264, "LRE": 0.08675503343854264, "LOG_R": 0.08675503343854264, "RF": 0.08675503343854264, "SVM": 0.08675503343854264, "DNN": 0.08675503343854264}, "3 + 4": {"AB": 0.07520269387193838, "AC": 0.07520269387193838, "DS": 0.07520269387193838, "DT": 0.07520269387193838, "GM": 0.07520269387193838, "GN": 0.07520269387193838, "GB": 0.07520269387193838, "KNN": 0.07520269387193838, "KM": 0.07520269387193838, "LR": 0.07520269387193838, "LRR": 0.07520269387193838, "LRL": 0.07520269387193838, "LRE": 0.07520269387193838, "LOG_R": 0.07520269387193838, "RF": 0.07520269387193838, "SVM": 0.07520269387193838, "DNN": 0.07520269387193838}, "0 + 1 + 2": {"AB": 0.13018726016890744, "AC": 0.13018726016890744, "DS": 0.13018726016890744, "DT": 0.13018726016890744, "GM": 0.13018726016890744, "GN": 0.13018726016890744, "GB": 0.13018726016890744, "KNN": 0.13018726016890744, "KM": 0.13018726016890744, "LR": 0.13018726016890744, "LRR": 0.13018726016890744, "LRL": 0.13018726016890744, "LRE": 0.13018726016890744, "LOG_R": 0.13018726016890744, "RF": 0.13018726016890744, "SVM": 0.13018726016890744, "DNN": 0.13018726016890744}, "0 + 1 + 3": {"AB": 0.10994783420722311, "AC": 0.10994783420722311, "DS": 0.10994783420722311, "DT": 0.10994783420722311, "GM": 0.10994783420722311, "GN": 0.10994783420722311, "GB": 0.10994783420722311, "KNN": 0.10994783420722311, "KM": 0.10994783420722311, "LR": 0.10994783420722311, "LRR": 0.10994783420722311,