{"0": {"AB": 0.35939146616827616, "AC": 0.35939146616827616, "DS": 0.35939146616827616, "DT": 0.35939146616827616, "GM": 0.35939146616827616, "GN": 0.35939146616827616, "GB": 0.35939146616827616, "KNN": 0.35939146616827616, "KM": 0.35939146616827616, "LR": 0.35939146616827616, "LRR": 0.35939146616827616, "LRL": 0.35939146616827616, "LRE": 0.35939146616827616, "LOG_R": 0.35939146616827616, "RF": 0.35939146616827616, "SVM": 0.35939146616827616, "DNN": 0.35939146616827616}, "1": {"AB": 0.2896893658757458, "AC": 0.2896893658757458, "DS": 0.2896893658757458, "DT": 0.2896893658757458, "GM": 0.2896893658757458, "GN": 0.2896893658757458, "GB": 0.2896893658757458, "KNN": 0.2896893658757458, "KM": 0.2896893658757458, "LR": 0.2896893658757458, "LRR": 0.2896893658757458, "LRL": 0.2896893658757458, "LRE": 0.2896893658757458, "LOG_R": 0.2896893658757458, "RF": 0.2896893658757458, "SVM": 0.2896893658757458, "DNN": 0.2896893658757458}, "2": {"AB": 0.21728418459575932, "AC": 0.21728418459575932, "DS": 0.21728418459575932, "DT": 0.21728418459575932, "GM": 0.21728418459575932, "GN": 0.21728418459575932, "GB": 0.21728418459575932, "KNN": 0.21728418459575932, "KM": 0.21728418459575932, "LR": 0.21728418459575932, "LRR": 0.21728418459575932, "LRL": 0.21728418459575932, "LRE": 0.21728418459575932, "LOG_R": 0.21728418459575932, "RF": 0.21728418459575932, "SVM": 0.21728418459575932, "DNN": 0.21728418459575932}, "3": {"AB": 0.11788207728060629, "AC": 0.11788207728060629, "DS": 0.11788207728060629, "DT": 0.11788207728060629, "GM": 0.11788207728060629, "GN": 0.11788207728060629, "GB": 0.11788207728060629, "KNN": 0.11788207728060629, "KM": 0.11788207728060629, "LR": 0.11788207728060629, "LRR": 0.11788207728060629, "LRL": 0.11788207728060629, "LRE": 0.11788207728060629, "LOG_R": 0.11788207728060629, "RF": 0.11788207728060629, "SVM": 0.11788207728060629, "DNN": 0.11788207728060629}, "4": {"AB": 0.18245285754087442, "AC": 0.18245285754087442, "DS": 0.18245285754087442, "DT": 0.18245285754087442, "GM": 0.18245285754087442, "GN": 0.18245285754087442, "GB": 0.18245285754087442, "KNN": 0.18245285754087442, "KM": 0.18245285754087442, "LR": 0.18245285754087442, "LRR": 0.18245285754087442, "LRL": 0.18245285754087442, "LRE": 0.18245285754087442, "LOG_R": 0.18245285754087442, "RF": 0.18245285754087442, "SVM": 0.18245285754087442, "DNN": 0.18245285754087442}, "0 + 1": {"AB": 0.40605531391688776, "AC": 0.40605531391688776, "DS": 0.40605531391688776, "DT": 0.40605531391688776, "GM": 0.40605531391688776, "GN": 0.40605531391688776, "GB": 0.40605531391688776, "KNN": 0.40605531391688776, "KM": 0.40605531391688776, "LR": 0.40605531391688776, "LRR": 0.40605531391688776, "LRL": 0.40605531391688776, "LRE": 0.40605531391688776, "LOG_R": 0.40605531391688776, "RF": 0.40605531391688776, "SVM": 0.40605531391688776, "DNN": 0.40605531391688776}, "0 + 2": {"AB": 0.3234587452133115, "AC": 0.3234587452133115, "DS": 0.3234587452133115, "DT": 0.3234587452133115, "GM": 0.3234587452133115, "GN": 0.3234587452133115, "GB": 0.3234587452133115, "KNN": 0.3234587452133115, "KM": 0.3234587452133115, "LR": 0.3234587452133115, "LRR": 0.3234587452133115, "LRL": 0.3234587452133115, "LRE": 0.3234587452133115, "LOG_R": 0.3234587452133115, "RF": 0.3234587452133115, "SVM": 0.3234587452133115, "DNN": 0.3234587452133115}, "0 + 3": {"AB": 0.23052884832068726, "AC": 0.23052884832068726, "DS": 0.23052884832068726, "DT": 0.23052884832068726, "GM": 0.23052884832068726, "GN": 0.23052884832068726, "GB": 0.23052884832068726, "KNN": 0.23052884832068726, "KM": 0.23052884832068726, "LR": 0.23052884832068726, "LRR": 0.23052884832068726, "LRL": 0.23052884832068726, "LRE": 0.23052884832068726, "LOG_R": 0.23052884832068726, "RF": 0.23052884832068726, "SVM": 0.23052884832068726, "DNN": 0.23052884832068726}, "0 + 4": {"AB": 0.2900666330713272, "AC": 0.2900666330713272, "DS": 0.2900666330713272, "DT": 0.2900666330713272, "GM": 0.2900666330713272, "GN": 0.2900666330713272, "GB": 0.2900666330713272, "KNN": 0.2900666330713272, "KM": 0.2900666330713272, "LR": 0.2900666330713272, "LRR": 0.2900666330713272, "LRL": 0.2900666330713272, "LRE": 0.2900666330713272, "LOG_R": 0.2900666330713272, "RF": 0.2900666330713272, "SVM": 0.2900666330713272, "DNN": 0.2900666330713272}, "1 + 2": {"AB": 0.29314084198920354, "AC": 0.29314084198920354, "DS": 0.29314084198920354, "DT": 0.29314084198920354, "GM": 0.29314084198920354, "GN": 0.29314084198920354, "GB": 0.29314084198920354, "KNN": 0.29314084198920354, "KM": 0.29314084198920354, "LR": 0.29314084198920354, "LRR": 0.29314084198920354, "LRL": 0.29314084198920354, "LRE": 0.29314084198920354, "LOG_R": 0.29314084198920354, "RF": 0.29314084198920354, "SVM": 0.29314084198920354, "DNN": 0.29314084198920354}, "1 + 3": {"AB": 0.2356044867923768, "AC": 0.2356044867923768, "DS": 0.2356044867923768, "DT": 0.2356044867923768, "GM": 0.2356044867923768, "GN": 0.2356044867923768, "GB": 0.2356044867923768, "KNN": 0.2356044867923768, "KM": 0.2356044867923768, "LR": 0.2356044867923768, "LRR": 0.2356044867923768, "LRL": 0.2356044867923768, "LRE": 0.2356044867923768, "LOG_R": 0.2356044867923768, "RF": 0.2356044867923768, "SVM": 0.2356044867923768, "DNN": 0.2356044867923768}, "1 + 4": {"AB": 0.2725667016634753, "AC": 0.2725667016634753, "DS": 0.2725667016634753, "DT": 0.2725667016634753, "GM": 0.2725667016634753, "GN": 0.2725667016634753, "GB": 0.2725667016634753, "KNN": 0.2725667016634753, "KM": 0.2725667016634753, "LR": 0.2725667016634753, "LRR": 0.2725667016634753, "LRL": 0.2725667016634753, "LRE": 0.2725667016634753, "LOG_R": 0.2725667016634753, "RF": 0.2725667016634753, "SVM": 0.2725667016634753, "DNN": 0.2725667016634753}, "2 + 3": {"AB": 0.22035070041552704, "AC": 0.22035070041552704, "DS": 0.22035070041552704, "DT": 0.22035070041552704, "GM": 0.22035070041552704, "GN": 0.22035070041552704, "GB": 0.22035070041552704, "KNN": 0.22035070041552704, "KM": 0.22035070041552704, "LR": 0.22035070041552704, "LRR": 0.22035070041552704, "LRL": 0.22035070041552704, "LRE": 0.22035070041552704, "LOG_R": 0.22035070041552704, "RF": 0.22035070041552704, "SVM": 0.22035070041552704, "DNN": 0.22035070041552704}, "2 + 4": {"AB": 0.25057223618379454, "AC": 0.25057223618379454, "DS": 0.25057223618379454, "DT": 0.25057223618379454, "GM": 0.25057223618379454, "GN": 0.25057223618379454, "GB": 0.25057223618379454, "KNN": 0.25057223618379454, "KM": 0.25057223618379454, "LR": 0.25057223618379454, "LRR": 0.25057223618379454, "LRL": 0.25057223618379454, "LRE": 0.25057223618379454, "LOG_R": 0.25057223618379454, "RF": 0.25057223618379454, "SVM": 0.25057223618379454, "DNN": 0.25057223618379454}, "3 + 4": {"AB": 0.20068347755357677, "AC": 0.20068347755357677, "DS": 0.20068347755357677, "DT": 0.20068347755357677, "GM": 0.20068347755357677, "GN": 0.20068347755357677, "GB": 0.20068347755357677, "KNN": 0.20068347755357677, "KM": 0.20068347755357677, "LR": 0.20068347755357677, "LRR": 0.20068347755357677, "LRL": 0.20068347755357677, "LRE": 0.20068347755357677, "LOG_R": 0.20068347755357677, "RF": 0.20068347755357677, "SVM": 0.20068347755357677, "DNN": 0.20068347755357677}, "0 + 1 + 2": {"AB": 0.3494260894469486, "AC": 0.3494260894469486, "DS": 0.3494260894469486, "DT": 0.3494260894469486, "GM": 0.3494260894469486, "GN": 0.3494260894469486, "GB": 0.3494260894469486, "KNN": 0.3494260894469486, "KM": 0.3494260894469486, "LR": 0.3494260894469486, "LRR": 0.3494260894469486, "LRL": 0.3494260894469486, "LRE": 0.3494260894469486, "LOG_R": 0.3494260894469486, "RF": 0.3494260894469486, "SVM": 0.3494260894469486, "DNN": 0.3494260894469486}, "0 + 1 + 3": {"AB": 0.3091222389193728, "AC": 0.3091222389193728, "DS": 0.3091222389193728, "DT": 0.3091222389193728, "GM": 0.3091222389193728, "GN": 0.3091222389193728, "GB": 0.3091222389193728, "KNN": 0.3091222389193728, "KM": 0.3091222389193728, "LR": 0.3091222389193728, "LRR": 0.3091222389193728, "LRL": 0.3091222389193728, "LRE": 0.3091222389193728, "LOG_R": 0.3091222389193728, "RF": 0.3091222389193728, "SVM": 0.3091222389193728,