{"0": {"AB": 0.2974560966371689, "AC": 0.2974560966371689, "DS": 0.2974560966371689, "DT": 0.2974560966371689, "GM": 0.2974560966371689, "GN": 0.2974560966371689, "GB": 0.2974560966371689, "KNN": 0.2974560966371689, "KM": 0.2974560966371689, "LR": 0.2974560966371689, "LRR": 0.2974560966371689, "LRL": 0.2974560966371689, "LRE": 0.2974560966371689, "LOG_R": 0.2974560966371689, "RF": 0.2974560966371689, "SVM": 0.2974560966371689, "DNN": 0.2974560966371689}, "1": {"AB": 0.22495262307173092, "AC": 0.22495262307173092, "DS": 0.22495262307173092, "DT": 0.22495262307173092, "GM": 0.22495262307173092, "GN": 0.22495262307173092, "GB": 0.22495262307173092, "KNN": 0.22495262307173092, "KM": 0.22495262307173092, "LR": 0.22495262307173092, "LRR": 0.22495262307173092, "LRL": 0.22495262307173092, "LRE": 0.22495262307173092, "LOG_R": 0.22495262307173092, "RF": 0.22495262307173092, "SVM": 0.22495262307173092, "DNN": 0.22495262307173092}, "2": {"AB": 0.11667991544752039, "AC": 0.11667991544752039, "DS": 0.11667991544752039, "DT": 0.11667991544752039, "GM": 0.11667991544752039, "GN": 0.11667991544752039, "GB": 0.11667991544752039, "KNN": 0.11667991544752039, "KM": 0.11667991544752039, "LR": 0.11667991544752039, "LRR": 0.11667991544752039, "LRL": 0.11667991544752039, "LRE": 0.11667991544752039, "LOG_R": 0.11667991544752039, "RF": 0.11667991544752039, "SVM": 0.11667991544752039, "DNN": 0.11667991544752039}, "3": {"AB": 0.1881095641073248, "AC": 0.1881095641073248, "DS": 0.1881095641073248, "DT": 0.1881095641073248, "GM": 0.1881095641073248, "GN": 0.1881095641073248, "GB": 0.1881095641073248, "KNN": 0.1881095641073248, "KM": 0.1881095641073248, "LR": 0.1881095641073248, "LRR": 0.1881095641073248, "LRL": 0.1881095641073248, "LRE": 0.1881095641073248, "LOG_R": 0.1881095641073248, "RF": 0.1881095641073248, "SVM": 0.1881095641073248, "DNN": 0.1881095641073248}, "4": {"AB": 0.19452386278328454, "AC": 0.19452386278328454, "DS": 0.19452386278328454, "DT": 0.19452386278328454, "GM": 0.19452386278328454, "GN": 0.19452386278328454, "GB": 0.19452386278328454, "KNN": 0.19452386278328454, "KM": 0.19452386278328454, "LR": 0.19452386278328454, "LRR": 0.19452386278328454, "LRL": 0.19452386278328454, "LRE": 0.19452386278328454, "LOG_R": 0.19452386278328454, "RF": 0.19452386278328454, "SVM": 0.19452386278328454, "DNN": 0.19452386278328454}, "0 + 1": {"AB": 0.3196084736027046, "AC": 0.3196084736027046, "DS": 0.3196084736027046, "DT": 0.3196084736027046, "GM": 0.3196084736027046, "GN": 0.3196084736027046, "GB": 0.3196084736027046, "KNN": 0.3196084736027046, "KM": 0.3196084736027046, "LR": 0.3196084736027046, "LRR": 0.3196084736027046, "LRL": 0.3196084736027046, "LRE": 0.3196084736027046, "LOG_R": 0.3196084736027046, "RF": 0.3196084736027046, "SVM": 0.3196084736027046, "DNN": 0.3196084736027046}, "0 + 2": {"AB": 0.24793431966250273, "AC": 0.24793431966250273, "DS": 0.24793431966250273, "DT": 0.24793431966250273, "GM": 0.24793431966250273, "GN": 0.24793431966250273, "GB": 0.24793431966250273, "KNN": 0.24793431966250273, "KM": 0.24793431966250273, "LR": 0.24793431966250273, "LRR": 0.24793431966250273, "LRL": 0.24793431966250273, "LRE": 0.24793431966250273, "LOG_R": 0.24793431966250273, "RF": 0.24793431966250273, "SVM": 0.24793431966250273, "DNN": 0.24793431966250273}, "0 + 3": {"AB": 0.28452920589667785, "AC": 0.28452920589667785, "DS": 0.28452920589667785, "DT": 0.28452920589667785, "GM": 0.28452920589667785, "GN": 0.28452920589667785, "GB": 0.28452920589667785, "KNN": 0.28452920589667785, "KM": 0.28452920589667785, "LR": 0.28452920589667785, "LRR": 0.28452920589667785, "LRL": 0.28452920589667785, "LRE": 0.28452920589667785, "LOG_R": 0.28452920589667785, "RF": 0.28452920589667785, "SVM": 0.28452920589667785, "DNN": 0.28452920589667785}, "0 + 4": {"AB": 0.2916627320968023, "AC": 0.2916627320968023, "DS": 0.2916627320968023, "DT": 0.2916627320968023, "GM": 0.2916627320968023, "GN": 0.2916627320968023, "GB": 0.2916627320968023, "KNN": 0.2916627320968023, "KM": 0.2916627320968023, "LR": 0.2916627320968023, "LRR": 0.2916627320968023, "LRL": 0.2916627320968023, "LRE": 0.2916627320968023, "LOG_R": 0.2916627320968023, "RF": 0.2916627320968023, "SVM": 0.2916627320968023, "DNN": 0.2916627320968023}, "1 + 2": {"AB": 0.2223847082646766, "AC": 0.2223847082646766, "DS": 0.2223847082646766, "DT": 0.2223847082646766, "GM": 0.2223847082646766, "GN": 0.2223847082646766, "GB": 0.2223847082646766, "KNN": 0.2223847082646766, "KM": 0.2223847082646766, "LR": 0.2223847082646766, "LRR": 0.2223847082646766, "LRL": 0.2223847082646766, "LRE": 0.2223847082646766, "LOG_R": 0.2223847082646766, "RF": 0.2223847082646766, "SVM": 0.2223847082646766, "DNN": 0.2223847082646766}, "1 + 3": {"AB": 0.2660985487504519, "AC": 0.2660985487504519, "DS": 0.2660985487504519, "DT": 0.2660985487504519, "GM": 0.2660985487504519, "GN": 0.2660985487504519, "GB": 0.2660985487504519, "KNN": 0.2660985487504519, "KM": 0.2660985487504519, "LR": 0.2660985487504519, "LRR": 0.2660985487504519, "LRL": 0.2660985487504519, "LRE": 0.2660985487504519, "LOG_R": 0.2660985487504519, "RF": 0.2660985487504519, "SVM": 0.2660985487504519, "DNN": 0.2660985487504519}, "1 + 4": {"AB": 0.27118453764924033, "AC": 0.27118453764924033, "DS": 0.27118453764924033, "DT": 0.27118453764924033, "GM": 0.27118453764924033, "GN": 0.27118453764924033, "GB": 0.27118453764924033, "KNN": 0.27118453764924033, "KM": 0.27118453764924033, "LR": 0.27118453764924033, "LRR": 0.27118453764924033, "LRL": 0.27118453764924033, "LRE": 0.27118453764924033, "LOG_R": 0.27118453764924033, "RF": 0.27118453764924033, "SVM": 0.27118453764924033, "DNN": 0.27118453764924033}, "2 + 3": {"AB": 0.2062175183397822, "AC": 0.2062175183397822, "DS": 0.2062175183397822, "DT": 0.2062175183397822, "GM": 0.2062175183397822, "GN": 0.2062175183397822, "GB": 0.2062175183397822, "KNN": 0.2062175183397822, "KM": 0.2062175183397822, "LR": 0.2062175183397822, "LRR": 0.2062175183397822, "LRL": 0.2062175183397822, "LRE": 0.2062175183397822, "LOG_R": 0.2062175183397822, "RF": 0.2062175183397822, "SVM": 0.2062175183397822, "DNN": 0.2062175183397822}, "2 + 4": {"AB": 0.20118668450250363, "AC": 0.20118668450250363, "DS": 0.20118668450250363, "DT": 0.20118668450250363, "GM": 0.20118668450250363, "GN": 0.20118668450250363, "GB": 0.20118668450250363, "KNN": 0.20118668450250363, "KM": 0.20118668450250363, "LR": 0.20118668450250363, "LRR": 0.20118668450250363, "LRL": 0.20118668450250363, "LRE": 0.20118668450250363, "LOG_R": 0.20118668450250363, "RF": 0.20118668450250363, "SVM": 0.20118668450250363, "DNN": 0.20118668450250363}, "3 + 4": {"AB": 0.2524031239306224, "AC": 0.2524031239306224, "DS": 0.2524031239306224, "DT": 0.2524031239306224, "GM": 0.2524031239306224, "GN": 0.2524031239306224, "GB": 0.2524031239306224, "KNN": 0.2524031239306224, "KM": 0.2524031239306224, "LR": 0.2524031239306224, "LRR": 0.2524031239306224, "LRL": 0.2524031239306224, "LRE": 0.2524031239306224, "LOG_R": 0.2524031239306224, "RF": 0.2524031239306224, "SVM": 0.2524031239306224, "DNN": 0.2524031239306224}, "0 + 1 + 2": {"AB": 0.289474627623767, "AC": 0.289474627623767, "DS": 0.289474627623767, "DT": 0.289474627623767, "GM": 0.289474627623767, "GN": 0.289474627623767, "GB": 0.289474627623767, "KNN": 0.289474627623767, "KM": 0.289474627623767, "LR": 0.289474627623767, "LRR": 0.289474627623767, "LRL": 0.289474627623767, "LRE": 0.289474627623767, "LOG_R": 0.289474627623767, "RF": 0.289474627623767, "SVM": 0.289474627623767, "DNN": 0.289474627623767}, "0 + 1 + 3": {"AB": 0.31891603393168494, "AC": 0.31891603393168494, "DS": 0.31891603393168494, "DT": 0.31891603393168494, "GM": 0.31891603393168494, "GN": 0.31891603393168494, "GB": 0.31891603393168494, "KNN": 0.31891603393168494, "KM": 0.31891603393168494, "LR": 0.31891603393168494, "LRR": 0.31891603393168494, "LRL": 0.31891603393168494, "LRE": 0.31891603393168494, "LOG_R": 0.31891603393168494, "RF": 0.31891603393168494, "SVM": 0.31891603393168494, "DNN": 0.31891603393168494},