{"0": {"AB": 0.0, "AC": 0.0, "DS": 0.0, "DT": 0.0, "GM": 0.0, "GN": 0.0, "GB": 0.0, "KNN": 0.0, "KM": 0.0, "LR": 0.0, "LRR": 0.0, "LRL": 0.0, "LRE": 0.0, "LOG_R": 0.0, "RF": 0.0, "SVM": 0.0, "DNN": 0.0}, "1": {"AB": 0.0, "AC": 0.0, "DS": 0.0, "DT": 0.0, "GM": 0.0, "GN": 0.0, "GB": 0.0, "KNN": 0.0, "KM": 0.0, "LR": 0.0, "LRR": 0.0, "LRL": 0.0, "LRE": 0.0, "LOG_R": 0.0, "RF": 0.0, "SVM": 0.0, "DNN": 0.0}, "2": {"AB": 0.0, "AC": 0.0, "DS": 0.0, "DT": 0.0, "GM": 0.0, "GN": 0.0, "GB": 0.0, "KNN": 0.0, "KM": 0.0, "LR": 0.0, "LRR": 0.0, "LRL": 0.0, "LRE": 0.0, "LOG_R": 0.0, "RF": 0.0, "SVM": 0.0, "DNN": 0.0}, "3": {"AB": 0.0, "AC": 0.0, "DS": 0.0, "DT": 0.0, "GM": 0.0, "GN": 0.0, "GB": 0.0, "KNN": 0.0, "KM": 0.0, "LR": 0.0, "LRR": 0.0, "LRL": 0.0, "LRE": 0.0, "LOG_R": 0.0, "RF": 0.0, "SVM": 0.0, "DNN": 0.0}, "4": {"AB": 0.0, "AC": 0.0, "DS": 0.0, "DT": 0.0, "GM": 0.0, "GN": 0.0, "GB": 0.0, "KNN": 0.0, "KM": 0.0, "LR": 0.0, "LRR": 0.0, "LRL": 0.0, "LRE": 0.0, "LOG_R": 0.0, "RF": 0.0, "SVM": 0.0, "DNN": 0.0}, "0 + 1": {"AB": 0.044536638166002285, "AC": 0.044536638166002285, "DS": 0.044536638166002285, "DT": 0.044536638166002285, "GM": 0.044536638166002285, "GN": 0.044536638166002285, "GB": 0.044536638166002285, "KNN": 0.044536638166002285, "KM": 0.044536638166002285, "LR": 0.044536638166002285, "LRR": 0.044536638166002285, "LRL": 0.044536638166002285, "LRE": 0.044536638166002285, "LOG_R": 0.044536638166002285, "RF": 0.044536638166002285, "SVM": 0.044536638166002285, "DNN": 0.044536638166002285}, "0 + 2": {"AB": 0.11480820736601377, "AC": 0.11480820736601377, "DS": 0.11480820736601377, "DT": 0.11480820736601377, "GM": 0.11480820736601377, "GN": 0.11480820736601377, "GB": 0.11480820736601377, "KNN": 0.11480820736601377, "KM": 0.11480820736601377, "LR": 0.11480820736601377, "LRR": 0.11480820736601377, "LRL": 0.11480820736601377, "LRE": 0.11480820736601377, "LOG_R": 0.11480820736601377, "RF": 0.11480820736601377, "SVM": 0.11480820736601377, "DNN": 0.11480820736601377}, "0 + 3": {"AB": 0.16423749348386396, "AC": 0.16423749348386396, "DS": 0.16423749348386396, "DT": 0.16423749348386396, "GM": 0.16423749348386396, "GN": 0.16423749348386396, "GB": 0.16423749348386396, "KNN": 0.16423749348386396, "KM": 0.16423749348386396, "LR": 0.16423749348386396, "LRR": 0.16423749348386396, "LRL": 0.16423749348386396, "LRE": 0.16423749348386396, "LOG_R": 0.16423749348386396, "RF": 0.16423749348386396, "SVM": 0.16423749348386396, "DNN": 0.16423749348386396}, "0 + 4": {"AB": 0.14746966204559234, "AC": 0.14746966204559234, "DS": 0.14746966204559234, "DT": 0.14746966204559234, "GM": 0.14746966204559234, "GN": 0.14746966204559234, "GB": 0.14746966204559234, "KNN": 0.14746966204559234, "KM": 0.14746966204559234, "LR": 0.14746966204559234, "LRR": 0.14746966204559234, "LRL": 0.14746966204559234, "LRE": 0.14746966204559234, "LOG_R": 0.14746966204559234, "RF": 0.14746966204559234, "SVM": 0.14746966204559234, "DNN": 0.14746966204559234}, "1 + 2": {"AB": 0.07027156920001149, "AC": 0.07027156920001149, "DS": 0.07027156920001149, "DT": 0.07027156920001149, "GM": 0.07027156920001149, "GN": 0.07027156920001149, "GB": 0.07027156920001149, "KNN": 0.07027156920001149, "KM": 0.07027156920001149, "LR": 0.07027156920001149, "LRR": 0.07027156920001149, "LRL": 0.07027156920001149, "LRE": 0.07027156920001149, "LOG_R": 0.07027156920001149, "RF": 0.07027156920001149, "SVM": 0.07027156920001149, "DNN": 0.07027156920001149}, "1 + 3": {"AB": 0.11970085531786168, "AC": 0.11970085531786168, "DS": 0.11970085531786168, "DT": 0.11970085531786168, "GM": 0.11970085531786168, "GN": 0.11970085531786168, "GB": 0.11970085531786168, "KNN": 0.11970085531786168, "KM": 0.11970085531786168, "LR": 0.11970085531786168, "LRR": 0.11970085531786168, "LRL": 0.11970085531786168, "LRE": 0.11970085531786168, "LOG_R": 0.11970085531786168, "RF": 0.11970085531786168, "SVM": 0.11970085531786168, "DNN": 0.11970085531786168}, "1 + 4": {"AB": 0.10293302387959005, "AC": 0.10293302387959005, "DS": 0.10293302387959005, "DT": 0.10293302387959005, "GM": 0.10293302387959005, "GN": 0.10293302387959005, "GB": 0.10293302387959005, "KNN": 0.10293302387959005, "KM": 0.10293302387959005, "LR": 0.10293302387959005, "LRR": 0.10293302387959005, "LRL": 0.10293302387959005, "LRE": 0.10293302387959005, "LOG_R": 0.10293302387959005, "RF": 0.10293302387959005, "SVM": 0.10293302387959005, "DNN": 0.10293302387959005}, "2 + 3": {"AB": 0.04942928611785019, "AC": 0.04942928611785019, "DS": 0.04942928611785019, "DT": 0.04942928611785019, "GM": 0.04942928611785019, "GN": 0.04942928611785019, "GB": 0.04942928611785019, "KNN": 0.04942928611785019, "KM": 0.04942928611785019, "LR": 0.04942928611785019, "LRR": 0.04942928611785019, "LRL": 0.04942928611785019, "LRE": 0.04942928611785019, "LOG_R": 0.04942928611785019, "RF": 0.04942928611785019, "SVM": 0.04942928611785019, "DNN": 0.04942928611785019}, "2 + 4": {"AB": 0.032661454679578567, "AC": 0.032661454679578567, "DS": 0.032661454679578567, "DT": 0.032661454679578567, "GM": 0.032661454679578567, "GN": 0.032661454679578567, "GB": 0.032661454679578567, "KNN": 0.032661454679578567, "KM": 0.032661454679578567, "LR": 0.032661454679578567, "LRR": 0.032661454679578567, "LRL": 0.032661454679578567, "LRE": 0.032661454679578567, "LOG_R": 0.032661454679578567, "RF": 0.032661454679578567, "SVM": 0.032661454679578567, "DNN": 0.032661454679578567}, "3 + 4": {"AB": 0.016767831438271624, "AC": 0.016767831438271624, "DS": 0.016767831438271624, "DT": 0.016767831438271624, "GM": 0.016767831438271624, "GN": 0.016767831438271624, "GB": 0.016767831438271624, "KNN": 0.016767831438271624, "KM": 0.016767831438271624, "LR": 0.016767831438271624, "LRR": 0.016767831438271624, "LRL": 0.016767831438271624, "LRE": 0.016767831438271624, "LOG_R": 0.016767831438271624, "RF": 0.016767831438271624, "SVM": 0.016767831438271624, "DNN": 0.016767831438271624}, "0 + 1 + 2": {"AB": 0.09253988828301263, "AC": 0.09253988828301263, "DS": 0.09253988828301263, "DT": 0.09253988828301263, "GM": 0.09253988828301263, "GN": 0.09253988828301263, "GB": 0.09253988828301263, "KNN": 0.09253988828301263, "KM": 0.09253988828301263, "LR": 0.09253988828301263, "LRR": 0.09253988828301263, "LRL": 0.09253988828301263, "LRE": 0.09253988828301263, "LOG_R": 0.09253988828301263, "RF": 0.09253988828301263, "SVM": 0.09253988828301263, "DNN": 0.09253988828301263}, "0 + 1 + 3": {"AB": 0.14196917440086282, "AC": 0.14196917440086282, "DS": 0.14196917440086282, "DT": 0.14196917440086282, "GM": 0.14196917440086282, "GN": 0.14196917440086282, "GB": 0.14196917440086282, "KNN": 0.14196917440086282, "KM": 0.14196917440086282, "LR": 0.14196917440086282, "LRR": 0.14196917440086282, "LRL": 0.14196917440086282, "LRE": 0.14196917440086282, "LOG_R": 0.14196917440086282, "RF": 0.14196917440086282, "SVM": 0.14196917440086282, "DNN": 0.14196917440086282}, "0 + 1 + 4": {"AB": 0.1252013429625912, "AC": 0.1252013429625912, "DS": 0.1252013429625912, "DT": 0.1252013429625912, "GM": 0.1252013429625912, "GN": 0.1252013429625912, "GB": 0.1252013429625912, "KNN": 0.1252013429625912, "KM": 0.1252013429625912, "LR": 0.1252013429625912, "LRR": 0.1252013429625912, "LRL": 0.1252013429625912, "LRE": 0.1252013429625912, "LOG_R": 0.1252013429625912, "RF": 0.1252013429625912, "SVM": 0.1252013429625912, "DNN": 0.1252013429625912}, "0 + 2 + 3": {"AB": 0.10683338980085708, "AC": 0.10683338980085708, "DS": 0.10683338980085708, "DT": 0.10683338980085708, "GM": 0.10683338980085708, "GN": 0.10683338980085708, "GB": 0.10683338980085708, "KNN": 0.10683338980085708, "KM": 0.10683338980085708, "LR": 0.10683338980085708, "LRR": 0.10683338980085708, "LRL": 0.10683338980085708, "LRE": 0.10683338980085708, "LOG_R": 0.10683338980085708, "RF": 0.10683338980085708, "SVM": 0.10683338980085708, "DNN": 0.10683338980085708}, "0 + 2 + 4": {"AB": 0.09006555836258545, "AC": 0.09006555836258545, "DS": 0.09006555836258545, "DT": 0.09006555836258545, "GM": 0.09006555836258545, "GN": 0.09006555836258545, "GB": 0.09006555836258545,