{"0": {"AB": 0.8515199637023594, "AC": 0.23863636363636367, "DS": 0.266304347826087, "DT": 0.8321428571428573, "GM": 0.2288461538461538, "GN": 0.5940511741550156, "GB": 0.8202569169960473, "KNN": 0.8546739130434782, "KM": 0.2337786259541985, "LR": 0.5940511741550156, "LRR": 0.5940511741550156, "LRL": 0.5940511741550156, "LRE": 0.5940511741550156, "LOG_R": 0.6540430042398545, "RF": 0.8077759963353183, "SVM": 0.6445532474033288, "DNN": 0.6584987593052108}, "1": {"AB": 0.8890361778514223, "AC": 0.32823608316566066, "DS": 0.11298904538341155, "DT": 0.8373357025268493, "GM": 0.5682370082564352, "GN": 0.622747688520969, "GB": 0.7794679186228483, "KNN": 0.8742492295069896, "KM": 0.33335646060269664, "LR": 0.5797702100453187, "LRR": 0.5797702100453187, "LRL": 0.5797702100453187, "LRE": 0.5797702100453187, "LOG_R": 0.598399622050964, "RF": 0.7570024667780695, "SVM": 0.6772810777709738, "DNN": 0.6475606888081736}, "2": {"AB": 0.8675396088943877, "AC": 0.4503374750728639, "DS": 0.40918390543305294, "DT": 0.8664618984934913, "GM": 0.4503374750728639, "GN": 0.5874953755086941, "GB": 0.7282439280371563, "KNN": 0.7235819849290261, "KM": 0.2653207113922405, "LR": 0.6182113717491077, "LRR": 0.6182113717491077, "LRL": 0.6182113717491077, "LRE": 0.6182113717491077, "LOG_R": 0.7010176706649226, "RF": 0.8296937828642128, "SVM": 0.6182113717491077, "DNN": 0.6606323304436512}, "3": {"AB": 1.0, "AC": 0.30337078651685395, "DS": 0.3333333333333333, "DT": 1.0, "GM": 0.3682065217391305, "GN": 1.0, "GB": 1.0, "KNN": 1.0, "KM": 0.93521421107628, "LR": 0.9330634278002699, "LRR": 0.9330634278002699, "LRL": 0.9330634278002699, "LRE": 0.9330634278002699, "LOG_R": 0.9677083333333334, "RF": 1.0, "SVM": 1.0, "DNN": 0.9514993481095176}, "4": {"AB": 0.7629629629629628, "AC": 0.17033831628638868, "DS": 0.06330749354005168, "DT": 0.742503259452412, "GM": 0.17033831628638868, "GN": 0.7592592592592593, "GB": 0.8053763440860214, "KNN": 0.7652406417112299, "KM": 0.6602914389799635, "LR": 0.7188034188034188, "LRR": 0.7188034188034188, "LRL": 0.7188034188034188, "LRE": 0.7188034188034188, "LOG_R": 0.7188034188034188, "RF": 0.8053763440860214, "SVM": 0.7188034188034188, "DNN": 0.7188034188034188}, "0 + 1": {"AB": 0.9005456160385737, "AC": 0.7077251387110541, "DS": 0.11298904538341155, "DT": 0.8463046138418763, "GM": 0.0984296584102315, "GN": 0.7570024667780695, "GB": 0.8591549295774648, "KNN": 0.885257034871704, "KM": 0.7331559690624566, "LR": 0.7077251387110541, "LRR": 0.7077251387110541, "LRL": 0.7077251387110541, "LRE": 0.7077251387110541, "LOG_R": 0.7342996973885754, "RF": 0.8324635403236039, "SVM": 0.7410800168637515, "DNN": 0.7342996973885754}, "0 + 2": {"AB": 0.9432312609547375, "AC": 0.48872117400419285, "DS": 0.40918390543305294, "DT": 0.8871990891346779, "GM": 0.33207547169811324, "GN": 0.6777478286912247, "GB": 0.9046156417810653, "KNN": 0.7524972253052163, "KM": 0.5318943863543432, "LR": 0.7093402688033084, "LRR": 0.7093402688033084, "LRL": 0.6829300389860341, "LRE": 0.7093402688033084, "LOG_R": 0.823819942378095, "RF": 0.9432312609547375, "SVM": 0.7112467628560858, "DNN": 0.6606323304436512}, "0 + 3": {"AB": 1.0, "AC": 0.28735632183908044, "DS": 0.3333333333333333, "DT": 1.0, "GM": 0.28735632183908044, "GN": 1.0, "GB": 1.0, "KNN": 1.0, "KM": 0.5698340874811464, "LR": 0.9498922413793103, "LRR": 0.9498922413793103, "LRL": 0.9498922413793103, "LRE": 0.9498922413793103, "LOG_R": 1.0, "RF": 1.0, "SVM": 1.0, "DNN": 0.9677083333333334}, "0 + 4": {"AB": 0.8702508960573476, "AC": 0.05555555555555555, "DS": 0.06330749354005168, "DT": 0.9141677531508042, "GM": 0.05555555555555555, "GN": 0.7786458333333334, "GB": 0.9141677531508042, "KNN": 0.8103313840155946, "KM": 0.05555555555555555, "LR": 0.7300347222222222, "LRR": 0.7300347222222222, "LRL": 0.7300347222222222, "LRE": 0.7300347222222222, "LOG_R": 0.7786458333333334, "RF": 0.9141677531508042, "SVM": 0.7786458333333334, "DNN": 0.7786458333333334}, "1 + 2": {"AB": 0.8811558811558813, "AC": 0.3789830508474576, "DS": 0.2818110850897736, "DT": 0.8336182336182335, "GM": 0.3789830508474576, "GN": 0.6336153782962294, "GB": 0.8059383753501401, "KNN": 0.8095238095238095, "KM": 0.2882205513784461, "LR": 0.7373422054273119, "LRR": 0.7373422054273119, "LRL": 0.7373422054273119, "LRE": 0.7373422054273119, "LOG_R": 0.7373422054273119, "RF": 0.8312925170068026, "SVM": 0.7619047619047619, "DNN": 0.7619047619047619}, "1 + 3": {"AB": 1.0, "AC": 0.0, "DS": 0.20927536231884059, "DT": 1.0, "GM": 0.4745679012345678, "GN": 1.0, "GB": 1.0, "KNN": 1.0, "KM": 0.070188679245283, "LR": 0.940669698222406, "LRR": 0.940669698222406, "LRL": 0.940669698222406, "LRE": 0.940669698222406, "LOG_R": 1.0, "RF": 1.0, "SVM": 1.0, "DNN": 0.9798884598884599}, "1 + 4": {"AB": 0.9073522106308991, "AC": 0.05555555555555555, "DS": 0.06330749354005168, "DT": 0.8645224171539962, "GM": 0.05555555555555555, "GN": 0.8814814814814815, "GB": 0.8280423280423279, "KNN": 0.8407738095238096, "KM": 0.7786458333333334, "LR": 0.7592592592592593, "LRR": 0.7592592592592593, "LRL": 0.7048611111111112, "LRE": 0.7592592592592593, "LOG_R": 0.7838218248054315, "RF": 0.8280423280423279, "SVM": 0.7786458333333334, "DNN": 0.7786458333333334}, "2 + 3": {"AB": 1.0, "AC": 0.48872117400419285, "DS": 0.40918390543305294, "DT": 1.0, "GM": 0.5246734397677794, "GN": 1.0, "GB": 1.0, "KNN": 1.0, "KM": 0.942769385068639, "LR": 0.9079514824797843, "LRR": 0.9079514824797843, "LRL": 0.9079514824797843, "LRE": 0.9079514824797843, "LOG_R": 0.962015160737011, "RF": 1.0, "SVM": 1.0, "DNN": 0.962015160737011}, "2 + 4": {"AB": 0.7066666666666668, "AC": 0.27300150829562597, "DS": 0.08828828828828827, "DT": 0.6414814814814814, "GM": 0.27300150829562597, "GN": 0.7952069716775599, "GB": 0.7365384615384616, "KNN": 0.6666666666666666, "KM": 0.6133333333333333, "LR": 0.6487179487179486, "LRR": 0.6487179487179486, "LRL": 0.6487179487179486, "LRE": 0.6487179487179486, "LOG_R": 0.6487179487179486, "RF": 0.7365384615384616, "SVM": 0.6654088050314467, "DNN": 0.6654088050314467}, "3 + 4": {"AB": 1.0, "AC": 0.11851851851851852, "DS": 0.06330749354005168, "DT": 1.0, "GM": 0.7048611111111112, "GN": 1.0, "GB": 1.0, "KNN": 1.0, "KM": 0.6756272401433692, "LR": 0.9469246031746033, "LRR": 0.9469246031746033, "LRL": 0.9469246031746033, "LRE": 0.9469246031746033, "LOG_R": 1.0, "RF": 1.0, "SVM": 1.0, "DNN": 0.9217468805704099}, "0 + 1 + 2": {"AB": 0.8336169408205711, "AC": 0.2261904761904762, "DS": 0.2818110850897736, "DT": 0.7373524565810443, "GM": 0.2261904761904762, "GN": 0.6118767507002801, "GB": 0.7624458874458875, "KNN": 0.7831501831501833, "KM": 0.6083333333333334, "LR": 0.5964726631393299, "LRR": 0.6166592028660994, "LRL": 0.5850340136054422, "LRE": 0.6166592028660994, "LOG_R": 0.7373422054273119, "RF": 0.8328541307264713, "SVM": 0.7123015873015872, "DNN": 0.6333078686019863}, "0 + 1 + 3": {"AB": 1.0, "AC": 0.724074844074844, "DS": 0.20927536231884059, "DT": 1.0, "GM": 0.14709677419354836, "GN": 1.0, "GB": 1.0, "KNN": 0.9800924758301807, "KM": 0.724074844074844, "LR": 0.940669698222406, "LRR": 0.940669698222406, "LRL": 0.940669698222406, "LRE": 0.940669698222406, "LOG_R": 1.0, "RF": 1.0, "SVM": 1.0, "DNN": 0.940669698222406}, "0 + 1 + 4": {"AB": 0.8702508960573476, "AC": 0.05555555555555555, "DS": 0.06330749354005168, "DT": 0.8280423280423279, "GM": 0.1590277777777778, "GN": 0.8280423280423279, "GB": 0.8280423280423279, "KNN": 0.9073522106308991, "KM": 0.7786458333333334, "LR": 0.7592592592592593, "LRR": 0.7592592592592593, "LRL": 0.7592592592592593, "LRE": 0.7592592592592593, "LOG_R": 0.7838218248054315, "RF": 0.8280423280423279, "SVM": 0.8222222222222223, "DNN": 0.8053763440860214}, "0 + 2 + 3": {"AB": 1.0, "AC": 0.362844702467344, "DS": 0.40918390543305294, "DT": 1.0, "GM": 0.3751673767498479, "GN": 1.0, "GB": 1.0, "KNN": 1.0, "KM": 0.362844702467344, "LR": 0.9810770869849124, "LRR": 0.9810770869849124, "LRL": 0.9810770869849124, "LRE": 0.9810770869849124, "LOG_R": 1.0, "RF": 1.0, "SVM": 1.0, "DNN": 0.9810770869849124},