{"0": {"AB": 1.0, "AC": 0.3203125, "DS": 0.3333333333333333, "DT": 1.0, "GM": 0.28979591836734697, "GN": 1.0, "GB": 1.0, "KNN": 1.0, "KM": 0.7228416693214399, "LR": 0.9736682808716706, "LRR": 0.9736682808716706, "LRL": 0.9736682808716706, "LRE": 0.9736682808716706, "LOG_R": 0.9827534939042522, "RF": 1.0, "SVM": 1.0, "DNN": 0.9827534939042522}, "1": {"AB": 1.0, "AC": 0.3830271216097988, "DS": 0.3333333333333333, "DT": 1.0, "GM": 0.3830271216097988, "GN": 1.0, "GB": 1.0, "KNN": 1.0, "KM": 0.3228346456692913, "LR": 0.9880952380952381, "LRR": 0.9880952380952381, "LRL": 0.9880952380952381, "LRE": 0.9880952380952381, "LOG_R": 1.0, "RF": 1.0, "SVM": 1.0, "DNN": 0.9883705206220419}, "2": {"AB": 1.0, "AC": 0.8043806939329327, "DS": 0.07149839407903924, "DT": 1.0, "GM": 0.05603385378666277, "GN": 0.987156094594111, "GB": 0.987156094594111, "KNN": 0.987156094594111, "KM": 0.8043806939329327, "LR": 0.7978106423082499, "LRR": 0.7978106423082499, "LRL": 0.772862893163645, "LRE": 0.7978106423082499, "LOG_R": 0.987156094594111, "RF": 0.9868563117973032, "SVM": 0.987156094594111, "DNN": 0.987156094594111}, "3": {"AB": 1.0, "AC": 0.6629787234042553, "DS": 0.3333333333333333, "DT": 1.0, "GM": 0.2340425531914894, "GN": 1.0, "GB": 1.0, "KNN": 1.0, "KM": 0.6629787234042553, "LR": 0.9282296650717703, "LRR": 0.9282296650717703, "LRL": 0.9442724458204333, "LRE": 0.9282296650717703, "LOG_R": 1.0, "RF": 1.0, "SVM": 1.0, "DNN": 1.0}, "4": {"AB": 1.0, "AC": 0.3746993746993747, "DS": 0.3333333333333333, "DT": 1.0, "GM": 0.3246753246753247, "GN": 1.0, "GB": 1.0, "KNN": 1.0, "KM": 0.0, "LR": 0.9488993710691823, "LRR": 0.9488993710691823, "LRL": 0.9488993710691823, "LRE": 0.9488993710691823, "LOG_R": 1.0, "RF": 1.0, "SVM": 1.0, "DNN": 1.0}, "0 + 1": {"AB": 1.0, "AC": 0.2711864406779661, "DS": 0.3333333333333333, "DT": 1.0, "GM": 0.0, "GN": 1.0, "GB": 1.0, "KNN": 1.0, "KM": 0.0, "LR": 0.9819277108433735, "LRR": 0.9819277108433735, "LRL": 0.9880952380952381, "LRE": 0.9819277108433735, "LOG_R": 1.0, "RF": 1.0, "SVM": 1.0, "DNN": 1.0}, "0 + 2": {"AB": 1.0, "AC": 0.05603385378666277, "DS": 0.07149839407903924, "DT": 1.0, "GM": 0.05603385378666277, "GN": 1.0, "GB": 1.0, "KNN": 1.0, "KM": 0.8043806939329327, "LR": 0.9729437229437228, "LRR": 0.9729437229437228, "LRL": 0.9867965367965367, "LRE": 0.9729437229437228, "LOG_R": 1.0, "RF": 1.0, "SVM": 1.0, "DNN": 1.0}, "0 + 3": {"AB": 1.0, "AC": 0.4461538461538461, "DS": 0.3333333333333333, "DT": 1.0, "GM": 0.2, "GN": 1.0, "GB": 1.0, "KNN": 1.0, "KM": 0.4461538461538461, "LR": 0.941031941031941, "LRR": 0.941031941031941, "LRL": 0.941031941031941, "LRE": 0.941031941031941, "LOG_R": 1.0, "RF": 1.0, "SVM": 1.0, "DNN": 1.0}, "0 + 4": {"AB": 1.0, "AC": 0.4135338345864662, "DS": 0.3333333333333333, "DT": 1.0, "GM": 0.2463768115942029, "GN": 1.0, "GB": 1.0, "KNN": 1.0, "KM": 0.2571428571428571, "LR": 0.98, "LRR": 0.98, "LRL": 0.98, "LRE": 0.98, "LOG_R": 1.0, "RF": 1.0, "SVM": 1.0, "DNN": 1.0}, "1 + 2": {"AB": 1.0, "AC": 0.7753009993093866, "DS": 0.11570621468926555, "DT": 1.0, "GM": 0.7753009993093866, "GN": 1.0, "GB": 1.0, "KNN": 1.0, "KM": 0.08523002421307505, "LR": 0.9819209039548024, "LRR": 0.9819209039548024, "LRL": 0.9819209039548024, "LRE": 0.9819209039548024, "LOG_R": 1.0, "RF": 1.0, "SVM": 1.0, "DNN": 1.0}, "1 + 3": {"AB": 1.0, "AC": 0.2340425531914894, "DS": 0.3333333333333333, "DT": 1.0, "GM": 0.6629787234042553, "GN": 1.0, "GB": 1.0, "KNN": 1.0, "KM": 0.0, "LR": 0.9705882352941175, "LRR": 0.9705882352941175, "LRL": 0.9545454545454545, "LRE": 0.9705882352941175, "LOG_R": 1.0, "RF": 1.0, "SVM": 1.0, "DNN": 1.0}, "1 + 4": {"AB": 0.9807621161672215, "AC": 0.4135338345864662, "DS": 0.3333333333333333, "DT": 1.0, "GM": 0.2876712328767123, "GN": 1.0, "GB": 1.0, "KNN": 1.0, "KM": 0.4135338345864662, "LR": 1.0, "LRR": 1.0, "LRL": 1.0, "LRE": 1.0, "LOG_R": 1.0, "RF": 1.0, "SVM": 1.0, "DNN": 1.0}, "2 + 3": {"AB": 1.0, "AC": 0.28811524609843936, "DS": 0.30117647058823527, "DT": 1.0, "GM": 0.28811524609843936, "GN": 1.0, "GB": 1.0, "KNN": 1.0, "KM": 0.28811524609843936, "LR": 0.9848739495798318, "LRR": 0.9848739495798318, "LRL": 0.9848739495798318, "LRE": 0.9848739495798318, "LOG_R": 1.0, "RF": 1.0, "SVM": 1.0, "DNN": 1.0}, "2 + 4": {"AB": 1.0, "AC": 0.18008658008658007, "DS": 0.21018062397372742, "DT": 1.0, "GM": 0.18008658008658007, "GN": 1.0, "GB": 1.0, "KNN": 0.9763177998472115, "KM": 0.6155388471177945, "LR": 0.9368686868686867, "LRR": 0.9368686868686867, "LRL": 0.9368686868686867, "LRE": 0.9368686868686867, "LOG_R": 0.9763177998472115, "RF": 1.0, "SVM": 1.0, "DNN": 1.0}, "3 + 4": {"AB": 1.0, "AC": 0.4461538461538461, "DS": 0.3333333333333333, "DT": 1.0, "GM": 0.4461538461538461, "GN": 1.0, "GB": 1.0, "KNN": 1.0, "KM": 0.4461538461538461, "LR": 0.9722007722007722, "LRR": 0.9722007722007722, "LRL": 0.9722007722007722, "LRE": 0.9722007722007722, "LOG_R": 1.0, "RF": 1.0, "SVM": 1.0, "DNN": 1.0}, "0 + 1 + 2": {"AB": 1.0, "AC": 0.10994044892349977, "DS": 0.11570621468926555, "DT": 1.0, "GM": 0.0, "GN": 1.0, "GB": 1.0, "KNN": 1.0, "KM": 1.0, "LR": 1.0, "LRR": 1.0, "LRL": 1.0, "LRE": 1.0, "LOG_R": 1.0, "RF": 1.0, "SVM": 1.0, "DNN": 1.0}, "0 + 1 + 3": {"AB": 1.0, "AC": 0.29411764705882354, "DS": 0.3333333333333333, "DT": 1.0, "GM": 0.2340425531914894, "GN": 1.0, "GB": 1.0, "KNN": 1.0, "KM": 0.4461538461538461, "LR": 1.0, "LRR": 1.0, "LRL": 1.0, "LRE": 1.0, "LOG_R": 1.0, "RF": 1.0, "SVM": 1.0, "DNN": 1.0}, "0 + 1 + 4": {"AB": 1.0, "AC": 0.4501149425287357, "DS": 0.3333333333333333, "DT": 1.0, "GM": 1.0, "GN": 1.0, "GB": 1.0, "KNN": 1.0, "KM": 1.0, "LR": 0.9901960784313725, "LRR": 0.9901960784313725, "LRL": 0.9901960784313725, "LRE": 0.9901960784313725, "LOG_R": 1.0, "RF": 1.0, "SVM": 1.0, "DNN": 1.0}, "0 + 2 + 3": {"AB": 1.0, "AC": 0.5852941176470587, "DS": 0.30117647058823527, "DT": 1.0, "GM": 0.24552429667519185, "GN": 1.0, "GB": 1.0, "KNN": 1.0, "KM": 0.5852941176470587, "LR": 0.9848739495798318, "LRR": 0.9848739495798318, "LRL": 0.9848739495798318, "LRE": 0.9848739495798318, "LOG_R": 1.0, "RF": 1.0, "SVM": 1.0, "DNN": 1.0}, "0 + 2 + 4": {"AB": 1.0, "AC": 0.19047619047619044, "DS": 0.21018062397372742, "DT": 1.0, "GM": 0.19047619047619044, "GN": 1.0, "GB": 1.0, "KNN": 1.0, "KM": 0.13445378151260504, "LR": 0.9636940836940837, "LRR": 0.9636940836940837, "LRL": 0.987861811391223, "LRE": 0.9636940836940837, "LOG_R": 1.0, "RF": 1.0, "SVM": 1.0, "DNN": 1.0}, "0 + 3 + 4": {"AB": 1.0, "AC": 0.4461538461538461, "DS": 0.3333333333333333, "DT": 1.0, "GM": 0.0, "GN": 1.0, "GB": 1.0, "KNN": 1.0, "KM": 0.4461538461538461, "LR": 0.9857142857142855, "LRR": 0.9857142857142855, "LRL": 0.9857142857142855, "LRE": 0.9857142857142855, "LOG_R": 1.0, "RF": 1.0, "SVM": 1.0, "DNN": 1.0}, "1 + 2 + 3": {"AB": 1.0, "AC": 0.24552429667519185, "DS": 0.30117647058823527, "DT": 1.0, "GM": 0.24552429667519185, "GN": 1.0, "GB": 1.0, "KNN": 1.0, "KM": 0.24552429667519185, "LR": 0.9688581314878891, "LRR": 0.9688581314878891, "LRL": 0.9688581314878891, "LRE": 0.9688581314878891, "LOG_R": 1.0, "RF": 1.0, "SVM": 1.0, "DNN": 1.0}, "1 + 2 + 4": {"AB": 1.0, "AC": 0.19047619047619044, "DS": 0.21018062397372742, "DT": 1.0, "GM": 0.19047619047619044, "GN": 1.0, "GB": 1.0, "KNN": 1.0, "KM": 0.19047619047619044, "LR": 0.9636940836940837, "LRR": 0.9636940836940837, "LRL": 0.9636940836940837, "LRE": 0.9636940836940837, "LOG_R": 1.0, "RF": 1.0, "SVM": 1.0, "DNN": 1.0}, "1 + 3 + 4": {"AB": 1.0, "AC": 0.39225422045680236, "DS": 0.3333333333333333, "DT": 1.0, "GM": 0.4957983193277311, "GN": 1.0, "GB": 1.0, "KNN": 1.0, "KM": 0.39225422045680236, "LR": 0.9705882352941175, "LRR": 0.9705882352941175, "LRL": 0.9705882352941175, "LRE": 0.9705882352941175, "LOG_R": 1.0, "RF": 1.0, "SVM": 1.0, "DNN": 1.0}, "2 + 3 + 4": {"AB": 0.9706137000254645, "AC": 0.28811524609843936, "DS": 0.30117647058823527, "DT": 1.0, "GM": 0.0, "GN": 1.0, "GB": 1.0, "KNN": 1.0, "KM": 0.28811524609843936, "LR": 1.0, "LRR": 1.0, "LRL": 1.0, "LRE": 1.0, "LOG_R": 1.0, "RF": 1.0, "SVM": 1.0, "DNN": 1.0}, "0 + 1 + 2 + 3": {"AB": 1.0,