{"0": {"AB": 0.15312087052310272, "AC": 0.15312087052310272, "DS": 0.15312087052310272, "DT": 0.15312087052310272, "GM": 0.15312087052310272, "GN": 0.15312087052310272, "GB": 0.15312087052310272, "KNN": 0.15312087052310272, "KM": 0.15312087052310272, "LR": 0.15312087052310272, "LRR": 0.15312087052310272, "LRL": 0.15312087052310272, "LRE": 0.15312087052310272, "LOG_R": 0.15312087052310272, "RF": 0.15312087052310272, "SVM": 0.15312087052310272, "DNN": 0.15312087052310272}, "1": {"AB": 0.1340349816308855, "AC": 0.1340349816308855, "DS": 0.1340349816308855, "DT": 0.1340349816308855, "GM": 0.1340349816308855, "GN": 0.1340349816308855, "GB": 0.1340349816308855, "KNN": 0.1340349816308855, "KM": 0.1340349816308855, "LR": 0.1340349816308855, "LRR": 0.1340349816308855, "LRL": 0.1340349816308855, "LRE": 0.1340349816308855, "LOG_R": 0.1340349816308855, "RF": 0.1340349816308855, "SVM": 0.1340349816308855, "DNN": 0.1340349816308855}, "2": {"AB": 0.24328532952147386, "AC": 0.24328532952147386, "DS": 0.24328532952147386, "DT": 0.24328532952147386, "GM": 0.24328532952147386, "GN": 0.24328532952147386, "GB": 0.24328532952147386, "KNN": 0.24328532952147386, "KM": 0.24328532952147386, "LR": 0.24328532952147386, "LRR": 0.24328532952147386, "LRL": 0.24328532952147386, "LRE": 0.24328532952147386, "LOG_R": 0.24328532952147386, "RF": 0.24328532952147386, "SVM": 0.24328532952147386, "DNN": 0.24328532952147386}, "3": {"AB": 0.22954151301340997, "AC": 0.22954151301340997, "DS": 0.22954151301340997, "DT": 0.22954151301340997, "GM": 0.22954151301340997, "GN": 0.22954151301340997, "GB": 0.22954151301340997, "KNN": 0.22954151301340997, "KM": 0.22954151301340997, "LR": 0.22954151301340997, "LRR": 0.22954151301340997, "LRL": 0.22954151301340997, "LRE": 0.22954151301340997, "LOG_R": 0.22954151301340997, "RF": 0.22954151301340997, "SVM": 0.22954151301340997, "DNN": 0.22954151301340997}, "4": {"AB": 0.20561256858733068, "AC": 0.20561256858733068, "DS": 0.20561256858733068, "DT": 0.20561256858733068, "GM": 0.20561256858733068, "GN": 0.20561256858733068, "GB": 0.20561256858733068, "KNN": 0.20561256858733068, "KM": 0.20561256858733068, "LR": 0.20561256858733068, "LRR": 0.20561256858733068, "LRL": 0.20561256858733068, "LRE": 0.20561256858733068, "LOG_R": 0.20561256858733068, "RF": 0.20561256858733068, "SVM": 0.20561256858733068, "DNN": 0.20561256858733068}, "0 + 1": {"AB": 0.18393409247510525, "AC": 0.18393409247510525, "DS": 0.18393409247510525, "DT": 0.18393409247510525, "GM": 0.18393409247510525, "GN": 0.18393409247510525, "GB": 0.18393409247510525, "KNN": 0.18393409247510525, "KM": 0.18393409247510525, "LR": 0.18393409247510525, "LRR": 0.18393409247510525, "LRL": 0.18393409247510525, "LRE": 0.18393409247510525, "LOG_R": 0.18393409247510525, "RF": 0.18393409247510525, "SVM": 0.18393409247510525, "DNN": 0.18393409247510525}, "0 + 2": {"AB": 0.24036914055904238, "AC": 0.24036914055904238, "DS": 0.24036914055904238, "DT": 0.24036914055904238, "GM": 0.24036914055904238, "GN": 0.24036914055904238, "GB": 0.24036914055904238, "KNN": 0.24036914055904238, "KM": 0.24036914055904238, "LR": 0.24036914055904238, "LRR": 0.24036914055904238, "LRL": 0.24036914055904238, "LRE": 0.24036914055904238, "LOG_R": 0.24036914055904238, "RF": 0.24036914055904238, "SVM": 0.24036914055904238, "DNN": 0.24036914055904238}, "0 + 3": {"AB": 0.24204173896297476, "AC": 0.24204173896297476, "DS": 0.24204173896297476, "DT": 0.24204173896297476, "GM": 0.24204173896297476, "GN": 0.24204173896297476, "GB": 0.24204173896297476, "KNN": 0.24204173896297476, "KM": 0.24204173896297476, "LR": 0.24204173896297476, "LRR": 0.24204173896297476, "LRL": 0.24204173896297476, "LRE": 0.24204173896297476, "LOG_R": 0.24204173896297476, "RF": 0.24204173896297476, "SVM": 0.24204173896297476, "DNN": 0.24204173896297476}, "0 + 4": {"AB": 0.21668944336802698, "AC": 0.21668944336802698, "DS": 0.21668944336802698, "DT": 0.21668944336802698, "GM": 0.21668944336802698, "GN": 0.21668944336802698, "GB": 0.21668944336802698, "KNN": 0.21668944336802698, "KM": 0.21668944336802698, "LR": 0.21668944336802698, "LRR": 0.21668944336802698, "LRL": 0.21668944336802698, "LRE": 0.21668944336802698, "LOG_R": 0.21668944336802698, "RF": 0.21668944336802698, "SVM": 0.21668944336802698, "DNN": 0.21668944336802698}, "1 + 2": {"AB": 0.21950495517242144, "AC": 0.21950495517242144, "DS": 0.21950495517242144, "DT": 0.21950495517242144, "GM": 0.21950495517242144, "GN": 0.21950495517242144, "GB": 0.21950495517242144, "KNN": 0.21950495517242144, "KM": 0.21950495517242144, "LR": 0.21950495517242144, "LRR": 0.21950495517242144, "LRL": 0.21950495517242144, "LRE": 0.21950495517242144, "LOG_R": 0.21950495517242144, "RF": 0.21950495517242144, "SVM": 0.21950495517242144, "DNN": 0.21950495517242144}, "1 + 3": {"AB": 0.22137650073790013, "AC": 0.22137650073790013, "DS": 0.22137650073790013, "DT": 0.22137650073790013, "GM": 0.22137650073790013, "GN": 0.22137650073790013, "GB": 0.22137650073790013, "KNN": 0.22137650073790013, "KM": 0.22137650073790013, "LR": 0.22137650073790013, "LRR": 0.22137650073790013, "LRL": 0.22137650073790013, "LRE": 0.22137650073790013, "LOG_R": 0.22137650073790013, "RF": 0.22137650073790013, "SVM": 0.22137650073790013, "DNN": 0.22137650073790013}, "1 + 4": {"AB": 0.21229463681807065, "AC": 0.21229463681807065, "DS": 0.21229463681807065, "DT": 0.21229463681807065, "GM": 0.21229463681807065, "GN": 0.21229463681807065, "GB": 0.21229463681807065, "KNN": 0.21229463681807065, "KM": 0.21229463681807065, "LR": 0.21229463681807065, "LRR": 0.21229463681807065, "LRL": 0.21229463681807065, "LRE": 0.21229463681807065, "LOG_R": 0.21229463681807065, "RF": 0.21229463681807065, "SVM": 0.21229463681807065, "DNN": 0.21229463681807065}, "2 + 3": {"AB": 0.3038823190315022, "AC": 0.3038823190315022, "DS": 0.3038823190315022, "DT": 0.3038823190315022, "GM": 0.3038823190315022, "GN": 0.3038823190315022, "GB": 0.3038823190315022, "KNN": 0.3038823190315022, "KM": 0.3038823190315022, "LR": 0.3038823190315022, "LRR": 0.3038823190315022, "LRL": 0.3038823190315022, "LRE": 0.3038823190315022, "LOG_R": 0.3038823190315022, "RF": 0.3038823190315022, "SVM": 0.3038823190315022, "DNN": 0.3038823190315022}, "2 + 4": {"AB": 0.2315633602132778, "AC": 0.2315633602132778, "DS": 0.2315633602132778, "DT": 0.2315633602132778, "GM": 0.2315633602132778, "GN": 0.2315633602132778, "GB": 0.2315633602132778, "KNN": 0.2315633602132778, "KM": 0.2315633602132778, "LR": 0.2315633602132778, "LRR": 0.2315633602132778, "LRL": 0.2315633602132778, "LRE": 0.2315633602132778, "LOG_R": 0.2315633602132778, "RF": 0.2315633602132778, "SVM": 0.2315633602132778, "DNN": 0.2315633602132778}, "3 + 4": {"AB": 0.23534911228659317, "AC": 0.23534911228659317, "DS": 0.23534911228659317, "DT": 0.23534911228659317, "GM": 0.23534911228659317, "GN": 0.23534911228659317, "GB": 0.23534911228659317, "KNN": 0.23534911228659317, "KM": 0.23534911228659317, "LR": 0.23534911228659317, "LRR": 0.23534911228659317, "LRL": 0.23534911228659317, "LRE": 0.23534911228659317, "LOG_R": 0.23534911228659317, "RF": 0.23534911228659317, "SVM": 0.23534911228659317, "DNN": 0.23534911228659317}, "0 + 1 + 2": {"AB": 0.23556179492020224, "AC": 0.23556179492020224, "DS": 0.23556179492020224, "DT": 0.23556179492020224, "GM": 0.23556179492020224, "GN": 0.23556179492020224, "GB": 0.23556179492020224, "KNN": 0.23556179492020224, "KM": 0.23556179492020224, "LR": 0.23556179492020224, "LRR": 0.23556179492020224, "LRL": 0.23556179492020224, "LRE": 0.23556179492020224, "LOG_R": 0.23556179492020224, "RF": 0.23556179492020224, "SVM": 0.23556179492020224, "DNN": 0.23556179492020224}, "0 + 1 + 3": {"AB": 0.23696545409431127, "AC": 0.23696545409431127, "DS": 0.23696545409431127, "DT": 0.23696545409431127, "GM": 0.23696545409431127, "GN": 0.23696545409431127, "GB": 0.23696545409431127, "KNN": 0.23696545409431127, "KM": 0.23696545409431127, "LR": 0.23696545409431127, "LRR": 0.23696545409431127, "LRL": 0.23696545409431127, "LRE": 0.23696545409431127, "LOG_R": 0.23696545409431127,