{"Correct_ID_Random_CS_Off_Gaussian_Off": {"f1_score": 0.7839269113865188, "support": 728.0}, "Correct_ID_Random_CS_Off_Gaussian_On": {"f1_score": 0.4862986350261676, "support": 133.0}, "Correct_ID_Random_CS_On_Gaussian_Off": {"f1_score": 0.8343524767151812, "support": 728.0}, "Correct_ID_Random_CS_On_Gaussian_On": {"f1_score": 0.5249995084467551, "support": 146.0}, "Wrong_CS_TS_Random_CS_Off_Gaussian_Off": {"f1_score": 0.7848886383369921, "support": 728.0}, "Wrong_CS_TS_Random_CS_Off_Gaussian_On": {"f1_score": 0.4953057423190887, "support": 133.0}, "Wrong_CS_TS_Random_CS_On_Gaussian_Off": {"f1_score": 0.7299463011180882, "support": 728.0}, "Wrong_CS_TS_Random_CS_On_Gaussian_On": {"f1_score": 0.5144324517826827, "support": 133.0}, "Wrong_EV_TS_Random_CS_Off_Gaussian_Off": {"f1_score": 0.734754575623213, "support": 728.0}, "Wrong_EV_TS_Random_CS_Off_Gaussian_On": {"f1_score": 0.49264880059028765, "support": 133.0}, "Wrong_EV_TS_Random_CS_On_Gaussian_Off": {"f1_score": 0.7241515988564172, "support": 728.0}, "Wrong_EV_TS_Random_CS_On_Gaussian_On": {"f1_score": 0.502566477059757, "support": 128.0}, "Wrong_ID_Random_CS_Off_Gaussian_Off": {"f1_score": 0.7894179063689419, "support": 728.0}, "Wrong_ID_Random_CS_Off_Gaussian_On": {"f1_score": 0.502612014305881, "support": 133.0}, "Wrong_ID_Random_CS_On_Gaussian_Off": {"f1_score": 0.7273633131736236, "support": 746.0}, "Wrong_ID_Random_CS_On_Gaussian_On": {"f1_score": 0.5033658900181025, "support": 133.0}}