{"Correct_ID_Random_CS_Off_Gaussian_Off": {"f1_score": 0.7332777162061801, "support": 728.0}, "Correct_ID_Random_CS_Off_Gaussian_On": {"f1_score": 0.48739064852911396, "support": 133.0}, "Correct_ID_Random_CS_On_Gaussian_Off": {"f1_score": 0.7821604248598502, "support": 728.0}, "Correct_ID_Random_CS_On_Gaussian_On": {"f1_score": 0.5174228638105356, "support": 146.0}, "Wrong_CS_TS_Random_CS_Off_Gaussian_Off": {"f1_score": 0.78502310911382, "support": 728.0}, "Wrong_CS_TS_Random_CS_Off_Gaussian_On": {"f1_score": 0.5312885988539806, "support": 133.0}, "Wrong_CS_TS_Random_CS_On_Gaussian_Off": {"f1_score": 0.7815350207773578, "support": 728.0}, "Wrong_CS_TS_Random_CS_On_Gaussian_On": {"f1_score": 0.48241478101130836, "support": 133.0}, "Wrong_EV_TS_Random_CS_Off_Gaussian_Off": {"f1_score": 0.7906492498520195, "support": 728.0}, "Wrong_EV_TS_Random_CS_Off_Gaussian_On": {"f1_score": 0.5076856894781269, "support": 133.0}, "Wrong_EV_TS_Random_CS_On_Gaussian_Off": {"f1_score": 0.7767134832230874, "support": 728.0}, "Wrong_EV_TS_Random_CS_On_Gaussian_On": {"f1_score": 0.5581814946800792, "support": 128.0}, "Wrong_ID_Random_CS_Off_Gaussian_Off": {"f1_score": 0.7359888038060151, "support": 728.0}, "Wrong_ID_Random_CS_Off_Gaussian_On": {"f1_score": 0.4995698487892259, "support": 133.0}, "Wrong_ID_Random_CS_On_Gaussian_Off": {"f1_score": 0.715690036562112, "support": 746.0}, "Wrong_ID_Random_CS_On_Gaussian_On": {"f1_score": 0.5094953832944393, "support": 133.0}}