{"attack": {"2-39-131-30": {"cycles": {"best_k": 4, "best_silhouette_score": 0.99079754601227, "other_silhouette_scores": [[4, 0.99079754601227], [5, 0.9877300613496932], [6, 0.9877300613496932], [7, 0.9877300613496932], [8, 0.9877300613496932], [3, 0.9769938650306749], [2, 0.9020754997031468]]}, "instructions": {"best_k": 3, "best_silhouette_score": 0.9915254237288136, "other_silhouette_scores": [[3, 0.9915254237288136], [4, 0.9915254237288136], [5, 0.9915254237288136], [6, 0.9915254237288136], [7, 0.9915254237288136], [8, 0.9915254237288136], [9, 0.9915254237288136], [10, 0.9915254237288136], [11, 0.9915254237288136], [12, 0.9915254237288136], [13, 0.9915254237288136], [14, 0.9915254237288136], [15, 0.9915254237288136], [16, 0.9915254237288136], [17, 0.9915254237288136], [18, 0.9915254237288136], [19, 0.9915254237288136], [20, 0.9915254237288136], [21, 0.9915254237288136], [22, 0.9915254237288136], [23, 0.9915254237288136], [24, 0.9915254237288136], [25, 0.9915254237288136], [26, 0.9915254237288136], [27, 0.9915254237288136], [28, 0.9915254237288136], [29, 0.9915254237288136], [30, 0.9915254237288136], [31, 0.9915254237288136], [32, 0.9915254237288136], [33, 0.9915254237288136], [34, 0.9915254237288136], [35, 0.9915254237288136], [36, 0.9915254237288136], [37, 0.9915254237288136], [38, 0.9915254237288136], [2, 0.9774011299435028]]}, "branch": {"best_k": 3, "best_silhouette_score": 0.9908256880733946, "other_silhouette_scores": [[3, 0.9908256880733946], [4, 0.9908256880733946], [5, 0.9908256880733946], [6, 0.9908256880733946], [7, 0.9908256880733946], [8, 0.9908256880733946], [9, 0.9908256880733946], [10, 0.9908256880733946], [11, 0.9908256880733946], [12, 0.9908256880733946], [13, 0.9908256880733946], [14, 0.9908256880733946], [15, 0.9908256880733946], [16, 0.9908256880733946], [17, 0.9908256880733946], [18, 0.9908256880733946], [19, 0.9908256880733946], [20, 0.9908256880733946], [21, 0.9908256880733946], [22, 0.9908256880733946], [23, 0.9908256880733946], [24, 0.9908256880733946], [25, 0.9908256880733946], [26, 0.9908256880733946], [27, 0.9908256880733946], [28, 0.9908256880733946], [29, 0.9908256880733946], [30, 0.9908256880733946], [31, 0.9908256880733946], [32, 0.9908256880733946], [33, 0.9908256880733946], [34, 0.9908256880733946], [35, 0.9908256880733946], [36, 0.9908256880733946], [37, 0.9908256880733946], [38, 0.9908256880733946], [39, 0.9908256880733946], [40, 0.9908256880733946], [41, 0.9908256880733946], [2, 0.9755351681957187]]}}, "2-39-139-28": {"cycles": {"best_k": 6, "best_silhouette_score": 0.9974860335195531, "other_silhouette_scores": [[6, 0.9974860335195531], [7, 0.994413407821229], [8, 0.994413407821229], [9, 0.994413407821229], [10, 0.994413407821229], [11, 0.994413407821229], [12, 0.994413407821229], [13, 0.994413407821229], [5, 0.9743401920148128], [4, 0.9091309022860327], [2, 0.8264382531608491], [3, 0.7667552975769364]]}, "instructions": {"best_k": 5, "best_silhouette_score": 0.9913793103448276, "other_silhouette_scores": [[5, 0.9913793103448276], [4, 0.9827586206896551], [3, 0.9743385931221206], [2, 0.8670977011494254]]}, "branch": {"best_k": 5, "best_silhouette_score": 0.992, "other_silhouette_scores": [[5, 0.992], [6, 0.992], [7, 0.992], [8, 0.992], [9, 0.992], [10, 0.992], [11, 0.992], [12, 0.992], [13, 0.992], [4, 0.962], [2, 0.9104390760098077], [3, 0.8403870967741937]]}}, "2-39-89-25": {"cycles": {"best_k": 8, "best_silhouette_score": 0.9851851851851852, "other_silhouette_scores": [[8, 0.9851851851851852], [9, 0.9851851851851852], [10, 0.9851851851851852], [11, 0.9851851851851852], [12, 0.9851851851851852], [13, 0.9851851851851852], [14, 0.9851851851851852], [15, 0.9851851851851852], [16, 0.9851851851851852], [17, 0.9851851851851852], [6, 0.9802763080540859], [7, 0.9777777777777777], [5, 0.9537528531680578], [4, 0.8951672710061171], [2, 0.7322054990405512], [3, 0.7022866973034585]]}, "instructions": {"best_k": 5, "best_silhouette_score": 0.989247311827957, "other_silhouette_scores": [[5, 0.989247311827957], [6, 0.989247311827957], [7, 0.989247311827957], [8, 0.989247311827957], [9, 0.989247311827957], [4, 0.9529569892473119], [2, 0.8989860625805327], [3, 0.8436251920122889]]}, "branch": {"best_k": 4, "best_silhouette_score": 0.9507908015748765, "other_silhouette_scores": [[4, 0.9507908015748765], [2, 0.9394338475039647], [3, 0.8269634783459187]]}}}, "normal": {"2-39-89-25": {"cycles": {"best_k": 6, "best_silhouette_score": 0.9939024390243902, "other_silhouette_scores": [[6, 0.9939024390243902], [7, 0.9939024390243902], [8, 0.9939024390243902], [9, 0.9939024390243902], [10, 0.9939024390243902], [11, 0.9939024390243902], [12, 0.9939024390243902], [13, 0.9939024390243902], [14, 0.9939024390243902], [15, 0.9939024390243902], [16, 0.9939024390243902], [5, 0.9774390243902438], [4, 0.9644651604013822], [3, 0.9022133307220839], [2, 0.7657350127757295]]}, "instructions": {"best_k": 4, "best_silhouette_score": 0.9928571428571429, "other_silhouette_scores": [[4, 0.9928571428571429], [3, 0.9555900621118013], [2, 0.9457988267770876]]}, "branch": {"best_k": -1.0, "best_silhouette_score": -1.0, "other_silhouette_scores": []}}, "2-39-139-28": {"cycles": {"best_k": 12, "best_silhouette_score": 0.9746835443037974, "other_silhouette_scores": [[12, 0.9746835443037974], [13, 0.9746835443037974], [10, 0.9737485615650172], [11, 0.9715189873417721], [9, 0.9454849124152922], [8, 0.9144415778858408], [2, 0.84056448513898], [7, 0.8005175272529292], [5, 0.766215141873151], [6, 0.7613959773468261], [3, 0.7574455774757879], [4, 0.7237738391445027]]}, "instructions": {"best_k": 7, "best_silhouette_score": 0.9846153846153847, "other_silhouette_scores": [[7, 0.9846153846153847], [8, 0.9769230769230769], [5, 0.9551839464882943], [6, 0.9551839464882943], [4, 0.9028372564128903], [2, 0.7849964098721155], [3, 0.718969846712147]]}, "branch": {"best_k": 2, "best_silhouette_score": 0.9413378569949845, "other_silhouette_scores": [[2, 0.9413378569949845], [3, 0.7690534122346434], [5, 0.7255678369490046], [4, 0.7097390047432264]]}}, "2-39-131-30": {"cycles": {"best_k": 11, "best_silhouette_score": 0.9628403237674761, "other_silhouette_scores": [[11, 0.9628403237674761], [15, 0.9602649006622517], [16, 0.9602649006622517], [17, 0.9602649006622517], [18, 0.9602649006622517], [19, 0.9602649006622517], [13, 0.956953642384106], [12, 0.9551403342794071], [14, 0.9536423841059603], [9, 0.9331158172217775], [10, 0.9296489015032061], [7, 0.8732380391750799], [8, 0.8723330656408385], [2, 0.7848045543480177], [5, 0.7201637749128652], [6, 0.6909708595306789], [3, 0.6803874806400112], [4, 0.6545111183512433]]}, "instructions": {"best_k": 8, "best_silhouette_score": 0.9924812030075187, "other_silhouette_scores": [[8, 0.9924812030075187], [9, 0.9924812030075187], [7, 0.9774436090225563], [6, 0.9324883998864031], [2, 0.8977031230892758], [5, 0.8467435824821075], [4, 0.7416268480829504], [3, 0.6831807297976163]]}, "branch": {"best_k": 10, "best_silhouette_score": 0.8963853545595375, "other_silhouette_scores": [[10, 0.8963853545595375], [8, 0.8452172283541722], [7, 0.8443940920386291], [9, 0.8416794925051155], [2, 0.8204872697932447], [4, 0.7190056343296282], [6, 0.7150644805733292], [3, 0.7145202389612789], [5, 0.7120838784005539]]}}}}