{"attack": {"1511930": {"cycles": {"best_k": 40, "best_silhouette_score": 0.9514764787492063, "other_silhouette_scores": [[40, 0.9514764787492063], [36, 0.945419215549086], [39, 0.9453339726067], [37, 0.9442911115638394], [35, 0.9427927608549622], [38, 0.9397681098979803], [34, 0.9284974738324023], [33, 0.9200907045165422], [32, 0.8865496818151188], [2, 0.8844704898770016], [31, 0.8749062727888556], [30, 0.8736969859064019], [29, 0.8714472836566994], [28, 0.861294670534], [27, 0.8055430320027945], [25, 0.8054285818883442], [26, 0.8029252115149643], [23, 0.7956652350094843], [24, 0.7858715167263817], [3, 0.7658784929629345], [21, 0.7302888249282607], [22, 0.7066927528499385], [4, 0.6602728536957252], [19, 0.6597040445120094], [5, 0.6592981422851709], [20, 0.6584408574086271], [17, 0.656966746263902], [15, 0.627132774946547], [6, 0.6271073725225502], [16, 0.6248284309566642], [18, 0.6204023810084888], [12, 0.6148090918576832], [8, 0.6094360549984675], [7, 0.6080676663807588], [13, 0.5976087614046163], [14, 0.5883835817975805], [11, 0.5859324460220927], [9, 0.5828999045726431], [10, 0.5438220427784831]]}, "instructions": {"best_k": 36, "best_silhouette_score": 0.9675324675324676, "other_silhouette_scores": [[36, 0.9675324675324676], [37, 0.9662337662337662], [34, 0.9657266542980829], [2, 0.9650537037624453], [35, 0.964935064935065], [33, 0.958800247371676], [32, 0.9518738404452692], [31, 0.9432158317872607], [25, 0.9413341150191802], [29, 0.9404801259346717], [30, 0.9397526283240571], [26, 0.9389098725949377], [23, 0.9382234217060421], [24, 0.9378827179314192], [27, 0.9367701364292276], [28, 0.9350564316635748], [22, 0.9128739702387849], [21, 0.9119901601356776], [18, 0.9051424107529339], [20, 0.9047169353669571], [19, 0.9025723743137753], [17, 0.854971604736808], [16, 0.852201731725982], [3, 0.7971806301918546], [4, 0.7558842981793787], [15, 0.7398817170535875], [13, 0.7289247555243006], [14, 0.7224928140298483], [5, 0.6928583601437429], [12, 0.6725511387647377], [9, 0.6468480450972586], [11, 0.6465005569201056], [7, 0.6369624556598689], [6, 0.6340146001722256], [8, 0.6303279876589356], [10, 0.6260658042521493]]}, "branch": {"best_k": 2, "best_silhouette_score": 0.9764023144801309, "other_silhouette_scores": [[2, 0.9764023144801309], [32, 0.965], [33, 0.965], [34, 0.965], [35, 0.965], [36, 0.965], [37, 0.965], [38, 0.965], [39, 0.965], [31, 0.9625], [29, 0.9618333333333335], [30, 0.96125], [26, 0.9599730994152047], [28, 0.9593333333333335], [25, 0.9584729102351284], [24, 0.9584588076710258], [27, 0.955553757645863], [22, 0.9440798012607695], [23, 0.9401254743376924], [20, 0.9363211146009351], [21, 0.9354404058309825], [19, 0.901672709195893], [18, 0.8884112941417898], [17, 0.8835841164600755], [3, 0.8368078315414439], [4, 0.7979575473889895], [16, 0.7960537975143154], [15, 0.7519777558090456], [14, 0.7482469118403611], [12, 0.6750547645200357], [13, 0.6742370331578647], [5, 0.6715022051214307], [6, 0.6599154241533803], [11, 0.6489938513925142], [10, 0.6326009809466694], [9, 0.6280660037523458], [7, 0.619082297743192], [8, 0.6072628097054933]]}}}, "normal": {"2-39-131-30": {"cycles": {"best_k": 3, "best_silhouette_score": 0.9960474308300395, "other_silhouette_scores": [[3, 0.9960474308300395], [4, 0.9960474308300395], [5, 0.9960474308300395], [6, 0.9960474308300395], [7, 0.9960474308300395], [8, 0.9960474308300395], [9, 0.9960474308300395], [10, 0.9960474308300395], [11, 0.9960474308300395], [12, 0.9960474308300395], [13, 0.9960474308300395], [14, 0.9960474308300395], [15, 0.9960474308300395], [16, 0.9960474308300395], [17, 0.9960474308300395], [18, 0.9960474308300395], [19, 0.9960474308300395], [20, 0.9960474308300395], [21, 0.9960474308300395], [22, 0.9960474308300395], [23, 0.9960474308300395], [24, 0.9960474308300395], [2, 0.9862447443427872]]}, "instructions": {"best_k": 2, "best_silhouette_score": 1.0, "other_silhouette_scores": [[2, 1.0], [3, 1.0], [4, 1.0], [5, 1.0], [6, 1.0], [7, 1.0], [8, 1.0], [9, 1.0], [10, 1.0], [11, 1.0], [12, 1.0], [13, 1.0], [14, 1.0], [15, 1.0], [16, 1.0], [17, 1.0]]}, "branch": {"best_k": 2, "best_silhouette_score": 0.9943181818181818, "other_silhouette_scores": [[2, 0.9943181818181818], [3, 0.9943181818181818], [4, 0.9943181818181818], [5, 0.9943181818181818], [6, 0.9943181818181818], [7, 0.9943181818181818], [8, 0.9943181818181818], [9, 0.9943181818181818], [10, 0.9943181818181818], [11, 0.9943181818181818], [12, 0.9943181818181818], [13, 0.9943181818181818], [14, 0.9943181818181818], [15, 0.9943181818181818], [16, 0.9943181818181818], [17, 0.9943181818181818]]}}, "2-39-89-25": {"cycles": {"best_k": 13, "best_silhouette_score": 0.9599222877337229, "other_silhouette_scores": [[13, 0.9599222877337229], [12, 0.9350167219902392], [11, 0.9039289737894065], [10, 0.875106595380281], [9, 0.8440188471794483], [8, 0.7511210171978082], [7, 0.7412459820784982], [6, 0.7377031725862282], [5, 0.7357857446995016], [2, 0.7107090868880389], [3, 0.6652140675563125], [4, 0.648903262281927]]}, "instructions": {"best_k": 11, "best_silhouette_score": 0.961864406779661, "other_silhouette_scores": [[11, 0.961864406779661], [10, 0.930501456293645], [8, 0.9067336749441598], [9, 0.9024963868085666], [2, 0.8587037058307985], [7, 0.8349902690232753], [3, 0.7001888283773102], [6, 0.6859353620875965], [5, 0.6828610489462525], [4, 0.6647293249780127]]}, "branch": {"best_k": 11, "best_silhouette_score": 0.9572649572649574, "other_silhouette_scores": [[11, 0.9572649572649574], [2, 0.9100076559500859], [10, 0.8966903966903966], [9, 0.8566359221953108], [8, 0.8510694029070774], [3, 0.774733397174484], [7, 0.7077593614992099], [5, 0.6774817608928567], [6, 0.6758886288272141], [4, 0.6521745573470216]]}}}}