{"attack": {"1511930": {"cycles": {"best_k": 40, "best_silhouette_score": 0.9514764787492063, "other_silhouette_scores": [[40, 0.9514764787492063], [39, 0.9453339726067], [38, 0.9397681098979803], [35, 0.9331899277353827], [34, 0.9284974738324023], [36, 0.927929825332423], [37, 0.9275388220842768], [33, 0.9200907045165422], [32, 0.8876582720841101], [2, 0.8844704898770016], [29, 0.8833138684264317], [31, 0.8749062727888556], [30, 0.8736969859064019], [27, 0.846486114881361], [25, 0.8278435473158009], [26, 0.8066022336616374], [28, 0.803350127554438], [24, 0.7935299828742322], [3, 0.7658784929629345], [23, 0.7355910639495604], [22, 0.7066927528499385], [18, 0.6596522307258287], [20, 0.6579687375836909], [4, 0.6530382730519845], [5, 0.6514463517904385], [6, 0.649961395591663], [21, 0.6397320258309888], [19, 0.6385787935775744], [15, 0.6381758636957751], [13, 0.6151156883678802], [8, 0.6094360549984675], [7, 0.6094111325715444], [17, 0.6090882046965672], [16, 0.6053216050244353], [12, 0.6049205285928624], [14, 0.6030990739652344], [9, 0.5965683874597233], [11, 0.5934415687690924], [10, 0.5773423627398961]]}, "instructions": {"best_k": 36, "best_silhouette_score": 0.9675324675324676, "other_silhouette_scores": [[36, 0.9675324675324676], [37, 0.9662337662337662], [34, 0.9657266542980829], [2, 0.9650537037624453], [35, 0.964935064935065], [33, 0.958800247371676], [32, 0.9518738404452692], [31, 0.9432158317872607], [24, 0.9421654500961226], [26, 0.9410764361900726], [21, 0.9406761363278391], [25, 0.9401338001825016], [30, 0.9373329069919981], [22, 0.9368938445455474], [27, 0.936297881411518], [28, 0.9343458940049851], [29, 0.9337994274844925], [23, 0.9145265470303585], [19, 0.9041102516901665], [20, 0.8836768371519519], [18, 0.8692548606090297], [16, 0.85240310258506], [17, 0.8343507672859554], [3, 0.7971806301918546], [14, 0.7715539308105793], [4, 0.7525457997005485], [13, 0.7282146691266929], [5, 0.6928583601437429], [15, 0.6815075770161476], [12, 0.6725511387647377], [11, 0.6502069498657106], [9, 0.6468480450972586], [7, 0.6369624556598689], [6, 0.6340146001722256], [8, 0.6303279876589356], [10, 0.6108529470772324]]}, "branch": {"best_k": 2, "best_silhouette_score": 0.9764023144801309, "other_silhouette_scores": [[2, 0.9764023144801309], [32, 0.965], [33, 0.965], [34, 0.965], [35, 0.965], [36, 0.965], [37, 0.965], [38, 0.965], [39, 0.965], [27, 0.964066666666667], [31, 0.9625], [30, 0.9619444444444446], [28, 0.961029761904762], [29, 0.9594444444444445], [25, 0.9584729102351284], [26, 0.9584704243125296], [24, 0.9584588076710258], [22, 0.9467036152263018], [23, 0.9401254743376924], [20, 0.9363211146009351], [21, 0.9354404058309825], [19, 0.9192961709700629], [18, 0.8884112941417898], [17, 0.8835841164600755], [3, 0.8389527643341984], [4, 0.7941754860578175], [16, 0.7577760356519948], [15, 0.7519777558090456], [13, 0.747532110263322], [14, 0.7474678574018063], [12, 0.6750547645200357], [5, 0.6715022051214307], [6, 0.6495192994801137], [11, 0.6489938513925142], [10, 0.6337714194746904], [8, 0.6265670698834821], [7, 0.6093084098934334], [9, 0.6087316761337047]]}}}, "normal": {"2-39-131-30": {"cycles": {"best_k": 3, "best_silhouette_score": 0.9960474308300395, "other_silhouette_scores": [[3, 0.9960474308300395], [4, 0.9960474308300395], [5, 0.9960474308300395], [6, 0.9960474308300395], [7, 0.9960474308300395], [8, 0.9960474308300395], [9, 0.9960474308300395], [10, 0.9960474308300395], [11, 0.9960474308300395], [12, 0.9960474308300395], [13, 0.9960474308300395], [14, 0.9960474308300395], [15, 0.9960474308300395], [16, 0.9960474308300395], [17, 0.9960474308300395], [18, 0.9960474308300395], [19, 0.9960474308300395], [20, 0.9960474308300395], [21, 0.9960474308300395], [22, 0.9960474308300395], [23, 0.9960474308300395], [24, 0.9960474308300395], [2, 0.9862447443427872]]}, "instructions": {"best_k": 2, "best_silhouette_score": 1.0, "other_silhouette_scores": [[2, 1.0], [3, 1.0], [4, 1.0], [5, 1.0], [6, 1.0], [7, 1.0], [8, 1.0], [9, 1.0], [10, 1.0], [11, 1.0], [12, 1.0], [13, 1.0], [14, 1.0], [15, 1.0], [16, 1.0], [17, 1.0]]}, "branch": {"best_k": 2, "best_silhouette_score": 0.9943181818181818, "other_silhouette_scores": [[2, 0.9943181818181818], [3, 0.9943181818181818], [4, 0.9943181818181818], [5, 0.9943181818181818], [6, 0.9943181818181818], [7, 0.9943181818181818], [8, 0.9943181818181818], [9, 0.9943181818181818], [10, 0.9943181818181818], [11, 0.9943181818181818], [12, 0.9943181818181818], [13, 0.9943181818181818], [14, 0.9943181818181818], [15, 0.9943181818181818], [16, 0.9943181818181818], [17, 0.9943181818181818]]}}, "2-39-89-25": {"cycles": {"best_k": 13, "best_silhouette_score": 0.9599222877337229, "other_silhouette_scores": [[13, 0.9599222877337229], [12, 0.938241112179381], [11, 0.8691970373124496], [9, 0.8440188471794483], [10, 0.8381092891116168], [8, 0.7877362065414175], [7, 0.7412459820784982], [6, 0.7377031725862282], [5, 0.7357857446995016], [2, 0.7192063425462254], [3, 0.6652140675563125], [4, 0.648903262281927]]}, "instructions": {"best_k": 11, "best_silhouette_score": 0.961864406779661, "other_silhouette_scores": [[11, 0.961864406779661], [10, 0.930501456293645], [8, 0.9067336749441598], [9, 0.9024963868085666], [2, 0.8587037058307985], [7, 0.8349902690232753], [6, 0.6859353620875965], [5, 0.6828610489462525], [4, 0.6647293249780127], [3, 0.6606920723765842]]}, "branch": {"best_k": 11, "best_silhouette_score": 0.9572649572649574, "other_silhouette_scores": [[11, 0.9572649572649574], [2, 0.9100076559500859], [10, 0.8966903966903966], [9, 0.8566359221953108], [8, 0.8510694029070774], [3, 0.774733397174484], [7, 0.7077593614992099], [5, 0.6774817608928567], [6, 0.6758886288272141], [4, 0.6521745573470216]]}}}}