{"attack": {"2329833": {"cycles": {"best_k": 2, "best_silhouette_score": 0.8448445813748486, "other_silhouette_scores": [[2, 0.8448445813748486], [3, 0.8177882233230113], [4, 0.6936845865741854], [20, 0.6749701364197747], [5, 0.6677806419449662], [18, 0.6642542188426558], [19, 0.6641563599926082], [17, 0.6492490081250019], [15, 0.624209731042673], [16, 0.6189457512348828], [7, 0.6181245403304862], [14, 0.6042349886048608], [8, 0.5827897237787988], [11, 0.5823891136535738], [6, 0.5818014476898148], [13, 0.5797192467588215], [10, 0.5719228702924429], [9, 0.5716707306735282], [12, 0.5432877899778695]]}, "instructions": {"best_k": 2, "best_silhouette_score": 0.9404042535945278, "other_silhouette_scores": [[2, 0.9404042535945278], [3, 0.8198099769064215], [4, 0.7007299180262793], [5, 0.6953705825028771], [6, 0.6651366582290658], [7, 0.661614447391856], [9, 0.661121823957157], [8, 0.6507150236223247], [10, 0.633943927585398], [11, 0.6161019893213122]]}, "branch": {"best_k": 2, "best_silhouette_score": 0.9574507118841993, "other_silhouette_scores": [[2, 0.9574507118841993], [3, 0.8426329743511226], [4, 0.769000672608547], [5, 0.6935845333421956], [8, 0.641770793369157], [7, 0.63471402385645], [6, 0.6079960292988932]]}}}, "normal": {"2395591": {"cycles": {"best_k": 2, "best_silhouette_score": 0.8607470486731268, "other_silhouette_scores": [[2, 0.8607470486731268], [19, 0.7717992907149293], [17, 0.7644533165265626], [18, 0.7641109530261075], [3, 0.7408192462735328], [16, 0.6945348976584018], [15, 0.6934204845141515], [4, 0.6845255129248776], [14, 0.6778788664391125], [13, 0.6742012081465544], [12, 0.6600858569205458], [11, 0.639711389317854], [8, 0.6193171389246382], [10, 0.6184626096847154], [5, 0.6183655158019766], [6, 0.6156157586164054], [7, 0.6082608148750208], [9, 0.574706137964683]]}, "instructions": {"best_k": 2, "best_silhouette_score": 0.9524628377236133, "other_silhouette_scores": [[2, 0.9524628377236133], [3, 0.7674172268921852], [9, 0.7203712969024216], [10, 0.7191102018845441], [4, 0.7170980203973443], [8, 0.6821758040547908], [7, 0.6814784664440695], [6, 0.6666122818970751], [5, 0.6166727716180991]]}, "branch": {"best_k": 2, "best_silhouette_score": 0.9575450195785151, "other_silhouette_scores": [[2, 0.9575450195785151], [3, 0.8735986486412154], [4, 0.7941040116398699], [5, 0.7328890342580415], [7, 0.6640131724384143], [8, 0.6581917237935656], [9, 0.6366145507906189], [6, 0.6103846034460522]]}}}}